subject,session,onset,y,lead_seconds,dynamic_pedestrian,road_curve,bad_reliability,full_autonomy,speed_autonomy,manual,recent_incorrect_20s,recent_correct_20s,recent_lane_20s,recent_follow_20s,recent_perturb_20s,recent_toggle_20s,prior_collisions_60s,time_since_incorrect,ix_dynamic_incorrect,ix_dynamic_violations,ix_bad_incorrect,ix_bad_violations
1,SCFB,31.91796875,0,,0,0,1,1,0,0,0,0,0,1,0,0,0,60.0,0,0,0,1
1,SCFB,37.6279296875,0,,0,0,1,1,0,0,1,0,0,3,1,0,0,0.701171875,0,0,1,3
1,SCFB,42.6875,0,,0,0,1,1,0,0,2,1,0,4,1,0,0,4.0244140625,0,0,2,4
1,SCFB,49.716796875,1,0.884765625,0,0,1,1,0,0,2,2,2,4,1,0,0,11.0537109375,0,0,2,6
1,SCFB,56.5458984375,0,,0,0,1,1,0,0,2,3,2,4,1,0,1,17.8828125,0,0,2,6
1,SCFB,62.8740234375,0,,0,0,1,1,0,0,0,3,2,2,1,0,1,24.2109375,0,0,0,4
1,SCFB,67.9501953125,0,,1,0,1,1,0,0,0,3,1,1,1,0,1,29.287109375,0,2,0,2
1,SCFB,74.0947265625,0,,0,0,1,1,0,0,2,3,0,0,1,1,1,5.3935546875,0,0,2,0
1,SCFB,79.587890625,0,,0,0,1,1,0,0,2,3,2,0,1,1,1,10.88671875,0,0,2,2
1,SCFB,84.9814453125,0,,0,0,1,1,0,0,2,3,3,0,1,1,1,16.2802734375,0,0,2,3
1,SCFB,90.6748046875,0,,0,0,1,1,0,0,0,3,4,0,1,1,1,21.9736328125,0,0,0,4
1,SCFB,96.8359375,0,,0,0,1,1,0,0,0,3,3,0,1,0,1,28.134765625,0,0,0,3
1,SCFB,102.330078125,1,0.9677734375,1,0,1,1,0,0,0,3,1,0,1,0,1,33.62890625,0,1,0,1
1,SCFB,109.1591796875,0,,0,0,1,1,0,0,2,3,1,3,1,0,2,6.14453125,0,0,2,4
1,SCFB,115.537109375,0,,0,0,1,1,0,0,2,3,0,5,1,0,1,12.5224609375,0,0,2,5
1,SCFB,120.6630859375,0,,1,0,1,1,0,0,2,3,0,6,1,0,1,17.6484375,2,6,2,6
1,SCFB,127.158203125,0,,0,0,1,1,0,0,0,3,0,7,1,0,1,24.1435546875,0,0,0,7
1,SCFB,133.38671875,0,,0,0,1,1,0,0,0,3,0,7,1,0,1,30.3720703125,0,0,0,7
1,SCFB,139.330078125,0,,0,0,1,1,0,0,0,3,0,5,1,0,1,36.3154296875,0,0,0,5
1,SCFB,144.4228515625,0,,0,0,1,1,0,0,0,3,0,5,1,1,2,41.408203125,0,0,0,5
1,SCFB,150.400390625,0,,1,0,1,1,0,0,0,3,0,4,1,1,2,47.3857421875,0,4,0,4
1,SCFB,157.1630859375,0,,0,0,1,1,0,0,0,3,0,3,1,1,2,54.1484375,0,0,0,3
1,SCFB,162.9736328125,0,,0,0,1,1,0,0,0,3,1,2,1,0,2,59.958984375,0,0,0,3
1,SCFB,168.5,0,,0,0,1,1,0,0,0,3,2,0,1,1,1,60.0,0,0,0,2
1,SCFB,174.544921875,0,,0,0,1,1,0,0,0,3,2,0,0,1,1,60.0,0,0,0,2
1,SCFB,180.7890625,0,,1,0,1,1,0,0,0,3,1,0,1,1,1,60.0,0,1,0,1
1,SCFB,186.56640625,0,,0,0,1,1,0,0,0,3,0,0,1,0,1,60.0,0,0,0,0
1,SCFB,191.892578125,0,,0,0,1,1,0,0,0,3,0,0,1,0,1,60.0,0,0,0,0
1,SCFB,197.15234375,0,,0,0,1,1,0,0,0,3,0,0,1,0,1,60.0,0,0,0,0
1,SCFB,203.630859375,0,,0,0,1,1,0,0,0,3,0,2,1,1,0,60.0,0,0,0,2
1,SCFB,209.4580078125,0,,0,0,1,1,0,0,0,3,0,4,1,1,0,60.0,0,0,0,4
1,SCFB,215.5693359375,0,,0,0,1,1,0,0,0,3,2,5,1,1,0,60.0,0,0,0,7
1,SCFB,220.779296875,0,,1,0,1,1,0,0,0,3,2,5,1,1,0,60.0,0,7,0,7
1,SCFB,226.10546875,0,,0,0,1,1,0,0,0,3,4,3,1,0,0,60.0,0,0,0,7
1,SCFB,232.1162109375,0,,0,0,1,1,0,0,0,3,3,1,1,0,0,60.0,0,0,0,4
1,SCFB,237.609375,0,,0,0,1,1,0,0,0,3,2,1,1,0,0,60.0,0,0,0,3
1,SCFB,243.2197265625,0,,1,0,1,1,0,0,0,3,1,0,1,1,0,60.0,0,1,0,1
1,SCFB,249.2138671875,0,,0,0,1,1,0,0,0,3,2,0,1,1,0,60.0,0,0,0,2
1,SCFB,255.2587890625,0,,1,0,1,1,0,0,0,3,4,0,1,1,0,60.0,0,4,0,4
1,SCFB,261.052734375,0,,0,0,1,1,0,0,0,3,6,0,1,0,0,60.0,0,0,0,6
1,SCFB,268.0146484375,0,,0,0,1,1,0,0,0,3,5,0,1,1,0,60.0,0,0,0,5
1,SCFB,273.2578125,0,,0,0,1,1,0,0,0,3,3,0,1,1,0,60.0,0,0,0,3
1,SCFB,279.1015625,0,,0,0,1,1,0,0,0,3,2,0,1,1,0,60.0,0,0,0,2
1,SCFB,285.9306640625,0,,0,0,1,1,0,0,0,3,0,0,1,0,0,60.0,0,0,0,0
1,SCFB,292.359375,0,,1,0,1,1,0,0,0,3,0,0,1,0,0,60.0,0,0,0,0
1,SCFB,298.8876953125,0,,0,0,1,1,0,0,0,3,0,1,1,0,0,60.0,0,0,0,1
1,SCFB,304.765625,0,,1,0,1,1,0,0,0,3,0,1,1,0,0,60.0,0,1,0,1
1,SCFB,310.826171875,0,,0,0,1,1,0,0,0,3,0,1,2,0,0,60.0,0,0,0,1
1,SCFB,316.6708984375,0,,1,0,1,1,0,0,0,3,0,0,1,1,0,60.0,0,0,0,0
1,SCFB,322.8818359375,0,,0,0,1,1,0,0,0,3,1,0,1,1,0,60.0,0,0,0,1
1,SCFB,329.0263671875,0,,0,0,1,1,0,0,0,3,3,0,1,2,0,60.0,0,0,0,3
1,SCFB,334.970703125,0,,0,0,1,1,0,0,0,3,3,0,1,1,0,60.0,0,0,0,3
1,SCFB,340.48046875,0,,0,0,1,1,0,0,0,3,2,0,1,1,0,60.0,0,0,0,2
1,SCFB,346.4248046875,0,,0,0,1,1,0,0,0,3,0,0,1,0,0,60.0,0,0,0,0
1,SCFB,351.7177734375,0,,0,0,1,1,0,0,0,3,0,0,1,0,0,60.0,0,0,0,0
1,SCFB,358.0791015625,0,,0,0,1,1,0,0,0,3,0,0,1,0,0,60.0,0,0,0,0
1,SCFB,363.873046875,0,,0,0,1,1,0,0,0,3,0,0,1,0,0,60.0,0,0,0,0
1,SCFB,370.2685546875,0,,0,0,1,1,0,0,0,3,0,0,1,0,0,60.0,0,0,0,0
1,SCFB,377.23046875,0,,1,0,1,1,0,0,0,3,0,0,1,0,0,60.0,0,0,0,0
1,SCFB,382.908203125,0,,0,0,1,1,0,0,0,3,1,0,1,0,0,60.0,0,0,0,1
1,SCFB,388.05078125,0,,0,0,1,1,0,0,0,3,3,0,1,0,0,60.0,0,0,0,3
1,SCFB,393.1103515625,0,,0,0,1,1,0,0,0,3,3,0,0,0,0,60.0,0,0,0,3
1,SCFB,399.3212890625,0,,0,0,1,1,0,0,0,3,3,0,0,0,0,60.0,0,0,0,3
1,SCFB,405.93359375,0,,0,0,1,1,0,0,0,3,3,0,0,0,0,60.0,0,0,0,3
1,SCFB,410.9755859375,0,,0,0,1,1,0,0,0,3,1,0,0,0,0,60.0,0,0,0,1
1,SCFB,416.853515625,0,,0,0,1,1,0,0,0,3,1,0,0,0,0,60.0,0,0,0,1
1,SCFB,422.8310546875,0,,0,0,1,1,0,0,0,3,0,0,0,0,0,60.0,0,0,0,0
1,SCFB,429.4091796875,0,,1,0,1,1,0,0,0,3,3,0,0,0,0,60.0,0,3,0,3
1,SCFB,434.53515625,0,,0,0,1,1,0,0,0,3,3,0,0,0,0,60.0,0,0,0,3
1,SCFB,441.064453125,0,,0,0,1,1,0,0,0,3,3,0,0,0,0,60.0,0,0,0,3
1,SCFB,447.2255859375,0,,0,0,1,1,0,0,0,3,2,0,0,0,0,60.0,0,0,0,2
1,SCFB,452.384765625,0,,1,0,1,1,0,0,0,3,1,0,0,0,0,60.0,0,1,0,1
1,SCFB,457.64453125,0,,0,0,1,1,0,0,0,3,1,0,0,0,0,60.0,0,0,0,1
1,SCFB,462.8701171875,0,,0,0,1,1,0,0,0,3,1,0,0,0,0,60.0,0,0,0,1
1,SCFB,469.181640625,0,,0,0,1,1,0,0,0,3,1,0,1,1,0,60.0,0,0,0,1
1,SCFB,475.4599609375,0,,0,0,1,1,0,0,0,3,3,1,1,2,0,60.0,0,0,0,4
1,SCFB,480.51953125,0,,0,0,1,1,0,0,0,3,3,1,1,2,0,60.0,0,0,0,4
1,SCFB,487.5322265625,0,,1,0,1,1,0,0,0,3,2,1,2,1,0,60.0,0,3,0,3
1,SCFB,494.51171875,0,,0,0,1,1,0,0,0,3,0,0,1,0,0,60.0,0,0,0,0
1,SCFB,499.6044921875,0,,0,0,1,1,0,0,0,3,1,0,1,0,0,60.0,0,0,0,1
1,SCFB,506.5166015625,0,,0,0,1,1,0,0,2,3,1,0,1,0,0,5.2265625,0,0,2,1
1,SCFB,512.89453125,0,,0,0,1,1,0,0,2,3,1,2,1,0,0,11.6044921875,0,0,2,3
1,SCFB,518.60546875,0,,0,0,1,1,0,0,2,3,0,3,1,0,0,17.3154296875,0,0,2,3
1,SCFB,525.30078125,0,,0,0,1,1,0,0,0,3,0,3,2,0,0,24.0107421875,0,0,0,3
1,SCFB,530.7607421875,0,,0,0,1,1,0,0,0,3,0,2,1,0,0,29.470703125,0,0,0,2
1,SCFB,537.2060546875,0,,0,0,1,1,0,0,0,3,0,0,1,0,0,35.916015625,0,0,0,0
1,SCFB,543.7509765625,0,,1,0,1,1,0,0,0,3,0,0,1,0,0,42.4609375,0,0,0,0
1,SCFB,549.7958984375,0,,0,0,1,1,0,0,0,3,0,0,1,0,0,48.505859375,0,0,0,0
1,SCFB,555.322265625,0,,0,0,1,1,0,0,0,3,0,0,1,0,0,54.0322265625,0,0,0,0
1,SCFB,562.28515625,0,,0,0,1,1,0,0,0,3,0,0,1,0,0,60.0,0,0,0,0
1,SCFB,568.029296875,0,,0,0,1,1,0,0,0,3,0,0,1,0,0,60.0,0,0,0,0
1,SCFB,574.724609375,0,,0,0,1,1,0,0,0,3,0,0,1,0,0,60.0,0,0,0,0
1,SCFB,580.685546875,0,,0,0,1,1,0,0,0,3,0,0,1,0,0,60.0,0,0,0,0
1,SCFB,587.23046875,0,,0,0,1,1,0,0,0,3,0,0,1,0,0,60.0,0,0,0,0
1,SCFB,593.591796875,0,,0,0,1,1,0,0,0,3,0,0,1,0,0,60.0,0,0,0,0
1,SCFB,600.3212890625,0,,0,0,1,1,0,0,0,3,0,0,1,0,0,60.0,0,0,0,0
1,SCFB,606.5654296875,0,,0,0,1,1,0,0,0,3,0,0,1,0,0,60.0,0,0,0,0
1,SCFB,613.361328125,0,,0,0,1,1,0,0,0,3,1,0,1,0,0,60.0,0,0,0,1
1,SCFB,619.322265625,0,,0,0,1,1,0,0,0,3,1,0,1,1,0,60.0,0,0,0,1
1,SCFB,624.9990234375,0,,0,0,1,1,0,0,0,3,1,0,1,2,0,60.0,0,0,0,1
1,SCFB,630.2919921875,0,,0,0,1,1,0,0,0,3,1,2,1,2,0,60.0,0,0,0,3
1,SCFB,636.1201171875,0,,0,0,1,1,0,0,0,3,0,2,1,2,0,60.0,0,0,0,2
1,SCFB,642.0302734375,0,,0,0,1,1,0,0,0,3,1,2,1,1,0,60.0,0,0,0,3
1,SCFB,647.33984375,0,,0,0,1,1,0,0,0,3,2,1,0,0,0,60.0,0,0,0,3
1,SCFB,653.8515625,0,,0,0,1,1,0,0,0,3,3,0,0,0,0,60.0,0,0,0,3
1,SCFB,660.34765625,0,,0,0,1,1,0,0,0,3,3,0,0,0,0,60.0,0,0,0,3
1,SCFB,667.326171875,0,,0,0,1,1,0,0,0,3,1,0,0,0,0,60.0,0,0,0,1
1,SCFB,673.6376953125,0,,0,0,1,1,0,0,0,3,1,0,0,0,0,60.0,0,0,0,1
1,SCFB,680.5673828125,0,,0,0,1,1,0,0,0,3,0,0,0,0,0,60.0,0,0,0,0
1,SCFB,685.77734375,0,,0,0,1,1,0,0,0,3,2,0,0,0,0,60.0,0,0,0,2
1,SCFB,691.13671875,0,,0,0,1,1,0,0,0,3,2,0,0,0,0,60.0,0,0,0,2
1,SCFB,696.7802734375,0,,0,0,1,1,0,0,0,3,3,0,0,0,0,60.0,0,0,0,3
1,SCFB,701.8896484375,0,,0,0,1,1,0,0,0,3,3,0,0,0,0,60.0,0,0,0,3
1,SCFB,707.6669921875,0,,0,0,1,1,0,0,0,3,2,0,1,0,0,60.0,0,0,0,2
1,SCFB,714.646484375,0,,0,0,1,1,0,0,0,3,2,0,1,0,0,60.0,0,0,0,2
1,SCFB,720.857421875,0,,0,0,1,1,0,0,0,3,1,0,1,0,0,60.0,0,0,0,1
1,SCFB,726.3173828125,0,,0,0,1,1,0,0,0,3,0,0,1,0,0,60.0,0,0,0,0
1,SCFB,732.6787109375,0,,0,0,1,1,0,0,0,3,1,0,1,0,0,60.0,0,0,0,1
1,SCFB,739.591796875,0,,1,0,1,1,0,0,0,3,2,0,1,0,0,60.0,0,2,0,2
1,SCFB,745.40234375,0,,1,0,1,1,0,0,0,3,2,0,1,0,0,60.0,0,2,0,2
1,SCFB,750.8955078125,0,,0,0,1,1,0,0,2,3,2,0,1,0,0,4.892578125,0,0,2,2
1,SCFB,756.72265625,0,,0,0,1,1,0,0,2,3,0,0,1,0,0,10.7197265625,0,0,2,0
1,SCFG,40.0556640625,0,,1,0,0,1,0,0,0,0,0,1,0,1,0,60.0,0,1,0,0
1,SCFG,46.1162109375,0,,1,0,0,1,0,0,2,1,0,1,1,1,0,5.509765625,2,1,0,0
1,SCFG,52.328125,0,,0,0,0,1,0,0,2,2,0,1,1,1,0,11.7216796875,0,0,0,0
1,SCFG,57.7548828125,0,,0,0,0,1,0,0,2,3,0,0,1,0,0,17.1484375,0,0,0,0
1,SCFG,64.4833984375,0,,1,0,0,1,0,0,0,3,0,0,1,0,0,23.876953125,0,0,0,0
1,SCFG,70.4619140625,0,,0,0,0,1,0,0,0,3,0,0,1,0,0,29.85546875,0,0,0,0
1,SCFG,77.357421875,0,,0,0,0,1,0,0,0,3,0,0,1,0,0,36.7509765625,0,0,0,0
1,SCFG,82.6171875,0,,0,0,0,1,0,0,0,3,0,0,1,0,0,42.0107421875,0,0,0,0
1,SCFG,88.99609375,0,,0,0,0,1,0,0,0,3,0,0,1,0,0,48.3896484375,0,0,0,0
1,SCFG,94.6728515625,0,,0,0,0,1,0,0,0,3,1,0,1,0,0,54.06640625,0,0,0,0
1,SCFG,100.6005859375,0,,0,0,0,1,0,0,0,3,1,0,1,0,0,59.994140625,0,0,0,0
1,SCFG,106.6953125,0,,0,0,0,1,0,0,0,3,1,0,1,0,0,60.0,0,0,0,0
1,SCFG,112.6064453125,0,,0,0,0,1,0,0,0,3,0,0,1,0,0,60.0,0,0,0,0
1,SCFG,118.19921875,0,,0,0,0,1,0,0,0,3,0,0,1,0,0,60.0,0,0,0,0
1,SCFG,124.9453125,0,,0,0,0,1,0,0,0,3,0,0,1,0,0,60.0,0,0,0,0
1,SCFG,130.388671875,0,,0,0,0,1,0,0,0,3,0,0,1,0,0,60.0,0,0,0,0
1,SCFG,137.2177734375,0,,0,0,0,1,0,0,0,3,0,0,1,0,0,60.0,0,0,0,0
1,SCFG,143.9638671875,0,,0,0,0,1,0,0,0,3,0,0,1,0,0,60.0,0,0,0,0
1,SCFG,150.576171875,0,,0,0,0,1,0,0,0,3,0,0,1,0,0,60.0,0,0,0,0
1,SCFG,157.4384765625,0,,0,0,0,1,0,0,0,3,0,0,1,0,0,60.0,0,0,0,0
1,SCFG,164.41796875,0,,0,0,0,1,0,0,0,3,0,0,1,0,0,60.0,0,0,0,0
1,SCFG,171.1640625,0,,0,0,0,1,0,0,0,3,0,0,1,0,0,60.0,0,0,0,0
1,SCFG,176.791015625,0,,0,0,0,1,0,0,0,3,0,0,1,0,0,60.0,0,0,0,0
1,SCFG,182.484375,0,,0,0,0,1,0,0,0,3,0,0,1,0,0,60.0,0,0,0,0
1,SCFG,189.447265625,0,,1,0,0,1,0,0,0,3,0,0,1,0,0,60.0,0,0,0,0
1,SCFG,195.9091796875,0,,1,0,0,1,0,0,0,3,0,0,1,0,0,60.0,0,0,0,0
1,SCFG,201.5537109375,0,,0,0,0,1,0,0,0,3,0,0,1,0,0,60.0,0,0,0,0
1,SCFG,207.6142578125,0,,0,0,0,1,0,0,0,3,0,0,1,0,0,60.0,0,0,0,0
1,SCFG,214.4775390625,0,,0,0,0,1,0,0,0,3,0,0,1,0,0,60.0,0,0,0,0
1,SCFG,221.005859375,0,,0,0,0,1,0,0,0,3,0,0,1,0,0,60.0,0,0,0,0
1,SCFG,227.0673828125,0,,0,0,0,1,0,0,0,3,0,0,1,0,0,60.0,0,0,0,0
1,SCFG,232.9111328125,0,,0,0,0,1,0,0,0,3,0,0,1,0,0,60.0,0,0,0,0
1,SCFG,239.306640625,0,,0,0,0,1,0,0,0,3,0,0,1,0,0,60.0,0,0,0,0
1,SCFG,245.5341796875,0,,0,0,0,1,0,0,0,3,0,0,1,0,0,60.0,0,0,0,0
1,SCFG,251.1279296875,0,,0,0,0,1,0,0,0,3,0,0,1,0,0,60.0,0,0,0,0
1,SCFG,258.158203125,0,,1,0,0,1,0,0,0,3,0,0,1,0,0,60.0,0,0,0,0
1,SCFG,263.634765625,0,,0,0,0,1,0,0,0,3,0,0,1,0,0,60.0,0,0,0,0
1,SCFG,269.99609375,0,,0,0,0,1,0,0,0,3,0,0,1,0,0,60.0,0,0,0,0
1,SCFG,276.9091796875,0,,0,0,0,1,0,0,0,3,0,0,1,0,0,60.0,0,0,0,0
1,SCFG,282.9365234375,0,,0,0,0,1,0,0,0,3,0,0,1,0,0,60.0,0,0,0,0
1,SCFG,289.1650390625,0,,0,0,0,1,0,0,0,3,0,0,1,0,0,60.0,0,0,0,0
1,SCFG,295.6435546875,0,,0,0,0,1,0,0,0,3,0,0,1,0,0,60.0,0,0,0,0
1,SCFG,300.853515625,0,,0,0,0,1,0,0,0,3,0,0,1,0,0,60.0,0,0,0,0
1,SCFG,306.2294921875,0,,0,0,0,1,0,0,0,3,0,0,1,0,0,60.0,0,0,0,0
1,SCFG,311.58984375,0,,0,0,0,1,0,0,0,3,0,0,1,0,0,60.0,0,0,0,0
1,SCFG,317.583984375,0,,0,0,0,1,0,0,0,3,0,0,1,0,0,60.0,0,0,0,0
1,SCFG,323.294921875,0,,0,0,0,1,0,0,0,3,0,0,1,0,0,60.0,0,0,0,0
1,SCFG,328.6875,0,,0,0,0,1,0,0,0,3,0,0,1,0,0,60.0,0,0,0,0
1,SCFG,334.6826171875,0,,1,0,0,1,0,0,0,3,0,0,1,0,0,60.0,0,0,0,0
1,SCFG,340.576171875,0,,0,0,0,1,0,0,0,3,0,0,1,0,0,60.0,0,0,0,0
1,SCFG,345.6357421875,0,,0,0,0,1,0,0,0,3,0,0,1,0,0,60.0,0,0,0,0
1,SCFG,350.6953125,0,,0,0,0,1,0,0,0,3,0,0,1,0,0,60.0,0,0,0,0
1,SCFG,356.572265625,0,,0,0,0,1,0,0,0,3,0,0,1,0,0,60.0,0,0,0,0
1,SCFG,362.6337890625,0,,0,0,0,1,0,0,0,3,0,0,1,1,0,60.0,0,0,0,0
1,SCFG,368.244140625,0,,0,0,0,1,0,0,0,3,1,0,1,1,0,60.0,0,0,0,0
1,SCFG,373.4375,0,,0,0,0,1,0,0,0,3,1,0,1,1,0,60.0,0,0,0,0
1,SCFG,378.529296875,0,,0,0,0,1,0,0,0,3,2,0,0,1,0,60.0,0,0,0,0
1,SCFG,383.806640625,0,,0,0,0,1,0,0,0,3,2,0,0,0,0,60.0,0,0,0,0
1,SCFG,389.4501953125,0,,0,0,0,1,0,0,0,3,1,0,0,0,0,60.0,0,0,0,0
1,SCFG,396.0458984375,0,,0,0,0,1,0,0,0,3,2,0,0,0,0,60.0,0,0,0,0
1,SCFG,402.056640625,0,,0,0,0,1,0,0,0,3,1,0,0,0,0,60.0,0,0,0,0
1,SCFG,407.099609375,0,,0,0,0,1,0,0,0,3,1,0,0,0,0,60.0,0,0,0,0
1,SCFG,413.677734375,0,,0,0,0,1,0,0,0,3,2,0,0,0,0,60.0,0,0,0,0
1,SCFG,420.15625,0,,0,0,0,1,0,0,0,3,2,0,0,0,0,60.0,0,0,0,0
1,SCFG,426.9853515625,0,,0,0,0,1,0,0,0,3,2,0,0,0,0,60.0,0,0,0,0
1,SCFG,432.7294921875,0,,0,0,0,1,0,0,0,3,0,0,0,1,0,60.0,0,0,0,0
1,SCFG,438.640625,0,,0,0,0,1,0,0,0,3,0,0,0,1,0,60.0,0,0,0,0
1,SCFG,444.71875,0,,0,0,0,1,0,0,0,3,0,0,1,1,0,60.0,0,0,0,0
1,SCFG,450.162109375,0,,0,0,0,1,0,0,0,3,1,0,1,1,0,60.0,0,0,0,0
1,SCFG,457.0244140625,0,,1,0,0,1,0,0,0,3,2,0,1,0,0,60.0,0,2,0,0
1,SCFG,462.333984375,0,,0,0,0,1,0,0,0,3,2,0,1,0,0,60.0,0,0,0,0
1,SCFG,468.595703125,0,,0,0,0,1,0,0,0,3,2,0,1,0,0,60.0,0,0,0,0
1,SCFG,475.3583984375,0,,0,0,0,1,0,0,0,3,0,0,1,0,0,60.0,0,0,0,0
1,SCFG,480.884765625,0,,0,0,0,1,0,0,0,3,0,0,1,0,0,60.0,0,0,0,0
1,SCFG,487.2802734375,0,,0,0,0,1,0,0,0,3,0,0,1,0,0,60.0,0,0,0,0
1,SCFG,493.8427734375,0,,0,0,0,1,0,0,0,3,0,0,1,0,0,60.0,0,0,0,0
1,SCFG,500.220703125,0,,0,0,0,1,0,0,0,3,0,0,1,0,0,60.0,0,0,0,0
1,SCFG,507.1171875,0,,0,0,0,1,0,0,0,3,0,0,1,0,0,60.0,0,0,0,0
1,SCFG,512.7109375,0,,0,0,0,1,0,0,0,3,0,0,1,0,0,60.0,0,0,0,0
1,SCFG,518.822265625,0,,0,0,0,1,0,0,0,3,0,0,1,0,0,60.0,0,0,0,0
1,SCFG,524.599609375,1,0.9345703125,1,0,0,1,0,0,0,3,0,0,1,0,0,60.0,0,0,0,0
1,SCFG,529.80859375,0,,0,0,0,1,0,0,3,3,0,0,1,0,1,4.2080078125,0,0,0,0
1,SCFG,536.6044921875,0,,0,0,0,1,0,0,3,3,0,0,1,0,1,11.00390625,0,0,0,0
1,SCFG,542.548828125,0,,1,0,0,1,0,0,3,3,0,0,2,0,1,16.9482421875,3,0,0,0
1,SCFG,548.29296875,0,,0,0,0,1,0,0,0,3,0,0,1,0,1,22.6923828125,0,0,0,0
1,SCFG,554.73828125,0,,0,0,0,1,0,0,0,3,0,0,1,0,1,29.1376953125,0,0,0,0
1,SCFG,559.7978515625,0,,1,0,0,1,0,0,0,3,0,0,1,0,1,34.197265625,0,0,0,0
1,SCFG,565.140625,0,,1,0,0,1,0,0,0,3,0,0,1,0,1,39.5400390625,0,0,0,0
1,SCFG,570.6171875,0,,0,0,0,1,0,0,2,3,0,0,1,0,1,4.7421875,0,0,0,0
1,SCFG,576.2275390625,0,,0,0,0,1,0,0,2,3,0,0,1,0,1,10.3525390625,0,0,0,0
1,SCFG,582.2890625,0,,0,0,0,1,0,0,2,3,0,0,1,0,1,16.4140625,0,0,0,0
1,SCFG,587.6650390625,0,,0,0,0,1,0,0,0,3,0,0,1,0,0,21.7900390625,0,0,0,0
1,SCFG,593.509765625,0,,1,0,0,1,0,0,0,3,0,0,1,0,0,27.634765625,0,0,0,0
1,SCFG,599.353515625,0,,0,0,0,1,0,0,0,3,0,0,1,0,0,33.478515625,0,0,0,0
1,SCFG,605.9658203125,0,,0,0,0,1,0,0,0,3,0,0,1,0,0,40.0908203125,0,0,0,0
1,SCFG,612.6279296875,0,,0,0,0,1,0,0,0,3,0,1,1,0,0,46.7529296875,0,0,0,0
1,SCFG,618.83984375,0,,0,0,0,1,0,0,1,2,1,1,1,1,0,1.2021484375,0,0,0,0
1,SCFG,624.80078125,0,,0,0,0,1,0,0,1,2,1,1,0,1,0,7.1630859375,0,0,0,0
1,SCFG,631.7802734375,0,,0,0,0,1,0,0,1,2,1,0,0,1,0,14.142578125,0,0,0,0
1,SCFG,637.94140625,0,,1,0,0,1,0,0,0,3,0,0,0,0,0,20.3037109375,0,0,0,0
1,SCFG,643.568359375,0,,1,0,0,1,0,0,0,3,0,0,0,0,0,25.9306640625,0,0,0,0
1,SCFG,649.462890625,0,,0,0,0,1,0,0,0,3,0,0,0,0,0,31.8251953125,0,0,0,0
1,SCFG,655.6572265625,0,,0,0,0,1,0,0,0,3,2,0,0,0,0,38.01953125,0,0,0,0
1,SCFG,661.9521484375,0,,0,0,0,1,0,0,0,3,2,0,0,0,0,44.314453125,0,0,0,0
1,SCFG,667.412109375,0,,0,0,0,1,0,0,0,3,2,0,0,0,0,49.7744140625,0,0,0,0
1,SCFG,674.0751953125,0,,0,0,0,1,0,0,0,3,1,0,0,0,0,56.4375,0,0,0,0
1,SCFG,679.3349609375,0,,1,0,0,1,0,0,0,3,0,0,0,1,0,60.0,0,0,0,0
1,SCFG,684.4443359375,0,,0,0,0,1,0,0,0,3,0,0,0,1,0,60.0,0,0,0,0
1,SCFG,690.822265625,0,,0,0,0,1,0,0,0,3,0,0,1,1,0,60.0,0,0,0,0
1,SCFG,696.81640625,0,,0,0,0,1,0,0,0,3,0,0,1,0,0,60.0,0,0,0,0
1,SCFG,702.009765625,0,,0,0,0,1,0,0,0,3,0,0,1,0,0,60.0,0,0,0,0
1,SCFG,708.6884765625,0,,0,0,0,1,0,0,0,3,0,0,1,0,0,60.0,0,0,0,0
1,SCFG,715.53515625,0,,0,0,0,1,0,0,0,3,0,0,1,0,0,60.0,0,0,0,0
1,SCFG,722.2138671875,0,,0,0,0,1,0,0,0,3,0,0,1,0,0,60.0,0,0,0,0
1,SCMM,52.2802734375,0,,1,0,0,0,0,1,0,0,0,1,0,0,0,60.0,0,1,0,0
1,SCMM,58.291015625,0,,0,0,0,0,0,1,2,1,0,3,1,0,0,5.2919921875,0,0,0,0
1,SCMM,64.16796875,0,,0,0,0,0,0,1,2,2,0,3,1,0,0,11.1689453125,0,0,0,0
1,SCMM,70.9130859375,0,,0,0,0,0,0,1,4,2,1,2,1,0,0,6.1103515625,0,0,0,0
1,SCMM,76.0224609375,0,,0,0,0,0,0,1,2,2,1,0,1,0,0,11.2197265625,0,0,0,0
1,SCMM,82.4169921875,0,,1,0,0,0,0,1,2,2,1,0,1,0,0,17.6142578125,2,1,0,0
1,SCMM,88.376953125,0,,0,0,0,0,0,1,0,3,0,0,1,0,0,23.57421875,0,0,0,0
1,SCMM,93.7529296875,0,,0,0,0,0,0,1,0,3,0,0,1,0,0,28.9501953125,0,0,0,0
1,SCMM,100.5322265625,0,,0,0,0,0,0,1,0,3,0,0,1,0,0,35.7294921875,0,0,0,0
1,SCMM,106.0078125,0,,0,0,0,0,0,1,0,3,0,0,1,0,0,41.205078125,0,0,0,0
1,SCMM,112.4521484375,0,,1,0,0,0,0,1,0,3,1,0,1,0,0,47.6494140625,0,1,0,0
1,SCMM,119.2314453125,0,,0,0,0,0,0,1,0,3,2,0,1,0,0,54.4287109375,0,0,0,0
1,SCMM,125.5419921875,0,,1,0,0,0,0,1,0,3,2,0,1,0,0,60.0,0,2,0,0
1,SCMM,130.884765625,0,,0,0,0,0,0,1,0,3,1,0,1,0,0,60.0,0,0,0,0
1,SCMM,136.8115234375,0,,1,0,0,0,0,1,0,3,0,0,2,0,0,60.0,0,0,0,0
1,SCMM,143.7236328125,0,,0,0,0,0,0,1,0,3,0,1,1,0,0,60.0,0,0,0,0
1,SCMM,149.734375,0,,0,0,0,0,0,1,0,3,0,1,1,0,0,60.0,0,0,0,0
1,SCMM,155.8955078125,0,,0,0,0,0,0,1,0,3,0,1,2,0,0,60.0,0,0,0,0
1,SCMM,162.6572265625,0,,0,0,0,0,0,1,0,3,0,1,1,0,0,60.0,0,0,0,0
1,SCMM,168.8349609375,0,,0,0,0,0,0,1,0,3,0,0,1,0,0,60.0,0,0,0,0
1,SCMM,174.794921875,0,,0,0,0,0,0,1,0,3,0,0,1,0,0,60.0,0,0,0,0
1,SCMM,181.2568359375,0,,1,0,0,0,0,1,0,3,0,0,1,0,0,60.0,0,0,0,0
1,SCMM,187.216796875,0,,0,0,0,0,0,1,0,3,0,0,1,0,0,60.0,0,0,0,0
1,SCMM,192.3427734375,0,,0,0,0,0,0,1,0,3,0,0,1,0,0,60.0,0,0,0,0
1,SCMM,199.12109375,0,,0,0,0,0,0,1,0,3,0,0,1,0,0,60.0,0,0,0,0
1,SCMM,205.7998046875,0,,0,0,0,0,0,1,0,3,1,0,1,0,0,60.0,0,0,0,0
1,SCMM,211.576171875,0,,0,0,0,0,0,1,0,3,2,0,1,0,0,60.0,0,0,0,0
1,SCMM,217.5537109375,0,,0,0,0,0,0,1,0,3,2,0,1,0,0,60.0,0,0,0,0
1,SCMM,223.59765625,0,,0,0,0,0,0,1,0,3,1,0,1,0,0,60.0,0,0,0,0
1,SCMM,230.42578125,0,,0,0,0,0,0,1,0,3,1,0,1,0,0,60.0,0,0,0,0
1,SCMM,237.00390625,0,,0,0,0,0,0,1,0,3,1,0,1,0,0,60.0,0,0,0,0
1,SCMM,243.7490234375,0,,0,0,0,0,0,1,0,3,1,0,1,0,0,60.0,0,0,0,0
1,SCMM,249.67578125,0,,0,0,0,0,0,1,0,3,0,0,1,0,0,60.0,0,0,0,0
1,SCMM,255.0693359375,0,,0,0,0,0,0,1,0,3,0,0,2,0,0,60.0,0,0,0,0
1,SCMM,260.2109375,0,,0,0,0,0,0,1,0,3,0,0,1,0,0,60.0,0,0,0,0
1,SCMM,265.3701171875,0,,0,0,0,0,0,1,0,3,0,0,1,0,0,60.0,0,0,0,0
1,SCMM,271.9150390625,0,,0,0,0,0,0,1,0,3,0,0,1,0,0,60.0,0,0,0,0
1,SCMM,278.3935546875,0,,0,0,0,0,0,1,0,3,0,0,1,0,0,60.0,0,0,0,0
1,SCMM,283.90234375,0,,0,0,0,0,0,1,0,3,0,0,1,0,0,60.0,0,0,0,0
1,SCMM,289.12890625,0,,0,0,0,0,0,1,0,3,0,0,1,0,0,60.0,0,0,0,0
1,SCMM,295.556640625,0,,0,0,0,0,0,1,0,3,0,0,1,0,0,60.0,0,0,0,0
1,SCMM,301.5673828125,0,,0,0,0,0,0,1,0,3,0,0,1,0,0,60.0,0,0,0,0
1,SCMM,306.8095703125,0,,0,0,0,0,0,1,0,3,0,0,1,0,0,60.0,0,0,0,0
1,SCMM,312.251953125,0,,1,0,0,0,0,1,0,3,0,0,2,0,0,60.0,0,0,0,0
1,SCMM,319.03125,0,,1,0,0,0,0,1,2,3,0,0,1,0,0,6.1611328125,2,0,0,0
1,SCMM,325.3583984375,0,,0,0,0,0,0,1,2,3,2,0,1,0,0,12.48828125,0,0,0,0
1,SCMM,331.40234375,0,,0,0,0,0,0,1,2,3,2,0,1,0,0,18.5322265625,0,0,0,0
1,SCMM,337.24609375,0,,0,0,0,0,0,1,0,3,2,0,1,0,0,24.3759765625,0,0,0,0
1,SCMM,344.1083984375,0,,0,0,0,0,0,1,0,3,0,0,1,0,0,31.23828125,0,0,0,0
1,SCMM,349.8349609375,0,,0,0,0,0,0,1,0,3,0,0,1,0,0,36.96484375,0,0,0,0
1,SCMM,355.8115234375,0,,0,0,0,0,0,1,0,3,0,0,1,0,0,42.94140625,0,0,0,0
1,SCMM,362.306640625,0,,0,0,0,0,0,1,0,3,0,0,1,0,0,49.4365234375,0,0,0,0
1,SCMM,367.4326171875,0,,0,0,0,0,0,1,0,3,0,0,1,0,0,54.5625,0,0,0,0
1,SCMM,373.91015625,0,,0,0,0,0,0,1,0,3,0,0,1,0,0,60.0,0,0,0,0
1,SCMM,379.87109375,0,,0,0,0,0,0,1,0,3,1,0,1,0,0,60.0,0,0,0,0
1,SCMM,384.9130859375,0,,0,0,0,0,0,1,0,3,1,0,1,0,0,60.0,0,0,0,0
1,SCMM,390.388671875,0,,0,0,0,0,0,1,0,3,1,0,1,0,0,60.0,0,0,0,0
1,SCMM,396.1494140625,0,,0,0,0,0,0,1,0,3,1,0,1,0,0,60.0,0,0,0,0
1,SCMM,402.009765625,0,,0,0,0,0,0,1,0,3,0,0,1,0,0,60.0,0,0,0,0
1,SCMM,407.6025390625,0,,0,0,0,0,0,1,0,3,1,0,1,0,0,60.0,0,0,0,0
1,SCMM,412.9287109375,0,,0,0,0,0,0,1,0,3,2,0,0,0,0,60.0,0,0,0,0
1,SCMM,417.970703125,0,,0,0,0,0,0,1,0,3,4,0,0,0,0,60.0,0,0,0,0
1,SCMM,424.8828125,0,,0,0,0,0,0,1,0,3,4,0,0,0,0,60.0,0,0,0,0
1,SCMM,431.39453125,0,,0,0,0,0,0,1,0,3,2,0,0,0,0,60.0,0,0,0,0
1,SCMM,438.123046875,0,,0,0,0,0,0,1,0,3,0,0,0,0,0,60.0,0,0,0,0
1,SCMM,444.6005859375,0,,0,0,0,0,0,1,0,3,0,0,0,0,0,60.0,0,0,0,0
1,SCMM,450.2939453125,0,,0,0,0,0,0,1,0,3,1,0,0,0,0,60.0,0,0,0,0
1,SCMM,456.1875,0,,0,0,0,0,0,1,0,3,1,0,0,0,0,60.0,0,0,0,0
1,SCMM,461.4970703125,0,,0,0,0,0,0,1,0,3,1,0,0,0,0,60.0,0,0,0,0
1,SCMM,467.0400390625,0,,0,0,0,0,0,1,0,3,1,0,0,0,0,60.0,0,0,0,0
1,SCMM,473.4345703125,0,,0,0,0,0,0,1,0,3,0,0,0,0,0,60.0,0,0,0,0
1,SCMM,479.02734375,0,,0,0,0,0,0,1,0,3,0,0,0,0,0,60.0,0,0,0,0
1,SCMM,485.322265625,0,,0,0,0,0,0,1,0,3,2,0,1,0,0,60.0,0,0,0,0
1,SCMM,492.30078125,0,,1,0,0,0,0,1,0,3,2,0,1,0,0,60.0,0,2,0,0
1,SCMM,499.0126953125,0,,0,0,0,0,0,1,2,3,2,0,2,0,0,6.0771484375,0,0,0,0
1,SCMM,504.171875,0,,1,0,0,0,0,1,2,3,1,0,1,0,0,11.236328125,2,1,0,0
1,SCMM,510.56640625,0,,1,0,0,0,0,1,4,3,1,0,1,0,0,5.6435546875,4,1,0,0
1,SCMM,517.2783203125,0,,0,0,0,0,0,1,2,3,1,0,1,0,0,12.35546875,0,0,0,0
1,SCMM,523.3388671875,0,,0,0,0,0,0,1,2,3,1,0,1,0,0,18.416015625,0,0,0,0
1,SCMM,529.599609375,0,,0,0,0,0,0,1,0,3,1,0,1,0,0,24.6767578125,0,0,0,0
1,SCMM,536.244140625,0,,0,0,0,0,0,1,0,3,0,0,1,0,0,31.3212890625,0,0,0,0
1,SCMM,541.453125,0,,0,0,0,0,0,1,0,3,0,0,1,0,0,36.5302734375,0,0,0,0
1,SCMM,546.712890625,0,,0,0,0,0,0,1,0,3,0,0,1,0,0,41.7900390625,0,0,0,0
1,SCMM,553.658203125,0,,0,0,0,0,0,1,0,3,0,0,1,0,0,48.7353515625,0,0,0,0
1,SCMM,558.8173828125,0,,0,0,0,0,0,1,0,3,0,0,1,0,0,53.89453125,0,0,0,0
1,SCMM,565.6630859375,0,,0,0,0,0,0,1,0,3,0,0,1,0,0,60.0,0,0,0,0
1,SCMM,572.3740234375,0,,0,0,0,0,0,1,0,3,0,0,1,0,0,60.0,0,0,0,0
1,SCMM,578.9521484375,0,,0,0,0,0,0,1,0,3,0,0,1,0,0,60.0,0,0,0,0
1,SCMM,585.9482421875,0,,0,0,0,0,0,1,0,3,1,0,1,0,0,60.0,0,0,0,0
1,SCMM,592.4931640625,0,,0,0,0,0,0,1,0,3,2,0,1,0,0,60.0,0,0,0,0
1,SCMM,598.453125,0,,0,0,0,0,0,1,0,3,2,0,1,0,0,60.0,0,0,0,0
1,SCMM,604.8310546875,0,,0,0,0,0,0,1,0,3,1,0,1,0,0,60.0,0,0,0,0
1,SCMM,610.5078125,0,,0,0,0,0,0,1,0,3,0,0,1,0,0,60.0,0,0,0,0
1,SCMM,617.15234375,0,,0,0,0,0,0,1,0,3,0,0,1,0,0,60.0,0,0,0,0
1,SCMM,622.845703125,0,,0,0,0,0,0,1,0,3,0,0,1,0,0,60.0,0,0,0,0
1,SCMM,629.5908203125,0,,0,0,0,0,0,1,0,3,0,0,1,0,0,60.0,0,0,0,0
1,SCMM,635.53515625,0,,0,0,0,0,0,1,0,3,0,0,2,0,0,60.0,0,0,0,0
1,SCMM,642.4140625,0,,1,0,0,0,0,1,0,3,0,0,1,0,0,60.0,0,0,0,0
1,SCMM,647.7060546875,0,,0,0,0,0,0,1,0,3,1,0,1,0,0,60.0,0,0,0,0
1,SCMM,654.0009765625,0,,0,0,0,0,0,1,0,3,1,0,1,0,0,60.0,0,0,0,0
1,SCMM,660.26171875,0,,0,0,0,0,0,1,0,3,1,0,1,0,0,60.0,0,0,0,0
1,SCMM,666.873046875,0,,0,0,0,0,0,1,0,3,1,0,1,0,0,60.0,0,0,0,0
1,SCMM,673.6015625,0,,0,0,0,0,0,1,0,3,2,0,1,0,0,60.0,0,0,0,0
1,SCMM,679.0615234375,0,,0,0,0,0,0,1,0,3,2,0,0,0,0,60.0,0,0,0,0
1,SCMM,685.47265625,0,,0,0,0,0,0,1,0,3,2,0,0,0,0,60.0,0,0,0,0
1,SCMM,691.7001953125,0,,0,0,0,0,0,1,0,3,0,0,0,0,0,60.0,0,0,0,0
1,SCMM,697.59375,0,,0,0,0,0,0,1,0,3,0,0,0,0,0,60.0,0,0,0,0
1,SCMM,703.6044921875,0,,0,0,0,0,0,1,0,3,0,0,0,0,0,60.0,0,0,0,0
1,SCMM,710.4658203125,0,,0,0,0,0,0,1,0,3,4,0,0,0,0,60.0,0,0,0,0
1,SCMM,717.2783203125,0,,0,0,0,0,0,1,0,3,4,0,0,0,0,60.0,0,0,0,0
1,SCMM,723.72265625,0,,0,0,0,0,0,1,0,3,5,0,0,0,0,60.0,0,0,0,0
1,SCMM,730.7177734375,0,,1,0,0,0,0,1,0,3,2,0,0,0,0,60.0,0,2,0,0
1,SCMM,735.9609375,0,,0,0,0,0,0,1,2,3,2,1,0,0,0,4.6748046875,0,0,0,0
1,SCMM,742.8056640625,0,,0,0,0,0,0,1,2,3,1,1,1,0,0,11.51953125,0,0,0,0
1,SCMM,747.865234375,0,,0,0,0,0,0,1,2,3,0,1,1,0,0,16.5791015625,0,0,0,0
1,SCMM,754.443359375,0,,0,0,0,0,0,1,0,3,0,0,1,0,0,23.1572265625,0,0,0,0
1,SCMM,761.171875,0,,0,0,0,0,0,1,0,3,0,0,1,0,0,29.8857421875,0,0,0,0
1,SCMM,766.4638671875,0,,0,0,0,0,0,1,0,3,0,0,1,0,0,35.177734375,0,0,0,0
1,SCMM,771.6396484375,0,,0,0,0,0,0,1,0,3,0,0,1,0,0,40.353515625,0,0,0,0
1,SCMM,778.1845703125,0,,0,0,0,0,0,1,0,3,0,0,1,0,0,46.8984375,0,0,0,0
1,SCSB,27.7841796875,0,,0,0,1,0,1,0,0,0,0,1,0,1,0,60.0,0,0,0,1
1,SCSB,34.27734375,0,,0,0,1,0,1,0,0,1,0,1,1,1,0,60.0,0,0,0,1
1,SCSB,39.53125,0,,0,0,1,0,1,0,0,2,1,1,1,1,0,60.0,0,0,0,2
1,SCSB,45.3544921875,0,,0,0,1,0,1,0,0,3,2,0,1,0,0,60.0,0,0,0,2
1,SCSB,50.9765625,0,,0,0,1,0,1,0,0,3,2,0,1,0,0,60.0,0,0,0,2
1,SCSB,57.7529296875,0,,0,0,1,0,1,0,0,3,2,0,1,0,0,60.0,0,0,0,2
1,SCSB,64.1455078125,0,,1,0,1,0,1,0,0,3,1,0,1,0,0,60.0,0,1,0,1
1,SCSB,70.5537109375,0,,0,0,1,0,1,0,0,3,2,0,1,0,0,60.0,0,0,0,2
1,SCSB,76.427734375,0,,0,0,1,0,1,0,0,3,2,0,1,0,0,60.0,0,0,0,2
1,SCSB,83.4052734375,0,,0,0,1,0,1,0,0,3,1,0,1,0,0,60.0,0,0,0,1
1,SCSB,89.228515625,0,,0,0,1,0,1,0,0,3,0,0,1,0,0,60.0,0,0,0,0
1,SCSB,94.6162109375,0,,0,0,1,0,1,0,0,3,0,0,1,0,0,60.0,0,0,0,0
1,SCSB,99.9375,0,,0,0,1,0,1,0,0,3,0,0,1,0,0,60.0,0,0,0,0
1,SCSB,106.2626953125,0,,0,0,1,0,1,0,0,3,0,0,1,0,0,60.0,0,0,0,0
1,SCSB,112.50390625,0,,0,0,1,0,1,0,0,3,0,0,1,0,0,60.0,0,0,0,0
1,SCSB,117.9423828125,0,,0,0,1,0,1,0,0,3,0,1,1,1,0,60.0,0,0,0,1
1,SCSB,123.916015625,0,,0,0,1,0,1,0,0,3,0,2,1,2,0,60.0,0,0,0,2
1,SCSB,129.0859375,0,,0,0,1,0,1,0,0,3,0,2,1,2,0,60.0,0,0,0,2
1,SCSB,135.39453125,0,,0,0,1,0,1,0,0,3,0,2,1,2,0,60.0,0,0,0,2
1,SCSB,141.0166015625,0,,0,0,1,0,1,0,0,3,0,0,1,1,0,60.0,0,0,0,0
1,SCSB,146.0869140625,0,,0,0,1,0,1,0,0,3,0,0,1,0,0,60.0,0,0,0,0
1,SCSB,152.177734375,0,,0,0,1,0,1,0,0,3,0,0,1,0,0,60.0,0,0,0,0
1,SCSB,157.3984375,0,,0,0,1,0,1,0,0,3,0,0,1,0,0,60.0,0,0,0,0
1,SCSB,162.7529296875,0,,0,0,1,0,1,0,0,3,0,0,1,0,0,60.0,0,0,0,0
1,SCSB,169.279296875,0,,0,0,1,0,1,0,0,3,0,0,1,0,0,60.0,0,0,0,0
1,SCSB,175.8212890625,0,,0,0,1,0,1,0,1,3,0,1,1,0,0,5.0361328125,0,0,1,1
1,SCSB,181.1591796875,0,,0,0,1,0,1,0,2,2,0,2,1,1,0,0.3173828125,0,0,2,2
1,SCSB,187.1669921875,0,,0,0,1,0,1,0,2,2,0,4,1,1,0,6.3251953125,0,0,2,4
1,SCSB,192.9228515625,0,,0,0,1,0,1,0,1,2,0,4,1,2,0,12.0810546875,0,0,1,4
1,SCSB,198.4951171875,0,,0,0,1,0,1,0,1,3,2,2,1,1,0,17.6533203125,0,0,1,4
1,SCSB,204.6025390625,0,,0,0,1,0,1,0,0,3,2,0,1,1,0,23.7607421875,0,0,0,2
1,SCSB,211.2958984375,0,,0,0,1,0,1,0,0,3,2,0,1,0,0,30.4541015625,0,0,0,2
1,SCSB,217.8720703125,0,,0,0,1,0,1,0,0,3,0,2,1,1,0,37.0302734375,0,0,0,2
1,SCSB,224.146484375,0,,0,0,1,0,1,0,0,3,0,4,1,1,0,43.3046875,0,0,0,4
1,SCSB,229.802734375,0,,0,0,1,0,1,0,0,3,0,4,1,1,0,48.9609375,0,0,0,4
1,SCSB,235.140625,0,,0,0,1,0,1,0,0,3,0,3,1,0,0,54.298828125,0,0,0,3
1,SCSB,242.017578125,0,,0,0,1,0,1,0,0,3,1,1,1,0,0,60.0,0,0,0,2
1,SCSB,248.6943359375,0,,0,0,1,0,1,0,0,3,1,0,1,0,0,60.0,0,0,0,1
1,SCSB,253.96484375,0,,0,0,1,0,1,0,0,3,1,0,1,0,0,60.0,0,0,0,1
1,SCSB,259.9892578125,0,,0,0,1,0,1,0,0,3,0,0,1,0,0,60.0,0,0,0,0
1,SCSB,266.5478515625,0,,0,0,1,0,1,0,0,3,0,0,1,0,0,60.0,0,0,0,0
1,SCSB,272.8564453125,0,,0,0,1,0,1,0,0,3,0,0,1,0,0,60.0,0,0,0,0
1,SCSB,278.595703125,0,,0,0,1,0,1,0,0,3,0,0,1,0,0,60.0,0,0,0,0
1,SCSB,285.2392578125,0,,0,0,1,0,1,0,0,3,0,0,1,0,0,60.0,0,0,0,0
1,SCSB,290.978515625,0,,0,0,1,0,1,0,0,3,0,0,1,0,0,60.0,0,0,0,0
1,SCSB,297.97265625,0,,0,0,1,0,1,0,0,3,1,0,1,0,0,60.0,0,0,0,1
1,SCSB,304.130859375,0,,0,0,1,0,1,0,1,3,1,0,1,1,0,2.4267578125,0,0,1,1
1,SCSB,310.2880859375,0,,0,0,1,0,1,0,1,3,1,0,1,1,0,8.583984375,0,0,1,1
1,SCSB,317.2666015625,0,,0,0,1,0,1,0,1,3,1,0,1,1,0,15.5625,0,0,1,1
1,SCSB,324.0927734375,0,,0,0,1,0,1,0,0,3,1,0,1,0,0,22.388671875,0,0,0,1
1,SCSB,329.58203125,0,,0,0,1,0,1,0,0,3,1,0,1,1,0,27.8779296875,0,0,0,1
1,SCSB,335.873046875,0,,0,0,1,0,1,0,0,3,1,0,1,1,0,34.1689453125,0,0,0,1
1,SCSB,342.767578125,0,,1,0,1,0,1,0,0,3,0,0,1,1,0,41.0634765625,0,0,0,0
1,SCSB,349.025390625,0,,0,0,1,0,1,0,2,3,0,0,1,0,0,5.6728515625,0,0,2,0
1,SCSB,356.0537109375,0,,0,0,1,0,1,0,2,3,0,0,1,0,0,12.701171875,0,0,2,0
1,SCSB,362.763671875,0,,0,0,1,0,1,0,2,3,1,0,1,0,0,19.4111328125,0,0,2,1
1,SCSB,369.4736328125,0,,0,0,1,0,1,0,0,3,2,0,0,0,0,26.12109375,0,0,0,2
1,SCSB,376.517578125,0,,1,0,1,0,1,0,0,3,2,0,0,0,0,33.1650390625,0,2,0,2
1,SCSB,382.8759765625,0,,0,0,1,0,1,0,0,3,2,0,0,0,0,39.5234375,0,0,0,2
1,SCSB,388.3984375,0,,0,0,1,0,1,0,0,3,1,0,0,0,0,45.0458984375,0,0,0,1
1,SCSB,395.091796875,0,,0,0,1,0,1,0,0,3,1,0,0,0,0,51.7392578125,0,0,0,1
1,SCSB,400.8642578125,0,,0,0,1,0,1,0,0,3,0,0,0,0,0,57.51171875,0,0,0,0
1,SCSB,407.57421875,0,,0,0,1,0,1,0,0,3,0,0,0,0,0,60.0,0,0,0,0
1,SCSB,413.6982421875,0,,0,0,1,0,1,0,0,3,2,0,0,0,0,60.0,0,0,0,2
1,SCSB,419.455078125,0,,0,0,1,0,1,0,0,3,2,0,0,0,0,60.0,0,0,0,2
1,SCSB,426.1318359375,0,,0,0,1,0,1,0,0,3,2,0,0,0,0,60.0,0,0,0,2
1,SCSB,432.9248046875,0,,0,0,1,0,1,0,0,3,0,0,1,0,0,60.0,0,0,0,0
1,SCSB,438.5810546875,0,,0,0,1,0,1,0,0,3,0,0,1,2,0,60.0,0,0,0,0
1,SCSB,445.32421875,0,,0,0,1,0,1,0,0,3,1,0,1,3,0,60.0,0,0,0,1
1,SCSB,451.7666015625,0,,0,0,1,0,1,0,0,3,1,0,1,3,0,60.0,0,0,0,1
1,SCSB,458.626953125,0,,0,0,1,0,1,0,0,3,1,0,1,2,0,60.0,0,0,0,1
1,SCSB,464.9189453125,0,,0,0,1,0,1,0,0,3,0,2,1,1,0,60.0,0,0,0,2
1,SCSB,470.0224609375,0,,1,0,1,0,1,0,0,3,1,2,1,1,0,60.0,0,3,0,3
1,SCSB,476.0458984375,0,,0,0,1,0,1,0,0,3,1,2,1,0,0,60.0,0,0,0,3
1,SCSB,482.25390625,0,,0,0,1,0,1,0,0,3,1,1,1,0,0,60.0,0,0,0,2
1,SCSB,489.03125,0,,0,0,1,0,1,0,0,3,1,0,1,0,0,60.0,0,0,0,1
1,SCSB,494.46875,0,,0,0,1,0,1,0,0,3,1,0,1,1,0,60.0,0,0,0,1
1,SCSB,501.2626953125,0,,1,0,1,0,1,0,0,3,1,0,1,1,0,60.0,0,1,0,1
1,SCSB,507.6376953125,0,,0,0,1,0,1,0,2,3,0,0,1,1,0,5.8056640625,0,0,2,0
1,SCSB,513.9794921875,0,,0,0,1,0,1,0,2,3,0,0,1,0,0,12.1474609375,0,0,2,0
1,SCSB,520.8740234375,0,,0,0,1,0,1,0,2,3,0,0,1,0,0,19.0419921875,0,0,2,0
1,SCSB,526.4794921875,0,,1,0,1,0,1,0,0,3,0,0,1,0,0,24.6474609375,0,0,0,0
1,SCSB,532.955078125,0,,0,0,1,0,1,0,0,3,0,0,1,0,0,31.123046875,0,0,0,0
1,SCSB,538.8447265625,0,,1,0,1,0,1,0,0,3,0,0,1,0,0,37.0126953125,0,0,0,0
1,SCSB,544.7353515625,0,,0,0,1,0,1,0,0,3,0,0,1,0,0,42.9033203125,0,0,0,0
1,SCSB,551.2275390625,0,,0,0,1,0,1,0,0,3,0,0,1,0,0,49.3955078125,0,0,0,0
1,SCSB,556.46484375,0,,0,0,1,0,1,0,0,3,0,0,1,0,0,54.6328125,0,0,0,0
1,SCSB,563.2587890625,0,,0,0,1,0,1,0,2,3,0,0,1,0,0,6.2412109375,0,0,2,0
1,SCSB,570.2197265625,0,,0,0,1,0,1,0,2,3,0,0,1,0,0,13.2021484375,0,0,2,0
1,SCSB,576.4609375,0,,0,0,1,0,1,0,2,3,1,0,1,0,0,19.443359375,0,0,2,1
1,SCSB,581.5810546875,0,,0,0,1,0,1,0,0,3,2,0,1,0,0,24.5634765625,0,0,0,2
1,SCSB,588.1904296875,0,,0,0,1,0,1,0,0,3,2,0,1,0,0,31.1728515625,0,0,0,2
1,SCSB,593.830078125,1,0.8193359375,1,0,1,0,1,0,0,3,2,0,1,1,0,36.8125,0,2,0,2
1,SCSB,599.619140625,0,,0,0,1,0,1,0,2,3,0,0,1,1,1,5.169921875,0,0,2,0
1,SCSB,605.4931640625,0,,0,0,1,0,1,0,2,3,0,0,1,1,1,11.0439453125,0,0,2,0
1,SCSB,612.2197265625,0,,0,0,1,0,1,0,2,3,0,0,0,0,1,17.7705078125,0,0,2,0
1,SCSB,617.69140625,0,,0,0,1,0,1,0,0,3,1,0,0,0,1,23.2421875,0,0,0,1
1,SCSB,624.333984375,0,,1,0,1,0,1,0,0,3,2,0,0,0,1,29.884765625,0,2,0,2
1,SCSB,630.8271484375,0,,0,0,1,0,1,0,0,3,2,0,0,0,1,36.3779296875,0,0,0,2
1,SCSB,637.1181640625,0,,0,0,1,0,1,0,0,3,1,0,0,0,1,42.6689453125,0,0,0,1
1,SCSB,643.142578125,0,,0,0,1,0,1,0,0,3,1,0,0,0,1,48.693359375,0,0,0,1
1,SCSB,649.517578125,0,,0,0,1,0,1,0,0,3,0,0,0,0,1,55.068359375,0,0,0,0
1,SCSB,654.9052734375,0,,0,0,1,0,1,0,0,3,1,0,0,0,0,60.0,0,0,0,1
1,SCSB,661.69921875,0,,0,0,1,0,1,0,0,3,2,0,0,0,0,60.0,0,0,0,2
1,SCSB,668.6767578125,0,,0,0,1,0,1,0,0,3,2,0,0,0,0,60.0,0,0,0,2
1,SCSB,675.0185546875,0,,0,0,1,0,1,0,0,3,1,0,0,0,0,60.0,0,0,0,1
1,SCSB,681.1259765625,0,,0,0,1,0,1,0,0,3,0,0,1,0,0,60.0,0,0,0,0
1,SCSB,686.5810546875,0,,1,0,1,0,1,0,0,3,0,0,1,1,0,60.0,0,0,0,0
1,SCSB,692.9228515625,0,,0,0,1,0,1,0,0,3,0,0,1,1,0,60.0,0,0,0,0
1,SCSB,698.6962890625,0,,0,0,1,0,1,0,0,3,0,0,1,1,0,60.0,0,0,0,0
1,SCSB,704.083984375,0,,0,0,1,0,1,0,0,3,0,0,1,1,0,60.0,0,0,0,0
1,SCSB,710.5595703125,0,,0,0,1,0,1,0,0,3,0,0,1,0,0,60.0,0,0,0,0
1,SCSB,716.181640625,0,,0,0,1,0,1,0,0,3,0,0,1,0,0,60.0,0,0,0,0
1,SCSB,721.28515625,0,,0,0,1,0,1,0,0,3,0,0,1,0,0,60.0,0,0,0,0
1,SCSB,727.1083984375,0,,0,0,1,0,1,0,0,3,0,0,1,0,0,60.0,0,0,0,0
1,SCSG,30.341796875,0,,0,0,0,0,1,0,0,0,0,1,0,1,0,60.0,0,0,0,0
1,SCSG,37.12109375,0,,0,0,0,0,1,0,0,1,0,1,1,1,0,60.0,0,0,0,0
1,SCSG,43.03125,0,,0,0,0,0,1,0,0,2,1,1,1,1,0,60.0,0,0,0,0
1,SCSG,49.79296875,0,,0,0,0,0,1,0,0,3,2,0,1,0,0,60.0,0,0,0,0
1,SCSG,56.4208984375,0,,0,0,0,0,1,0,0,3,2,0,1,0,0,60.0,0,0,0,0
1,SCSG,61.9970703125,0,,0,0,0,0,1,0,0,3,1,0,1,0,0,60.0,0,0,0,0
1,SCSG,67.857421875,0,,1,0,0,0,1,0,0,3,0,0,1,0,0,60.0,0,0,0,0
1,SCSG,72.966796875,0,,0,0,0,0,1,0,0,3,0,0,1,0,0,60.0,0,0,0,0
1,SCSG,79.1943359375,0,,0,0,0,0,1,0,0,3,0,0,1,0,0,60.0,0,0,0,0
1,SCSG,85.3876953125,0,,1,0,0,0,1,0,0,3,2,0,1,0,0,60.0,0,2,0,0
1,SCSG,92.2333984375,0,,0,0,0,0,1,0,0,3,2,0,1,0,0,60.0,0,0,0,0
1,SCSG,98.3271484375,0,,0,0,0,0,1,0,0,3,2,0,1,0,0,60.0,0,0,0,0
1,SCSG,104.48828125,0,,0,0,0,0,1,0,0,3,0,0,1,0,0,60.0,0,0,0,0
1,SCSG,110.4482421875,0,,0,0,0,0,1,0,0,3,1,0,1,0,0,60.0,0,0,0,0
1,SCSG,116.892578125,0,,0,0,0,0,1,0,0,3,1,0,1,0,0,60.0,0,0,0,0
1,SCSG,123.3203125,0,,0,0,0,0,1,0,0,3,1,0,1,0,0,60.0,0,0,0,0
1,SCSG,129.71484375,0,,0,0,0,0,1,0,0,3,0,0,1,0,0,60.0,0,0,0,0
1,SCSG,136.2763671875,0,,0,0,0,0,1,0,0,3,0,0,1,0,0,60.0,0,0,0,0
1,SCSG,141.6689453125,0,,0,0,0,0,1,0,0,3,0,0,1,0,0,60.0,0,0,0,0
1,SCSG,147.5634765625,0,,0,0,0,0,1,0,0,3,0,0,1,0,0,60.0,0,0,0,0
1,SCSG,152.6220703125,0,,0,0,0,0,1,0,0,3,0,0,1,0,0,60.0,0,0,0,0
1,SCSG,159.583984375,0,,0,0,0,0,1,0,0,3,0,0,1,0,0,60.0,0,0,0,0
1,SCSG,165.794921875,0,,0,0,0,0,1,0,0,3,0,0,1,0,0,60.0,0,0,0,0
1,SCSG,171.337890625,0,,0,0,0,0,1,0,0,3,0,0,1,0,0,60.0,0,0,0,0
1,SCSG,177.6650390625,0,,0,0,0,0,1,0,0,3,0,0,1,0,0,60.0,0,0,0,0
1,SCSG,182.7080078125,0,,0,0,0,0,1,0,0,3,1,0,1,0,0,60.0,0,0,0,0
1,SCSG,189.185546875,0,,0,0,0,0,1,0,0,3,1,0,1,0,0,60.0,0,0,0,0
1,SCSG,196.0478515625,0,,0,0,0,0,1,0,0,3,1,0,1,0,0,60.0,0,0,0,0
1,SCSG,201.5400390625,0,,0,0,0,0,1,0,0,3,0,0,1,0,0,60.0,0,0,0,0
1,SCSG,208.134765625,0,,0,0,0,0,1,0,0,3,0,0,1,0,0,60.0,0,0,0,0
1,SCSG,214.0625,0,,0,0,0,0,1,0,0,3,0,0,1,0,0,60.0,0,0,0,0
1,SCSG,220.8076171875,0,,0,0,0,0,1,0,0,3,0,0,1,0,0,60.0,0,0,0,0
1,SCSG,226.9345703125,0,,0,0,0,0,1,0,0,3,1,0,1,0,0,60.0,0,0,0,0
1,SCSG,233.6298828125,0,,0,0,0,0,1,0,0,3,1,0,1,0,0,60.0,0,0,0,0
1,SCSG,239.70703125,0,,0,0,0,0,1,0,0,3,2,0,1,0,0,60.0,0,0,0,0
1,SCSG,245.3837890625,0,,0,0,0,0,1,0,0,3,1,0,1,0,0,60.0,0,0,0,0
1,SCSG,251.89453125,0,,0,0,0,0,1,0,0,3,1,0,1,0,0,60.0,0,0,0,0
1,SCSG,258.5732421875,0,,0,0,0,0,1,0,0,3,0,0,1,0,0,60.0,0,0,0,0
1,SCSG,264.232421875,0,,0,0,0,0,1,0,0,3,0,0,1,0,0,60.0,0,0,0,0
1,SCSG,269.892578125,0,,0,0,0,0,1,0,0,3,0,0,2,0,0,60.0,0,0,0,0
1,SCSG,276.2373046875,0,,0,0,0,0,1,0,0,3,1,0,1,0,0,60.0,0,0,0,0
1,SCSG,281.6298828125,0,,0,0,0,0,1,0,0,3,3,0,1,0,0,60.0,0,0,0,0
1,SCSG,288.375,0,,0,0,0,0,1,0,0,3,3,0,1,0,0,60.0,0,0,0,0
1,SCSG,293.4501953125,0,,0,0,0,0,1,0,0,3,3,0,1,0,0,60.0,0,0,0,0
1,SCSG,299.9453125,0,,0,0,0,0,1,0,0,3,1,0,1,0,0,60.0,0,0,0,0
1,SCSG,305.955078125,0,,0,0,0,0,1,0,0,3,0,0,1,0,0,60.0,0,0,0,0
1,SCSG,312.43359375,0,,0,0,0,0,1,0,0,3,0,0,1,0,0,60.0,0,0,0,0
1,SCSG,318.09375,0,,0,0,0,0,1,0,0,3,1,0,1,0,0,60.0,0,0,0,0
1,SCSG,325.0888671875,0,,0,0,0,0,1,0,0,3,1,0,1,0,0,60.0,0,0,0,0
1,SCSG,330.34765625,0,,0,0,0,0,1,0,0,3,1,0,1,0,0,60.0,0,0,0,0
1,SCSG,335.94140625,0,,0,0,0,0,1,0,0,3,1,0,1,0,0,60.0,0,0,0,0
1,SCSG,342.21875,0,,0,0,0,0,1,0,0,3,1,0,1,0,0,60.0,0,0,0,0
1,SCSG,348.5458984375,0,,0,0,0,0,1,0,0,3,1,0,1,0,0,60.0,0,0,0,0
1,SCSG,354.5732421875,0,,0,0,0,0,1,0,0,3,1,0,1,0,0,60.0,0,0,0,0
1,SCSG,361.21875,0,,0,0,0,0,1,0,0,3,0,0,1,0,0,60.0,0,0,0,0
1,SCSG,367.86328125,0,,1,0,0,0,1,0,0,3,0,0,1,0,0,60.0,0,0,0,0
1,SCSG,374.625,0,,0,0,0,0,1,0,2,3,1,0,0,0,0,6.2109375,0,0,0,0
1,SCSG,381.1865234375,0,,0,0,0,0,1,0,2,3,1,0,0,0,0,12.7724609375,0,0,0,0
1,SCSG,387.9482421875,0,,1,0,0,0,1,0,2,3,1,0,0,0,0,19.5341796875,2,1,0,0
1,SCSG,394.05859375,0,,0,0,0,0,1,0,0,3,0,0,0,0,0,25.64453125,0,0,0,0
1,SCSG,401.0546875,0,,0,0,0,0,1,0,0,3,0,0,0,0,0,32.640625,0,0,0,0
1,SCSG,408.0,0,,0,0,0,0,1,0,0,3,0,0,0,0,0,39.5859375,0,0,0,0
1,SCSG,414.361328125,0,,0,0,0,0,1,0,0,3,1,0,0,0,0,45.947265625,0,0,0,0
1,SCSG,420.60546875,0,,1,0,0,0,1,0,0,3,2,0,0,0,0,52.19140625,0,2,0,0
1,SCSG,427.5341796875,0,,0,0,0,0,1,0,2,3,2,0,0,0,0,6.294921875,0,0,0,0
1,SCSG,433.677734375,0,,0,0,0,0,1,0,2,3,2,0,0,0,0,12.4384765625,0,0,0,0
1,SCSG,440.005859375,0,,0,0,0,0,1,0,2,3,0,0,1,0,0,18.7666015625,0,0,0,0
1,SCSG,446.4833984375,0,,0,0,0,0,1,0,0,3,0,0,1,0,0,25.244140625,0,0,0,0
1,SCSG,452.126953125,0,,0,0,0,0,1,0,0,3,1,0,1,0,0,30.8876953125,0,0,0,0
1,SCSG,458.5380859375,0,,0,0,0,0,1,0,0,3,1,0,1,0,0,37.298828125,0,0,0,0
1,SCSG,465.533203125,0,,0,0,0,0,1,0,0,3,1,0,1,0,0,44.2939453125,0,0,0,0
1,SCSG,471.193359375,0,,1,0,0,0,1,0,0,3,0,0,1,0,0,49.9541015625,0,0,0,0
1,SCSG,476.8369140625,0,,1,0,0,0,1,0,0,3,0,0,2,0,0,55.59765625,0,0,0,0
1,SCSG,483.09765625,0,,0,0,0,0,1,0,0,3,0,0,1,0,0,60.0,0,0,0,0
1,SCSG,488.9404296875,0,,0,0,0,0,1,0,0,3,2,0,1,0,0,60.0,0,0,0,0
1,SCSG,495.4189453125,0,,0,0,0,0,1,0,0,3,2,0,1,0,0,60.0,0,0,0,0
1,SCSG,501.61328125,0,,0,0,0,0,1,0,0,3,2,0,1,0,0,60.0,0,0,0,0
1,SCSG,508.3076171875,0,,0,0,0,0,1,0,0,3,0,0,1,0,0,60.0,0,0,0,0
1,SCSG,515.103515625,0,,1,0,0,0,1,0,0,3,0,0,2,0,0,60.0,0,0,0,0
1,SCSG,521.0634765625,0,,0,0,0,0,1,0,2,3,1,0,1,0,0,5.1923828125,0,0,0,0
1,SCSG,527.958984375,0,,0,0,0,0,1,0,2,3,2,0,1,0,0,12.087890625,0,0,0,0
1,SCSG,534.0361328125,0,,0,0,0,0,1,0,2,3,2,0,1,0,0,18.1650390625,0,0,0,0
1,SCSG,540.3466796875,0,,0,0,0,0,1,0,0,3,2,0,1,0,0,24.4755859375,0,0,0,0
1,SCSG,547.1923828125,0,,1,0,0,0,1,0,0,3,0,0,1,0,0,31.3212890625,0,0,0,0
1,SCSG,553.63671875,0,,0,0,0,0,1,0,0,3,0,0,2,0,0,37.765625,0,0,0,0
1,SCSG,559.9482421875,0,,0,0,0,0,1,0,0,3,0,0,1,0,0,44.0771484375,0,0,0,0
1,SCSG,565.0400390625,0,,0,0,0,0,1,0,0,3,1,0,1,0,0,49.1689453125,0,0,0,0
1,SCSG,571.8857421875,0,,0,0,0,0,1,0,1,2,2,0,1,0,0,1.8369140625,0,0,0,0
1,SCSG,577.578125,1,0.8681640625,1,0,0,0,1,0,1,2,2,0,1,0,0,7.529296875,1,2,0,0
1,SCSG,583.1044921875,0,,0,0,0,0,1,0,3,2,1,0,1,0,1,5.025390625,0,0,0,0
1,SCSG,589.6826171875,0,,0,0,0,0,1,0,5,3,0,0,1,0,1,6.0439453125,0,0,0,0
1,SCSG,596.6953125,0,,0,0,0,0,1,0,4,3,0,0,1,0,1,13.056640625,0,0,0,0
1,SCSG,602.35546875,0,,0,0,0,0,1,0,2,3,2,0,1,0,1,18.716796875,0,0,0,0
1,SCSG,608.5654296875,0,,0,0,0,0,1,0,0,3,2,0,1,0,1,24.9267578125,0,0,0,0
1,SCSG,615.5947265625,0,,0,0,0,0,1,0,0,3,3,0,1,0,1,31.9560546875,0,0,0,0
1,SCSG,621.4716796875,0,,0,0,0,0,1,0,0,3,2,0,1,0,2,37.8330078125,0,0,0,0
1,SCSG,627.515625,0,,0,0,0,0,1,0,0,3,2,0,1,0,2,43.876953125,0,0,0,0
1,SCSG,633.2421875,0,,0,0,0,0,1,0,0,3,2,0,0,0,2,49.603515625,0,0,0,0
1,SCSG,639.63671875,0,,0,0,0,0,1,0,0,3,0,0,0,0,1,55.998046875,0,0,0,0
1,SCSG,646.314453125,0,,1,0,0,0,1,0,0,3,0,0,0,0,1,60.0,0,0,0,0
1,SCSG,652.9765625,0,,1,0,0,0,1,0,0,3,0,0,0,0,1,60.0,0,0,0,0
1,SCSG,659.37109375,0,,0,0,0,0,1,0,2,3,0,0,0,0,1,5.7099609375,0,0,0,0
1,SCSG,666.1826171875,0,,1,0,0,0,1,0,4,3,0,0,0,0,1,5.943359375,4,0,0,0
1,SCSG,672.5771484375,0,,0,0,0,0,1,0,4,3,0,0,0,0,1,12.337890625,0,0,0,0
1,SCSG,677.8369140625,0,,0,0,0,0,1,0,2,3,0,0,0,0,0,17.59765625,0,0,0,0
1,SCSG,683.7138671875,0,,1,0,0,0,1,0,0,3,0,0,0,0,0,23.474609375,0,0,0,0
1,SCSG,689.556640625,0,,0,0,0,0,1,0,0,3,0,0,0,0,0,29.3173828125,0,0,0,0
1,SCSG,695.3837890625,0,,0,0,0,0,1,0,0,3,0,0,1,0,0,35.14453125,0,0,0,0
1,SCSG,701.8115234375,0,,0,0,0,0,1,0,0,3,0,0,1,0,0,41.572265625,0,0,0,0
1,SCSG,706.9375,0,,0,0,0,0,1,0,0,3,1,0,1,0,0,46.6982421875,0,0,0,0
1,SCSG,712.3134765625,0,,0,0,0,0,1,0,0,3,1,0,1,0,0,52.07421875,0,0,0,0
1,SCSG,717.939453125,0,,0,0,0,0,1,0,0,3,1,0,1,0,0,57.7001953125,0,0,0,0
1,SCSG,724.701171875,0,,0,0,0,0,1,0,0,3,2,0,1,0,0,60.0,0,0,0,0
1,SCSG,729.994140625,0,,1,0,0,0,1,0,0,3,2,0,1,0,0,60.0,0,2,0,0
1,SCSG,736.4716796875,0,,0,0,0,0,1,0,2,3,2,1,1,0,0,5.9599609375,0,0,0,0
2,SCFB,38.462890625,0,,0,0,1,1,0,0,0,0,0,3,1,0,0,60.0,0,0,0,3
2,SCFB,45.4931640625,0,,1,0,1,1,0,0,0,1,2,4,1,2,0,60.0,0,6,0,6
2,SCFB,51.85546875,0,,0,0,1,1,0,0,2,2,4,3,1,2,0,5.64453125,0,0,2,7
2,SCFB,57.7998046875,0,,0,0,1,1,0,0,2,3,4,1,1,2,0,11.5888671875,0,0,2,5
2,SCFB,63.560546875,0,,0,0,1,1,0,0,2,3,3,0,1,1,0,17.349609375,0,0,2,3
2,SCFB,70.306640625,0,,0,0,1,1,0,0,0,3,2,0,1,0,0,24.095703125,0,0,0,2
2,SCFB,76.5185546875,0,,1,0,1,1,0,0,0,3,1,0,1,0,0,30.3076171875,0,1,0,1
2,SCFB,82.330078125,0,,1,0,1,1,0,0,2,3,1,0,1,0,0,5.1103515625,2,1,2,1
2,SCFB,88.291015625,0,,0,0,1,1,0,0,2,3,1,0,1,0,0,11.0712890625,0,0,2,1
2,SCFB,94.119140625,0,,0,0,1,1,0,0,2,3,2,0,1,0,0,16.8994140625,0,0,2,2
2,SCFB,100.8486328125,0,,0,0,1,1,0,0,0,3,2,0,1,0,0,23.62890625,0,0,0,2
2,SCFB,106.224609375,0,,1,0,1,1,0,0,0,3,1,0,1,0,0,29.0048828125,0,1,0,1
2,SCFB,112.1533203125,0,,0,0,1,1,0,0,0,3,0,0,1,0,0,34.93359375,0,0,0,0
2,SCFB,117.6298828125,0,,0,0,1,1,0,0,0,3,0,0,1,0,0,40.41015625,0,0,0,0
2,SCFB,123.4912109375,0,,0,0,1,1,0,0,0,3,0,0,1,0,0,46.271484375,0,0,0,0
2,SCFB,129.2685546875,0,,0,0,1,1,0,0,0,3,0,0,1,0,0,52.048828125,0,0,0,0
2,SCFB,134.8125,0,,0,0,1,1,0,0,0,3,0,0,1,0,0,57.5927734375,0,0,0,0
2,SCFB,141.341796875,0,,0,0,1,1,0,0,0,3,0,0,1,0,0,60.0,0,0,0,0
2,SCFB,146.8359375,0,,0,0,1,1,0,0,0,3,1,0,1,0,0,60.0,0,0,0,1
2,SCFB,153.798828125,0,,0,0,1,1,0,0,0,3,1,0,1,0,0,60.0,0,0,0,1
2,SCFB,159.693359375,0,,1,0,1,1,0,0,0,3,1,0,1,1,0,60.0,0,1,0,1
2,SCFB,165.13671875,0,,1,0,1,1,0,0,2,3,1,0,1,1,0,4.474609375,2,1,2,1
2,SCFB,170.6806640625,0,,0,0,1,1,0,0,2,3,0,0,1,1,0,10.0185546875,0,0,2,0
2,SCFB,177.0927734375,0,,0,0,1,1,0,0,2,3,0,0,1,1,0,16.4306640625,0,0,2,0
2,SCFB,183.638671875,0,,0,0,1,1,0,0,0,3,0,0,1,0,0,22.9765625,0,0,0,0
2,SCFB,189.166015625,0,,1,0,1,1,0,0,0,3,0,0,1,0,0,28.50390625,0,0,0,0
2,SCFB,196.0458984375,0,,1,0,1,1,0,0,0,3,0,0,1,0,0,35.3837890625,0,0,0,0
2,SCFB,202.0400390625,0,,0,0,1,1,0,0,0,3,0,0,1,0,0,41.3779296875,0,0,0,0
2,SCFB,207.333984375,0,,0,0,1,1,0,0,0,3,1,0,1,1,0,46.671875,0,0,0,1
2,SCFB,213.0947265625,0,,0,0,1,1,0,0,0,3,1,0,1,1,0,52.4326171875,0,0,0,1
2,SCFB,218.7890625,0,,0,0,1,1,0,0,0,3,1,0,1,1,0,58.126953125,0,0,0,1
2,SCFB,224.283203125,0,,0,0,1,1,0,0,0,3,1,0,1,0,0,60.0,0,0,0,1
2,SCFB,229.5595703125,0,,0,0,1,1,0,0,0,3,0,0,1,0,0,60.0,0,0,0,0
2,SCFB,235.50390625,0,,0,0,1,1,0,0,0,3,0,0,1,0,0,60.0,0,0,0,0
2,SCFB,241.181640625,0,,0,0,1,1,0,0,0,3,0,0,1,0,0,60.0,0,0,0,0
2,SCFB,246.9921875,0,,1,0,1,1,0,0,0,3,0,0,1,0,0,60.0,0,0,0,0
2,SCFB,252.9541015625,0,,0,0,1,1,0,0,0,3,0,0,1,0,0,60.0,0,0,0,0
2,SCFB,259.048828125,0,,0,0,1,1,0,0,0,3,0,0,1,0,0,60.0,0,0,0,0
2,SCFB,265.5615234375,0,,1,0,1,1,0,0,0,3,0,0,1,0,0,60.0,0,0,0,0
2,SCFB,270.62109375,0,,0,0,1,1,0,0,2,3,1,0,1,0,0,4.408203125,0,0,2,1
2,SCFB,276.03125,0,,0,0,1,1,0,0,2,3,1,0,1,0,0,9.818359375,0,0,2,1
2,SCFB,281.107421875,0,,0,0,1,1,0,0,2,3,1,0,1,1,0,14.89453125,0,0,2,1
2,SCFB,287.3857421875,0,,0,0,1,1,0,0,0,3,0,0,1,1,0,21.1728515625,0,0,0,0
2,SCFB,294.0986328125,0,,0,0,1,1,0,0,0,3,0,0,1,2,0,27.8857421875,0,0,0,0
2,SCFB,299.2421875,0,,0,0,1,1,0,0,0,3,0,0,1,1,0,33.029296875,0,0,0,0
2,SCFB,304.4521484375,0,,1,0,1,1,0,0,0,3,0,0,1,1,0,38.2392578125,0,0,0,0
2,SCFB,309.99609375,0,,0,0,1,1,0,0,2,3,1,0,1,0,0,4.859375,0,0,2,1
2,SCFB,315.40625,0,,0,0,1,1,0,0,2,3,1,0,1,0,0,10.26953125,0,0,2,1
2,SCFB,321.1337890625,0,,0,0,1,1,0,0,2,3,1,1,1,0,0,15.9970703125,0,0,2,2
2,SCFB,327.6796875,1,0.7509765625,1,0,1,1,0,0,0,3,0,3,1,0,0,22.54296875,0,3,0,3
2,SCFB,333.9248046875,0,,0,0,1,1,0,0,2,3,0,3,1,0,1,5.52734375,0,0,2,3
2,SCFB,340.75390625,0,,0,0,1,1,0,0,2,3,0,3,1,0,1,12.3564453125,0,0,2,3
2,SCFB,347.4501953125,0,,0,0,1,1,0,0,2,3,0,1,1,0,1,19.052734375,0,0,2,1
2,SCFB,353.1943359375,0,,0,0,1,1,0,0,0,3,0,1,1,0,1,24.796875,0,0,0,1
2,SCFB,359.5068359375,0,,1,0,1,1,0,0,0,3,0,0,1,0,1,31.109375,0,0,0,0
2,SCFB,366.453125,0,,0,0,1,1,0,0,0,3,0,0,1,0,1,38.0556640625,0,0,0,0
2,SCFB,372.46484375,0,,1,0,1,1,0,0,0,3,1,0,1,0,1,44.0673828125,0,1,0,1
2,SCFB,377.7412109375,0,,0,0,1,1,0,0,0,3,1,0,0,0,1,49.34375,0,0,0,1
2,SCFB,384.4873046875,0,,0,0,1,1,0,0,0,3,1,0,0,0,1,56.08984375,0,0,0,1
2,SCFB,391.3173828125,0,,1,0,1,1,0,0,0,3,1,0,0,0,0,60.0,0,1,0,1
2,SCFB,397.87890625,0,,0,0,1,1,0,0,0,3,1,0,0,0,0,60.0,0,0,0,1
2,SCFB,403.9072265625,0,,0,0,1,1,0,0,0,3,1,0,0,0,0,60.0,0,0,0,1
2,SCFB,409.384765625,0,,1,0,1,1,0,0,0,3,1,0,0,0,0,60.0,0,1,0,1
2,SCFB,415.8466796875,0,,0,0,1,1,0,0,2,3,1,0,0,0,0,5.6103515625,0,0,2,1
2,SCFB,421.5244140625,0,,1,0,1,1,0,0,2,3,2,0,0,0,0,11.2880859375,2,2,2,2
2,SCFB,427.251953125,0,,0,0,1,1,0,0,2,3,2,0,0,0,0,17.015625,0,0,2,2
2,SCFB,433.5810546875,0,,0,0,1,1,0,0,0,3,2,0,0,0,0,23.3447265625,0,0,0,2
2,SCFB,439.67578125,0,,0,0,1,1,0,0,0,3,0,0,0,0,0,29.439453125,0,0,0,0
2,SCFB,444.8349609375,0,,0,0,1,1,0,0,0,3,0,0,0,0,0,34.5986328125,0,0,0,0
2,SCFB,450.462890625,0,,0,0,1,1,0,0,0,3,0,0,1,0,0,40.2265625,0,0,0,0
2,SCFB,456.875,0,,0,0,1,1,0,0,0,3,1,0,1,0,0,46.638671875,0,0,0,1
2,SCFB,463.537109375,0,,0,0,1,1,0,0,0,3,1,0,1,0,0,53.30078125,0,0,0,1
2,SCFB,469.431640625,0,,0,0,1,1,0,0,0,3,1,0,1,0,0,59.1953125,0,0,0,1
2,SCFB,475.4599609375,0,,0,0,1,1,0,0,0,3,1,1,1,0,0,60.0,0,0,0,2
2,SCFB,482.373046875,0,,1,0,1,1,0,0,0,3,0,1,1,0,0,60.0,0,1,0,1
2,SCFB,488.2841796875,0,,0,0,1,1,0,0,0,3,0,1,2,0,0,60.0,0,0,0,1
2,SCFB,494.8466796875,0,,0,0,1,1,0,0,0,3,0,0,1,0,0,60.0,0,0,0,0
2,SCFB,501.1923828125,0,,0,0,1,1,0,0,0,3,1,0,1,0,0,60.0,0,0,0,1
2,SCFB,507.4541015625,0,,0,0,1,1,0,0,0,3,1,0,1,0,0,60.0,0,0,0,1
2,SCFB,514.0,0,,0,0,1,1,0,0,0,3,2,0,1,2,0,60.0,0,0,0,2
2,SCFB,519.126953125,0,,0,0,1,1,0,0,0,3,3,0,1,2,0,60.0,0,0,0,3
2,SCFB,524.9375,0,,0,0,1,1,0,0,0,3,2,0,1,3,0,60.0,0,0,0,2
2,SCFB,531.7841796875,0,,0,0,1,1,0,0,0,3,4,1,1,3,0,60.0,0,0,0,5
2,SCFB,537.2607421875,0,,0,0,1,1,0,0,0,3,2,2,1,2,0,60.0,0,0,0,4
2,SCFB,542.654296875,0,,0,0,1,1,0,0,0,3,2,2,1,1,0,60.0,0,0,0,4
2,SCFB,549.0166015625,0,,0,0,1,1,0,0,0,3,1,2,1,0,0,60.0,0,0,0,3
2,SCFB,555.8125,0,,0,0,1,1,0,0,0,3,0,0,1,0,0,60.0,0,0,0,0
2,SCFB,561.640625,0,,0,0,1,1,0,0,0,3,0,0,1,0,0,60.0,0,0,0,0
2,SCFB,568.2861328125,0,,0,0,1,1,0,0,0,3,0,0,1,0,0,60.0,0,0,0,0
2,SCFB,574.3310546875,0,,1,0,1,1,0,0,0,3,0,0,1,0,0,60.0,0,0,0,0
2,SCFB,581.0107421875,0,,0,0,1,1,0,0,2,3,0,0,1,0,0,6.01171875,0,0,2,0
2,SCFB,586.0537109375,0,,0,0,1,1,0,0,2,3,0,0,1,0,0,11.0546875,0,0,2,0
2,SCFB,592.365234375,0,,0,0,1,1,0,0,2,3,0,0,1,0,0,17.3662109375,0,0,2,0
2,SCFB,597.79296875,0,,0,0,1,1,0,0,0,3,0,0,1,0,0,22.7939453125,0,0,0,0
2,SCFB,603.0693359375,0,,0,0,1,1,0,0,0,3,0,0,2,0,0,28.0703125,0,0,0,0
2,SCFB,609.34765625,0,,1,0,1,1,0,0,0,3,0,0,1,1,0,34.3486328125,0,0,0,0
2,SCFB,614.69140625,0,,0,0,1,1,0,0,0,3,2,0,1,1,0,39.6923828125,0,0,0,2
2,SCFB,619.8349609375,0,,0,0,1,1,0,0,1,2,2,0,1,2,0,0.1337890625,0,0,1,2
2,SCFB,625.845703125,0,,0,0,1,1,0,0,1,2,2,0,1,2,0,6.14453125,0,0,1,2
2,SCFB,631.005859375,0,,1,0,1,1,0,0,1,2,1,0,1,1,0,11.3046875,1,1,1,1
2,SCFB,637.3681640625,0,,0,0,1,1,0,0,1,3,0,0,1,0,0,17.6669921875,0,0,1,0
2,SCFB,643.7294921875,0,,0,0,1,1,0,0,0,3,1,0,0,0,0,24.0283203125,0,0,0,1
2,SCFB,649.4072265625,0,,0,0,1,1,0,0,0,3,1,0,0,0,0,29.7060546875,0,0,0,1
2,SCFB,656.2373046875,0,,0,0,1,1,0,0,0,3,1,2,0,0,0,36.5361328125,0,0,0,3
2,SCFB,661.814453125,0,,0,0,1,1,0,0,0,3,1,2,0,0,0,42.11328125,0,0,0,3
2,SCFB,667.775390625,0,,0,0,1,1,0,0,0,3,1,2,0,0,0,48.07421875,0,0,0,3
2,SCFB,673.9208984375,0,,0,0,1,1,0,0,0,3,1,1,0,0,0,54.2197265625,0,0,0,2
2,SCFB,680.3662109375,0,,1,0,1,1,0,0,0,3,0,0,0,0,0,60.0,0,0,0,0
2,SCFB,685.5263671875,0,,0,0,1,1,0,0,0,3,0,0,0,0,0,60.0,0,0,0,0
2,SCFB,690.869140625,0,,1,0,1,1,0,0,0,3,1,0,0,0,0,60.0,0,1,0,1
2,SCFB,695.9462890625,0,,0,0,1,1,0,0,2,3,1,0,0,0,0,4.4755859375,0,0,2,1
2,SCFB,702.4248046875,0,,0,0,1,1,0,0,2,3,1,0,0,0,0,10.9541015625,0,0,2,1
2,SCFB,708.970703125,0,,1,0,1,1,0,0,2,3,1,0,0,0,0,17.5,2,1,2,1
2,SCFB,714.2802734375,0,,0,0,1,1,0,0,2,3,0,0,0,0,0,4.625,0,0,2,0
2,SCFB,720.359375,0,,1,0,1,1,0,0,2,3,0,0,0,0,0,10.7041015625,2,0,2,0
2,SCFB,725.6689453125,0,,0,0,1,1,0,0,2,3,0,0,0,1,0,16.013671875,0,0,2,0
2,SCFB,731.3798828125,0,,0,0,1,1,0,0,0,3,0,0,1,1,0,21.724609375,0,0,0,0
2,SCFB,738.376953125,0,,0,0,1,1,0,0,0,3,1,0,1,2,0,28.7216796875,0,0,0,1
2,SCFB,745.2900390625,0,,1,0,1,1,0,0,0,3,1,0,1,1,0,35.634765625,0,1,0,1
2,SCFB,751.6513671875,0,,0,0,1,1,0,0,0,3,1,0,1,1,0,41.99609375,0,0,0,1
2,SCFB,756.9951171875,0,,0,0,1,1,0,0,0,3,0,0,1,0,0,47.33984375,0,0,0,0
2,SCFG,44.4072265625,0,,1,0,0,1,0,0,0,0,0,3,1,0,0,60.0,0,3,0,0
2,SCFG,50.7841796875,0,,1,0,0,1,0,0,1,1,1,3,1,0,0,5.1416015625,1,4,0,0
2,SCFG,57.294921875,0,,0,0,0,1,0,0,1,2,2,2,1,0,0,11.65234375,0,0,0,0
2,SCFG,63.455078125,0,,0,0,0,1,0,0,1,3,2,1,1,0,0,17.8125,0,0,0,0
2,SCFG,68.8310546875,0,,0,0,0,1,0,0,0,3,2,0,1,0,0,23.1884765625,0,0,0,0
2,SCFG,75.4755859375,0,,0,0,0,1,0,0,0,3,0,0,1,0,0,29.8330078125,0,0,0,0
2,SCFG,80.7509765625,0,,0,0,0,1,0,0,0,3,0,0,1,0,0,35.1083984375,0,0,0,0
2,SCFG,87.078125,0,,0,0,0,1,0,0,0,3,0,0,1,0,0,41.435546875,0,0,0,0
2,SCFG,92.38671875,0,,0,0,0,1,0,0,0,3,0,0,1,0,0,46.744140625,0,0,0,0
2,SCFG,98.4638671875,0,,0,0,0,1,0,0,0,3,0,0,1,0,0,52.8212890625,0,0,0,0
2,SCFG,104.2236328125,0,,0,0,0,1,0,0,0,3,0,0,1,0,0,58.5810546875,0,0,0,0
2,SCFG,110.3671875,0,,0,0,0,1,0,0,0,3,1,0,1,0,0,60.0,0,0,0,0
2,SCFG,117.2958984375,0,,1,0,0,1,0,0,0,3,1,0,1,0,0,60.0,0,1,0,0
2,SCFG,122.8544921875,0,,0,0,0,1,0,0,0,3,1,0,1,0,0,60.0,0,0,0,0
2,SCFG,128.8310546875,0,,0,0,0,1,0,0,0,3,0,1,1,0,0,60.0,0,0,0,0
2,SCFG,134.3076171875,0,,0,0,0,1,0,0,0,3,0,2,1,0,0,60.0,0,0,0,0
2,SCFG,140.4345703125,0,,0,0,0,1,0,0,0,3,0,2,1,0,0,60.0,0,0,0,0
2,SCFG,146.4111328125,0,,0,0,0,1,0,0,0,3,0,2,1,0,0,60.0,0,0,0,0
2,SCFG,151.76953125,0,,0,0,0,1,0,0,0,3,0,1,1,0,0,60.0,0,0,0,0
2,SCFG,156.828125,0,,0,0,0,1,0,0,0,3,0,0,1,0,0,60.0,0,0,0,0
2,SCFG,163.0224609375,0,,0,0,0,1,0,0,0,3,0,0,1,0,0,60.0,0,0,0,0
2,SCFG,169.44921875,0,,0,0,0,1,0,0,0,3,0,0,1,1,0,60.0,0,0,0,0
2,SCFG,176.2939453125,0,,0,0,0,1,0,0,0,3,0,0,1,1,0,60.0,0,0,0,0
2,SCFG,181.6865234375,0,,0,0,0,1,0,0,0,3,0,0,1,1,0,60.0,0,0,0,0
2,SCFG,187.73046875,0,,0,0,0,1,0,0,0,3,0,0,1,0,0,60.0,0,0,0,0
2,SCFG,194.7255859375,0,,0,0,0,1,0,0,0,3,0,0,1,0,0,60.0,0,0,0,0
2,SCFG,201.5869140625,0,,0,0,0,1,0,0,0,3,0,0,1,0,0,60.0,0,0,0,0
2,SCFG,208.064453125,0,,1,0,0,1,0,0,0,3,0,0,1,1,0,60.0,0,0,0,0
2,SCFG,215.0927734375,0,,0,0,0,1,0,0,0,3,0,0,1,1,0,60.0,0,0,0,0
2,SCFG,222.0712890625,0,,0,0,0,1,0,0,0,3,0,0,2,1,0,60.0,0,0,0,0
2,SCFG,227.98046875,0,,0,0,0,1,0,0,0,3,0,0,1,0,0,60.0,0,0,0,0
2,SCFG,233.8740234375,0,,0,0,0,1,0,0,0,3,1,0,1,0,0,60.0,0,0,0,0
2,SCFG,240.619140625,0,,1,0,0,1,0,0,0,3,1,0,1,0,0,60.0,0,1,0,0
2,SCFG,246.328125,0,,0,0,0,1,0,0,0,3,1,0,1,0,0,60.0,0,0,0,0
2,SCFG,251.453125,0,,0,0,0,1,0,0,0,3,0,0,1,0,0,60.0,0,0,0,0
2,SCFG,257.11328125,0,,0,0,0,1,0,0,0,3,0,0,1,1,0,60.0,0,0,0,0
2,SCFG,262.572265625,0,,0,0,0,1,0,0,0,3,0,0,1,1,0,60.0,0,0,0,0
2,SCFG,269.5341796875,0,,1,0,0,1,0,0,0,3,0,0,1,1,0,60.0,0,0,0,0
2,SCFG,275.04296875,0,,0,0,0,1,0,0,2,3,1,0,1,0,0,4.7412109375,0,0,0,0
2,SCFG,280.3017578125,0,,0,0,0,1,0,0,2,3,1,0,0,0,0,10.0,0,0,0,0
2,SCFG,285.828125,0,,0,0,0,1,0,0,2,3,1,0,1,1,0,15.5263671875,0,0,0,0
2,SCFG,291.6044921875,0,,0,0,0,1,0,0,0,3,0,0,1,1,0,21.302734375,0,0,0,0
2,SCFG,296.662109375,0,,0,0,0,1,0,0,0,3,0,0,1,1,0,26.3603515625,0,0,0,0
2,SCFG,302.4052734375,0,,0,0,0,1,0,0,0,3,0,0,1,0,0,32.103515625,0,0,0,0
2,SCFG,307.6640625,0,,0,0,0,1,0,0,0,3,0,0,1,0,0,37.3623046875,0,0,0,0
2,SCFG,314.609375,0,,1,0,0,1,0,0,0,3,0,0,1,0,0,44.3076171875,0,0,0,0
2,SCFG,321.0869140625,0,,0,0,0,1,0,0,0,3,0,0,1,0,0,50.78515625,0,0,0,0
2,SCFG,326.7626953125,0,,0,0,0,1,0,0,0,3,0,0,1,0,0,56.4609375,0,0,0,0
2,SCFG,332.806640625,0,,0,0,0,1,0,0,0,3,0,0,1,0,0,60.0,0,0,0,0
2,SCFG,338.75,0,,0,0,0,1,0,0,0,3,0,0,2,1,0,60.0,0,0,0,0
2,SCFG,345.7275390625,0,,0,0,0,1,0,0,0,3,0,0,1,1,0,60.0,0,0,0,0
2,SCFG,352.0888671875,0,,0,0,0,1,0,0,0,3,2,0,1,1,0,60.0,0,0,0,0
2,SCFG,357.83203125,0,,0,0,0,1,0,0,0,3,2,0,1,0,0,60.0,0,0,0,0
2,SCFG,363.3076171875,0,,0,0,0,1,0,0,0,3,2,0,1,1,0,60.0,0,0,0,0
2,SCFG,369.9013671875,0,,0,0,0,1,0,0,0,3,2,0,1,1,0,60.0,0,0,0,0
2,SCFG,376.8798828125,0,,0,0,0,1,0,0,0,3,1,0,1,1,0,60.0,0,0,0,0
2,SCFG,382.322265625,0,,0,0,0,1,0,0,0,3,1,0,1,0,0,60.0,0,0,0,0
2,SCFG,388.8671875,0,,0,0,0,1,0,0,0,3,1,0,1,0,0,60.0,0,0,0,0
2,SCFG,395.27734375,0,,0,0,0,1,0,0,0,3,1,0,1,0,0,60.0,0,0,0,0
2,SCFG,402.0224609375,0,,0,0,0,1,0,0,0,3,1,0,0,0,0,60.0,0,0,0,0
2,SCFG,408.3662109375,0,,0,0,0,1,0,0,0,3,0,0,0,0,0,60.0,0,0,0,0
2,SCFG,415.294921875,0,,0,0,0,1,0,0,0,3,0,0,0,0,0,60.0,0,0,0,0
2,SCFG,420.9541015625,0,,0,0,0,1,0,0,0,3,0,0,0,0,0,60.0,0,0,0,0
2,SCFG,426.12890625,0,,1,0,0,1,0,0,0,3,0,0,0,0,0,60.0,0,0,0,0
2,SCFG,432.22265625,0,,0,0,0,1,0,0,0,3,0,0,0,0,0,60.0,0,0,0,0
2,SCFG,438.7001953125,0,,1,0,0,1,0,0,0,3,2,0,0,0,0,60.0,0,2,0,0
2,SCFG,445.078125,0,,0,0,0,1,0,0,0,3,2,0,0,0,0,60.0,0,0,0,0
2,SCFG,450.419921875,0,,0,0,0,1,0,0,0,3,2,0,0,0,0,60.0,0,0,0,0
2,SCFG,455.8125,0,,0,0,0,1,0,0,0,3,0,0,0,0,0,60.0,0,0,0,0
2,SCFG,461.455078125,0,,0,0,0,1,0,0,0,3,0,0,0,0,0,60.0,0,0,0,0
2,SCFG,466.5634765625,0,,0,0,0,1,0,0,0,3,0,0,1,0,0,60.0,0,0,0,0
2,SCFG,471.755859375,0,,1,0,0,1,0,0,0,3,0,0,1,0,0,60.0,0,0,0,0
2,SCFG,477.4990234375,0,,0,0,0,1,0,0,0,3,0,0,1,0,0,60.0,0,0,0,0
2,SCFG,484.259765625,0,,0,0,0,1,0,0,0,3,0,0,1,0,0,60.0,0,0,0,0
2,SCFG,490.470703125,0,,0,0,0,1,0,0,0,3,0,0,1,0,0,60.0,0,0,0,0
2,SCFG,496.396484375,0,,0,0,0,1,0,0,0,3,0,0,1,0,0,60.0,0,0,0,0
2,SCFG,502.0732421875,0,,0,0,0,1,0,0,0,3,0,0,1,0,0,60.0,0,0,0,0
2,SCFG,508.8173828125,0,,0,0,0,1,0,0,0,3,0,0,1,0,0,60.0,0,0,0,0
2,SCFG,514.8447265625,0,,0,0,0,1,0,0,0,3,0,0,1,0,0,60.0,0,0,0,0
2,SCFG,521.171875,0,,0,0,0,1,0,0,0,3,0,1,1,0,0,60.0,0,0,0,0
2,SCFG,527.3154296875,0,,0,0,0,1,0,0,0,3,0,2,1,0,0,60.0,0,0,0,0
2,SCFG,533.759765625,0,,0,0,0,1,0,0,0,3,0,2,1,0,0,60.0,0,0,0,0
2,SCFG,540.62109375,0,,0,0,0,1,0,0,0,3,0,1,1,0,0,60.0,0,0,0,0
2,SCFG,546.8818359375,0,,0,0,0,1,0,0,0,3,0,0,1,0,0,60.0,0,0,0,0
2,SCFG,553.158203125,0,,0,0,0,1,0,0,0,3,0,0,1,0,0,60.0,0,0,0,0
2,SCFG,558.517578125,0,,0,0,0,1,0,0,0,3,0,0,1,0,0,60.0,0,0,0,0
2,SCFG,564.2099609375,0,,0,0,0,1,0,0,0,3,0,0,1,0,0,60.0,0,0,0,0
2,SCFG,570.2705078125,0,,0,0,0,1,0,0,0,3,0,0,1,0,0,60.0,0,0,0,0
2,SCFG,576.630859375,0,,0,0,0,1,0,0,0,3,0,0,1,0,0,60.0,0,0,0,0
2,SCFG,581.7568359375,0,,0,0,0,1,0,0,0,3,0,0,1,0,0,60.0,0,0,0,0
2,SCFG,588.4677734375,0,,0,0,0,1,0,0,0,3,0,1,1,0,0,60.0,0,0,0,0
2,SCFG,593.609375,0,,0,0,0,1,0,0,0,3,1,3,1,0,0,60.0,0,0,0,0
2,SCFG,598.7177734375,0,,0,0,0,1,0,0,0,3,2,4,1,0,0,60.0,0,0,0,0
2,SCFG,605.0791015625,0,,0,0,0,1,0,0,0,3,2,4,1,0,0,60.0,0,0,0,0
2,SCFG,611.7236328125,0,,0,0,0,1,0,0,0,3,1,2,1,0,0,60.0,0,0,0,0
2,SCFG,618.1845703125,0,,0,0,0,1,0,0,0,3,0,0,1,0,0,60.0,0,0,0,0
2,SCFG,624.51171875,0,,0,0,0,1,0,0,0,3,0,0,1,0,0,60.0,0,0,0,0
2,SCFG,630.5380859375,0,,0,0,0,1,0,0,0,3,0,2,1,0,0,60.0,0,0,0,0
2,SCFG,636.4150390625,0,,0,0,0,1,0,0,0,3,0,2,1,0,0,60.0,0,0,0,0
2,SCFG,642.5244140625,0,,0,0,0,1,0,0,0,3,1,2,0,0,0,60.0,0,0,0,0
2,SCFG,648.234375,0,,0,0,0,1,0,0,0,3,1,2,0,0,0,60.0,0,0,0,0
2,SCFG,654.8291015625,0,,0,0,0,1,0,0,0,3,1,1,0,0,0,60.0,0,0,0,0
2,SCFG,661.1064453125,0,,1,0,0,1,0,0,0,3,0,1,0,0,0,60.0,0,1,0,0
2,SCFG,668.1181640625,0,,0,0,0,1,0,0,2,3,0,0,0,0,0,6.427734375,0,0,0,0
2,SCFG,673.2099609375,0,,0,0,0,1,0,0,2,3,0,0,0,0,0,11.51953125,0,0,0,0
2,SCFG,678.568359375,0,,1,0,0,1,0,0,2,3,0,0,0,0,0,16.8779296875,2,0,0,0
2,SCFG,685.5634765625,0,,0,0,0,1,0,0,2,3,0,0,0,0,0,6.376953125,0,0,0,0
2,SCFG,691.0556640625,0,,1,0,0,1,0,0,2,3,1,0,0,0,0,11.869140625,2,1,0,0
2,SCFG,697.8671875,0,,0,0,0,1,0,0,2,3,3,0,0,0,1,18.6806640625,0,0,0,0
2,SCFG,703.5439453125,0,,0,0,0,1,0,0,0,3,3,0,0,0,1,24.357421875,0,0,0,0
2,SCFG,710.388671875,0,,0,0,0,1,0,0,0,3,2,0,0,0,1,31.2021484375,0,0,0,0
2,SCFG,716.431640625,0,,0,0,0,1,0,0,0,3,1,0,1,0,1,37.2451171875,0,0,0,0
2,SCFG,721.9580078125,0,,0,0,0,1,0,0,0,3,1,0,1,0,1,42.771484375,0,0,0,0
2,SCFG,728.3681640625,0,,0,0,0,1,0,0,0,3,1,0,1,0,1,49.181640625,0,0,0,0
2,SCFG,734.962890625,0,,0,0,0,1,0,0,0,3,1,0,1,0,1,55.7763671875,0,0,0,0
2,SCFG,740.021484375,0,,0,0,0,1,0,0,0,3,0,0,1,0,1,60.0,0,0,0,0
2,SCFG,746.1982421875,0,,0,0,0,1,0,0,0,3,0,0,1,0,1,60.0,0,0,0,0
2,SCFG,751.390625,0,,0,0,0,1,0,0,0,3,0,0,1,0,1,60.0,0,0,0,0
2,SCFG,757.4169921875,0,,0,0,0,1,0,0,0,3,0,0,1,0,0,60.0,0,0,0,0
2,SCMM,47.9697265625,0,,0,0,0,0,0,1,0,0,0,1,0,0,0,60.0,0,0,0,0
2,SCMM,54.2138671875,0,,1,0,0,0,0,1,0,1,0,3,1,0,0,60.0,0,3,0,0
2,SCMM,60.4248046875,0,,1,0,0,0,0,1,2,2,1,5,1,0,0,5.626953125,2,6,0,0
2,SCMM,66.6181640625,0,,0,0,0,0,0,1,2,3,3,4,1,0,0,11.8203125,0,0,0,0
2,SCMM,72.845703125,0,,0,0,0,0,0,1,2,3,3,2,1,0,0,18.0478515625,0,0,0,0
2,SCMM,79.7236328125,0,,1,0,0,0,0,1,0,3,2,0,1,0,0,24.92578125,0,2,0,0
2,SCMM,86.568359375,0,,0,0,0,0,0,1,0,3,0,0,1,0,0,31.7705078125,0,0,0,0
2,SCMM,92.3115234375,0,,0,0,0,0,0,1,2,3,0,0,1,0,0,5.1083984375,0,0,0,0
2,SCMM,98.2880859375,0,,0,0,0,0,0,1,3,2,2,1,1,0,0,0.9677734375,0,0,0,0
2,SCMM,104.1982421875,0,,0,0,0,0,0,1,3,2,3,3,1,0,0,6.8779296875,0,0,0,0
2,SCMM,110.67578125,0,,0,0,0,0,0,1,1,2,5,5,1,0,0,13.35546875,0,0,0,0
2,SCMM,117.2705078125,0,,0,0,0,0,0,1,1,3,3,5,1,0,0,19.9501953125,0,0,0,0
2,SCMM,122.412109375,0,,0,0,0,0,0,1,0,3,3,3,1,0,0,25.091796875,0,0,0,0
2,SCMM,128.3720703125,0,,1,0,0,0,0,1,0,3,1,1,1,0,0,31.0517578125,0,2,0,0
2,SCMM,134.3994140625,0,,0,0,0,0,0,1,2,3,0,0,1,0,0,5.42578125,0,0,0,0
2,SCMM,141.2109375,0,,0,0,0,0,0,1,2,3,1,0,1,0,0,12.2373046875,0,0,0,0
2,SCMM,146.435546875,0,,0,0,0,0,0,1,2,3,1,0,1,0,0,17.4619140625,0,0,0,0
2,SCMM,152.86328125,0,,0,0,0,0,0,1,0,3,1,0,1,0,0,23.8896484375,0,0,0,0
2,SCMM,158.70703125,0,,1,0,0,0,0,1,0,3,1,0,1,0,0,29.7333984375,0,1,0,0
2,SCMM,164.1826171875,0,,1,0,0,0,0,1,2,3,2,0,1,0,0,4.9580078125,2,2,0,0
2,SCMM,169.5419921875,0,,1,0,0,0,0,1,2,3,2,0,1,0,0,10.3173828125,2,2,0,0
2,SCMM,175.751953125,0,,0,0,0,0,0,1,2,3,2,0,1,0,0,16.52734375,0,0,0,0
2,SCMM,181.912109375,0,,0,0,0,0,0,1,0,3,1,0,1,0,0,22.6875,0,0,0,0
2,SCMM,188.740234375,0,,0,0,0,0,0,1,0,3,0,0,1,0,0,29.515625,0,0,0,0
2,SCMM,195.4189453125,0,,0,0,0,0,0,1,0,3,0,0,1,0,0,36.1943359375,0,0,0,0
2,SCMM,200.4599609375,0,,0,0,0,0,0,1,0,3,0,2,1,0,0,41.2353515625,0,0,0,0
2,SCMM,206.8046875,0,,0,0,0,0,0,1,0,3,0,3,1,0,0,47.580078125,0,0,0,0
2,SCMM,212.263671875,0,,0,0,0,0,0,1,0,3,0,3,2,0,0,53.0390625,0,0,0,0
2,SCMM,218.4072265625,0,,0,0,0,0,0,1,0,3,0,2,1,0,0,59.1826171875,0,0,0,0
2,SCMM,225.1689453125,0,,1,0,0,0,0,1,0,3,2,0,1,0,0,60.0,0,2,0,0
2,SCMM,231.830078125,0,,0,0,0,0,0,1,2,3,2,0,1,0,0,5.9931640625,0,0,0,0
2,SCMM,237.0888671875,0,,1,0,0,0,0,1,2,3,2,0,1,0,0,11.251953125,2,2,0,0
2,SCMM,242.1474609375,0,,1,0,0,0,0,1,2,3,1,0,1,0,0,16.310546875,2,1,0,0
2,SCMM,247.6904296875,0,,0,0,0,0,0,1,2,3,2,0,1,0,0,4.8251953125,0,0,0,0
2,SCMM,253.9501953125,0,,1,0,0,0,0,1,2,3,2,0,1,0,0,11.0849609375,2,2,0,0
2,SCMM,260.9453125,0,,0,0,0,0,0,1,2,3,1,2,1,0,0,18.080078125,0,0,0,0
2,SCMM,267.4228515625,0,,0,0,0,0,0,1,0,3,0,2,1,0,0,24.5576171875,0,0,0,0
2,SCMM,274.2685546875,0,,0,0,0,0,0,1,0,3,0,2,1,0,0,31.4033203125,0,0,0,0
2,SCMM,281.212890625,0,,0,0,0,0,0,1,0,3,0,0,1,0,0,38.34765625,0,0,0,0
2,SCMM,286.873046875,0,,0,0,0,0,0,1,0,3,0,0,1,0,0,44.0078125,0,0,0,0
2,SCMM,293.1328125,0,,0,0,0,0,0,1,0,3,0,0,1,0,0,50.267578125,0,0,0,0
2,SCMM,299.009765625,0,,1,0,0,0,0,1,0,3,0,0,1,0,0,56.14453125,0,0,0,0
2,SCMM,305.587890625,0,,0,0,0,0,0,1,0,3,0,0,1,0,0,60.0,0,0,0,0
2,SCMM,311.78125,0,,0,0,0,0,0,1,0,3,0,0,1,0,0,60.0,0,0,0,0
2,SCMM,317.4404296875,0,,0,0,0,0,0,1,0,3,2,0,1,0,0,60.0,0,0,0,0
2,SCMM,322.8837890625,0,,0,0,0,0,0,1,0,3,2,0,1,0,0,60.0,0,0,0,0
2,SCMM,328.7431640625,0,,0,0,0,0,0,1,0,3,2,0,1,0,0,60.0,0,0,0,0
2,SCMM,335.6552734375,0,,0,0,0,0,0,1,0,3,1,0,1,0,0,60.0,0,0,0,0
2,SCMM,342.2158203125,0,,0,0,0,0,0,1,0,3,0,0,1,0,0,60.0,0,0,0,0
2,SCMM,348.84375,0,,0,0,0,0,0,1,0,3,0,0,1,0,0,60.0,0,0,0,0
2,SCMM,354.8369140625,0,,0,0,0,0,0,1,0,3,0,0,1,0,0,60.0,0,0,0,0
2,SCMM,360.212890625,0,,0,0,0,0,0,1,0,3,0,0,1,0,0,60.0,0,0,0,0
2,SCMM,366.640625,0,,0,0,0,0,0,1,0,3,0,0,1,0,0,60.0,0,0,0,0
2,SCMM,373.1513671875,0,,1,0,0,0,0,1,0,3,0,0,1,0,0,60.0,0,0,0,0
2,SCMM,379.328125,0,,0,0,0,0,0,1,0,3,0,0,1,0,0,60.0,0,0,0,0
2,SCMM,385.23828125,0,,0,0,0,0,0,1,0,3,1,0,1,0,0,60.0,0,0,0,0
2,SCMM,391.33203125,0,,0,0,0,0,0,1,0,3,2,0,0,0,0,60.0,0,0,0,0
2,SCMM,397.05859375,0,,0,0,0,0,0,1,0,3,2,0,0,0,0,60.0,0,0,0,0
2,SCMM,402.451171875,0,,0,0,0,0,0,1,0,3,1,0,0,0,0,60.0,0,0,0,0
2,SCMM,407.9931640625,0,,0,0,0,0,0,1,0,3,0,0,0,0,0,60.0,0,0,0,0
2,SCMM,413.3359375,0,,0,0,0,0,0,1,0,3,0,0,0,0,0,60.0,0,0,0,0
2,SCMM,419.98046875,0,,0,0,0,0,0,1,0,3,0,0,0,0,0,60.0,0,0,0,0
2,SCMM,426.658203125,0,,0,0,0,0,0,1,0,3,1,0,0,0,0,60.0,0,0,0,0
2,SCMM,432.7021484375,0,,0,0,0,0,0,1,0,3,2,0,0,0,0,60.0,0,0,0,0
2,SCMM,439.4462890625,0,,0,0,0,0,0,1,0,3,2,0,0,0,0,60.0,0,0,0,0
2,SCMM,445.6904296875,0,,0,0,0,0,0,1,0,3,2,0,0,0,0,60.0,0,0,0,0
2,SCMM,450.916015625,0,,0,0,0,0,0,1,0,3,0,0,0,0,0,60.0,0,0,0,0
2,SCMM,456.2919921875,0,,0,0,0,0,0,1,0,3,0,0,0,0,0,60.0,0,0,0,0
2,SCMM,462.017578125,0,,0,0,0,0,0,1,0,3,0,0,1,0,0,60.0,0,0,0,0
2,SCMM,467.7607421875,0,,0,0,0,0,0,1,0,3,0,0,1,0,0,60.0,0,0,0,0
2,SCMM,473.38671875,0,,0,0,0,0,0,1,0,3,0,0,1,0,0,60.0,0,0,0,0
2,SCMM,478.62890625,0,,0,0,0,0,0,1,0,3,0,0,1,0,0,60.0,0,0,0,0
2,SCMM,483.87109375,0,,0,0,0,0,0,1,0,3,0,0,1,0,0,60.0,0,0,0,0
2,SCMM,488.962890625,0,,0,0,0,0,0,1,0,3,1,0,1,0,0,60.0,0,0,0,0
2,SCMM,494.138671875,0,,0,0,0,0,0,1,0,3,1,0,1,0,0,60.0,0,0,0,0
2,SCMM,499.2470703125,0,,0,0,0,0,0,1,0,3,1,0,1,0,0,60.0,0,0,0,0
2,SCMM,505.140625,0,,0,0,0,0,0,1,0,3,1,0,1,0,0,60.0,0,0,0,0
2,SCMM,511.96875,0,,1,0,0,0,0,1,0,3,0,0,1,0,0,60.0,0,0,0,0
2,SCMM,517.662109375,0,,0,0,0,0,0,1,2,3,0,0,1,0,0,5.1923828125,0,0,0,0
2,SCMM,524.2060546875,0,,0,0,0,0,0,1,2,3,0,2,1,0,0,11.736328125,0,0,0,0
2,SCMM,529.5654296875,0,,0,0,0,0,0,1,2,3,0,4,1,0,0,17.095703125,0,0,0,0
2,SCMM,534.8408203125,0,,0,0,0,0,0,1,0,3,0,4,2,0,0,22.37109375,0,0,0,0
2,SCMM,541.501953125,0,,0,0,0,0,0,1,0,3,0,3,1,0,0,29.0322265625,0,0,0,0
2,SCMM,546.6103515625,0,,0,0,0,0,0,1,0,3,0,1,1,0,0,34.140625,0,0,0,0
2,SCMM,553.1044921875,0,,0,0,0,0,0,1,0,3,0,0,1,0,0,40.634765625,0,0,0,0
2,SCMM,558.2470703125,0,,1,0,0,0,0,1,0,3,0,0,1,0,0,45.77734375,0,0,0,0
2,SCMM,564.2900390625,0,,1,0,0,0,0,1,2,3,2,0,1,0,0,5.458984375,2,2,0,0
2,SCMM,569.5654296875,0,,0,0,0,0,0,1,2,3,4,0,1,0,0,10.734375,0,0,0,0
2,SCMM,576.009765625,0,,0,0,0,0,0,1,2,3,4,0,1,0,0,17.1787109375,0,0,0,0
2,SCMM,581.986328125,0,,1,0,0,0,0,1,0,3,2,0,1,0,0,23.1552734375,0,2,0,0
2,SCMM,588.9482421875,0,,0,0,0,0,0,1,2,3,0,0,1,0,0,6.2431640625,0,0,0,0
2,SCMM,594.591796875,0,,0,0,0,0,0,1,2,3,0,0,1,0,0,11.88671875,0,0,0,0
2,SCMM,601.0859375,0,,0,0,0,0,0,1,2,3,0,1,1,0,0,18.380859375,0,0,0,0
2,SCMM,607.4462890625,0,,0,0,0,0,0,1,0,3,0,2,1,0,0,24.7412109375,0,0,0,0
2,SCMM,613.0224609375,0,,0,0,0,0,0,1,0,3,0,2,1,0,0,30.3173828125,0,0,0,0
2,SCMM,619.31640625,0,,0,0,0,0,0,1,0,3,0,1,1,0,0,36.611328125,0,0,0,0
2,SCMM,624.892578125,0,,0,0,0,0,0,1,0,3,2,0,1,0,0,42.1875,0,0,0,0
2,SCMM,631.75390625,0,,0,0,0,0,0,1,0,3,2,0,1,0,0,49.048828125,0,0,0,0
2,SCMM,636.8955078125,0,,0,0,0,0,0,1,0,3,3,0,0,0,0,54.1904296875,0,0,0,0
2,SCMM,642.5556640625,0,,1,0,0,0,0,1,0,3,2,0,0,0,0,59.8505859375,0,2,0,0
2,SCMM,649.43359375,0,,0,0,0,0,0,1,0,3,1,0,0,0,0,60.0,0,0,0,0
2,SCMM,656.0947265625,0,,0,0,0,0,0,1,0,3,0,0,0,0,0,60.0,0,0,0,0
2,SCMM,661.13671875,0,,0,0,0,0,0,1,0,3,0,0,0,0,0,60.0,0,0,0,0
2,SCMM,666.5458984375,0,,0,0,0,0,0,1,0,3,0,0,0,0,0,60.0,0,0,0,0
2,SCMM,672.171875,0,,0,0,0,0,0,1,0,3,0,0,0,0,0,60.0,0,0,0,0
2,SCMM,678.783203125,0,,0,0,0,0,0,1,0,3,0,0,0,0,0,60.0,0,0,0,0
2,SCMM,683.9921875,0,,0,0,0,0,0,1,0,3,0,0,0,0,0,60.0,0,0,0,0
2,SCMM,690.0693359375,0,,0,0,0,0,0,1,0,3,0,0,0,0,0,60.0,0,0,0,0
2,SCMM,695.4609375,0,,0,0,0,0,0,1,0,3,0,0,0,0,0,60.0,0,0,0,0
2,SCMM,702.2890625,0,,0,0,0,0,0,1,0,3,1,0,0,0,0,60.0,0,0,0,0
2,SCMM,708.349609375,0,,0,0,0,0,0,1,0,3,1,0,1,0,0,60.0,0,0,0,0
2,SCMM,714.0263671875,0,,1,0,0,0,0,1,0,3,1,0,1,0,0,60.0,0,1,0,0
2,SCMM,720.6201171875,0,,0,0,0,0,0,1,2,3,1,0,1,0,0,5.9599609375,0,0,0,0
2,SCMM,726.0966796875,0,,0,0,0,0,0,1,2,3,0,0,1,0,0,11.4365234375,0,0,0,0
2,SCMM,731.2548828125,0,,0,0,0,0,0,1,2,3,0,2,1,0,0,16.5947265625,0,0,0,0
2,SCMM,738.2666015625,0,,0,0,0,0,0,1,0,3,0,4,1,0,0,23.6064453125,0,0,0,0
2,SCMM,743.7431640625,0,,1,0,0,0,0,1,0,3,1,4,2,0,0,29.0830078125,0,5,0,0
2,SCSB,29.2265625,0,,1,0,1,0,1,0,0,0,0,1,0,0,0,60.0,0,1,0,1
2,SCSB,35.5869140625,0,,0,0,1,0,1,0,2,1,0,2,0,0,0,5.275390625,0,0,2,2
2,SCSB,42.1982421875,0,,0,0,1,0,1,0,2,2,0,3,1,1,0,11.88671875,0,0,2,3
2,SCSB,48.2578125,0,,0,0,1,0,1,0,2,3,2,4,1,2,0,17.9462890625,0,0,2,6
2,SCSB,53.9345703125,0,,0,0,1,0,1,0,0,3,3,3,1,2,0,23.623046875,0,0,0,6
2,SCSB,60.02734375,0,,0,0,1,0,1,0,0,3,3,1,1,3,0,29.7158203125,0,0,0,4
2,SCSB,65.236328125,0,,0,0,1,0,1,0,0,3,2,0,1,1,0,34.9248046875,0,0,0,2
2,SCSB,70.99609375,0,,0,0,1,0,1,0,0,3,0,0,1,1,0,40.6845703125,0,0,0,0
2,SCSB,78.0078125,0,,0,0,1,0,1,0,0,3,0,0,1,1,0,47.6962890625,0,0,0,0
2,SCSB,83.8173828125,0,,0,0,1,0,1,0,0,3,0,1,1,1,0,53.505859375,0,0,0,1
2,SCSB,90.728515625,0,,0,0,1,0,1,0,0,3,0,1,1,1,0,60.0,0,0,0,1
2,SCSB,97.5234375,0,,0,0,1,0,1,0,0,3,0,1,1,1,0,60.0,0,0,0,1
2,SCSB,102.6484375,0,,0,0,1,0,1,0,0,3,0,0,1,0,0,60.0,0,0,0,0
2,SCSB,108.0400390625,0,,0,0,1,0,1,0,0,3,0,0,1,0,0,60.0,0,0,0,0
2,SCSB,113.3330078125,0,,0,0,1,0,1,0,0,3,0,0,1,0,0,60.0,0,0,0,0
2,SCSB,118.6416015625,0,,0,0,1,0,1,0,0,3,0,0,1,0,0,60.0,0,0,0,0
2,SCSB,124.91796875,0,,0,0,1,0,1,0,0,3,1,0,1,1,0,60.0,0,0,0,1
2,SCSB,131.646484375,0,,0,0,1,0,1,0,0,3,1,0,1,1,0,60.0,0,0,0,1
2,SCSB,137.10546875,0,,1,0,1,0,1,0,0,3,1,0,1,1,0,60.0,0,1,0,1
2,SCSB,142.1806640625,0,,0,0,1,0,1,0,2,3,1,1,1,1,0,4.390625,0,0,2,2
2,SCSB,148.5908203125,0,,0,0,1,0,1,0,2,3,0,3,1,1,0,10.80078125,0,0,2,3
2,SCSB,154.1171875,0,,0,0,1,0,1,0,2,3,2,3,2,1,0,16.3271484375,0,0,2,5
2,SCSB,160.744140625,0,,1,0,1,0,1,0,0,3,2,3,1,1,0,22.9541015625,0,5,0,5
2,SCSB,166.6708984375,0,,0,0,1,0,1,0,2,3,3,1,1,1,0,5.2919921875,0,0,2,4
2,SCSB,172.5634765625,0,,0,0,1,0,1,0,2,3,1,0,1,1,0,11.1845703125,0,0,2,1
2,SCSB,179.3251953125,0,,0,0,1,0,1,0,2,3,1,0,1,1,0,17.9462890625,0,0,2,1
2,SCSB,185.4521484375,0,,1,0,1,0,1,0,0,3,1,0,1,0,0,24.0732421875,0,1,0,1
2,SCSB,191.1611328125,0,,0,0,1,0,1,0,0,3,1,0,1,0,0,29.7822265625,0,0,0,1
2,SCSB,198.0556640625,0,,0,0,1,0,1,0,0,3,1,0,1,0,0,36.6767578125,0,0,0,1
2,SCSB,203.615234375,0,,0,0,1,0,1,0,0,3,0,0,1,0,0,42.236328125,0,0,0,0
2,SCSB,210.2265625,0,,0,0,1,0,1,0,0,3,1,0,1,0,0,48.84765625,0,0,0,1
2,SCSB,215.4345703125,0,,0,0,1,0,1,0,0,3,1,0,1,0,0,54.0556640625,0,0,0,1
2,SCSB,221.0107421875,0,,0,0,1,0,1,0,0,3,2,0,1,0,0,59.6318359375,0,0,0,2
2,SCSB,226.9873046875,0,,0,0,1,0,1,0,0,3,2,0,1,0,0,60.0,0,0,0,2
2,SCSB,233.314453125,0,,1,0,1,0,1,0,0,3,2,0,1,0,0,60.0,0,2,0,2
2,SCSB,239.1572265625,0,,0,0,1,0,1,0,2,3,2,0,1,1,0,5.2421875,0,0,2,2
2,SCSB,245.1669921875,0,,0,0,1,0,1,0,2,3,0,2,1,1,0,11.251953125,0,0,2,2
2,SCSB,251.27734375,0,,0,0,1,0,1,0,2,3,0,3,1,3,0,17.3623046875,0,0,2,3
2,SCSB,257.470703125,0,,0,0,1,0,1,0,0,3,0,3,1,3,0,23.5556640625,0,0,0,3
2,SCSB,263.6484375,0,,1,0,1,0,1,0,0,3,1,1,1,3,0,29.7333984375,0,2,0,2
2,SCSB,269.607421875,0,,0,0,1,0,1,0,2,3,1,1,1,2,0,5.2080078125,0,0,2,2
2,SCSB,276.5361328125,0,,0,0,1,0,1,0,2,3,1,0,1,0,0,12.13671875,0,0,2,1
2,SCSB,281.978515625,0,,0,0,1,0,1,0,2,3,1,0,1,0,0,17.5791015625,0,0,2,1
2,SCSB,288.0712890625,0,,0,0,1,0,1,0,0,3,1,0,1,0,0,23.671875,0,0,0,1
2,SCSB,293.4638671875,0,,0,0,1,0,1,0,0,3,1,0,0,0,0,29.064453125,0,0,0,1
2,SCSB,299.4072265625,0,,1,0,1,0,1,0,0,3,1,1,1,1,0,35.0078125,0,2,0,2
2,SCSB,305.3505859375,0,,0,0,1,0,1,0,2,3,0,3,1,1,0,5.275390625,0,0,2,3
2,SCSB,310.9091796875,0,,0,0,1,0,1,0,2,3,0,3,1,1,0,10.833984375,0,0,2,3
2,SCSB,317.287109375,0,,1,0,1,0,1,0,2,3,0,3,1,2,0,17.2119140625,2,3,2,3
2,SCSB,324.09765625,0,,0,0,1,0,1,0,2,3,1,1,1,1,0,6.1435546875,0,0,2,2
2,SCSB,330.341796875,0,,0,0,1,0,1,0,2,3,1,0,1,1,0,12.3876953125,0,0,2,1
2,SCSB,336.318359375,0,,1,0,1,0,1,0,2,3,1,0,1,1,0,18.3642578125,2,1,2,1
2,SCSB,342.478515625,0,,0,0,1,0,1,0,0,3,0,2,1,1,0,24.5244140625,0,0,0,2
2,SCSB,349.15625,0,,0,0,1,0,1,0,0,3,2,3,1,1,0,31.2021484375,0,0,0,5
2,SCSB,354.8154296875,0,,0,0,1,0,1,0,0,3,2,3,1,0,0,36.861328125,0,0,0,5
2,SCSB,360.2412109375,0,,0,0,1,0,1,0,0,3,3,1,1,0,0,42.287109375,0,0,0,4
2,SCSB,367.1689453125,0,,0,0,1,0,1,0,0,3,2,0,1,0,0,49.21484375,0,0,0,2
2,SCSB,372.912109375,0,,0,0,1,0,1,0,0,3,2,0,0,0,0,54.9580078125,0,0,0,2
2,SCSB,379.6904296875,0,,1,0,1,0,1,0,0,3,2,0,0,0,0,60.0,0,2,0,2
2,SCSB,386.201171875,0,,0,0,1,0,1,0,0,3,0,0,0,0,0,60.0,0,0,0,0
2,SCSB,392.5947265625,0,,0,0,1,0,1,0,0,3,0,0,0,0,0,60.0,0,0,0,0
2,SCSB,398.521484375,0,,0,0,1,0,1,0,0,3,0,0,0,0,0,60.0,0,0,0,0
2,SCSB,405.115234375,0,,0,0,1,0,1,0,0,3,0,0,0,0,0,60.0,0,0,0,0
2,SCSB,411.943359375,0,,0,0,1,0,1,0,0,3,2,0,0,0,0,60.0,0,0,0,2
2,SCSB,418.0537109375,0,,1,0,1,0,1,0,0,3,2,0,0,0,0,60.0,0,2,0,2
2,SCSB,424.046875,0,,0,0,1,0,1,0,2,3,2,0,0,0,0,5.275390625,0,0,2,2
2,SCSB,429.8896484375,0,,0,0,1,0,1,0,2,3,0,0,0,0,0,11.1181640625,0,0,2,0
2,SCSB,436.9013671875,0,,0,0,1,0,1,0,2,3,0,0,0,0,0,18.1298828125,0,0,2,0
2,SCSB,443.162109375,0,,0,0,1,0,1,0,0,3,0,0,1,1,0,24.390625,0,0,0,0
2,SCSB,448.3037109375,0,,0,0,1,0,1,0,0,3,1,0,1,1,0,29.5322265625,0,0,0,1
2,SCSB,453.9130859375,0,,0,0,1,0,1,0,0,3,1,0,1,1,0,35.1416015625,0,0,0,1
2,SCSB,459.2216796875,0,,0,0,1,0,1,0,0,3,1,0,1,1,0,40.4501953125,0,0,0,1
2,SCSB,464.5634765625,0,,0,0,1,0,1,0,0,3,0,0,1,0,0,45.7919921875,0,0,0,0
2,SCSB,470.2900390625,0,,0,0,1,0,1,0,0,3,0,0,1,0,0,51.5185546875,0,0,0,0
2,SCSB,475.9326171875,0,,0,0,1,0,1,0,0,3,0,0,1,0,0,57.1611328125,0,0,0,0
2,SCSB,481.7255859375,0,,0,0,1,0,1,0,0,3,0,0,1,0,0,60.0,0,0,0,0
2,SCSB,488.4365234375,0,,0,0,1,0,1,0,0,3,0,0,1,0,0,60.0,0,0,0,0
2,SCSB,495.365234375,0,,0,0,1,0,1,0,0,3,0,0,1,0,0,60.0,0,0,0,0
2,SCSB,500.58984375,0,,0,0,1,0,1,0,0,3,0,0,1,1,0,60.0,0,0,0,0
2,SCSB,505.681640625,0,,1,0,1,0,1,0,0,3,0,1,1,1,0,60.0,0,1,0,1
2,SCSB,511.041015625,0,,0,0,1,0,1,0,2,3,0,1,1,1,0,4.7578125,0,0,2,1
2,SCSB,517.6181640625,0,,1,0,1,0,1,0,2,3,0,1,2,1,0,11.3349609375,2,1,2,1
2,SCSB,524.5966796875,0,,1,0,1,0,1,0,4,3,0,0,1,0,0,6.244140625,4,0,4,0
2,SCSB,529.6552734375,0,,0,0,1,0,1,0,2,3,0,0,1,0,0,11.302734375,0,0,2,0
2,SCSB,535.8984375,0,,0,0,1,0,1,0,2,3,0,0,1,0,0,17.5458984375,0,0,2,0
2,SCSB,541.908203125,0,,0,0,1,0,1,0,0,3,1,0,1,0,0,23.5556640625,0,0,0,1
2,SCSB,547.6845703125,0,,0,0,1,0,1,0,0,3,2,0,1,0,0,29.33203125,0,0,0,2
2,SCSB,553.39453125,0,,1,0,1,0,1,0,0,3,2,0,1,0,0,35.0419921875,0,2,0,2
2,SCSB,560.4228515625,0,,0,0,1,0,1,0,0,3,1,0,1,0,0,42.0703125,0,0,0,1
2,SCSB,566.115234375,0,,0,0,1,0,1,0,0,3,0,0,1,0,0,47.7626953125,0,0,0,0
2,SCSB,572.943359375,0,,0,0,1,0,1,0,0,3,0,0,1,0,0,54.5908203125,0,0,0,0
2,SCSB,579.037109375,0,,0,0,1,0,1,0,0,3,0,0,1,0,0,60.0,0,0,0,0
2,SCSB,585.1796875,0,,0,0,1,0,1,0,0,3,0,0,1,0,0,60.0,0,0,0,0
2,SCSB,591.974609375,0,,0,0,1,0,1,0,0,3,0,0,1,0,0,60.0,0,0,0,0
2,SCSB,598.552734375,0,,0,0,1,0,1,0,0,3,0,0,1,1,0,60.0,0,0,0,0
2,SCSB,604.2783203125,0,,0,0,1,0,1,0,0,3,0,1,1,2,0,60.0,0,0,0,1
2,SCSB,609.3203125,0,,0,0,1,0,1,0,0,3,0,1,1,2,0,60.0,0,0,0,1
2,SCSB,614.779296875,0,,0,0,1,0,1,0,0,3,0,1,1,1,0,60.0,0,0,0,1
2,SCSB,620.6552734375,0,,0,0,1,0,1,0,0,3,0,0,1,0,0,60.0,0,0,0,0
2,SCSB,626.33203125,0,,0,0,1,0,1,0,0,3,1,0,1,0,0,60.0,0,0,0,1
2,SCSB,632.107421875,0,,0,0,1,0,1,0,0,3,2,0,1,0,0,60.0,0,0,0,2
2,SCSB,638.28515625,0,,0,0,1,0,1,0,0,3,2,0,0,0,0,60.0,0,0,0,2
2,SCSB,644.39453125,0,,0,0,1,0,1,0,0,3,2,0,0,0,0,60.0,0,0,0,2
2,SCSB,650.521484375,0,,0,0,1,0,1,0,0,3,0,0,0,0,0,60.0,0,0,0,0
2,SCSB,656.83203125,0,,0,0,1,0,1,0,0,3,0,0,0,0,0,60.0,0,0,0,0
2,SCSB,663.6103515625,0,,1,0,1,0,1,0,0,3,0,0,0,0,0,60.0,0,0,0,0
2,SCSB,670.337890625,0,,0,0,1,0,1,0,0,3,0,0,0,0,0,60.0,0,0,0,0
2,SCSB,676.5478515625,0,,0,0,1,0,1,0,0,3,2,0,0,0,0,60.0,0,0,0,2
2,SCSB,682.32421875,0,,1,0,1,0,1,0,0,3,2,0,0,0,0,60.0,0,2,0,2
2,SCSB,687.8671875,0,,0,0,1,0,1,0,0,3,2,0,0,0,0,60.0,0,0,0,2
2,SCSB,694.6943359375,0,,0,0,1,0,1,0,0,3,2,0,0,0,0,60.0,0,0,0,2
2,SCSB,700.0869140625,0,,0,0,1,0,1,0,0,3,0,0,0,0,0,60.0,0,0,0,0
2,SCSB,706.3974609375,0,,1,0,1,0,1,0,0,3,0,0,0,0,0,60.0,0,0,0,0
2,SCSB,712.541015625,0,,0,0,1,0,1,0,2,3,0,0,1,0,0,5.4755859375,0,0,2,0
2,SCSB,718.2333984375,0,,1,0,1,0,1,0,2,3,2,0,1,0,0,11.16796875,2,2,2,2
2,SCSB,724.27734375,0,,0,0,1,0,1,0,2,3,2,0,1,0,0,17.2119140625,0,0,2,2
2,SCSB,729.435546875,0,,0,0,1,0,1,0,0,3,2,0,1,0,0,22.3701171875,0,0,0,2
2,SCSB,736.2138671875,0,,1,0,1,0,1,0,0,3,1,0,1,0,0,29.1484375,0,1,0,1
2,SCSB,742.8916015625,0,,1,0,1,0,1,0,0,3,0,0,1,0,0,35.826171875,0,0,0,0
2,SCSB,748.1669921875,0,,0,0,1,0,1,0,0,3,0,0,1,0,0,41.1015625,0,0,0,0
2,SCSG,36.27734375,0,,0,0,0,0,1,0,0,0,0,1,0,0,0,60.0,0,0,0,0
2,SCSG,42.087890625,0,,0,0,0,0,1,0,0,1,0,3,1,0,0,60.0,0,0,0,0
2,SCSG,49.0166015625,0,,0,0,0,0,1,0,0,2,1,3,1,1,0,60.0,0,0,0,0
2,SCSG,55.9951171875,0,,1,0,0,0,1,0,0,3,2,2,1,1,0,60.0,0,4,0,0
2,SCSG,62.5732421875,0,,0,0,0,0,1,0,0,3,2,0,1,1,0,60.0,0,0,0,0
2,SCSG,69.185546875,0,,0,0,0,0,1,0,0,3,1,0,1,2,0,60.0,0,0,0,0
2,SCSG,76.2138671875,0,,0,0,0,0,1,0,0,3,0,0,1,3,0,60.0,0,0,0,0
2,SCSG,83.0927734375,0,,1,0,0,0,1,0,0,3,0,0,1,2,0,60.0,0,0,0,0
2,SCSG,89.1865234375,0,,0,0,0,0,1,0,2,3,0,0,1,1,0,5.341796875,0,0,0,0
2,SCSG,96.015625,0,,1,0,0,0,1,0,2,3,0,0,1,0,0,12.1708984375,2,0,0,0
2,SCSG,101.775390625,0,,0,0,0,0,1,0,2,3,0,0,1,0,0,17.9306640625,0,0,0,0
2,SCSG,107.736328125,0,,0,0,0,0,1,0,1,3,0,2,1,0,0,3.5732421875,0,0,0,0
2,SCSG,113.7470703125,0,,0,0,0,0,1,0,1,3,0,4,1,0,0,9.583984375,0,0,0,0
2,SCSG,120.5087890625,0,,0,0,0,0,1,0,1,3,1,4,1,0,0,16.345703125,0,0,0,0
2,SCSG,127.4208984375,0,,1,0,0,0,1,0,0,3,2,2,1,1,0,23.2578125,0,4,0,0
2,SCSG,132.546875,0,,0,0,0,0,1,0,0,3,3,0,1,1,0,28.3837890625,0,0,0,0
2,SCSG,139.125,0,,0,0,0,0,1,0,0,3,2,0,1,1,0,34.9619140625,0,0,0,0
2,SCSG,144.8017578125,0,,0,0,0,0,1,0,0,3,2,0,1,0,0,40.638671875,0,0,0,0
2,SCSG,150.39453125,0,,0,0,0,0,1,0,0,3,2,0,1,0,0,46.2314453125,0,0,0,0
2,SCSG,155.75390625,0,,1,0,0,0,1,0,0,3,3,0,1,0,0,51.5908203125,0,3,0,0
2,SCSG,162.365234375,0,,0,0,0,0,1,0,0,3,3,0,1,0,0,58.2021484375,0,0,0,0
2,SCSG,168.208984375,0,,0,0,0,0,1,0,0,3,2,0,1,0,0,60.0,0,0,0,0
2,SCSG,174.6708984375,0,,0,0,0,0,1,0,0,3,1,0,1,0,0,60.0,0,0,0,0
2,SCSG,181.5830078125,0,,0,0,0,0,1,0,0,3,1,0,1,0,0,60.0,0,0,0,0
2,SCSG,188.2607421875,0,,0,0,0,0,1,0,0,3,0,0,1,0,0,60.0,0,0,0,0
2,SCSG,194.421875,0,,0,0,0,0,1,0,0,3,0,0,1,0,0,60.0,0,0,0,0
2,SCSG,201.267578125,0,,1,0,0,0,1,0,0,3,0,0,1,0,0,60.0,0,0,0,0
2,SCSG,207.978515625,0,,0,0,0,0,1,0,0,3,2,0,1,0,0,60.0,0,0,0,0
2,SCSG,213.4716796875,0,,0,0,0,0,1,0,0,3,2,0,1,0,0,60.0,0,0,0,0
2,SCSG,220.1171875,0,,1,0,0,0,1,0,0,3,2,0,1,0,0,60.0,0,2,0,0
2,SCSG,226.09375,0,,0,0,0,0,1,0,0,3,1,0,1,0,0,60.0,0,0,0,0
2,SCSG,231.3203125,0,,0,0,0,0,1,0,0,3,0,0,1,0,0,60.0,0,0,0,0
2,SCSG,236.478515625,0,,0,0,0,0,1,0,0,3,1,0,1,0,0,60.0,0,0,0,0
2,SCSG,243.20703125,0,,0,0,0,0,1,0,0,3,1,0,1,1,0,60.0,0,0,0,0
2,SCSG,248.466796875,0,,0,0,0,0,1,0,0,3,1,0,1,1,0,60.0,0,0,0,0
2,SCSG,253.943359375,0,,0,0,0,0,1,0,0,3,0,0,1,1,0,60.0,0,0,0,0
2,SCSG,259.6865234375,0,,0,0,0,0,1,0,0,3,0,0,1,2,0,60.0,0,0,0,0
2,SCSG,266.0478515625,0,,1,0,0,0,1,0,0,3,0,0,1,1,0,60.0,0,0,0,0
2,SCSG,272.5927734375,0,,0,0,0,0,1,0,0,3,0,0,1,1,0,60.0,0,0,0,0
2,SCSG,277.884765625,0,,0,0,0,0,1,0,0,3,0,0,1,0,0,60.0,0,0,0,0
2,SCSG,284.4130859375,0,,0,0,0,0,1,0,0,3,0,0,1,2,0,60.0,0,0,0,0
2,SCSG,291.19140625,0,,0,0,0,0,1,0,0,3,0,0,1,2,0,60.0,0,0,0,0
2,SCSG,296.66796875,0,,0,0,0,0,1,0,0,3,0,0,1,2,0,60.0,0,0,0,0
2,SCSG,302.7451171875,0,,0,0,0,0,1,0,0,3,0,0,1,1,0,60.0,0,0,0,0
2,SCSG,309.4072265625,0,,0,0,0,0,1,0,0,3,1,0,1,0,0,60.0,0,0,0,0
2,SCSG,315.6845703125,0,,0,0,0,0,1,0,0,3,1,0,1,0,0,60.0,0,0,0,0
2,SCSG,322.580078125,0,,0,0,0,0,1,0,0,3,1,0,1,0,0,60.0,0,0,0,0
2,SCSG,329.2080078125,0,,1,0,0,0,1,0,0,3,0,0,1,0,0,60.0,0,0,0,0
2,SCSG,335.736328125,0,,0,0,0,0,1,0,0,3,0,0,1,0,0,60.0,0,0,0,0
2,SCSG,341.2294921875,0,,0,0,0,0,1,0,2,3,1,0,1,0,0,4.908203125,0,0,0,0
2,SCSG,346.421875,0,,0,0,0,0,1,0,2,3,1,0,1,0,0,10.1005859375,0,0,0,0
2,SCSG,351.748046875,0,,0,0,0,0,1,0,2,3,1,0,1,0,0,15.4267578125,0,0,0,0
2,SCSG,358.2431640625,0,,0,0,0,0,1,0,0,3,1,0,1,0,0,21.921875,0,0,0,0
2,SCSG,364.01953125,0,,0,0,0,0,1,0,0,3,0,0,1,0,0,27.6982421875,0,0,0,0
2,SCSG,370.8486328125,0,,0,0,0,0,1,0,0,3,0,0,1,0,0,34.52734375,0,0,0,0
2,SCSG,376.55859375,0,,0,0,0,0,1,0,0,3,0,0,0,1,0,40.2373046875,0,0,0,0
2,SCSG,382.802734375,0,,0,0,0,0,1,0,0,3,0,0,0,2,0,46.4814453125,0,0,0,0
2,SCSG,387.8779296875,0,,0,0,0,0,1,0,0,3,0,0,0,2,0,51.556640625,0,0,0,0
2,SCSG,393.6220703125,0,,0,0,0,0,1,0,0,3,0,0,0,2,0,57.30078125,0,0,0,0
2,SCSG,399.849609375,0,,0,0,0,0,1,0,0,3,0,0,0,1,0,60.0,0,0,0,0
2,SCSG,405.5595703125,0,,0,0,0,0,1,0,0,3,0,0,0,0,0,60.0,0,0,0,0
2,SCSG,412.4375,0,,1,0,0,0,1,0,0,3,0,0,0,0,0,60.0,0,0,0,0
2,SCSG,419.43359375,0,,1,0,0,0,1,0,0,3,0,0,0,0,0,60.0,0,0,0,0
2,SCSG,424.7099609375,0,,0,0,0,0,1,0,0,3,1,0,0,0,0,60.0,0,0,0,0
2,SCSG,431.1708984375,0,,1,0,0,0,1,0,0,3,2,0,0,0,0,60.0,0,2,0,0
2,SCSG,437.8154296875,0,,0,0,0,0,1,0,0,3,2,0,0,0,0,60.0,0,0,0,0
2,SCSG,443.0419921875,0,,0,0,0,0,1,0,0,3,2,0,0,0,0,60.0,0,0,0,0
2,SCSG,449.6201171875,0,,0,0,0,0,1,0,0,3,0,0,1,0,0,60.0,0,0,0,0
2,SCSG,456.2978515625,0,,0,0,0,0,1,0,0,3,0,0,1,0,0,60.0,0,0,0,0
2,SCSG,461.6240234375,0,,0,0,0,0,1,0,0,3,1,0,1,0,0,60.0,0,0,0,0
2,SCSG,466.9833984375,0,,0,0,0,0,1,0,0,3,1,0,1,0,0,60.0,0,0,0,0
2,SCSG,472.84375,0,,0,0,0,0,1,0,0,3,1,0,1,1,0,60.0,0,0,0,0
2,SCSG,479.5556640625,0,,1,0,0,0,1,0,0,3,0,0,1,2,0,60.0,0,0,0,0
2,SCSG,486.017578125,0,,0,0,0,0,1,0,0,3,0,0,1,2,0,60.0,0,0,0,0
2,SCSG,492.177734375,0,,0,0,0,0,1,0,0,3,0,0,1,1,0,60.0,0,0,0,0
2,SCSG,497.955078125,0,,0,0,0,0,1,0,0,3,0,0,1,0,0,60.0,0,0,0,0
2,SCSG,503.982421875,0,,0,0,0,0,1,0,0,3,0,0,1,0,0,60.0,0,0,0,0
2,SCSG,510.1259765625,0,,1,0,0,0,1,0,0,3,0,0,1,0,0,60.0,0,0,0,0
2,SCSG,516.1201171875,0,,0,0,0,0,1,0,0,3,0,0,1,0,0,60.0,0,0,0,0
2,SCSG,522.23046875,0,,1,0,0,0,1,0,0,3,0,0,1,0,0,60.0,0,0,0,0
2,SCSG,529.0595703125,0,,0,0,0,0,1,0,0,3,0,0,1,0,0,60.0,0,0,0,0
2,SCSG,535.8544921875,0,,0,0,0,0,1,0,0,3,0,0,1,0,0,60.0,0,0,0,0
2,SCSG,541.3974609375,0,,0,0,0,0,1,0,0,3,0,0,1,0,0,60.0,0,0,0,0
2,SCSG,547.708984375,0,,0,0,0,0,1,0,0,3,0,0,1,0,0,60.0,0,0,0,0
2,SCSG,552.9345703125,0,,0,0,0,0,1,0,0,3,0,0,1,0,0,60.0,0,0,0,0
2,SCSG,558.5947265625,0,,0,0,0,0,1,0,0,3,0,0,1,0,0,60.0,0,0,0,0
2,SCSG,565.1064453125,0,,0,0,0,0,1,0,0,3,0,0,1,0,0,60.0,0,0,0,0
2,SCSG,570.431640625,0,,0,0,0,0,1,0,0,3,0,0,1,0,0,60.0,0,0,0,0
2,SCSG,577.2607421875,0,,0,0,0,0,1,0,0,3,0,0,1,0,0,60.0,0,0,0,0
2,SCSG,582.453125,0,,1,0,0,0,1,0,0,3,1,0,1,0,0,60.0,0,1,0,0
2,SCSG,587.9794921875,0,,0,0,0,0,1,0,2,3,3,0,1,0,0,4.875,0,0,0,0
2,SCSG,593.65625,0,,0,0,0,0,1,0,2,3,3,0,1,0,0,10.5517578125,0,0,0,0
2,SCSG,599.650390625,0,,0,0,0,0,1,0,2,3,2,0,1,0,0,16.5458984375,0,0,0,0
2,SCSG,605.744140625,0,,1,0,0,0,1,0,0,3,1,0,1,0,0,22.6396484375,0,1,0,0
2,SCSG,611.62109375,0,,0,0,0,0,1,0,2,3,0,0,1,0,0,5.2421875,0,0,0,0
2,SCSG,618.4326171875,0,,0,0,0,0,1,0,2,3,0,0,1,0,0,12.0537109375,0,0,0,0
2,SCSG,623.9423828125,0,,1,0,0,0,1,0,2,3,0,0,1,0,0,17.5634765625,2,0,0,0
2,SCSG,630.2373046875,0,,0,0,0,0,1,0,0,3,1,0,1,0,0,23.8583984375,0,0,0,0
2,SCSG,636.7490234375,0,,0,0,0,0,1,0,0,3,2,0,1,0,0,30.3701171875,0,0,0,0
2,SCSG,643.560546875,0,,0,0,0,0,1,0,0,3,2,0,0,0,0,37.181640625,0,0,0,0
2,SCSG,649.4873046875,0,,0,0,0,0,1,0,0,3,1,0,0,0,0,43.1083984375,0,0,0,0
2,SCSG,656.08203125,0,,0,0,0,0,1,0,0,3,0,0,0,0,0,49.703125,0,0,0,0
2,SCSG,662.9111328125,0,,0,0,0,0,1,0,0,3,0,0,0,0,0,56.5322265625,0,0,0,0
2,SCSG,668.287109375,0,,0,0,0,0,1,0,0,3,0,0,0,0,0,60.0,0,0,0,0
2,SCSG,673.646484375,0,,0,0,0,0,1,0,0,3,0,0,0,0,0,60.0,0,0,0,0
2,SCSG,679.82421875,0,,0,0,0,0,1,0,0,3,0,0,0,0,0,60.0,0,0,0,0
2,SCSG,686.5693359375,0,,0,0,0,0,1,0,0,3,0,0,0,0,0,60.0,0,0,0,0
2,SCSG,693.5986328125,0,,0,0,0,0,1,0,0,3,0,0,0,0,0,60.0,0,0,0,0
2,SCSG,700.41015625,0,,0,0,0,0,1,0,0,3,0,0,0,0,0,60.0,0,0,0,0
2,SCSG,707.2392578125,0,,0,0,0,0,1,0,0,3,0,0,0,0,0,60.0,0,0,0,0
2,SCSG,713.900390625,0,,0,0,0,0,1,0,0,3,1,0,1,1,0,60.0,0,0,0,0
2,SCSG,719.5771484375,0,,1,0,0,0,1,0,0,3,2,0,1,1,0,60.0,0,2,0,0
2,SCSG,725.6884765625,1,1.28515625,1,0,0,0,1,0,0,3,2,0,1,2,0,60.0,0,2,0,0
2,SCSG,730.763671875,0,,0,0,0,0,1,0,2,2,2,2,1,2,1,4.140625,0,0,0,0
2,SCSG,737.2421875,0,,0,0,0,0,1,0,2,2,0,2,1,1,1,10.619140625,0,0,0,0
2,SCSG,742.66796875,0,,0,0,0,0,1,0,2,2,1,2,1,1,1,16.044921875,0,0,0,0
2,SCSG,747.994140625,0,,0,0,0,0,1,0,0,3,1,1,1,0,1,21.37109375,0,0,0,0
2,SCSG,754.97265625,0,,0,0,0,0,1,0,0,3,1,0,1,0,1,28.349609375,0,0,0,0
3,SCFB,32.8125,0,,0,0,1,1,0,0,0,0,0,1,0,0,0,60.0,0,0,0,1
3,SCFB,39.3740234375,0,,0,0,1,1,0,0,0,1,0,1,1,0,0,60.0,0,0,0,1
3,SCFB,46.251953125,0,,0,0,1,1,0,0,0,2,0,0,1,1,0,60.0,0,0,0,0
3,SCFB,53.2294921875,0,,1,0,1,1,0,0,0,3,1,0,0,1,0,60.0,0,1,0,1
3,SCFB,58.8720703125,0,,0,0,1,1,0,0,0,3,1,0,1,1,0,60.0,0,0,0,1
3,SCFB,65.2822265625,0,,0,0,1,1,0,0,0,3,2,0,1,0,0,60.0,0,0,0,2
3,SCFB,71.9267578125,0,,0,0,1,1,0,0,0,3,1,0,1,0,0,60.0,0,0,0,1
3,SCFB,77.4189453125,0,,0,0,1,1,0,0,0,3,1,0,1,0,0,60.0,0,0,0,1
3,SCFB,83.3291015625,0,,0,0,1,1,0,0,0,3,1,0,1,0,0,60.0,0,0,0,1
3,SCFB,89.638671875,0,,0,0,1,1,0,0,0,3,0,0,1,0,0,60.0,0,0,0,0
3,SCFB,94.880859375,0,,0,0,1,1,0,0,0,3,0,0,1,0,0,60.0,0,0,0,0
3,SCFB,101.107421875,0,,0,0,1,1,0,0,0,3,2,0,1,1,0,60.0,0,0,0,2
3,SCFB,107.634765625,0,,1,0,1,1,0,0,0,3,3,0,1,1,0,60.0,0,3,0,3
3,SCFB,114.4130859375,0,,0,0,1,1,0,0,0,3,3,0,1,2,0,60.0,0,0,0,3
3,SCFB,120.47265625,0,,0,0,1,1,0,0,0,3,1,1,1,2,0,60.0,0,0,0,2
3,SCFB,127.3837890625,0,,0,0,1,1,0,0,0,3,0,4,1,2,0,60.0,0,0,0,4
3,SCFB,133.1103515625,0,,0,0,1,1,0,0,0,3,0,4,2,2,0,60.0,0,0,0,4
3,SCFB,139.6376953125,0,,0,0,1,1,0,0,0,3,0,3,1,1,0,60.0,0,0,0,3
3,SCFB,145.263671875,0,,0,0,1,1,0,0,0,3,0,1,1,0,0,60.0,0,0,0,1
3,SCFB,152.041015625,0,,1,0,1,1,0,0,0,3,0,0,1,0,0,60.0,0,0,0,0
3,SCFB,158.41796875,0,,0,0,1,1,0,0,0,3,0,0,1,0,0,60.0,0,0,0,0
3,SCFB,164.0107421875,0,,0,0,1,1,0,0,0,3,0,0,1,0,0,60.0,0,0,0,0
3,SCFB,169.3359375,0,,0,0,1,1,0,0,0,3,0,0,1,0,0,60.0,0,0,0,0
3,SCFB,175.3623046875,0,,0,0,1,1,0,0,0,3,0,0,1,0,0,60.0,0,0,0,0
3,SCFB,181.60546875,0,,0,0,1,1,0,0,0,3,0,0,1,0,0,60.0,0,0,0,0
3,SCFB,187.7822265625,0,,0,0,1,1,0,0,0,3,0,0,1,0,0,60.0,0,0,0,0
3,SCFB,194.376953125,0,,0,0,1,1,0,0,0,3,0,0,1,0,0,60.0,0,0,0,0
3,SCFB,200.169921875,0,,0,0,1,1,0,0,0,3,0,0,1,0,0,60.0,0,0,0,0
3,SCFB,206.36328125,0,,0,0,1,1,0,0,0,3,0,0,1,0,0,60.0,0,0,0,0
3,SCFB,213.07421875,0,,1,0,1,1,0,0,0,3,0,0,1,0,0,60.0,0,0,0,0
3,SCFB,219.2509765625,0,,0,0,1,1,0,0,0,3,0,0,1,0,0,60.0,0,0,0,0
3,SCFB,225.1767578125,0,,1,0,1,1,0,0,0,3,0,0,1,0,0,60.0,0,0,0,0
3,SCFB,231.0703125,0,,0,0,1,1,0,0,0,3,0,0,1,0,0,60.0,0,0,0,0
3,SCFB,237.1962890625,0,,1,0,1,1,0,0,0,3,0,0,1,0,0,60.0,0,0,0,0
3,SCFB,242.8564453125,0,,0,0,1,1,0,0,0,3,0,0,1,0,0,60.0,0,0,0,0
3,SCFB,249.099609375,0,,0,0,1,1,0,0,0,3,0,0,1,0,0,60.0,0,0,0,0
3,SCFB,254.7919921875,0,,1,0,1,1,0,0,0,3,0,0,1,0,0,60.0,0,0,0,0
3,SCFB,261.453125,0,,0,0,1,1,0,0,0,3,1,0,1,1,0,60.0,0,0,0,1
3,SCFB,267.279296875,0,,0,0,1,1,0,0,0,3,3,0,2,1,0,60.0,0,0,0,3
3,SCFB,272.8720703125,0,,0,0,1,1,0,0,0,3,5,0,1,2,0,60.0,0,0,0,5
3,SCFB,279.181640625,0,,0,0,1,1,0,0,0,3,6,0,1,1,0,60.0,0,0,0,6
3,SCFB,284.8583984375,0,,1,0,1,1,0,0,0,3,4,0,1,1,0,60.0,0,4,0,4
3,SCFB,290.1162109375,0,,0,0,1,1,0,0,2,3,2,0,1,1,0,4.5234375,0,0,2,2
3,SCFB,295.3916015625,0,,0,0,1,1,0,0,2,3,1,0,1,0,0,9.798828125,0,0,2,1
3,SCFB,302.4033203125,0,,1,0,1,1,0,0,2,3,2,0,1,0,0,16.810546875,2,2,2,2
3,SCFB,307.5947265625,0,,0,0,1,1,0,0,0,3,2,0,1,0,0,22.001953125,0,0,0,2
3,SCFB,313.9384765625,0,,0,0,1,1,0,0,0,3,1,2,1,0,0,28.345703125,0,0,0,3
3,SCFB,320.19921875,0,,0,0,1,1,0,0,0,3,0,3,1,0,0,34.6064453125,0,0,0,3
3,SCFB,326.693359375,0,,1,0,1,1,0,0,0,3,0,3,2,0,0,41.1005859375,0,3,0,3
3,SCFB,332.9697265625,0,,0,0,1,1,0,0,0,3,0,2,1,0,0,47.376953125,0,0,0,2
3,SCFB,339.2470703125,0,,0,0,1,1,0,0,0,3,0,0,1,0,0,53.654296875,0,0,0,0
3,SCFB,346.2578125,0,,0,0,1,1,0,0,0,3,0,0,1,0,0,60.0,0,0,0,0
3,SCFB,352.869140625,0,,0,0,1,1,0,0,0,3,0,0,1,0,0,60.0,0,0,0,0
3,SCFB,358.728515625,0,,0,0,1,1,0,0,0,3,0,0,1,0,0,60.0,0,0,0,0
3,SCFB,365.4228515625,0,,0,0,1,1,0,0,0,3,0,0,0,0,0,60.0,0,0,0,0
3,SCFB,371.416015625,0,,0,0,1,1,0,0,0,3,0,0,1,0,0,60.0,0,0,0,0
3,SCFB,377.8427734375,0,,1,0,1,1,0,0,0,3,1,0,1,0,0,60.0,0,1,0,1
3,SCFB,383.5361328125,0,,1,0,1,1,0,0,0,3,1,0,1,0,0,60.0,0,1,0,1
3,SCFB,390.3798828125,0,,0,0,1,1,0,0,0,3,1,0,0,0,0,60.0,0,0,0,1
3,SCFB,397.2080078125,0,,0,0,1,1,0,0,0,3,0,0,0,0,0,60.0,0,0,0,0
3,SCFB,404.1865234375,0,,0,0,1,1,0,0,0,3,0,0,0,0,0,60.0,0,0,0,0
3,SCFB,409.2275390625,0,,0,0,1,1,0,0,0,3,0,0,0,0,0,60.0,0,0,0,0
3,SCFB,415.8388671875,0,,1,0,1,1,0,0,0,3,0,0,0,0,0,60.0,0,0,0,0
3,SCFB,422.33203125,0,,0,0,1,1,0,0,0,3,1,0,0,0,0,60.0,0,0,0,1
3,SCFB,427.6416015625,0,,0,0,1,1,0,0,0,3,1,0,0,0,0,60.0,0,0,0,1
3,SCFB,433.5009765625,0,,1,0,1,1,0,0,0,3,1,0,0,0,0,60.0,0,1,0,1
3,SCFB,439.4267578125,0,,0,0,1,1,0,0,0,3,0,0,0,0,0,60.0,0,0,0,0
3,SCFB,444.8857421875,0,,0,0,1,1,0,0,0,3,0,0,0,0,0,60.0,0,0,0,0
3,SCFB,450.14453125,0,,0,0,1,1,0,0,0,3,0,0,0,0,0,60.0,0,0,0,0
3,SCFB,455.904296875,0,,0,0,1,1,0,0,0,3,1,1,1,0,0,60.0,0,0,0,2
3,SCFB,462.1142578125,0,,0,0,1,1,0,0,0,3,1,3,1,0,0,60.0,0,0,0,4
3,SCFB,468.7919921875,0,,0,0,1,1,0,0,0,3,1,4,2,0,0,60.0,0,0,0,5
3,SCFB,475.1357421875,0,,0,0,1,1,0,0,0,3,0,3,1,0,0,60.0,0,0,0,3
3,SCFB,482.0302734375,0,,0,0,1,1,0,0,0,3,0,1,1,0,0,60.0,0,0,0,1
3,SCFB,488.857421875,0,,0,0,1,1,0,0,0,3,0,0,1,0,0,60.0,0,0,0,0
3,SCFB,493.94921875,0,,0,0,1,1,0,0,0,3,0,0,1,0,0,60.0,0,0,0,0
3,SCFB,500.1591796875,0,,0,0,1,1,0,0,0,3,0,0,1,0,0,60.0,0,0,0,0
3,SCFB,506.853515625,0,,0,0,1,1,0,0,0,3,0,0,1,0,0,60.0,0,0,0,0
3,SCFB,513.7314453125,0,,0,0,1,1,0,0,0,3,0,0,1,0,0,60.0,0,0,0,0
3,SCFB,519.44140625,0,,0,0,1,1,0,0,2,3,1,0,1,0,0,4.724609375,0,0,2,1
3,SCFB,525.634765625,0,,0,0,1,1,0,0,2,3,1,0,1,0,0,10.91796875,0,0,2,1
3,SCFB,532.3623046875,0,,1,0,1,1,0,0,2,3,1,0,1,0,0,17.6455078125,2,1,2,1
3,SCFB,538.97265625,0,,0,0,1,1,0,0,0,3,0,0,1,0,0,24.255859375,0,0,0,0
3,SCFB,545.2001953125,0,,0,0,1,1,0,0,0,3,0,0,1,0,0,30.4833984375,0,0,0,0
3,SCFB,550.7255859375,0,,0,0,1,1,0,0,0,3,0,0,1,0,0,36.0087890625,0,0,0,0
3,SCFB,557.6201171875,0,,0,0,1,1,0,0,0,3,0,2,1,0,0,42.9033203125,0,0,0,2
3,SCFB,564.5478515625,0,,0,0,1,1,0,0,0,3,0,2,1,0,0,49.8310546875,0,0,0,2
3,SCFB,570.173828125,0,,0,0,1,1,0,0,0,3,1,2,1,1,0,55.45703125,0,0,0,3
3,SCFB,576.91796875,0,,0,0,1,1,0,0,0,3,1,0,1,1,0,60.0,0,0,0,1
3,SCFB,582.310546875,0,,1,0,1,1,0,0,0,3,1,0,1,1,0,60.0,0,1,0,1
3,SCFB,588.3701171875,0,,0,0,1,1,0,0,2,3,0,0,1,0,0,5.275390625,0,0,2,0
3,SCFB,595.21484375,0,,0,0,1,1,0,0,2,3,0,0,1,0,0,12.1201171875,0,0,2,0
3,SCFB,601.2080078125,0,,1,0,1,1,0,0,2,3,1,0,1,0,0,18.11328125,2,1,2,1
3,SCFB,607.451171875,0,,0,0,1,1,0,0,0,3,1,0,1,1,0,24.3564453125,0,0,0,1
3,SCFB,613.328125,0,,0,0,1,1,0,0,0,3,1,0,1,1,0,30.2333984375,0,0,0,1
3,SCFB,619.8046875,1,0.78515625,1,0,1,1,0,0,0,3,1,0,1,1,0,36.7099609375,0,1,0,1
3,SCFB,626.44921875,0,,0,0,1,1,0,0,2,3,0,0,1,0,1,6.076171875,0,0,2,0
3,SCFB,633.41015625,0,,0,0,1,1,0,0,2,3,0,0,0,0,1,13.037109375,0,0,2,0
3,SCFB,639.6044921875,0,,0,0,1,1,0,0,2,3,0,0,0,0,1,19.2314453125,0,0,2,0
3,SCFB,644.9296875,0,,0,0,1,1,0,0,0,3,0,0,0,0,1,24.556640625,0,0,0,0
3,SCFB,651.40625,0,,0,0,1,1,0,0,0,3,0,0,0,0,1,31.033203125,0,0,0,0
3,SCFB,657.5,0,,0,0,1,1,0,0,0,3,0,0,0,0,1,37.126953125,0,0,0,0
3,SCFB,662.6748046875,0,,0,0,1,1,0,0,0,3,0,0,0,0,1,42.3017578125,0,0,0,0
3,SCFB,668.8017578125,0,,0,0,1,1,0,0,0,3,1,0,0,0,1,48.4287109375,0,0,0,1
3,SCFB,675.74609375,0,,0,0,1,1,0,0,0,3,1,0,0,0,1,55.373046875,0,0,0,1
3,SCFB,682.5244140625,0,,0,0,1,1,0,0,0,3,1,0,0,0,0,60.0,0,0,0,1
3,SCFB,689.4853515625,0,,0,0,1,1,0,0,0,3,0,0,0,0,0,60.0,0,0,0,0
3,SCFB,696.263671875,0,,0,0,1,1,0,0,0,3,0,0,1,0,0,60.0,0,0,0,0
3,SCFB,703.2412109375,0,,1,0,1,1,0,0,0,2,0,0,1,0,0,60.0,0,0,0,0
3,SCFB,708.68359375,0,,0,0,1,1,0,0,2,3,0,0,1,0,0,4.8916015625,0,0,2,0
3,SCFB,713.80859375,0,,0,0,1,1,0,0,2,3,0,0,1,0,0,10.0166015625,0,0,2,0
3,SCFB,719.90234375,0,,0,0,1,1,0,0,2,3,0,0,1,0,0,16.1103515625,0,0,2,0
3,SCFB,726.86328125,0,,0,0,1,1,0,0,0,3,0,0,1,0,0,23.0712890625,0,0,0,0
3,SCFB,732.47265625,0,,1,0,1,1,0,0,0,3,0,0,1,0,0,28.6806640625,0,0,0,0
3,SCFB,738.9326171875,0,,0,0,1,1,0,0,0,3,0,1,1,0,0,35.140625,0,0,0,1
3,SCMM,37.9727783203,0,,0,0,0,0,0,1,0,0,0,1,0,0,0,60.0,0,0,0,0
3,SCMM,44.4180908203,1,0.9184570313000009,1,0,0,0,0,1,0,1,0,1,1,0,0,60.0,0,1,0,0
3,SCMM,49.5944824219,0,,0,0,0,0,0,1,2,2,0,1,1,0,1,4.525146484399997,0,0,0,0
3,SCMM,55.90625,0,,0,0,0,0,0,1,2,3,2,0,1,0,1,10.8369140625,0,0,0,0
3,SCMM,62.3181152344,0,,0,0,0,0,0,1,2,3,2,0,1,0,1,17.248779296899997,0,0,0,0
3,SCMM,68.2291259766,0,,0,0,0,0,0,1,0,3,2,1,1,0,1,23.159790039100002,0,0,0,0
3,SCMM,73.8395996094,0,,0,0,0,0,0,1,0,3,1,2,1,0,1,28.770263671899997,0,0,0,0
3,SCMM,79.5670166016,0,,0,0,0,0,0,1,0,3,1,3,1,0,1,34.4976806641,0,0,0,0
3,SCMM,86.0791015625,0,,0,0,0,0,0,1,0,3,1,3,1,0,1,41.009765625,0,0,0,0
3,SCMM,92.3575439453,0,,0,0,0,0,0,1,0,3,2,1,1,0,1,47.288208007799994,0,0,0,0
3,SCMM,99.1701660156,0,,0,0,0,0,0,1,0,3,1,0,1,0,1,54.1008300781,0,0,0,0
3,SCMM,104.6638183594,0,,0,0,0,0,0,1,0,3,1,0,1,0,1,59.5944824219,0,0,0,0
3,SCMM,109.7733154297,0,,0,0,0,0,0,1,0,3,1,0,1,0,0,60.0,0,0,0,0
3,SCMM,116.7028808594,0,,0,0,0,0,0,1,0,3,0,0,1,0,0,60.0,0,0,0,0
3,SCMM,121.7956542969,0,,1,0,0,0,0,1,0,3,0,0,1,0,0,60.0,0,0,0,0
3,SCMM,127.9571533203,0,,0,0,0,0,0,1,2,2,0,0,1,0,0,4.6085205077999944,0,0,0,0
3,SCMM,133.2670898438,0,,1,0,0,0,0,1,2,2,1,0,1,0,0,9.918457031299994,2,1,0,0
3,SCMM,139.0445556641,0,,0,0,0,0,0,1,2,2,1,0,1,0,0,15.695922851599988,0,0,0,0
3,SCMM,145.5900878906,0,,1,0,0,0,0,1,0,3,1,0,1,0,0,22.24145507809999,0,1,0,0
3,SCMM,151.2171630859,0,,0,0,0,0,0,1,1,3,0,0,1,0,0,4.808959960900012,0,0,0,0
3,SCMM,157.3286132812,0,,0,0,0,0,0,1,1,3,0,0,1,0,0,10.920410156200006,0,0,0,0
3,SCMM,162.6551513672,0,,0,0,0,0,0,1,3,3,0,0,1,0,0,4.5919189452999944,0,0,0,0
3,SCMM,168.8834228516,0,,0,0,0,0,0,1,2,3,0,0,1,0,0,10.820190429699977,0,0,0,0
3,SCMM,173.9595947266,0,,0,0,0,0,0,1,2,3,0,0,1,0,0,15.896362304699977,0,0,0,0
3,SCMM,180.6053466797,0,,0,0,0,0,0,1,0,3,0,0,1,0,0,22.542114257799994,0,0,0,0
3,SCMM,187.2844238281,0,,0,0,0,0,0,1,1,2,0,0,1,0,0,1.6697998046999771,0,0,0,0
3,SCMM,193.01171875,0,,0,0,0,0,0,1,1,2,0,0,1,0,0,7.397094726599988,0,0,0,0
3,SCMM,198.5220947266,0,,0,0,0,0,0,1,1,2,0,0,1,0,0,12.907470703199976,0,0,0,0
3,SCMM,203.7651367188,0,,1,0,0,0,0,1,1,3,0,0,1,0,0,18.150512695399982,1,0,0,0
3,SCMM,210.6279296875,0,,0,0,0,0,0,1,0,3,0,0,1,0,0,25.01330566409999,0,0,0,0
3,SCMM,216.6558837891,0,,0,0,0,0,0,1,0,3,0,0,1,0,0,31.041259765699976,0,0,0,0
3,SCMM,222.6169433594,0,,0,0,0,0,0,1,0,3,0,0,1,0,0,37.002319336,0,0,0,0
3,SCMM,229.1457519531,0,,0,0,0,0,0,1,0,3,0,0,1,0,0,43.53112792969998,0,0,0,0
3,SCMM,235.357421875,0,,0,0,0,0,0,1,0,3,0,0,1,0,0,49.74279785159999,0,0,0,0
3,SCMM,242.2702636719,0,,0,0,0,0,0,1,0,3,0,0,1,0,0,56.6556396485,0,0,0,0
3,SCMM,248.5152587891,0,,0,0,0,0,0,1,0,3,2,0,1,0,0,60.0,0,0,0,0
3,SCMM,253.7415771484,0,,1,0,0,0,0,1,0,3,2,0,1,0,0,60.0,0,2,0,0
3,SCMM,260.5543212891,0,,1,0,0,0,0,1,0,3,2,0,1,0,0,60.0,0,2,0,0
3,SCMM,266.1480712891,0,,1,0,0,0,0,1,2,3,1,0,1,0,0,4.942504882900039,2,1,0,0
3,SCMM,271.6416015625,0,,0,0,0,0,0,1,2,3,0,0,1,0,0,10.436035156300022,0,0,0,0
3,SCMM,277.5860595703,0,,0,0,0,0,0,1,2,3,0,0,1,0,0,16.380493164100017,0,0,0,0
3,SCMM,282.7790527344,0,,0,0,0,0,0,1,0,3,0,0,1,0,0,21.573486328200033,0,0,0,0
3,SCMM,288.6567382812,0,,0,0,0,0,0,1,0,3,0,0,1,0,0,27.451171875,0,0,0,0
3,SCMM,293.8497314453,0,,0,0,0,0,0,1,0,3,0,0,1,0,0,32.64416503910002,0,0,0,0
3,SCMM,299.6772460938,0,,1,0,0,0,0,1,0,3,0,0,1,0,0,38.471679687600044,0,0,0,0
3,SCMM,305.7552490234,0,,0,0,0,0,0,1,0,3,0,0,1,0,0,44.549682617200006,0,0,0,0
3,SCMM,312.2673339844,0,,0,0,0,0,0,1,0,3,0,0,1,0,0,51.06176757820003,0,0,0,0
3,SCMM,318.1950683594,0,,0,0,0,0,0,1,0,3,0,0,2,0,0,56.98950195320003,0,0,0,0
3,SCMM,323.3045654297,0,,0,0,0,0,0,1,0,3,0,0,1,0,0,60.0,0,0,0,0
3,SCMM,329.6330566406,0,,0,0,0,0,0,1,0,3,0,0,1,0,0,60.0,0,0,0,0
3,SCMM,335.7945556641,0,,0,0,0,0,0,1,0,3,0,0,1,0,0,60.0,0,0,0,0
3,SCMM,342.45703125,0,,0,0,0,0,0,1,0,3,0,0,1,0,0,60.0,0,0,0,0
3,SCMM,348.9691162109,0,,0,0,0,0,0,1,0,3,0,0,1,0,0,60.0,0,0,0,0
3,SCMM,354.9135742188,0,,0,0,0,0,0,1,0,3,0,0,1,0,0,60.0,0,0,0,0
3,SCMM,360.4405517578,0,,0,0,0,0,0,1,0,3,0,0,1,0,0,60.0,0,0,0,0
3,SCMM,366.2847900391,0,,0,0,0,0,0,1,0,3,0,0,1,0,0,60.0,0,0,0,0
3,SCMM,372.8135986328,0,,0,0,0,0,0,1,0,3,0,0,1,0,0,60.0,0,0,0,0
3,SCMM,378.0733642578,0,,0,0,0,0,0,1,0,3,0,0,1,0,0,60.0,0,0,0,0
3,SCMM,384.1013183594,0,,0,0,0,0,0,1,0,3,0,0,1,0,0,60.0,0,0,0,0
3,SCMM,391.0141601562,0,,0,0,0,0,0,1,0,3,2,0,1,0,0,60.0,0,0,0,0
3,SCMM,396.6246337891,0,,0,0,0,0,0,1,0,3,3,0,0,0,0,60.0,0,0,0,0
3,SCMM,401.8843994141,0,,0,0,0,0,0,1,0,3,3,0,0,0,0,60.0,0,0,0,0
3,SCMM,407.6953125,0,,0,0,0,0,0,1,0,3,2,0,0,0,0,60.0,0,0,0,0
3,SCMM,413.2723388672,0,,1,0,0,0,0,1,0,3,0,0,0,0,0,60.0,0,0,0,0
3,SCMM,419.5173339844,0,,0,0,0,0,0,1,0,3,0,0,0,0,0,60.0,0,0,0,0
3,SCMM,425.5284423828,0,,1,0,0,0,0,1,0,3,0,0,0,0,0,60.0,0,0,0,0
3,SCMM,431.5731201172,0,,0,0,0,0,0,1,0,3,0,0,0,0,0,60.0,0,0,0,0
3,SCMM,437.3338623047,0,,0,0,0,0,0,1,0,3,0,0,0,0,0,60.0,0,0,0,0
3,SCMM,443.2281494141,0,,0,0,0,0,0,1,0,3,0,0,0,0,0,60.0,0,0,0,0
3,SCMM,449.4564208984,0,,1,0,0,0,0,1,0,3,0,0,0,0,0,60.0,0,0,0,0
3,SCMM,456.2524414062,0,,0,0,0,0,0,1,2,3,0,0,0,0,0,6.1280517577999944,0,0,0,0
3,SCMM,463.2655029297,0,,0,0,0,0,0,1,2,3,0,0,1,0,0,13.141113281300022,0,0,0,0
3,SCMM,469.0930175781,0,,0,0,0,0,0,1,2,3,0,0,1,0,0,18.968627929700006,0,0,0,0
3,SCMM,476.0393066406,0,,0,0,0,0,0,1,0,3,0,0,1,0,0,25.914916992200006,0,0,0,0
3,SCMM,481.0987548828,0,,0,0,0,0,0,1,0,3,0,0,1,0,0,30.97436523440001,0,0,0,0
3,SCMM,487.8112792969,0,,0,0,0,0,0,1,0,3,0,0,1,0,0,37.68688964850003,0,0,0,0
3,SCMM,494.6072998047,0,,0,0,0,0,0,1,0,3,0,0,1,0,0,44.48291015630002,0,0,0,0
3,SCMM,501.0526123047,0,,1,0,0,0,0,1,0,3,0,0,2,0,0,50.92822265630002,0,0,0,0
3,SCMM,507.4311523438,0,,0,0,0,0,0,1,2,3,0,0,1,0,0,5.777465820400039,0,0,0,0
3,SCMM,513.275390625,0,,1,0,0,0,0,1,2,3,0,0,1,0,0,11.621704101600017,2,0,0,0
3,SCMM,519.9711914062,0,,1,0,0,0,0,1,4,3,0,0,0,0,0,6.044555663999972,4,0,0,0
3,SCMM,525.1141357422,0,,0,0,0,0,0,1,2,3,0,0,1,0,0,11.1875,0,0,0,0
3,SCMM,531.8266601562,0,,0,0,0,0,0,1,2,3,0,0,1,0,0,17.900024413999972,0,0,0,0
3,SCMM,537.2701416016,0,,0,0,0,0,0,1,0,3,0,0,1,0,0,23.34350585940001,0,0,0,0
3,SCMM,544.2664794922,0,,0,0,0,0,0,1,0,3,0,0,1,0,0,30.33984375,0,0,0,0
3,SCMM,550.0439453125,0,,0,0,0,0,0,1,0,3,0,0,1,0,0,36.117309570299994,0,0,0,0
3,SCMM,555.7712402344,0,,0,0,0,0,0,1,0,3,0,0,1,0,0,41.844604492200006,0,0,0,0
3,SCMM,562.3167724609,0,,0,0,0,0,0,1,0,3,0,0,1,0,0,48.39013671869998,0,0,0,0
3,SCMM,567.4096679688,0,,0,0,0,0,0,1,0,3,1,0,1,0,0,53.48303222660002,0,0,0,0
3,SCMM,572.919921875,0,,0,0,0,0,0,1,0,3,1,0,1,0,0,58.993286132799994,0,0,0,0
3,SCMM,579.4152832031,0,,0,0,0,0,0,1,0,3,1,0,1,0,0,60.0,0,0,0,0
3,SCMM,586.3782958984,0,,0,0,0,0,0,1,0,3,0,0,1,0,0,60.0,0,0,0,0
3,SCMM,591.9553222656,0,,1,0,0,0,0,1,0,3,0,0,1,0,0,60.0,0,0,0,0
3,SCMM,597.3988037109,0,,0,0,0,0,0,1,2,3,0,0,1,0,0,4.7755126952999944,0,0,0,0
3,SCMM,603.9110107422,0,,0,0,0,0,0,1,2,3,0,0,1,0,0,11.287719726600017,0,0,0,0
3,SCMM,609.4547119141,0,,0,0,0,0,0,1,2,3,0,0,1,0,0,16.831420898500028,0,0,0,0
3,SCMM,614.8312988281,0,,0,0,0,0,0,1,0,3,0,0,1,0,0,22.2080078125,0,0,0,0
3,SCMM,620.8759765625,0,,0,0,0,0,0,1,0,3,0,0,1,0,0,28.25268554690001,0,0,0,0
3,SCMM,626.1022949219,0,,0,0,0,0,0,1,0,3,0,0,1,0,0,33.47900390630002,0,0,0,0
3,SCMM,631.2452392578,0,,0,0,0,0,0,1,0,3,0,0,1,0,0,38.621948242200006,0,0,0,0
3,SCMM,636.9559326172,0,,0,0,0,0,0,1,0,3,0,0,1,0,0,44.33264160160002,0,0,0,0
3,SCMM,642.7667236328,0,,0,0,0,0,0,1,0,3,0,0,1,0,0,50.143432617200006,0,0,0,0
3,SCMM,649.4959716797,0,,0,0,0,0,0,1,0,3,1,0,1,0,0,56.87268066410002,0,0,0,0
3,SCMM,654.6722412109,0,,0,0,0,0,0,1,0,3,1,0,1,0,0,60.0,0,0,0,0
3,SCMM,660.6834716797,0,,0,0,0,0,0,1,0,3,1,0,0,0,0,60.0,0,0,0,0
3,SCMM,666.6612548828,0,,0,0,0,0,0,1,0,3,1,0,0,0,0,60.0,0,0,0,0
3,SCMM,671.7707519531,0,,0,0,0,0,0,1,0,3,0,0,0,0,0,60.0,0,0,0,0
3,SCMM,678.6169433594,0,,0,0,0,0,0,1,0,3,0,0,0,0,0,60.0,0,0,0,0
3,SCMM,685.3460693359,0,,1,0,0,0,0,1,0,3,0,0,0,0,0,60.0,0,0,0,0
3,SCMM,691.875,0,,1,0,0,0,0,1,2,3,1,0,0,0,0,5.877685546900011,2,1,0,0
3,SCMM,698.7878417969,0,,0,0,0,0,0,1,2,3,1,0,0,0,0,12.790527343800022,0,0,0,0
3,SCMM,704.7322998047,0,,0,0,0,0,0,1,2,3,2,0,0,0,0,18.734985351600017,0,0,0,0
3,SCMM,710.6265869141,0,,0,0,0,0,0,1,0,3,2,0,0,0,0,24.629272461000028,0,0,0,0
3,SCMM,716.7213134766,0,,0,0,0,0,0,1,0,3,3,0,0,0,0,30.723999023500028,0,0,0,0
3,SCMM,722.9328613281,0,,0,0,0,0,0,1,0,3,3,0,1,0,0,36.935546875,0,0,0,0
3,SCMM,729.3614501953,0,,0,0,0,0,0,1,0,3,2,0,1,0,0,43.364135742200006,0,0,0,0
3,SCMM,736.1574707031,0,,0,0,0,0,0,1,0,3,0,0,1,0,0,50.16015625,0,0,0,0
3,SCMM,741.4006347656,0,,0,0,0,0,0,1,0,3,0,0,1,0,0,55.4033203125,0,0,0,0
3,SCMM,748.2967529297,0,,0,0,0,0,0,1,0,3,0,0,1,0,0,60.0,0,0,0,0
3,SCMM,753.6901855469,0,,0,0,0,0,0,1,0,3,0,0,1,0,0,60.0,0,0,0,0
3,SCMM,758.9666748047,0,,0,0,0,0,0,1,0,3,0,0,1,0,0,60.0,0,0,0,0
3,SCMM,764.6939697266,0,,1,0,0,0,0,1,0,3,0,0,1,0,0,60.0,0,0,0,0
4,SCMM,178.11328125,0,,0,0,0,0,0,1,0,0,0,1,0,0,0,60.0,0,0,0,0
4,SCMM,183.623046875,0,,0,0,0,0,0,1,0,1,0,2,0,0,0,60.0,0,0,0,0
4,SCMM,188.8154296875,0,,1,0,0,0,0,1,1,2,0,3,1,0,0,4.5244140625,1,3,0,0
4,SCMM,194.458984375,0,,0,0,0,0,0,1,3,3,0,3,1,0,0,5.142578125,0,0,0,0
4,SCMM,199.8515625,0,,0,0,0,0,0,1,3,3,0,2,1,0,0,10.53515625,0,0,0,0
4,SCMM,206.84765625,0,,0,0,0,0,0,1,2,3,0,0,1,0,0,17.53125,0,0,0,0
4,SCMM,213.642578125,0,,0,0,0,0,0,1,0,3,0,2,1,0,0,24.326171875,0,0,0,0
4,SCMM,219.63671875,0,,1,0,0,0,0,1,1,3,1,3,1,0,0,5.3427734375,1,4,0,0
4,SCMM,226.265625,0,,1,0,0,0,0,1,1,3,2,3,1,0,0,11.9716796875,1,5,0,0
4,SCMM,233.1279296875,0,,0,0,0,0,0,1,1,3,2,2,1,0,0,18.833984375,0,0,0,0
4,SCMM,239.5556640625,0,,0,0,0,0,0,1,0,3,2,0,1,0,0,25.26171875,0,0,0,0
4,SCMM,245.666015625,0,,0,0,0,0,0,1,0,3,1,0,1,0,0,31.3720703125,0,0,0,0
4,SCMM,250.7080078125,0,,0,0,0,0,0,1,0,3,1,0,1,0,0,36.4140625,0,0,0,0
4,SCMM,256.7353515625,0,,0,0,0,0,0,1,0,3,0,0,1,0,0,42.44140625,0,0,0,0
4,SCMM,262.2451171875,0,,1,0,0,0,0,1,0,3,0,0,1,0,0,47.951171875,0,0,0,0
4,SCMM,269.2080078125,0,,0,0,0,0,0,1,2,3,0,0,1,0,0,6.4619140625,0,0,0,0
4,SCMM,274.91796875,0,,0,0,0,0,0,1,4,3,0,0,1,0,0,4.9423828125,0,0,0,0
4,SCMM,281.3291015625,0,,0,0,0,0,0,1,4,3,0,0,1,0,0,11.353515625,0,0,0,0
4,SCMM,286.455078125,0,,0,0,0,0,0,1,2,3,0,0,1,0,0,16.4794921875,0,0,0,0
4,SCMM,292.1982421875,0,,0,0,0,0,0,1,0,3,0,0,1,0,0,22.22265625,0,0,0,0
4,SCMM,299.02734375,0,,0,0,0,0,0,1,0,3,0,0,1,0,0,29.0517578125,0,0,0,0
4,SCMM,304.7373046875,0,,0,0,0,0,0,1,2,3,1,0,1,0,0,5.142578125,0,0,0,0
4,SCMM,310.6640625,0,,1,0,0,0,0,1,2,3,1,0,1,0,0,11.0693359375,2,1,0,0
4,SCMM,317.0927734375,0,,0,0,0,0,0,1,4,3,1,0,1,0,0,5.927734375,0,0,0,0
4,SCMM,323.7705078125,0,,0,0,0,0,0,1,2,3,0,0,1,0,0,12.60546875,0,0,0,0
4,SCMM,329.865234375,0,,0,0,0,0,0,1,2,3,0,0,1,0,0,18.7001953125,0,0,0,0
4,SCMM,336.2763671875,0,,0,0,0,0,0,1,0,3,0,0,1,0,0,25.111328125,0,0,0,0
4,SCMM,343.3056640625,0,,0,0,0,0,0,1,0,3,0,0,1,0,0,32.140625,0,0,0,0
4,SCMM,348.748046875,0,,0,0,0,0,0,1,0,3,0,0,1,0,0,37.5830078125,0,0,0,0
4,SCMM,355.0087890625,0,,0,0,0,0,0,1,0,3,0,0,1,0,0,43.84375,0,0,0,0
4,SCMM,361.4208984375,0,,0,0,0,0,0,1,0,3,0,0,1,0,0,50.255859375,0,0,0,0
4,SCMM,367.8818359375,1,0.818359375,1,0,0,0,0,1,0,3,0,0,1,0,0,56.716796875,0,0,0,0
4,SCMM,374.677734375,0,,0,0,0,0,0,1,2,3,0,2,1,0,1,6.078125,0,0,0,0
4,SCMM,380.0205078125,0,,0,0,0,0,0,1,2,3,0,3,1,0,1,11.4208984375,0,0,0,0
4,SCMM,385.279296875,0,,0,0,0,0,0,1,2,3,0,3,1,0,1,16.6796875,0,0,0,0
4,SCMM,391.3564453125,0,,1,0,0,0,0,1,0,3,0,2,1,0,1,22.7568359375,0,2,0,0
4,SCMM,397.96875,0,,0,0,0,0,0,1,2,3,0,0,1,0,1,6.1279296875,0,0,0,0
4,SCMM,404.212890625,0,,0,0,0,0,0,1,2,3,0,0,1,0,1,12.3720703125,0,0,0,0
4,SCMM,409.271484375,0,,0,0,0,0,0,1,2,3,0,0,1,0,1,17.4306640625,0,0,0,0
4,SCMM,416.033203125,0,,0,0,0,0,0,1,0,3,0,0,1,0,1,24.1923828125,0,0,0,0
4,SCMM,421.359375,0,,1,0,0,0,0,1,0,3,0,0,1,0,1,29.5185546875,0,0,0,0
4,SCMM,428.3056640625,0,,0,0,0,0,0,1,2,3,0,0,1,0,1,6.4287109375,0,0,0,0
4,SCMM,434.833984375,0,,0,0,0,0,0,1,2,3,0,0,1,0,0,12.95703125,0,0,0,0
4,SCMM,441.5625,0,,0,0,0,0,0,1,2,3,0,0,1,0,0,19.685546875,0,0,0,0
4,SCMM,446.87109375,0,,1,0,0,0,0,1,0,3,0,0,1,0,0,24.994140625,0,0,0,0
4,SCMM,453.7333984375,0,,0,0,0,0,0,1,2,3,0,0,1,0,0,6.1611328125,0,0,0,0
4,SCMM,459.8271484375,0,,0,0,0,0,0,1,2,3,0,0,1,0,0,12.2548828125,0,0,0,0
4,SCMM,466.7734375,0,,0,0,0,0,0,1,2,3,0,1,1,0,0,19.201171875,0,0,0,0
4,SCMM,472.833984375,0,,0,0,0,0,0,1,2,3,0,2,1,0,0,5.5595703125,0,0,0,0
4,SCMM,478.3935546875,0,,0,0,0,0,0,1,4,3,0,2,1,0,0,5.1259765625,0,0,0,0
4,SCMM,483.8701171875,0,,0,0,0,0,0,1,4,3,0,2,1,0,0,10.6025390625,0,0,0,0
4,SCMM,488.9794921875,0,,0,0,0,0,0,1,2,3,0,0,1,0,0,15.7119140625,0,0,0,0
4,SCMM,495.2900390625,0,,0,0,0,0,0,1,0,3,0,0,1,0,0,22.0224609375,0,0,0,0
4,SCMM,501.7685546875,0,,0,0,0,0,0,1,0,3,0,0,1,0,0,28.5009765625,0,0,0,0
4,SCMM,508.330078125,0,,0,0,0,0,0,1,0,3,0,0,1,0,0,35.0625,0,0,0,0
4,SCMM,513.755859375,0,,0,0,0,0,0,1,0,3,1,0,1,0,0,40.48828125,0,0,0,0
4,SCMM,519.833984375,0,,0,0,0,0,0,1,0,3,1,0,1,0,0,46.56640625,0,0,0,0
4,SCMM,526.544921875,0,,0,0,0,0,0,1,0,3,1,0,0,0,0,53.27734375,0,0,0,0
4,SCMM,533.291015625,0,,0,0,0,0,0,1,0,3,1,0,0,0,0,60.0,0,0,0,0
4,SCMM,540.052734375,0,,1,0,0,0,0,1,0,3,1,0,0,0,0,60.0,0,1,0,0
4,SCMM,545.4619140625,0,,0,0,0,0,0,1,2,3,1,0,0,0,0,4.958984375,0,0,0,0
4,SCMM,551.505859375,0,,1,0,0,0,0,1,2,3,0,0,0,0,0,11.0029296875,2,0,0,0
4,SCMM,557.0830078125,0,,0,0,0,0,0,1,4,3,0,0,0,0,0,5.0595703125,0,0,0,0
4,SCMM,563.8115234375,0,,0,0,0,0,0,1,2,3,1,0,0,0,0,11.7880859375,0,0,0,0
4,SCMM,569.0703125,0,,0,0,0,0,0,1,2,3,1,0,0,0,0,17.046875,0,0,0,0
4,SCMM,575.181640625,0,,0,0,0,0,0,1,1,3,2,0,0,0,0,5.2763671875,0,0,0,0
4,SCMM,581.0751953125,0,,0,0,0,0,0,1,3,3,2,0,0,0,0,5.17578125,0,0,0,0
4,SCMM,587.236328125,0,,1,0,0,0,0,1,3,3,2,0,0,0,0,11.3369140625,3,2,0,0
4,SCMM,594.248046875,0,,0,0,0,0,0,1,4,3,1,0,1,0,0,6.494140625,0,0,0,0
4,SCMM,600.8603515625,0,,1,0,0,0,0,1,4,3,0,0,1,0,0,6.0947265625,4,0,0,0
4,SCMM,607.0205078125,0,,0,0,0,0,0,1,7,3,0,0,1,0,0,5.2587890625,0,0,0,0
4,SCMM,612.330078125,0,,0,0,0,0,0,1,5,3,0,1,1,0,0,10.568359375,0,0,0,0
4,SCMM,618.4072265625,0,,0,0,0,0,0,1,3,3,0,3,1,0,0,16.6455078125,0,0,0,0
4,SCMM,624.1513671875,0,,0,0,0,0,0,1,0,3,0,4,1,0,0,22.3896484375,0,0,0,0
4,SCMM,629.59375,0,,0,0,0,0,0,1,0,3,0,4,1,0,0,27.83203125,0,0,0,0
4,SCMM,636.3896484375,0,,0,0,0,0,0,1,2,3,1,2,1,0,0,6.294921875,0,0,0,0
4,SCMM,642.68359375,0,,0,0,0,0,0,1,3,3,1,0,1,0,0,5.5595703125,0,0,0,0
4,SCMM,648.376953125,0,,1,0,0,0,0,1,3,3,1,0,1,0,0,11.2529296875,3,1,0,0
4,SCMM,653.853515625,0,,0,0,0,0,0,1,3,3,0,0,1,0,0,4.958984375,0,0,0,0
4,SCMM,659.763671875,0,,0,0,0,0,0,1,2,3,1,0,1,0,0,10.869140625,0,0,0,0
4,SCMM,665.8583984375,0,,0,0,0,0,0,1,2,3,1,0,1,0,0,16.9638671875,0,0,0,0
4,SCMM,672.1357421875,0,,0,0,0,0,0,1,0,3,1,0,1,0,0,23.2412109375,0,0,0,0
4,SCMM,677.51171875,0,,1,0,0,0,0,1,0,3,0,0,1,0,0,28.6171875,0,0,0,0
4,SCMM,683.35546875,0,,0,0,0,0,0,1,0,3,0,0,1,0,0,34.4609375,0,0,0,0
4,SCMM,689.19921875,0,,0,0,0,0,0,1,0,3,0,0,1,0,0,40.3046875,0,0,0,0
4,SCMM,695.0263671875,0,,1,0,0,0,0,1,0,3,0,0,1,0,0,46.1318359375,0,0,0,0
4,SCMM,700.5693359375,0,,0,0,0,0,0,1,2,3,0,0,1,0,0,4.875,0,0,0,0
4,SCMM,706.9140625,0,,0,0,0,0,0,1,2,3,0,0,1,0,0,11.2197265625,0,0,0,0
4,SCMM,713.67578125,0,,0,0,0,0,0,1,2,3,0,0,1,0,0,17.9814453125,0,0,0,0
4,SCMM,719.669921875,0,,1,0,0,0,0,1,1,3,0,0,1,0,0,5.3095703125,1,0,0,0
4,SCMM,725.796875,0,,0,0,0,0,0,1,3,3,0,0,1,0,0,5.609375,0,0,0,0
4,SCMM,730.9228515625,0,,0,0,0,0,0,1,3,3,0,0,1,0,0,10.7353515625,0,0,0,0
4,SCMM,737.78515625,0,,0,0,0,0,0,1,2,3,0,0,1,0,0,17.59765625,0,0,0,0
4,SCMM,743.6787109375,0,,0,0,0,0,0,1,0,3,0,0,1,0,0,23.4912109375,0,0,0,0
4,SCMM,750.2900390625,0,,1,0,0,0,0,1,0,3,0,0,1,0,0,30.1025390625,0,0,0,0
4,SCMM,757.1357421875,0,,0,0,0,0,0,1,2,3,0,0,1,0,0,6.361328125,0,0,0,0
4,SCMM,763.96484375,0,,0,0,0,0,0,1,2,3,0,0,1,0,0,13.1904296875,0,0,0,0
4,SCMM,770.2255859375,0,,0,0,0,0,0,1,2,3,2,0,0,0,0,19.451171875,0,0,0,0
4,SCMM,776.3525390625,0,,1,0,0,0,0,1,1,3,3,0,0,0,0,5.1083984375,1,3,0,0
4,SCMM,783.115234375,0,,0,0,0,0,0,1,3,3,4,0,0,0,0,6.26171875,0,0,0,0
4,SCMM,789.7763671875,0,,0,0,0,0,0,1,3,3,4,0,0,0,0,12.9228515625,0,0,0,0
4,SCMM,796.5390625,0,,0,0,0,0,0,1,2,3,3,0,0,0,0,19.685546875,0,0,0,0
4,SCMM,803.3671875,0,,0,0,0,0,0,1,0,3,2,0,0,0,0,26.513671875,0,0,0,0
4,SCMM,809.328125,0,,0,0,0,0,0,1,0,3,1,0,0,0,0,32.474609375,0,0,0,0
4,SCMM,815.6220703125,0,,0,0,0,0,0,1,0,3,1,0,0,0,0,38.7685546875,0,0,0,0
4,SCMM,821.115234375,0,,0,0,0,0,0,1,0,3,1,0,0,0,0,44.26171875,0,0,0,0
4,SCMM,826.958984375,0,,0,0,0,0,0,1,0,3,1,0,0,0,0,50.10546875,0,0,0,0
4,SCMM,832.21875,0,,0,0,0,0,0,1,0,3,1,0,0,0,0,55.365234375,0,0,0,0
4,SCMM,839.197265625,0,,1,0,0,0,0,1,0,3,0,0,1,0,0,60.0,0,0,0,0
4,SCMM,844.7236328125,0,,0,0,0,0,0,1,2,3,0,2,1,0,0,4.92578125,0,0,0,0
4,SCMM,851.28515625,0,,0,0,0,0,0,1,2,3,0,4,1,0,0,11.4873046875,0,0,0,0
4,SCMM,858.046875,0,,0,0,0,0,0,1,2,3,0,4,1,0,0,18.2490234375,0,0,0,0
4,SCMM,864.775390625,0,,0,0,0,0,0,1,2,3,0,2,1,0,0,6.244140625,0,0,0,0
4,SCMM,870.40234375,0,,0,0,0,0,0,1,2,3,0,0,1,0,0,11.87109375,0,0,0,0
4,SCMM,876.6630859375,0,,0,0,0,0,0,1,2,3,0,0,1,0,0,18.1318359375,0,0,0,0
5,SCFB,49.599609375,0,,0,0,1,1,0,0,0,0,0,1,0,0,0,60.0,0,0,0,1
5,SCFB,55.17578125,0,,0,0,1,1,0,0,0,1,0,1,0,0,0,60.0,0,0,0,1
5,SCFB,60.78515625,0,,0,0,1,1,0,0,0,2,0,2,1,0,0,60.0,0,0,0,2
5,SCFB,65.876953125,0,,0,0,1,1,0,0,0,3,1,2,1,0,0,60.0,0,0,0,3
5,SCFB,72.1201171875,0,,0,0,1,1,0,0,0,3,2,1,1,1,0,60.0,0,0,0,3
5,SCFB,77.3955078125,0,,0,0,1,1,0,0,0,3,2,0,1,1,0,60.0,0,0,0,2
5,SCFB,83.1552734375,0,,0,0,1,1,0,0,0,3,2,0,1,1,0,60.0,0,0,0,2
5,SCFB,88.8310546875,0,,0,0,1,1,0,0,0,3,0,0,1,0,0,60.0,0,0,0,0
5,SCFB,95.341796875,0,,0,0,1,1,0,0,0,3,0,0,1,0,0,60.0,0,0,0,0
5,SCFB,100.6005859375,0,,0,0,1,1,0,0,0,3,0,0,1,0,0,60.0,0,0,0,0
5,SCFB,106.1767578125,0,,0,0,1,1,0,0,0,3,0,0,1,0,0,60.0,0,0,0,0
5,SCFB,113.1708984375,0,,0,0,1,1,0,0,0,3,0,0,1,0,0,60.0,0,0,0,0
5,SCFB,118.3466796875,0,,0,0,1,1,0,0,0,3,0,0,1,0,0,60.0,0,0,0,0
5,SCFB,124.123046875,0,,1,0,1,1,0,0,0,3,1,0,1,0,0,60.0,0,1,0,1
5,SCFB,129.5654296875,0,,1,0,1,1,0,0,0,3,3,0,1,1,0,60.0,0,3,0,3
5,SCFB,135.1572265625,0,,0,0,1,1,0,0,2,3,3,0,1,1,0,4.9248046875,0,0,2,3
5,SCFB,140.75,0,,0,0,1,1,0,0,2,3,3,0,1,1,0,10.517578125,0,0,2,3
5,SCFB,147.5947265625,0,,0,0,1,1,0,0,2,3,1,3,1,1,0,17.3623046875,0,0,2,4
5,SCFB,153.771484375,0,,0,0,1,1,0,0,0,3,0,3,1,0,0,23.5390625,0,0,0,3
5,SCFB,159.7978515625,0,,0,0,1,1,0,0,0,3,0,3,1,1,0,29.5654296875,0,0,0,3
5,SCFB,165.0068359375,0,,1,0,1,1,0,0,0,3,0,1,1,1,0,34.7744140625,0,1,0,1
5,SCFB,171.5673828125,0,,0,0,1,1,0,0,2,3,1,0,1,1,0,5.9765625,0,0,2,1
5,SCFB,177.52734375,0,,1,0,1,1,0,0,2,3,1,0,1,0,0,11.9365234375,2,1,2,1
5,SCFB,183.9208984375,0,,0,0,1,1,0,0,2,3,3,0,1,0,0,18.330078125,0,0,2,3
5,SCFB,188.99609375,0,,0,0,1,1,0,0,0,3,3,0,1,1,0,23.4052734375,0,0,0,3
5,SCFB,194.8564453125,0,,0,0,1,1,0,0,1,3,3,0,1,1,0,4.9248046875,0,0,1,3
5,SCFB,199.9140625,0,,1,0,1,1,0,0,1,3,3,0,1,1,0,9.982421875,1,3,1,3
5,SCFB,205.3232421875,0,,0,0,1,1,0,0,3,2,1,1,1,1,0,4.724609375,0,0,3,2
5,SCFB,212.0341796875,0,,1,0,1,1,0,0,2,2,0,1,1,0,0,11.435546875,2,1,2,1
5,SCFB,217.626953125,0,,1,0,1,1,0,0,4,2,0,1,1,0,0,4.8916015625,4,1,4,1
5,SCFB,224.3544921875,0,,0,0,1,1,0,0,2,3,0,0,1,0,0,11.619140625,0,0,2,0
5,SCFB,229.9306640625,0,,0,0,1,1,0,0,2,3,0,0,1,0,0,17.1953125,0,0,2,0
5,SCFB,235.65625,0,,0,0,1,1,0,0,0,3,0,0,1,0,0,22.9208984375,0,0,0,0
5,SCFB,240.9990234375,0,,0,0,1,1,0,0,0,3,0,0,1,0,0,28.263671875,0,0,0,0
5,SCFB,247.2587890625,0,,0,0,1,1,0,0,0,3,1,0,1,0,0,34.5234375,0,0,0,1
5,SCFB,252.5009765625,0,,0,0,1,1,0,0,0,3,1,0,1,1,0,39.765625,0,0,0,1
5,SCFB,259.4296875,0,,0,0,1,1,0,0,0,3,1,1,1,2,0,46.6943359375,0,0,0,2
5,SCFB,264.73828125,0,,0,0,1,1,0,0,0,3,1,2,1,3,0,52.0029296875,0,0,0,3
5,SCFB,270.2802734375,0,,0,0,1,1,0,0,0,3,0,3,1,4,0,57.544921875,0,0,0,3
5,SCFB,276.6240234375,0,,0,0,1,1,0,0,0,3,0,3,1,3,0,60.0,0,0,0,3
5,SCFB,283.0009765625,0,,1,0,1,1,0,0,0,3,1,1,1,2,0,60.0,0,2,0,2
5,SCFB,289.26171875,0,,0,0,1,1,0,0,2,3,1,0,1,0,0,5.6923828125,0,0,2,1
5,SCFB,295.6728515625,0,,0,0,1,1,0,0,2,3,1,0,1,1,0,12.103515625,0,0,2,1
5,SCFB,302.25,0,,0,0,1,1,0,0,2,3,3,0,1,2,0,18.6806640625,0,0,2,3
5,SCFB,307.3916015625,0,,0,0,1,1,0,0,0,3,3,0,1,3,0,23.822265625,0,0,0,3
5,SCFB,312.6005859375,0,,0,0,1,1,0,0,0,3,3,0,0,2,0,29.03125,0,0,0,3
5,SCFB,318.5771484375,0,,0,0,1,1,0,0,0,3,2,0,1,3,0,35.0078125,0,0,0,2
5,SCFB,323.6689453125,0,,1,0,1,1,0,0,0,3,1,0,1,2,0,40.099609375,0,1,0,1
5,SCFB,329.3447265625,0,,0,0,1,1,0,0,2,3,0,0,1,2,0,4.974609375,0,0,2,0
5,SCFB,334.88671875,0,,1,0,1,1,0,0,2,3,1,0,1,2,0,10.5166015625,2,1,2,1
5,SCFB,340.3798828125,0,,0,0,1,1,0,0,4,3,3,0,1,2,0,4.8583984375,0,0,4,3
5,SCFB,345.822265625,0,,0,0,1,1,0,0,2,3,3,0,1,2,0,10.30078125,0,0,2,3
5,SCFB,351.046875,0,,0,0,1,1,0,0,2,3,3,0,1,1,0,15.525390625,0,0,2,3
5,SCFB,356.8232421875,0,,1,0,1,1,0,0,0,3,2,0,1,1,0,21.3017578125,0,2,0,2
5,SCFB,362.3994140625,0,,0,0,1,1,0,0,2,3,1,0,1,0,0,4.7919921875,0,0,2,1
5,SCFB,368.0087890625,0,,0,0,1,1,0,0,2,3,1,0,1,0,0,10.4013671875,0,0,2,1
5,SCFB,373.4169921875,0,,0,0,1,1,0,0,2,3,2,2,0,0,0,15.8095703125,0,0,2,4
5,SCFB,380.111328125,0,,1,0,1,1,0,0,0,3,4,2,0,0,0,22.50390625,0,6,0,6
5,SCFB,385.25390625,0,,0,0,1,1,0,0,2,3,5,2,0,0,0,4.3740234375,0,0,2,7
5,SCFB,390.8623046875,0,,0,0,1,1,0,0,2,3,7,2,0,0,0,9.982421875,0,0,2,9
5,SCFB,397.1728515625,0,,0,0,1,1,0,0,2,3,4,1,0,0,0,16.29296875,0,0,2,5
5,SCFB,403.349609375,0,,0,0,1,1,0,0,0,3,3,1,0,0,0,22.4697265625,0,0,0,4
5,SCFB,410.3779296875,0,,0,0,1,1,0,0,0,3,1,0,0,0,0,29.498046875,0,0,0,1
5,SCFB,417.1064453125,0,,0,0,1,1,0,0,0,3,1,0,0,0,0,36.2265625,0,0,0,1
5,SCFB,422.71484375,0,,1,0,1,1,0,0,0,3,3,0,0,0,0,41.8349609375,0,3,0,3
5,SCFB,428.44140625,0,,1,0,1,1,0,0,0,3,2,0,0,0,0,47.5615234375,0,2,0,2
5,SCFB,435.1025390625,0,,0,0,1,1,0,0,0,3,2,0,0,0,0,54.22265625,0,0,0,2
5,SCFB,441.24609375,0,,1,0,1,1,0,0,0,3,1,0,1,0,0,60.0,0,1,0,1
5,SCFB,446.98828125,0,,0,0,1,1,0,0,0,3,1,0,1,0,0,60.0,0,0,0,1
5,SCFB,453.666015625,0,,0,0,1,1,0,0,1,2,4,1,1,2,0,1.6689453125,0,0,1,5
5,SCFB,460.6611328125,0,,0,0,1,1,0,0,1,2,4,1,1,3,0,8.6640625,0,0,1,5
5,SCFB,465.919921875,0,,0,0,1,1,0,0,1,2,4,1,1,3,0,13.9228515625,0,0,1,5
5,SCFB,471.5126953125,0,,0,0,1,1,0,0,1,3,2,2,1,1,0,19.515625,0,0,1,4
5,SCFB,477.3388671875,0,,0,0,1,1,0,0,0,3,0,4,1,2,0,25.341796875,0,0,0,4
5,SCFB,483.5654296875,0,,0,0,1,1,0,0,1,3,0,6,1,1,0,1.919921875,0,0,1,6
5,SCFB,490.2763671875,0,,1,0,1,1,0,0,1,3,1,4,1,1,0,8.630859375,1,5,1,5
5,SCFB,495.435546875,0,,0,0,1,1,0,0,3,3,2,2,1,1,0,4.5908203125,0,0,3,4
5,SCFB,502.029296875,0,,0,0,1,1,0,0,2,3,2,0,1,1,0,11.1845703125,0,0,2,2
5,SCFB,507.12109375,0,,0,0,1,1,0,0,2,3,2,0,1,1,0,16.2763671875,0,0,2,2
5,SCFB,513.314453125,0,,0,0,1,1,0,0,0,3,0,0,1,1,0,22.4697265625,0,0,0,0
5,SCFB,519.158203125,0,,0,0,1,1,0,0,1,2,0,0,1,1,0,0.8349609375,0,0,1,0
5,SCFB,524.93359375,0,,0,0,1,1,0,0,1,2,0,0,1,1,0,6.6103515625,0,0,1,0
5,SCFB,531.328125,0,,0,0,1,1,0,0,1,2,0,0,1,1,0,13.0048828125,0,0,1,0
5,SCFB,536.75390625,0,,0,0,1,1,0,0,1,3,0,0,1,0,0,18.4306640625,0,0,1,0
5,SCFB,542.095703125,0,,0,0,1,1,0,0,0,3,0,1,1,0,0,23.7724609375,0,0,0,1
5,SCFB,547.6552734375,0,,0,0,1,1,0,0,0,3,0,3,1,0,0,29.33203125,0,0,0,3
5,SCFB,554.265625,0,,1,0,1,1,0,0,0,3,1,3,1,0,0,35.9423828125,0,4,0,4
5,SCFB,560.9931640625,0,,1,0,1,1,0,0,2,3,1,3,1,0,0,6.1767578125,2,4,2,4
5,SCFB,566.51953125,0,,0,0,1,1,0,0,4,2,1,2,1,0,0,4.841796875,0,0,4,3
5,SCFB,572.0283203125,0,,0,0,1,1,0,0,4,2,1,1,1,0,0,10.3505859375,0,0,4,2
5,SCFB,579.0234375,0,,0,0,1,1,0,0,2,2,0,1,2,0,0,17.345703125,0,0,2,1
5,SCFB,585.66796875,0,,0,0,1,1,0,0,0,3,0,0,1,1,0,23.990234375,0,0,0,0
5,SCFB,592.228515625,0,,0,0,1,1,0,0,0,3,0,0,1,2,0,30.55078125,0,0,0,0
5,SCFB,597.7705078125,0,,0,0,1,1,0,0,0,3,0,0,1,2,0,36.0927734375,0,0,0,0
5,SCFB,603.998046875,0,,0,0,1,1,0,0,0,3,0,0,1,1,0,42.3203125,0,0,0,0
5,SCFB,611.0263671875,0,,0,0,1,1,0,0,0,3,0,0,1,0,0,49.3486328125,0,0,0,0
5,SCFB,616.16796875,0,,0,0,1,1,0,0,0,3,0,0,1,0,0,54.490234375,0,0,0,0
5,SCFB,622.8291015625,0,,0,0,1,1,0,0,0,3,0,1,1,0,0,60.0,0,0,0,1
5,SCFB,628.3212890625,0,,0,0,1,1,0,0,0,3,0,3,1,0,0,60.0,0,0,0,3
5,SCFB,635.232421875,0,,0,0,1,1,0,0,0,3,3,5,1,0,0,60.0,0,0,0,8
5,SCFB,640.724609375,0,,0,0,1,1,0,0,0,3,5,5,0,0,0,60.0,0,0,0,10
5,SCFB,645.7666015625,0,,0,0,1,1,0,0,0,3,5,3,0,0,0,60.0,0,0,0,8
5,SCFB,651.05859375,0,,0,0,1,1,0,0,0,3,4,1,0,0,0,60.0,0,0,0,5
5,SCFB,656.3505859375,0,,0,0,1,1,0,0,0,3,3,0,0,0,0,60.0,0,0,0,3
5,SCFB,661.458984375,0,,0,0,1,1,0,0,0,3,1,0,0,0,0,60.0,0,0,0,1
5,SCFB,667.0517578125,0,,0,0,1,1,0,0,0,3,1,0,0,0,0,60.0,0,0,0,1
5,SCFB,672.611328125,0,,0,0,1,1,0,0,0,3,3,0,0,1,0,60.0,0,0,0,3
5,SCFB,679.1220703125,0,,0,0,1,1,0,0,0,3,4,1,0,1,0,60.0,0,0,0,5
5,SCFB,684.447265625,0,,0,0,1,1,0,0,0,3,5,1,0,1,0,60.0,0,0,0,6
5,SCFB,690.640625,0,,1,0,1,1,0,0,0,3,5,1,0,2,0,60.0,0,6,0,6
5,SCFB,696.6005859375,0,,0,0,1,1,0,0,0,3,4,1,0,1,0,60.0,0,0,0,5
5,SCFB,702.41015625,0,,0,0,1,1,0,0,0,3,2,0,1,1,0,60.0,0,0,0,2
5,SCFB,708.63671875,0,,0,0,1,1,0,0,0,3,0,0,1,0,0,60.0,0,0,0,0
5,SCFB,714.73046875,0,,0,0,1,1,0,0,0,3,0,0,1,0,0,60.0,0,0,0,0
5,SCFB,721.0244140625,0,,0,0,1,1,0,0,0,3,0,0,1,0,0,60.0,0,0,0,0
5,SCFB,727.568359375,0,,0,0,1,1,0,0,0,3,0,0,1,0,0,60.0,0,0,0,0
5,SCFB,733.7451171875,0,,0,0,1,1,0,0,0,3,0,0,1,0,0,60.0,0,0,0,0
5,SCFB,740.2890625,0,,0,0,1,1,0,0,0,3,0,0,1,0,0,60.0,0,0,0,0
5,SCFG,119.8505859375,0,,0,0,0,1,0,0,0,0,0,2,0,0,0,60.0,0,0,0,0
5,SCFG,124.9091796875,0,,0,0,0,1,0,0,0,1,0,3,1,0,0,60.0,0,0,0,0
5,SCFG,131.4033203125,0,,0,0,0,1,0,0,0,2,0,3,1,0,0,60.0,0,0,0,0
5,SCFG,136.9951171875,0,,1,0,0,1,0,0,0,3,0,2,1,0,0,60.0,0,2,0,0
5,SCFG,143.23828125,0,,0,0,0,1,0,0,2,3,0,0,1,1,0,5.591796875,0,0,0,0
5,SCFG,148.3974609375,0,,0,0,0,1,0,0,2,3,0,0,1,1,0,10.7509765625,0,0,0,0
5,SCFG,153.60546875,0,,0,0,0,1,0,0,2,3,0,0,1,1,0,15.958984375,0,0,0,0
5,SCFG,159.21484375,0,,0,0,0,1,0,0,0,3,0,0,1,0,0,21.568359375,0,0,0,0
5,SCFG,165.8916015625,0,,0,0,0,1,0,0,0,3,0,0,1,1,0,28.2451171875,0,0,0,0
5,SCFG,170.966796875,0,,0,0,0,1,0,0,0,3,0,1,1,1,0,33.3203125,0,0,0,0
5,SCFG,176.392578125,0,,0,0,0,1,0,0,0,3,0,1,1,1,0,38.74609375,0,0,0,0
5,SCFG,183.169921875,0,,0,0,0,1,0,0,0,3,0,1,1,1,0,45.5234375,0,0,0,0
5,SCFG,188.595703125,0,,0,0,0,1,0,0,0,3,1,0,1,0,0,50.94921875,0,0,0,0
5,SCFG,195.4560546875,0,,0,0,0,1,0,0,0,3,3,0,1,2,0,57.8095703125,0,0,0,0
5,SCFG,201.7998046875,0,,0,0,0,1,0,0,0,3,3,0,1,2,0,60.0,0,0,0,0
5,SCFG,208.677734375,0,,0,0,0,1,0,0,0,3,2,1,1,2,0,60.0,0,0,0,0
5,SCFG,214.404296875,0,,0,0,0,1,0,0,0,3,1,1,1,1,0,60.0,0,0,0,0
5,SCFG,220.9814453125,0,,0,0,0,1,0,0,0,3,0,1,2,1,0,60.0,0,0,0,0
5,SCFG,227.0908203125,0,,0,0,0,1,0,0,0,3,0,0,1,1,0,60.0,0,0,0,0
5,SCFG,232.650390625,0,,1,0,0,1,0,0,0,3,0,0,1,0,0,60.0,0,0,0,0
5,SCFG,239.177734375,0,,0,0,0,1,0,0,2,2,0,0,1,0,0,5.876953125,0,0,0,0
5,SCFG,245.921875,0,,0,0,0,1,0,0,2,2,0,0,1,0,0,12.62109375,0,0,0,0
5,SCFG,252.5986328125,0,,0,0,0,1,0,0,2,2,0,0,1,0,0,19.2978515625,0,0,0,0
5,SCFG,259.5771484375,0,,0,0,0,1,0,0,0,3,0,0,1,0,0,26.2763671875,0,0,0,0
5,SCFG,266.1044921875,0,,0,0,0,1,0,0,0,3,0,0,1,0,0,32.8037109375,0,0,0,0
5,SCFG,272.8818359375,0,,0,0,0,1,0,0,0,3,1,0,1,0,0,39.5810546875,0,0,0,0
5,SCFG,279.0751953125,0,,1,0,0,1,0,0,0,3,1,0,1,0,0,45.7744140625,0,1,0,0
5,SCFG,284.484375,0,,0,0,0,1,0,0,2,3,1,0,1,1,0,4.7412109375,0,0,0,0
5,SCFG,290.626953125,0,,0,0,0,1,0,0,2,3,0,0,1,1,0,10.8837890625,0,0,0,0
5,SCFG,297.2880859375,0,,0,0,0,1,0,0,2,3,0,0,2,1,0,17.544921875,0,0,0,0
5,SCFG,302.9140625,0,,0,0,0,1,0,0,0,3,0,0,1,0,0,23.1708984375,0,0,0,0
5,SCFG,309.0908203125,0,,0,0,0,1,0,0,0,3,2,0,1,0,0,29.34765625,0,0,0,0
5,SCFG,315.2001953125,0,,0,0,0,1,0,0,0,3,2,0,1,1,0,35.45703125,0,0,0,0
5,SCFG,321.861328125,0,,0,0,0,1,0,0,0,3,2,0,1,1,0,42.1181640625,0,0,0,0
5,SCFG,328.671875,0,,0,0,0,1,0,0,0,3,0,0,1,1,0,48.9287109375,0,0,0,0
5,SCFG,333.98046875,0,,0,0,0,1,0,0,0,3,0,0,1,1,0,54.2373046875,0,0,0,0
5,SCFG,340.0908203125,0,,0,0,0,1,0,0,0,3,0,0,1,0,0,60.0,0,0,0,0
5,SCFG,346.2001953125,0,,0,0,0,1,0,0,0,3,0,0,1,0,0,60.0,0,0,0,0
5,SCFG,353.01171875,0,,0,0,0,1,0,0,0,3,0,0,1,0,0,60.0,0,0,0,0
5,SCFG,359.85546875,0,,1,0,0,1,0,0,0,3,0,0,1,0,0,60.0,0,0,0,0
5,SCFG,366.0322265625,0,,0,0,0,1,0,0,2,3,0,0,1,0,0,5.6591796875,0,0,0,0
5,SCFG,372.3759765625,0,,0,0,0,1,0,0,2,3,1,0,1,0,0,12.0029296875,0,0,0,0
5,SCFG,378.0185546875,0,,0,0,0,1,0,0,2,3,1,0,1,0,0,17.6455078125,0,0,0,0
5,SCFG,384.646484375,0,,0,0,0,1,0,0,0,3,1,0,1,0,0,24.2734375,0,0,0,0
5,SCFG,390.6728515625,0,,0,0,0,1,0,0,0,3,0,0,1,0,0,30.2998046875,0,0,0,0
5,SCFG,397.400390625,0,,0,0,0,1,0,0,0,3,0,0,2,0,0,37.02734375,0,0,0,0
5,SCFG,403.77734375,0,,1,0,0,1,0,0,0,3,0,0,1,0,0,43.404296875,0,0,0,0
5,SCFG,409.486328125,0,,1,0,0,1,0,0,0,3,1,0,1,0,0,49.11328125,0,1,0,0
5,SCFG,414.578125,0,,0,0,0,1,0,0,0,3,1,0,1,0,0,54.205078125,0,0,0,0
5,SCFG,421.322265625,0,,1,0,0,1,0,0,0,3,1,0,1,0,0,60.0,0,1,0,0
5,SCFG,427.8330078125,0,,1,0,0,1,0,0,2,3,0,0,1,0,0,5.2587890625,2,0,0,0
5,SCFG,434.3427734375,0,,0,0,0,1,0,0,2,3,0,0,1,0,0,11.7685546875,0,0,0,0
5,SCFG,440.9375,0,,0,0,0,1,0,0,2,3,0,0,1,0,0,18.36328125,0,0,0,0
5,SCFG,446.1953125,0,,0,0,0,1,0,0,0,3,0,0,1,0,0,23.62109375,0,0,0,0
5,SCFG,452.021484375,0,,0,0,0,1,0,0,0,3,0,0,1,0,0,29.447265625,0,0,0,0
5,SCFG,458.3818359375,0,,0,0,0,1,0,0,0,3,0,0,1,0,0,35.8076171875,0,0,0,0
5,SCFG,464.6591796875,0,,1,0,0,1,0,0,0,3,0,0,1,1,0,42.0849609375,0,0,0,0
5,SCFG,470.501953125,0,,0,0,0,1,0,0,2,3,0,0,1,1,0,5.2919921875,0,0,0,0
5,SCFG,475.9609375,0,,0,0,0,1,0,0,2,3,0,0,1,1,0,10.7509765625,0,0,0,0
5,SCFG,481.76953125,0,,0,0,0,1,0,0,2,3,0,1,1,1,0,16.5595703125,0,0,0,0
5,SCFG,486.978515625,0,,0,0,0,1,0,0,1,2,2,3,1,2,0,0.2001953125,0,0,0,0
5,SCFG,492.13671875,0,,0,0,0,1,0,0,2,1,3,3,1,2,0,0.150390625,0,0,0,0
5,SCFG,497.51171875,0,,0,0,0,1,0,0,2,1,5,3,0,2,0,5.525390625,0,0,0,0
5,SCFG,503.97265625,0,,0,0,0,1,0,0,2,2,8,1,0,1,0,11.986328125,0,0,0,0
5,SCFG,509.1640625,0,,0,0,0,1,0,0,1,3,7,0,0,0,0,17.177734375,0,0,0,0
5,SCFG,514.6728515625,0,,0,0,0,1,0,0,0,3,6,0,0,1,0,22.6865234375,0,0,0,0
5,SCFG,519.9482421875,0,,0,0,0,1,0,0,0,3,6,0,0,1,0,27.9619140625,0,0,0,0
5,SCFG,525.3740234375,0,,0,0,0,1,0,0,0,3,7,0,0,1,0,33.3876953125,0,0,0,0
5,SCFG,531.6171875,0,,0,0,0,1,0,0,0,3,5,0,0,1,0,39.630859375,0,0,0,0
5,SCFG,538.1279296875,0,,0,0,0,1,0,0,0,3,5,0,0,0,0,46.1416015625,0,0,0,0
5,SCFG,543.8369140625,0,,0,0,0,1,0,0,0,3,6,0,0,1,0,51.8505859375,0,0,0,0
5,SCFG,549.1953125,0,,0,0,0,1,0,0,0,3,5,0,0,1,0,57.208984375,0,0,0,0
5,SCFG,555.95703125,0,,0,0,0,1,0,0,0,3,4,0,0,2,0,60.0,0,0,0,0
5,SCFG,562.701171875,0,,0,0,0,1,0,0,0,3,1,0,1,1,0,60.0,0,0,0,0
5,SCFG,569.3447265625,0,,0,0,0,1,0,0,0,3,0,0,1,1,0,60.0,0,0,0,0
5,SCFG,574.5029296875,0,,0,0,0,1,0,0,0,3,0,0,1,0,0,60.0,0,0,0,0
5,SCFG,580.1787109375,0,,0,0,0,1,0,0,0,3,0,0,1,0,0,60.0,0,0,0,0
5,SCFG,586.7900390625,0,,1,0,0,1,0,0,0,3,0,0,1,0,0,60.0,0,0,0,0
5,SCFG,593.1337890625,0,,0,0,0,1,0,0,2,3,0,0,1,0,0,5.642578125,0,0,0,0
5,SCFG,599.3271484375,0,,0,0,0,1,0,0,2,3,0,0,1,0,0,11.8359375,0,0,0,0
5,SCFG,604.65234375,0,,1,0,0,1,0,0,2,3,0,0,1,0,0,17.1611328125,2,0,0,0
5,SCFG,609.994140625,0,,1,0,0,1,0,0,2,3,0,0,1,0,0,4.791015625,2,0,0,0
5,SCFG,615.603515625,0,,0,0,0,1,0,0,2,3,0,0,1,0,0,10.400390625,0,0,0,0
5,SCFG,620.7783203125,0,,0,0,0,1,0,0,2,3,0,0,1,0,0,15.5751953125,0,0,0,0
5,SCFG,627.10546875,0,,0,0,0,1,0,0,0,3,0,0,1,0,0,21.90234375,0,0,0,0
5,SCFG,634.033203125,0,,0,0,0,1,0,0,0,3,0,0,1,0,0,28.830078125,0,0,0,0
5,SCFG,640.4599609375,0,,1,0,0,1,0,0,0,3,0,0,1,0,0,35.2568359375,0,0,0,0
5,SCFG,647.087890625,0,,0,0,0,1,0,0,0,3,0,0,1,0,0,41.884765625,0,0,0,0
5,SCFG,652.1953125,0,,0,0,0,1,0,0,0,3,0,0,1,0,0,46.9921875,0,0,0,0
5,SCFG,658.505859375,0,,1,0,0,1,0,0,0,3,0,0,1,0,0,53.302734375,0,0,0,0
5,SCFG,664.298828125,0,,0,0,0,1,0,0,0,3,0,0,1,0,0,59.095703125,0,0,0,0
5,SCFG,670.1748046875,0,,0,0,0,1,0,0,0,3,0,0,1,0,0,60.0,0,0,0,0
5,SCFG,675.7001953125,0,,0,0,0,1,0,0,0,3,0,0,1,0,0,60.0,0,0,0,0
5,SCFG,682.3115234375,0,,0,0,0,1,0,0,0,3,0,0,1,0,0,60.0,0,0,0,0
5,SCFG,688.404296875,0,,0,0,0,1,0,0,0,3,0,0,1,0,0,60.0,0,0,0,0
5,SCFG,694.23046875,0,,0,0,0,1,0,0,0,3,0,0,2,0,0,60.0,0,0,0,0
5,SCFG,699.3720703125,0,,0,0,0,1,0,0,0,3,0,0,1,0,0,60.0,0,0,0,0
5,SCFG,705.849609375,0,,0,0,0,1,0,0,0,3,0,0,1,0,0,60.0,0,0,0,0
5,SCFG,712.6435546875,0,,0,0,0,1,0,0,0,3,0,0,1,0,0,60.0,0,0,0,0
5,SCFG,718.8203125,0,,0,0,0,1,0,0,0,3,0,0,1,0,0,60.0,0,0,0,0
5,SCFG,724.2119140625,0,,0,0,0,1,0,0,0,3,1,0,1,0,0,60.0,0,0,0,0
5,SCFG,730.755859375,0,,1,0,0,1,0,0,0,3,1,0,1,0,0,60.0,0,1,0,0
5,SCFG,737.0498046875,0,,0,0,0,1,0,0,0,3,2,0,0,0,0,60.0,0,0,0,0
5,SCFG,743.3095703125,0,,0,0,0,1,0,0,0,3,3,0,0,0,0,60.0,0,0,0,0
5,SCFG,750.00390625,0,,0,0,0,1,0,0,0,3,4,0,0,0,0,60.0,0,0,0,0
5,SCFG,755.896484375,0,,0,0,0,1,0,0,0,3,4,0,0,0,0,60.0,0,0,0,0
5,SCFG,761.3056640625,0,,0,0,0,1,0,0,0,3,3,0,0,0,0,60.0,0,0,0,0
5,SCFG,767.8662109375,0,,0,0,0,1,0,0,0,3,2,0,0,1,0,60.0,0,0,0,0
5,SCFG,773.2412109375,0,,0,0,0,1,0,0,0,3,4,0,0,2,0,60.0,0,0,0,0
5,SCFG,779.05078125,0,,1,0,0,1,0,0,0,3,6,0,0,2,0,60.0,0,6,0,0
5,SCFG,786.0791015625,0,,1,0,0,1,0,0,2,3,6,0,0,2,0,6.16015625,2,6,0,0
5,SCFG,791.8046875,0,,0,0,0,1,0,0,2,3,5,0,0,1,0,11.8857421875,0,0,0,0
5,SCFG,797.0966796875,0,,0,0,0,1,0,0,2,3,3,0,0,1,0,17.177734375,0,0,0,0
5,SCFG,802.5390625,0,,0,0,0,1,0,0,2,3,1,0,0,2,0,4.6572265625,0,0,0,0
5,SCFG,807.6806640625,0,,0,0,0,1,0,0,2,3,1,0,1,1,0,9.798828125,0,0,0,0
5,SCFG,813.9912109375,0,,0,0,0,1,0,0,2,3,1,0,1,1,0,16.109375,0,0,0,0
5,SCFG,819.599609375,0,,0,0,0,1,0,0,0,3,0,0,1,1,0,21.7177734375,0,0,0,0
5,SCFG,826.3271484375,0,,0,0,0,1,0,0,0,3,0,0,1,0,0,28.4453125,0,0,0,0
5,SCFG,832.62109375,0,,0,0,0,1,0,0,0,3,0,0,1,0,0,34.7392578125,0,0,0,0
5,SCFG,838.6142578125,0,,0,0,0,1,0,0,0,3,0,0,1,0,0,40.732421875,0,0,0,0
5,SCFG,843.7060546875,0,,1,0,0,1,0,0,0,3,0,0,2,0,0,45.82421875,0,0,0,0
5,SCFG,848.947265625,0,,0,0,0,1,0,0,0,3,0,0,1,0,0,51.0654296875,0,0,0,0
5,SCFG,855.224609375,0,,0,0,0,1,0,0,0,3,1,0,1,1,0,57.3427734375,0,0,0,0
5,SCFG,860.7333984375,0,,0,0,0,1,0,0,0,3,2,0,1,1,0,60.0,0,0,0,0
5,SCMM,43.6953125,0,,0,0,0,0,0,1,0,0,0,2,0,0,0,60.0,0,0,0,0
5,SCMM,49.640625,0,,0,0,0,0,0,1,0,1,0,4,1,0,0,60.0,0,0,0,0
5,SCMM,55.5009765625,0,,0,0,0,0,0,1,0,2,0,5,1,0,0,60.0,0,0,0,0
5,SCMM,62.314453125,0,,0,0,0,0,0,1,0,3,1,6,1,0,0,60.0,0,0,0,0
5,SCMM,67.974609375,0,,1,0,0,0,0,1,0,3,2,4,1,0,0,60.0,0,6,0,0
5,SCMM,75.0048828125,0,,0,0,0,0,0,1,2,3,2,2,1,0,0,6.3955078125,0,0,0,0
5,SCMM,80.732421875,0,,0,0,0,0,0,1,2,3,3,0,1,0,0,12.123046875,0,0,0,0
5,SCMM,86.9267578125,0,,1,0,0,0,0,1,2,3,2,1,1,0,0,18.3173828125,2,3,0,0
5,SCMM,92.837890625,0,,0,0,0,0,0,1,0,3,2,3,1,0,0,24.228515625,0,0,0,0
5,SCMM,99.767578125,0,,0,0,0,0,0,1,0,3,0,5,1,0,0,31.158203125,0,0,0,0
5,SCMM,106.36328125,0,,0,0,0,0,0,1,0,3,1,6,1,0,0,37.75390625,0,0,0,0
5,SCMM,112.474609375,0,,0,0,0,0,0,1,0,3,3,6,1,0,0,43.865234375,0,0,0,0
5,SCMM,118.736328125,0,,0,0,0,0,0,1,1,2,3,6,1,0,0,1.251953125,0,0,0,0
5,SCMM,124.1806640625,0,,1,0,0,0,0,1,1,2,3,5,1,0,0,6.6962890625,1,8,0,0
5,SCMM,130.275390625,0,,0,0,0,0,0,1,1,2,1,5,1,0,0,12.791015625,0,0,0,0
5,SCMM,135.7685546875,0,,0,0,0,0,0,1,1,3,1,5,1,0,0,18.2841796875,0,0,0,0
5,SCMM,141.5126953125,0,,0,0,0,0,0,1,0,3,1,3,1,0,0,24.0283203125,0,0,0,0
5,SCMM,147.5908203125,0,,0,0,0,0,0,1,0,3,0,2,1,0,0,30.1064453125,0,0,0,0
5,SCMM,153.0009765625,0,,0,0,0,0,0,1,0,3,0,2,1,0,0,35.5166015625,0,0,0,0
5,SCMM,158.6953125,0,,0,0,0,0,0,1,0,3,0,2,1,0,0,41.2109375,0,0,0,0
5,SCMM,163.9716796875,0,,0,0,0,0,0,1,0,3,0,2,1,0,0,46.4873046875,0,0,0,0
5,SCMM,170.150390625,0,,0,0,0,0,0,1,0,3,0,0,1,0,0,52.666015625,0,0,0,0
5,SCMM,176.7626953125,0,,1,0,0,0,0,1,0,3,0,0,1,0,0,59.2783203125,0,0,0,0
5,SCMM,182.8740234375,0,,0,0,0,0,0,1,0,3,0,0,1,0,0,60.0,0,0,0,0
5,SCMM,189.369140625,0,,0,0,0,0,0,1,0,3,0,0,1,0,0,60.0,0,0,0,0
5,SCMM,195.5810546875,0,,0,0,0,0,0,1,0,3,0,0,1,0,0,60.0,0,0,0,0
5,SCMM,200.9580078125,0,,0,0,0,0,0,1,0,3,0,0,1,0,0,60.0,0,0,0,0
5,SCMM,206.318359375,0,,1,0,0,0,0,1,0,3,0,0,1,0,0,60.0,0,0,0,0
5,SCMM,212.9306640625,0,,0,0,0,0,0,1,0,3,0,0,1,0,0,60.0,0,0,0,0
5,SCMM,218.0732421875,0,,0,0,0,0,0,1,0,3,0,0,1,0,0,60.0,0,0,0,0
5,SCMM,224.0849609375,0,,0,0,0,0,0,1,0,3,0,1,1,0,0,60.0,0,0,0,0
5,SCMM,231.1142578125,0,,1,0,0,0,0,1,0,3,0,2,1,0,0,60.0,0,2,0,0
5,SCMM,236.92578125,0,,0,0,0,0,0,1,0,3,2,2,1,0,0,60.0,0,0,0,0
5,SCMM,243.6552734375,0,,0,0,0,0,0,1,0,3,4,4,1,0,0,60.0,0,0,0,0
5,SCMM,249.3828125,0,,0,0,0,0,0,1,0,3,4,4,1,0,0,60.0,0,0,0,0
5,SCMM,256.345703125,0,,0,0,0,0,0,1,0,3,3,5,1,0,0,60.0,0,0,0,0
5,SCMM,263.091796875,0,,0,0,0,0,0,1,0,3,0,3,1,0,0,60.0,0,0,0,0
5,SCMM,269.2197265625,0,,0,0,0,0,0,1,0,3,0,1,1,0,0,60.0,0,0,0,0
5,SCMM,274.5458984375,0,,0,0,0,0,0,1,0,3,0,0,1,0,0,60.0,0,0,0,0
5,SCMM,279.7392578125,0,,0,0,0,0,0,1,0,3,0,0,1,0,0,60.0,0,0,0,0
5,SCMM,286.3515625,0,,0,0,0,0,0,1,0,3,0,1,1,0,0,60.0,0,0,0,0
5,SCMM,291.6787109375,0,,0,0,0,0,0,1,0,3,0,2,1,0,0,60.0,0,0,0,0
5,SCMM,296.8720703125,0,,0,0,0,0,0,1,0,3,0,2,1,0,0,60.0,0,0,0,0
5,SCMM,302.248046875,0,,0,0,0,0,0,1,0,3,0,2,1,0,0,60.0,0,0,0,0
5,SCMM,307.4912109375,0,,0,0,0,0,0,1,0,3,0,1,1,0,0,60.0,0,0,0,0
5,SCMM,314.37109375,0,,0,0,0,0,0,1,0,3,0,0,1,0,0,60.0,0,0,0,0
5,SCMM,319.8818359375,0,,0,0,0,0,0,1,0,3,1,0,1,0,0,60.0,0,0,0,0
5,SCMM,326.6611328125,0,,1,0,0,0,0,1,0,3,1,0,1,0,0,60.0,0,1,0,0
5,SCMM,332.5224609375,0,,0,0,0,0,0,1,0,3,1,0,1,0,0,60.0,0,0,0,0
5,SCMM,338.951171875,0,,1,0,0,0,0,1,0,3,0,0,1,0,0,60.0,0,0,0,0
5,SCMM,344.8955078125,0,,0,0,0,0,0,1,0,3,0,0,1,0,0,60.0,0,0,0,0
5,SCMM,350.83984375,0,,0,0,0,0,0,1,0,3,0,1,1,0,0,60.0,0,0,0,0
5,SCMM,356.583984375,0,,0,0,0,0,0,1,0,3,0,3,1,0,0,60.0,0,0,0,0
5,SCMM,362.244140625,0,,0,0,0,0,0,1,1,2,0,3,1,0,0,0.650390625,0,0,0,0
5,SCMM,367.771484375,0,,0,0,0,0,0,1,1,2,0,3,1,0,0,6.177734375,0,0,0,0
5,SCMM,374.5673828125,0,,0,0,0,0,0,1,1,2,0,1,1,0,0,12.9736328125,0,0,0,0
5,SCMM,380.3115234375,0,,0,0,0,0,0,1,1,3,0,0,1,0,0,18.7177734375,0,0,0,0
5,SCMM,386.2568359375,0,,0,0,0,0,0,1,0,3,0,0,1,0,0,24.6630859375,0,0,0,0
5,SCMM,392.1669921875,0,,0,0,0,0,0,1,0,3,0,0,1,0,0,30.5732421875,0,0,0,0
5,SCMM,398.5791015625,0,,1,0,0,0,0,1,0,3,1,0,1,0,0,36.9853515625,0,1,0,0
5,SCMM,404.056640625,0,,1,0,0,0,0,1,0,3,1,0,0,0,0,42.462890625,0,1,0,0
5,SCMM,410.384765625,0,,1,0,0,0,0,1,0,3,3,1,0,0,0,48.791015625,0,4,0,0
5,SCMM,417.365234375,0,,0,0,0,0,0,1,0,3,4,1,0,0,0,55.771484375,0,0,0,0
5,SCMM,422.6748046875,0,,0,0,0,0,0,1,0,3,3,1,0,0,0,60.0,0,0,0,0
5,SCMM,428.185546875,0,,0,0,0,0,0,1,0,3,3,1,0,0,0,60.0,0,0,0,0
5,SCMM,434.73046875,0,,0,0,0,0,0,1,0,3,2,0,0,0,0,60.0,0,0,0,0
5,SCMM,440.4248046875,0,,0,0,0,0,0,1,0,3,2,0,0,0,0,60.0,0,0,0,0
5,SCMM,445.7685546875,0,,0,0,0,0,0,1,0,3,3,0,0,0,0,60.0,0,0,0,0
5,SCMM,451.01171875,0,,0,0,0,0,0,1,2,3,1,0,0,0,0,4.591796875,0,0,0,0
5,SCMM,456.9228515625,0,,1,0,0,0,0,1,2,3,1,0,0,0,0,10.5029296875,2,1,0,0
5,SCMM,462.232421875,0,,0,0,0,0,0,1,2,3,2,0,0,0,0,15.8125,0,0,0,0
5,SCMM,468.376953125,0,,0,0,0,0,0,1,0,3,2,0,0,0,0,21.95703125,0,0,0,0
5,SCMM,474.0380859375,1,0.9853515625,1,0,0,0,0,1,0,3,2,0,1,0,0,27.6181640625,0,2,0,0
5,SCMM,479.5986328125,0,,0,0,0,0,0,1,2,2,4,2,1,0,1,4.9091796875,0,0,0,0
5,SCMM,485.5263671875,0,,0,0,0,0,0,1,2,2,2,4,1,0,1,10.8369140625,0,0,0,0
5,SCMM,490.6357421875,0,,0,0,0,0,0,1,2,2,2,6,2,0,1,15.9462890625,0,0,0,0
5,SCMM,496.5634765625,0,,0,0,0,0,0,1,0,3,2,5,1,0,1,21.8740234375,0,0,0,0
5,SCMM,503.1591796875,0,,0,0,0,0,0,1,0,3,3,3,1,0,1,28.4697265625,0,0,0,0
5,SCMM,508.5029296875,0,,0,0,0,0,0,1,0,3,3,1,1,0,1,33.8134765625,0,0,0,0
5,SCMM,514.53125,0,,0,0,0,0,0,1,0,3,4,0,1,0,1,39.841796875,0,0,0,0
5,SCMM,521.259765625,0,,1,0,0,0,0,1,0,3,2,1,1,0,1,46.5703125,0,3,0,0
5,SCMM,526.537109375,0,,0,0,0,0,0,1,0,3,2,3,1,0,1,51.84765625,0,0,0,0
5,SCMM,531.712890625,1,0.9521484375,1,0,0,0,0,1,0,3,1,3,1,0,1,57.0234375,0,4,0,0
5,SCMM,536.97265625,0,,0,0,0,0,0,1,2,3,1,3,1,0,1,4.625,0,0,0,0
5,SCMM,542.5,0,,0,0,0,0,0,1,3,3,0,2,1,0,1,4.8427734375,0,0,0,0
5,SCMM,548.8955078125,0,,0,0,0,0,0,1,3,3,0,0,1,0,1,11.23828125,0,0,0,0
5,SCMM,554.3388671875,0,,0,0,0,0,0,1,1,3,0,0,1,0,1,16.681640625,0,0,0,0
5,SCMM,560.701171875,0,,0,0,0,0,0,1,0,3,1,0,1,0,1,23.0439453125,0,0,0,0
5,SCMM,567.2294921875,0,,0,0,0,0,0,1,0,3,2,0,1,0,1,29.572265625,0,0,0,0
5,SCMM,572.9072265625,0,,0,0,0,0,0,1,0,3,2,1,1,0,1,35.25,0,0,0,0
5,SCMM,579.185546875,0,,0,0,0,0,0,1,0,3,2,3,1,0,1,41.5283203125,0,0,0,0
5,SCMM,585.6982421875,0,,0,0,0,0,0,1,0,3,2,5,1,0,1,48.041015625,0,0,0,0
5,SCMM,592.27734375,0,,0,0,0,0,0,1,0,3,3,6,1,0,1,54.6201171875,0,0,0,0
5,SCMM,598.4384765625,0,,0,0,0,0,0,1,0,3,5,5,1,0,0,60.0,0,0,0,0
5,SCMM,604.6005859375,0,,0,0,0,0,0,1,0,3,5,3,1,0,0,60.0,0,0,0,0
5,SCMM,609.91015625,0,,0,0,0,0,0,1,0,3,3,1,1,0,0,60.0,0,0,0,0
5,SCMM,615.771484375,0,,0,0,0,0,0,1,0,3,2,0,1,0,0,60.0,0,0,0,0
5,SCMM,621.5986328125,0,,0,0,0,0,0,1,0,3,1,0,1,0,0,60.0,0,0,0,0
5,SCMM,626.8583984375,0,,0,0,0,0,0,1,0,3,1,0,1,0,0,60.0,0,0,0,0
5,SCMM,632.068359375,0,,0,0,0,0,0,1,0,3,1,0,1,0,0,60.0,0,0,0,0
5,SCMM,638.3466796875,0,,0,0,0,0,0,1,0,3,2,0,1,0,0,60.0,0,0,0,0
5,SCMM,643.4736328125,0,,0,0,0,0,0,1,0,3,1,1,1,0,0,60.0,0,0,0,0
5,SCMM,648.7998046875,0,,0,0,0,0,0,1,0,3,2,2,1,0,0,60.0,0,0,0,0
5,SCMM,655.3623046875,0,,0,0,0,0,0,1,0,3,2,2,0,0,0,60.0,0,0,0,0
5,SCMM,662.2255859375,0,,0,0,0,0,0,1,0,3,3,1,0,0,0,60.0,0,0,0,0
5,SCMM,667.9189453125,0,,0,0,0,0,0,1,0,3,3,0,0,0,0,60.0,0,0,0,0
5,SCMM,674.5986328125,0,,0,0,0,0,0,1,0,3,2,0,0,0,0,60.0,0,0,0,0
5,SCMM,680.7763671875,0,,1,0,0,0,0,1,0,3,0,0,0,0,0,60.0,0,0,0,0
5,SCMM,687.623046875,0,,0,0,0,0,0,1,2,3,2,0,0,0,0,6.3115234375,0,0,0,0
5,SCMM,694.65234375,0,,1,0,0,0,0,1,2,3,2,0,0,0,0,13.3408203125,2,2,0,0
5,SCMM,700.3466796875,0,,0,0,0,0,0,1,2,3,3,0,0,0,0,19.03515625,0,0,0,0
5,SCMM,706.8427734375,0,,0,0,0,0,0,1,0,3,3,0,0,0,0,25.53125,0,0,0,0
5,SCMM,712.5029296875,0,,0,0,0,0,0,1,0,3,2,0,0,0,0,31.19140625,0,0,0,0
5,SCMM,718.8984375,0,,1,0,0,0,0,1,0,3,2,0,1,0,0,37.5869140625,0,2,0,0
5,SCMM,724.4091796875,0,,0,0,0,0,0,1,2,2,3,1,1,0,0,4.525390625,0,0,0,0
5,SCMM,730.6708984375,0,,0,0,0,0,0,1,2,2,2,1,1,0,0,10.787109375,0,0,0,0
5,SCMM,737.31640625,0,,0,0,0,0,0,1,2,2,2,3,2,0,0,17.4326171875,0,0,0,0
5,SCMM,743.9453125,0,,1,0,0,0,0,1,0,3,0,4,1,0,0,24.0615234375,0,4,0,0
5,SCMM,749.021484375,1,1.0185546875,1,0,0,0,0,1,2,3,1,5,1,0,0,4.5078125,2,6,0,0
5,SCMM,754.8994140625,0,,0,0,0,0,0,1,4,4,1,4,1,0,1,5.3095703125,0,0,0,0
5,SCMM,760.59375,0,,0,0,0,0,0,1,4,4,1,2,1,0,1,11.00390625,0,0,0,0
5,SCMM,765.703125,0,,1,0,0,0,0,1,2,4,1,0,1,0,1,16.11328125,2,1,0,0
5,SCSB,19.7578125,0,,0,0,1,0,1,0,0,0,0,1,0,0,0,60.0,0,0,0,1
5,SCSB,25.2353515625,0,,0,0,1,0,1,0,0,1,0,2,0,0,0,60.0,0,0,0,2
5,SCSB,32.0146484375,0,,0,0,1,0,1,0,0,2,0,4,1,1,0,60.0,0,0,0,4
5,SCSB,38.2265625,0,,0,0,1,0,1,0,0,3,2,6,1,1,0,60.0,0,0,0,8
5,SCSB,43.552734375,0,,0,0,1,0,1,0,0,3,2,6,1,1,0,60.0,0,0,0,8
5,SCSB,48.779296875,0,,0,0,1,0,1,0,0,3,2,4,1,1,0,60.0,0,0,0,6
5,SCSB,54.2236328125,0,,0,0,1,0,1,0,0,3,1,2,1,0,0,60.0,0,0,0,3
5,SCSB,60.90234375,0,,1,0,1,0,1,0,0,3,0,0,1,0,0,60.0,0,0,0,0
5,SCSB,66.5966796875,0,,0,0,1,0,1,0,2,3,0,0,2,0,0,5.0595703125,0,0,2,0
5,SCSB,72.140625,0,,0,0,1,0,1,0,2,3,0,0,1,0,0,10.603515625,0,0,2,0
5,SCSB,78.1513671875,0,,0,0,1,0,1,0,2,3,0,0,1,0,0,16.6142578125,0,0,2,0
5,SCSB,83.9794921875,0,,0,0,1,0,1,0,0,3,0,0,1,0,0,22.4423828125,0,0,0,0
5,SCSB,89.0888671875,0,,0,0,1,0,1,0,0,3,0,0,1,0,0,27.5517578125,0,0,0,0
5,SCSB,95.2509765625,0,,0,0,1,0,1,0,0,3,1,0,1,0,0,33.7138671875,0,0,0,1
5,SCSB,100.8447265625,0,,0,0,1,0,1,0,0,3,1,0,1,0,0,39.3076171875,0,0,0,1
5,SCSB,106.00390625,0,,0,0,1,0,1,0,0,3,2,0,1,0,0,44.466796875,0,0,0,2
5,SCSB,111.9658203125,0,,0,0,1,0,1,0,0,3,1,1,1,0,0,50.4287109375,0,0,0,2
5,SCSB,117.4423828125,0,,0,0,1,0,1,0,0,3,1,2,1,1,0,55.9052734375,0,0,0,3
5,SCSB,124.35546875,0,,0,0,1,0,1,0,0,3,0,4,1,1,0,60.0,0,0,0,4
5,SCSB,130.734375,0,,0,0,1,0,1,0,0,3,0,4,1,2,0,60.0,0,0,0,4
5,SCSB,136.26171875,0,,0,0,1,0,1,0,0,3,0,2,1,1,0,60.0,0,0,0,2
5,SCSB,142.255859375,0,,0,0,1,0,1,0,0,3,0,0,1,1,0,60.0,0,0,0,0
5,SCSB,147.482421875,0,,1,0,1,0,1,0,0,3,0,0,1,0,0,60.0,0,0,0,0
5,SCSB,152.8759765625,0,,0,0,1,0,1,0,0,3,0,0,1,0,0,60.0,0,0,0,0
5,SCSB,158.9208984375,0,,0,0,1,0,1,0,0,3,0,0,1,0,0,60.0,0,0,0,0
5,SCSB,164.064453125,0,,0,0,1,0,1,0,0,3,0,0,1,0,0,60.0,0,0,0,0
5,SCSB,171.0439453125,0,,0,0,1,0,1,0,0,3,0,0,1,0,0,60.0,0,0,0,0
5,SCSB,177.65625,0,,1,0,1,0,1,0,0,3,1,0,1,0,0,60.0,0,1,0,1
5,SCSB,184.3525390625,0,,0,0,1,0,1,0,2,3,1,0,1,0,0,6.111328125,0,0,2,1
5,SCSB,190.11328125,0,,0,0,1,0,1,0,2,3,1,0,1,0,0,11.8720703125,0,0,2,1
5,SCSB,196.591796875,0,,0,0,1,0,1,0,2,3,1,0,1,0,0,18.3505859375,0,0,2,1
5,SCSB,202.7705078125,0,,0,0,1,0,1,0,0,3,2,0,1,0,0,24.529296875,0,0,0,2
5,SCSB,208.1142578125,0,,0,0,1,0,1,0,0,3,2,0,1,0,0,29.873046875,0,0,0,2
5,SCSB,214.17578125,0,,0,0,1,0,1,0,0,3,1,2,1,1,0,35.9345703125,0,0,0,3
5,SCSB,220.203125,0,,1,0,1,0,1,0,1,2,1,4,1,1,0,1.0185546875,1,5,1,5
5,SCSB,225.8642578125,0,,1,0,1,0,1,0,1,2,2,5,1,2,0,6.6796875,1,7,1,7
5,SCSB,231.6923828125,0,,1,0,1,0,1,0,3,1,2,4,1,2,0,4.9267578125,3,6,3,6
5,SCSB,237.4697265625,0,,0,0,1,0,1,0,3,2,1,2,1,1,0,10.7041015625,0,0,3,3
5,SCSB,244.1826171875,0,,0,0,1,0,1,0,2,2,0,0,1,0,0,17.4169921875,0,0,2,0
5,SCSB,249.55859375,1,0.78515625,1,0,1,0,1,0,0,3,0,1,1,1,0,22.79296875,0,1,0,1
5,SCSB,255.537109375,0,,0,0,1,0,1,0,2,3,0,2,1,1,1,5.41015625,0,0,2,2
5,SCSB,261.615234375,0,,0,0,1,0,1,0,2,3,0,2,2,2,1,11.48828125,0,0,2,2
5,SCSB,267.29296875,0,,0,0,1,0,1,0,2,3,0,2,1,1,1,17.166015625,0,0,2,2
5,SCSB,273.955078125,0,,0,0,1,0,1,0,0,3,0,0,1,1,1,23.828125,0,0,0,0
5,SCSB,279.6494140625,0,,0,0,1,0,1,0,0,3,0,0,1,1,1,29.5224609375,0,0,0,0
5,SCSB,286.228515625,0,,0,0,1,0,1,0,0,3,0,0,1,0,1,36.1015625,0,0,0,0
5,SCSB,291.3876953125,0,,1,0,1,0,1,0,0,3,0,0,1,0,1,41.2607421875,0,0,0,0
5,SCSB,297.5498046875,0,,0,0,1,0,1,0,2,3,1,0,1,0,1,5.52734375,0,0,2,1
5,SCSB,303.8447265625,0,,0,0,1,0,1,0,2,3,1,0,1,0,1,11.822265625,0,0,2,1
5,SCSB,309.7392578125,0,,0,0,1,0,1,0,2,3,1,0,1,0,1,17.716796875,0,0,2,1
5,SCSB,316.619140625,0,,0,0,1,0,1,0,0,3,1,0,1,0,0,24.5966796875,0,0,0,1
5,SCSB,323.0810546875,0,,0,0,1,0,1,0,0,3,1,0,1,0,0,31.05859375,0,0,0,1
5,SCSB,329.2763671875,0,,0,0,1,0,1,0,0,3,1,0,1,0,0,37.25390625,0,0,0,1
5,SCSB,335.2041015625,0,,1,0,1,0,1,0,0,3,0,0,1,0,0,43.181640625,0,0,0,0
5,SCSB,341.68359375,0,,0,0,1,0,1,0,2,3,3,0,1,0,0,5.912109375,0,0,2,3
5,SCSB,347.5107421875,0,,0,0,1,0,1,0,4,3,4,0,1,1,0,5.16015625,0,0,4,4
5,SCSB,353.9228515625,0,,0,0,1,0,1,0,4,3,7,0,1,1,0,11.572265625,0,0,4,7
5,SCSB,360.1015625,0,,1,0,1,0,1,0,2,3,8,1,1,1,0,17.7509765625,2,9,2,9
5,SCSB,365.6455078125,0,,0,0,1,0,1,0,0,3,6,1,0,2,0,23.294921875,0,0,0,7
5,SCSG,42.0693359375,0,,0,0,0,0,1,0,0,0,1,1,0,0,0,60.0,0,0,0,0
5,SCSG,48.3134765625,0,,0,0,0,0,1,0,2,1,1,3,1,0,0,5.4091796875,0,0,0,0
5,SCSG,53.4892578125,0,,0,0,0,0,1,0,2,2,2,5,1,1,0,10.5849609375,0,0,0,0
5,SCSG,58.7158203125,0,,0,0,0,0,1,0,2,3,3,7,1,1,0,15.8115234375,0,0,0,0
5,SCSG,64.5263671875,0,,0,0,0,0,1,0,0,3,3,7,1,1,0,21.6220703125,0,0,0,0
5,SCSG,69.7685546875,0,,0,0,0,0,1,0,0,3,3,5,1,1,0,26.8642578125,0,0,0,0
5,SCSG,76.5146484375,0,,1,0,0,0,1,0,0,3,1,4,1,1,0,33.6103515625,0,5,0,0
5,SCSG,82.4921875,0,,0,0,0,0,1,0,2,3,0,4,1,1,0,5.3935546875,0,0,0,0
5,SCSG,89.3544921875,0,,1,0,0,0,1,0,2,3,1,4,1,1,0,12.255859375,2,5,0,0
5,SCSG,96.2998046875,0,,0,0,0,0,1,0,4,2,2,3,1,0,0,6.177734375,0,0,0,0
5,SCSG,101.9931640625,0,,1,0,0,0,1,0,2,2,3,2,1,0,0,11.87109375,2,5,0,0
5,SCSG,108.7724609375,0,,0,0,0,0,1,0,2,2,3,0,1,0,0,18.650390625,0,0,0,0
5,SCSG,115.41796875,0,,0,0,0,0,1,0,0,3,2,2,1,0,0,25.2958984375,0,0,0,0
5,SCSG,121.62890625,0,,0,0,0,0,1,0,0,3,2,4,1,0,0,31.5068359375,0,0,0,0
5,SCSG,127.9736328125,0,,0,0,0,0,1,0,0,3,3,4,1,1,0,37.8515625,0,0,0,0
5,SCSG,134.134765625,0,,0,0,0,0,1,0,0,3,4,3,1,1,0,44.0126953125,0,0,0,0
5,SCSG,139.39453125,0,,0,0,0,0,1,0,0,3,3,1,1,1,0,49.2724609375,0,0,0,0
5,SCSG,145.1875,0,,0,0,0,0,1,0,0,3,2,0,1,1,0,55.0654296875,0,0,0,0
5,SCSG,150.564453125,0,,0,0,0,0,1,0,0,3,2,0,1,0,0,60.0,0,0,0,0
5,SCSG,155.857421875,0,,0,0,0,0,1,0,0,3,0,0,1,0,0,60.0,0,0,0,0
5,SCSG,160.9658203125,0,,0,0,0,0,1,0,0,3,1,0,1,0,0,60.0,0,0,0,0
5,SCSG,166.0087890625,0,,0,0,0,0,1,0,0,3,1,0,1,0,0,60.0,0,0,0,0
5,SCSG,172.1025390625,0,,0,0,0,0,1,0,0,3,1,0,1,1,0,60.0,0,0,0,0
5,SCSG,179.1318359375,0,,0,0,0,0,1,0,0,3,0,0,1,1,0,60.0,0,0,0,0
5,SCSG,184.375,0,,0,0,0,0,1,0,0,3,0,0,1,1,0,60.0,0,0,0,0
5,SCSG,191.287109375,0,,0,0,0,0,1,0,0,3,0,0,1,0,0,60.0,0,0,0,0
5,SCSG,197.0810546875,0,,0,0,0,0,1,0,0,3,2,0,1,0,0,60.0,0,0,0,0
5,SCSG,203.025390625,0,,0,0,0,0,1,0,0,3,2,0,1,0,0,60.0,0,0,0,0
5,SCSG,208.3349609375,0,,0,0,0,0,1,0,0,3,2,0,1,0,0,60.0,0,0,0,0
5,SCSG,214.3623046875,0,,1,0,0,0,1,0,0,3,2,0,1,0,0,60.0,0,2,0,0
5,SCSG,220.1396484375,0,,0,0,0,0,1,0,2,3,3,0,1,0,0,5.076171875,0,0,0,0
5,SCSG,226.033203125,0,,0,0,0,0,1,0,2,3,4,0,1,0,0,10.9697265625,0,0,0,0
5,SCSG,232.662109375,0,,0,0,0,0,1,0,2,3,4,0,1,0,0,17.5986328125,0,0,0,0
5,SCSG,239.69140625,0,,0,0,0,0,1,0,0,3,3,1,1,0,0,24.6279296875,0,0,0,0
5,SCSG,246.38671875,0,,0,0,0,0,1,0,0,3,2,3,1,0,0,31.3232421875,0,0,0,0
5,SCSG,252.53125,0,,0,0,0,0,1,0,2,2,1,5,1,0,0,5.34375,0,0,0,0
5,SCSG,257.6904296875,0,,0,0,0,0,1,0,2,2,1,7,1,0,0,10.5029296875,0,0,0,0
5,SCSG,263.583984375,0,,0,0,0,0,1,0,2,2,0,5,1,0,0,16.396484375,0,0,0,0
5,SCSG,269.87890625,0,,0,0,0,0,1,0,0,3,0,3,1,0,0,22.69140625,0,0,0,0
5,SCSG,275.2880859375,0,,1,0,0,0,1,0,0,3,2,1,1,0,0,28.1005859375,0,3,0,0
5,SCSG,280.5478515625,0,,0,0,0,0,1,0,2,3,2,0,1,0,0,4.55859375,0,0,0,0
5,SCSG,286.2080078125,0,,0,0,0,0,1,0,2,3,2,0,1,0,0,10.21875,0,0,0,0
5,SCSG,292.76953125,0,,0,0,0,0,1,0,2,3,1,1,1,0,0,16.7802734375,0,0,0,0
5,SCSG,299.03125,0,,0,0,0,0,1,0,0,3,0,1,1,0,0,23.0419921875,0,0,0,0
5,SCSG,304.5576171875,0,,0,0,0,0,1,0,0,3,0,1,2,0,0,28.568359375,0,0,0,0
5,SCSG,309.7001953125,0,,1,0,0,0,1,0,0,3,1,0,1,1,0,33.7109375,0,1,0,0
5,SCSG,315.09375,0,,1,0,0,0,1,0,2,3,1,0,1,1,0,4.7587890625,2,1,0,0
5,SCSG,320.552734375,0,,0,0,0,0,1,0,2,3,1,0,1,1,0,10.2177734375,0,0,0,0
5,SCSG,325.9462890625,0,,0,0,0,0,1,0,2,3,1,0,1,1,0,15.611328125,0,0,0,0
5,SCSG,331.7568359375,0,,0,0,0,0,1,0,0,3,0,0,1,0,0,21.421875,0,0,0,0
5,SCSG,337.25,0,,1,0,0,0,1,0,0,3,1,0,1,0,0,26.9150390625,0,1,0,0
5,SCSG,344.1123046875,0,,0,0,0,0,1,0,2,3,1,0,1,0,0,6.2109375,0,0,0,0
5,SCSG,349.9228515625,0,,0,0,0,0,1,0,2,3,1,0,1,0,0,12.021484375,0,0,0,0
5,SCSG,355.9169921875,0,,0,0,0,0,1,0,2,3,0,0,1,1,0,18.015625,0,0,0,0
5,SCSG,361.7939453125,0,,0,0,0,0,1,0,0,3,0,0,2,1,0,23.892578125,0,0,0,0
5,SCSG,367.62109375,0,,0,0,0,0,1,0,0,3,1,1,1,1,0,29.7197265625,0,0,0,0
5,SCSG,374.2158203125,0,,0,0,0,0,1,0,0,3,2,1,1,0,0,36.314453125,0,0,0,0
5,SCSG,379.2587890625,0,,0,0,0,0,1,0,0,3,3,1,1,0,0,41.357421875,0,0,0,0
5,SCSG,385.9375,0,,0,0,0,0,1,0,0,3,3,1,0,0,0,48.0361328125,0,0,0,0
5,SCSG,392.548828125,0,,0,0,0,0,1,0,0,3,3,1,0,0,0,54.6474609375,0,0,0,0
5,SCSG,398.54296875,0,,0,0,0,0,1,0,0,3,2,1,0,1,0,60.0,0,0,0,0
5,SCSG,405.35546875,0,,0,0,0,0,1,0,0,3,2,0,0,1,0,60.0,0,0,0,0
5,SCSG,411.7001953125,0,,0,0,0,0,1,0,0,3,1,0,0,1,0,60.0,0,0,0,0
5,SCSG,416.79296875,0,,0,0,0,0,1,0,0,3,2,0,0,1,0,60.0,0,0,0,0
5,SCSG,423.73828125,0,,0,0,0,0,1,0,0,3,1,0,0,0,0,60.0,0,0,0,0
5,SCSG,428.9150390625,0,,0,0,0,0,1,0,0,3,1,0,0,0,0,60.0,0,0,0,0
5,SCSG,435.3095703125,0,,0,0,0,0,1,0,0,3,0,0,0,0,0,60.0,0,0,0,0
5,SCSG,441.7373046875,0,,0,0,0,0,1,0,0,3,0,0,0,0,0,60.0,0,0,0,0
5,SCSG,447.0302734375,0,,0,0,0,0,1,0,0,3,0,0,1,0,0,60.0,0,0,0,0
5,SCSG,453.943359375,0,,0,0,0,0,1,0,1,2,1,1,1,1,0,1.904296875,0,0,0,0
5,SCSG,460.3046875,0,,0,0,0,0,1,0,1,2,1,3,1,1,0,8.265625,0,0,0,0
5,SCSG,466.515625,0,,0,0,0,0,1,0,1,2,1,3,1,1,0,14.4765625,0,0,0,0
5,SCSG,473.5283203125,0,,1,0,0,0,1,0,0,3,0,2,1,0,0,21.4892578125,0,2,0,0
5,SCSG,479.97265625,0,,0,0,0,0,1,0,0,3,0,0,1,1,0,27.93359375,0,0,0,0
5,SCSG,486.4013671875,0,,0,0,0,0,1,0,0,3,1,0,1,1,0,34.3623046875,0,0,0,0
5,SCSG,492.7294921875,0,,0,0,0,0,1,0,0,3,3,0,1,1,0,40.6904296875,0,0,0,0
5,SCSG,497.921875,0,,0,0,0,0,1,0,0,3,3,0,1,0,0,45.8828125,0,0,0,0
5,SCSG,503.982421875,0,,0,0,0,0,1,0,0,3,3,0,1,0,0,51.943359375,0,0,0,0
5,SCSG,510.177734375,0,,0,0,0,0,1,0,1,2,1,1,1,1,0,1.185546875,0,0,0,0
5,SCSG,516.7392578125,0,,0,0,0,0,1,0,1,2,0,1,1,1,0,7.7470703125,0,0,0,0
5,SCSG,522.8505859375,0,,0,0,0,0,1,0,1,2,0,1,2,2,0,13.8583984375,0,0,0,0
5,SCSG,528.927734375,0,,0,0,0,0,1,0,1,3,0,0,1,1,0,19.935546875,0,0,0,0
5,SCSG,534.00390625,0,,1,0,0,0,1,0,0,3,1,0,1,1,0,25.01171875,0,1,0,0
5,SCSG,540.6826171875,0,,0,0,0,0,1,0,3,3,1,0,1,1,0,5.8271484375,0,0,0,0
5,SCSG,545.724609375,0,,0,0,0,0,1,0,3,3,1,0,1,0,0,10.869140625,0,0,0,0
5,SCSG,552.0361328125,0,,0,0,0,0,1,0,3,3,0,0,1,0,0,17.1806640625,0,0,0,0
5,SCSG,559.0654296875,0,,0,0,0,0,1,0,0,3,1,0,1,0,0,24.2099609375,0,0,0,0
5,SCSG,565.4931640625,0,,0,0,0,0,1,0,0,3,1,0,1,0,0,30.6376953125,0,0,0,0
5,SCSG,570.6357421875,0,,0,0,0,0,1,0,0,3,2,0,1,0,0,35.7802734375,0,0,0,0
5,SCSG,576.212890625,0,,0,0,0,0,1,0,0,3,2,0,1,0,0,41.357421875,0,0,0,0
5,SCSG,582.8076171875,0,,0,0,0,0,1,0,0,3,2,0,1,0,0,47.9521484375,0,0,0,0
5,SCSG,588.751953125,0,,0,0,0,0,1,0,0,3,1,0,1,0,0,53.896484375,0,0,0,0
5,SCSG,594.896484375,0,,0,0,0,0,1,0,0,3,1,0,1,0,0,60.0,0,0,0,0
5,SCSG,601.3408203125,0,,1,0,0,0,1,0,0,3,1,0,1,0,0,60.0,0,1,0,0
5,SCSG,606.9677734375,0,,0,0,0,0,1,0,0,3,1,0,1,0,0,60.0,0,0,0,0
5,SCSG,613.029296875,0,,0,0,0,0,1,0,0,3,0,0,1,0,0,60.0,0,0,0,0
5,SCSG,619.0068359375,0,,0,0,0,0,1,0,0,3,0,0,1,1,0,60.0,0,0,0,0
5,SCSG,625.2177734375,0,,1,0,0,0,1,0,0,3,3,0,0,1,0,60.0,0,3,0,0
5,SCSG,630.34375,0,,0,0,0,0,1,0,0,3,4,0,0,1,0,60.0,0,0,0,0
5,SCSG,635.3857421875,0,,1,0,0,0,1,0,0,3,6,1,0,1,0,60.0,0,7,0,0
5,SCSG,641.763671875,0,,0,0,0,0,1,0,0,3,5,1,0,1,0,60.0,0,0,0,0
5,SCSG,648.6259765625,0,,0,0,0,0,1,0,0,3,5,1,0,1,0,60.0,0,0,0,0
5,SCSG,654.302734375,0,,0,0,0,0,1,0,0,3,6,0,0,2,0,60.0,0,0,0,0
5,SCSG,659.4794921875,0,,0,0,0,0,1,0,0,3,3,0,0,1,0,60.0,0,0,0,0
5,SCSG,664.7548828125,0,,0,0,0,0,1,0,0,3,2,0,0,1,0,60.0,0,0,0,0
5,SCSG,670.0986328125,0,,0,0,0,0,1,0,0,3,1,0,0,1,0,60.0,0,0,0,0
5,SCSG,675.32421875,0,,0,0,0,0,1,0,0,3,1,0,0,0,0,60.0,0,0,0,0
5,SCSG,681.318359375,0,,0,0,0,0,1,0,0,3,1,0,0,0,0,60.0,0,0,0,0
5,SCSG,686.5615234375,0,,0,0,0,0,1,0,0,3,1,0,0,1,0,60.0,0,0,0,0
5,SCSG,693.5068359375,0,,0,0,0,0,1,0,0,3,2,0,1,1,0,60.0,0,0,0,0
5,SCSG,698.849609375,0,,0,0,0,0,1,0,0,3,3,0,1,1,0,60.0,0,0,0,0
5,SCSG,705.87890625,0,,0,0,0,0,1,0,0,3,4,0,1,0,0,60.0,0,0,0,0
5,SCSG,712.6416015625,0,,1,0,0,0,1,0,0,3,3,0,1,0,0,60.0,0,3,0,0
5,SCSG,719.537109375,0,,0,0,0,0,1,0,2,3,0,0,1,0,0,6.26171875,0,0,0,0
5,SCSG,726.31640625,0,,0,0,0,0,1,0,2,3,0,0,1,0,0,13.041015625,0,0,0,0
5,SCSG,731.67578125,0,,0,0,0,0,1,0,2,3,0,1,1,1,0,18.400390625,0,0,0,0
5,SCSG,737.1357421875,0,,0,0,0,0,1,0,0,3,0,1,1,1,0,23.8603515625,0,0,0,0
6,SCFB,35.3603515625,0,,0,0,1,1,0,0,0,0,0,1,0,1,0,60.0,0,0,0,1
6,SCFB,41.50390625,0,,0,0,1,1,0,0,0,1,2,1,1,1,0,60.0,0,0,0,3
6,SCFB,47.462890625,0,,0,0,1,1,0,0,0,2,2,1,1,1,0,60.0,0,0,0,3
6,SCFB,52.537109375,0,,0,0,1,1,0,0,0,3,4,0,1,1,0,60.0,0,0,0,4
6,SCFB,58.24609375,0,,0,0,1,1,0,0,0,3,3,0,1,0,0,60.0,0,0,0,3
6,SCFB,64.689453125,0,,0,0,1,1,0,0,0,3,2,0,1,0,0,60.0,0,0,0,2
6,SCFB,71.2333984375,0,,0,0,1,1,0,0,0,3,0,0,1,0,0,60.0,0,0,0,0
6,SCFB,76.32421875,0,,0,0,1,1,0,0,0,3,0,0,1,0,0,60.0,0,0,0,0
6,SCFB,82.216796875,0,,0,0,1,1,0,0,0,3,0,0,1,0,0,60.0,0,0,0,0
6,SCFB,88.6435546875,0,,0,0,1,1,0,0,0,3,0,1,1,1,0,60.0,0,0,0,1
6,SCFB,93.869140625,1,0.767578125,1,0,1,1,0,0,0,3,0,3,1,1,0,60.0,0,3,0,3
6,SCFB,99.861328125,0,,0,0,1,1,0,0,2,2,0,3,2,2,1,5.55859375,0,0,2,3
6,SCFB,106.822265625,0,,0,0,1,1,0,0,2,2,2,2,1,2,1,12.51953125,0,0,2,4
6,SCFB,113.81640625,0,,0,0,1,1,0,0,2,2,3,0,1,2,1,19.513671875,0,0,2,3
6,SCFB,119.05859375,0,,0,0,1,1,0,0,0,3,3,0,1,3,1,24.755859375,0,0,0,3
6,SCFB,125.634765625,0,,0,0,1,1,0,0,0,3,2,0,1,2,1,31.33203125,0,0,0,2
6,SCFB,131.0263671875,0,,0,0,1,1,0,0,0,3,0,0,1,1,1,36.7236328125,0,0,0,0
6,SCFB,137.052734375,0,,0,0,1,1,0,0,0,3,0,0,1,1,1,42.75,0,0,0,0
6,SCFB,142.87890625,0,,0,0,1,1,0,0,0,3,0,0,1,0,1,48.576171875,0,0,0,0
6,SCFB,148.537109375,0,,0,0,1,1,0,0,0,3,0,0,1,0,1,54.234375,0,0,0,0
6,SCFB,155.0810546875,0,,0,0,1,1,0,0,0,3,0,0,1,0,0,60.0,0,0,0,0
6,SCFB,162.025390625,0,,0,0,1,1,0,0,0,3,0,0,1,0,0,60.0,0,0,0,0
6,SCFB,167.5009765625,0,,1,0,1,1,0,0,0,3,0,1,1,1,0,60.0,0,1,0,1
6,SCFB,174.2275390625,0,,0,0,1,1,0,0,0,3,0,1,1,1,0,60.0,0,0,0,1
6,SCFB,181.1884765625,0,,1,0,1,1,0,0,0,3,0,1,1,2,0,60.0,0,1,0,1
6,SCFB,186.947265625,0,,0,0,1,1,0,0,2,3,1,0,1,1,0,5.2412109375,0,0,2,1
6,SCFB,193.625,0,,0,0,1,1,0,0,2,3,2,0,1,2,0,11.9189453125,0,0,2,2
6,SCFB,199.1669921875,0,,0,0,1,1,0,0,2,3,2,0,1,1,0,17.4609375,0,0,2,2
6,SCFB,205.994140625,0,,0,0,1,1,0,0,0,3,2,0,1,2,0,24.2880859375,0,0,0,2
6,SCFB,212.4541015625,0,,1,0,1,1,0,0,0,3,1,0,1,1,0,30.748046875,0,1,0,1
6,SCFB,217.5458984375,0,,0,0,1,1,0,0,2,3,1,0,1,1,0,4.607421875,0,0,2,1
6,SCFB,222.6201171875,0,,0,0,1,1,0,0,2,3,1,0,1,1,0,9.681640625,0,0,2,1
6,SCFB,229.3310546875,0,,0,0,1,1,0,0,2,3,0,0,1,0,0,16.392578125,0,0,2,0
6,SCFB,235.9912109375,0,,0,0,1,1,0,0,0,3,0,0,1,0,0,23.052734375,0,0,0,0
6,SCFB,241.81640625,0,,0,0,1,1,0,0,0,3,0,0,1,0,0,28.8779296875,0,0,0,0
6,SCFB,248.5107421875,0,,1,0,1,1,0,0,0,3,2,0,1,1,0,35.572265625,0,2,0,2
6,SCFB,255.037109375,0,,0,0,1,1,0,0,0,3,3,0,1,1,0,42.0986328125,0,0,0,3
6,SCFB,261.197265625,0,,0,0,1,1,0,0,0,3,3,0,1,2,0,48.2587890625,0,0,0,3
6,SCFB,266.638671875,0,,0,0,1,1,0,0,2,3,3,2,1,2,0,4.890625,0,0,2,5
6,SCFB,272.3310546875,0,,0,0,1,1,0,0,2,3,2,3,1,2,0,10.5830078125,0,0,2,5
6,SCFB,278.4736328125,0,,1,0,1,1,0,0,2,3,2,3,2,2,0,16.7255859375,2,5,2,5
6,SCFB,285.267578125,0,,0,0,1,1,0,0,2,3,0,2,1,0,0,6.1923828125,0,0,2,2
6,SCFB,292.0283203125,0,,0,0,1,1,0,0,2,3,0,0,1,0,0,12.953125,0,0,2,0
6,SCFB,297.7880859375,0,,0,0,1,1,0,0,2,3,0,0,0,0,0,18.712890625,0,0,2,0
6,SCFB,304.0478515625,0,,0,0,1,1,0,0,0,3,0,0,1,0,0,24.97265625,0,0,0,0
6,SCFB,310.2568359375,0,,0,0,1,1,0,0,0,3,2,0,1,1,0,31.181640625,0,0,0,2
6,SCFB,317.234375,0,,0,0,1,1,0,0,0,3,2,0,1,1,0,38.1591796875,0,0,0,2
6,SCFB,322.42578125,0,,0,0,1,1,0,0,0,3,2,1,1,2,0,43.3505859375,0,0,0,3
6,SCFB,327.701171875,0,,0,0,1,1,0,0,0,3,1,1,1,2,0,48.6259765625,0,0,0,2
6,SCFB,333.66015625,0,,0,0,1,1,0,0,0,3,0,1,1,2,0,54.5849609375,0,0,0,1
6,SCFB,338.7685546875,0,,0,0,1,1,0,0,0,3,0,1,1,2,0,59.693359375,0,0,0,1
6,SCFB,345.5625,0,,1,0,1,1,0,0,0,3,0,0,1,1,0,60.0,0,0,0,0
6,SCFB,351.5712890625,0,,0,0,1,1,0,0,2,3,1,0,1,1,0,5.2578125,0,0,2,1
6,SCFB,358.181640625,0,,0,0,1,1,0,0,2,3,1,0,1,1,0,11.8681640625,0,0,2,1
6,SCFB,363.9912109375,0,,0,0,1,1,0,0,2,3,1,0,1,1,0,17.677734375,0,0,2,1
6,SCFB,369.2158203125,0,,0,0,1,1,0,0,0,3,1,0,1,0,0,22.90234375,0,0,0,1
6,SCFB,374.8583984375,0,,0,0,1,1,0,0,0,3,0,0,1,0,0,28.544921875,0,0,0,0
6,SCFB,380.4501953125,0,,0,0,1,1,0,0,0,3,1,0,0,0,0,34.13671875,0,0,0,1
6,SCFB,386.7763671875,0,,0,0,1,1,0,0,0,3,1,0,0,0,0,40.462890625,0,0,0,1
6,SCFB,393.169921875,0,,0,0,1,1,0,0,0,3,1,0,0,0,0,46.8564453125,0,0,0,1
6,SCFB,400.130859375,0,,0,0,1,1,0,0,0,3,0,0,0,0,0,53.8173828125,0,0,0,0
6,SCFB,405.5732421875,0,,0,0,1,1,0,0,0,3,0,0,0,0,0,59.259765625,0,0,0,0
6,SCFB,412.0166015625,0,,0,0,1,1,0,0,0,3,0,0,0,0,0,60.0,0,0,0,0
6,SCFB,418.109375,0,,0,0,1,1,0,0,0,3,0,0,0,0,0,60.0,0,0,0,0
6,SCFB,425.1201171875,0,,0,0,1,1,0,0,0,3,2,0,0,1,0,60.0,0,0,0,2
6,SCFB,430.8955078125,0,,0,0,1,1,0,0,0,3,3,1,0,2,0,60.0,0,0,0,4
6,SCFB,437.806640625,0,,0,0,1,1,0,0,0,3,3,1,0,2,0,60.0,0,0,0,4
6,SCFB,443.2314453125,0,,0,0,1,1,0,0,0,3,1,1,0,2,0,60.0,0,0,0,2
6,SCFB,449.775390625,0,,0,0,1,1,0,0,0,3,1,1,1,1,0,60.0,0,0,0,2
6,SCFB,456.185546875,0,,0,0,1,1,0,0,0,3,2,0,1,1,0,60.0,0,0,0,2
6,SCFB,462.6787109375,0,,0,0,1,1,0,0,0,3,2,0,1,1,0,60.0,0,0,0,2
6,SCFB,468.5380859375,0,,1,0,1,1,0,0,0,3,2,1,1,1,0,60.0,0,3,0,3
6,SCFB,475.3818359375,0,,0,0,1,1,0,0,2,3,0,1,1,2,0,6.2265625,0,0,2,1
6,SCFB,481.041015625,0,,0,0,1,1,0,0,2,3,0,1,1,3,0,11.8857421875,0,0,2,1
6,SCFB,486.7998046875,0,,1,0,1,1,0,0,2,3,0,1,1,3,0,17.64453125,2,1,2,1
6,SCFB,492.0751953125,0,,0,0,1,1,0,0,2,2,1,0,1,2,0,4.3408203125,0,0,2,1
6,SCFB,498.7353515625,0,,0,0,1,1,0,0,2,2,1,0,1,1,0,11.0009765625,0,0,2,1
6,SCFB,504.310546875,0,,1,0,1,1,0,0,2,2,1,0,1,0,0,16.576171875,2,1,2,1
6,SCFB,509.40234375,0,,1,0,1,1,0,0,0,3,1,0,1,0,0,21.66796875,0,1,0,1
6,SCFB,515.1103515625,0,,1,0,1,1,0,0,0,3,0,0,1,0,0,27.3759765625,0,0,0,0
6,SCFB,520.9697265625,0,,0,0,1,1,0,0,2,2,0,0,1,1,0,5.1240234375,0,0,2,0
6,SCFB,527.7802734375,0,,0,0,1,1,0,0,2,2,0,0,1,1,0,11.9345703125,0,0,2,0
6,SCFB,533.1552734375,0,,0,0,1,1,0,0,2,2,0,2,1,2,0,17.3095703125,0,0,2,2
6,SCFB,538.197265625,0,,0,0,1,1,0,0,0,3,0,3,1,1,0,22.3515625,0,0,0,3
6,SCFB,543.671875,0,,0,0,1,1,0,0,0,3,0,3,2,1,0,27.826171875,0,0,0,3
6,SCFB,549.4306640625,0,,0,0,1,1,0,0,0,3,1,2,1,2,0,33.5849609375,0,0,0,3
6,SCFB,555.6904296875,0,,0,0,1,1,0,0,1,2,2,0,1,2,0,1.251953125,0,0,1,2
6,SCFB,561.466796875,0,,1,0,1,1,0,0,1,2,2,0,1,2,0,7.0283203125,1,2,1,2
6,SCFB,567.79296875,0,,0,0,1,1,0,0,3,1,2,0,1,1,0,5.658203125,0,0,3,2
6,SCFB,573.384765625,0,,0,0,1,1,0,0,3,2,0,0,1,1,0,11.25,0,0,3,0
6,SCFB,578.9443359375,0,,0,0,1,1,0,0,2,2,0,0,1,1,0,16.8095703125,0,0,2,0
6,SCFB,584.0185546875,0,,0,0,1,1,0,0,0,3,0,0,1,1,0,21.8837890625,0,0,0,0
6,SCFB,589.4775390625,0,,1,0,1,1,0,0,0,3,0,0,1,1,0,27.3427734375,0,0,0,0
6,SCFB,594.6181640625,0,,1,0,1,1,0,0,0,3,0,0,1,0,0,32.4833984375,0,0,0,0
6,SCFB,601.1455078125,0,,0,0,1,1,0,0,0,3,0,0,1,0,0,39.0107421875,0,0,0,0
6,SCFB,607.23828125,0,,0,0,1,1,0,0,0,3,0,0,1,0,0,45.103515625,0,0,0,0
6,SCFB,612.5634765625,0,,0,0,1,1,0,0,0,3,0,0,1,0,0,50.4287109375,0,0,0,0
6,SCFB,619.1572265625,0,,0,0,1,1,0,0,0,3,0,0,1,0,0,57.0224609375,0,0,0,0
6,SCFB,625.767578125,0,,0,0,1,1,0,0,0,3,0,0,1,0,0,60.0,0,0,0,0
6,SCFB,631.2421875,0,,0,0,1,1,0,0,0,3,0,0,1,0,0,60.0,0,0,0,0
6,SCFB,636.7841796875,0,,0,0,1,1,0,0,0,3,1,0,1,1,0,60.0,0,0,0,1
6,SCFB,642.77734375,0,,1,0,1,1,0,0,0,3,1,1,0,1,0,60.0,0,2,0,2
6,SCFB,647.8681640625,0,,0,0,1,1,0,0,2,3,1,1,0,1,0,4.373046875,0,0,2,2
6,SCFB,653.9111328125,0,,0,0,1,1,0,0,4,3,0,1,0,0,0,5.341796875,0,0,4,1
6,SCFB,660.0537109375,0,,0,0,1,1,0,0,4,3,0,1,0,0,0,11.484375,0,0,4,1
6,SCFB,665.279296875,0,,0,0,1,1,0,0,2,3,0,0,0,0,0,16.7099609375,0,0,2,0
6,SCFB,670.470703125,0,,1,0,1,1,0,0,0,3,0,0,0,0,0,21.9013671875,0,0,0,0
6,SCFB,677.248046875,0,,0,0,1,1,0,0,0,3,0,0,0,0,0,28.6787109375,0,0,0,0
6,SCFB,682.5390625,0,,0,0,1,1,0,0,0,3,0,0,0,0,0,33.9697265625,0,0,0,0
6,SCFB,689.2333984375,0,,0,0,1,1,0,0,0,3,1,0,0,0,0,40.6640625,0,0,0,1
6,SCFB,694.8251953125,0,,0,0,1,1,0,0,0,3,1,0,0,0,0,46.255859375,0,0,0,1
6,SCFB,701.28515625,0,,1,0,1,1,0,0,0,3,1,0,0,0,0,52.7158203125,0,1,0,1
6,SCFB,707.9619140625,0,,1,0,1,1,0,0,2,3,0,0,1,0,0,6.05859375,2,0,2,0
6,SCFB,713.5546875,0,,1,0,1,1,0,0,2,3,0,0,1,0,0,11.6513671875,2,0,2,0
6,SCFB,719.0126953125,0,,0,0,1,1,0,0,4,3,0,0,1,0,0,4.9072265625,0,0,4,0
6,SCFB,724.0712890625,0,,0,0,1,1,0,0,2,3,1,0,2,2,0,9.9658203125,0,0,2,1
6,SCFB,730.78125,0,,0,0,1,1,0,0,2,3,1,0,1,2,0,16.67578125,0,0,2,1
6,SCFB,736.8408203125,0,,0,0,1,1,0,0,0,3,2,0,1,2,0,22.7353515625,0,0,0,2
6,SCFB,743.6015625,0,,0,0,1,1,0,0,0,3,1,0,1,1,0,29.49609375,0,0,0,1
6,SCFB,750.6123046875,0,,0,0,1,1,0,0,0,3,1,0,1,1,0,36.5068359375,0,0,0,1
6,SCFG,44.4638671875,0,,0,0,0,1,0,0,0,0,0,2,0,0,0,60.0,0,0,0,0
6,SCFG,50.8076171875,0,,0,0,0,1,0,0,2,0,0,4,1,1,0,5.208984375,0,0,0,0
6,SCFG,56.3662109375,0,,0,0,0,1,0,0,2,1,0,4,1,1,0,10.767578125,0,0,0,0
6,SCFG,63.294921875,0,,0,0,0,1,0,0,2,2,0,2,1,1,0,17.6962890625,0,0,0,0
6,SCFG,69.9892578125,0,,0,0,0,1,0,0,0,3,0,0,1,1,0,24.390625,0,0,0,0
6,SCFG,76.75,0,,0,0,0,1,0,0,0,3,0,0,1,0,0,31.1513671875,0,0,0,0
6,SCFG,82.3759765625,0,,0,0,0,1,0,0,0,3,1,0,1,0,0,36.77734375,0,0,0,0
6,SCFG,88.3525390625,0,,0,0,0,1,0,0,0,3,1,0,0,0,0,42.75390625,0,0,0,0
6,SCFG,93.9287109375,0,,0,0,0,1,0,0,0,3,1,0,1,0,0,48.330078125,0,0,0,0
6,SCFG,100.6728515625,0,,1,0,0,1,0,0,0,3,0,0,1,0,0,55.07421875,0,0,0,0
6,SCFG,106.1318359375,0,,1,0,0,1,0,0,2,3,0,0,1,0,0,4.875,2,0,0,0
6,SCFG,111.3740234375,0,,1,0,0,1,0,0,4,2,0,0,1,0,0,4.423828125,4,0,0,0
6,SCFG,117.1162109375,0,,1,0,0,1,0,0,6,1,0,0,1,0,0,4.9248046875,6,0,0,0
6,SCFG,123.7275390625,0,,0,0,0,1,0,0,4,1,0,0,1,0,0,11.5361328125,0,0,0,0
6,SCFG,130.60546875,0,,0,0,0,1,0,0,2,2,0,0,1,0,0,18.4140625,0,0,0,0
6,SCFG,137.2333984375,0,,0,0,0,1,0,0,0,3,0,0,1,0,0,25.0419921875,0,0,0,0
6,SCFG,142.5087890625,0,,0,0,0,1,0,0,0,3,0,0,1,0,0,30.3173828125,0,0,0,0
6,SCFG,148.8525390625,0,,0,0,0,1,0,0,0,3,0,0,1,0,0,36.6611328125,0,0,0,0
6,SCFG,155.1796875,0,,0,0,0,1,0,0,0,3,0,0,1,0,0,42.98828125,0,0,0,0
6,SCFG,161.556640625,0,,0,0,0,1,0,0,0,3,0,0,1,0,0,49.365234375,0,0,0,0
6,SCFG,167.900390625,0,,0,0,0,1,0,0,0,3,0,0,1,0,0,55.708984375,0,0,0,0
6,SCFG,174.09375,0,,0,0,0,1,0,0,0,3,0,0,1,0,0,60.0,0,0,0,0
6,SCFG,180.037109375,0,,0,0,0,1,0,0,0,3,0,0,1,0,0,60.0,0,0,0,0
6,SCFG,185.9970703125,0,,0,0,0,1,0,0,0,3,0,0,2,0,0,60.0,0,0,0,0
6,SCFG,192.0400390625,0,,0,0,0,1,0,0,0,3,0,0,1,0,0,60.0,0,0,0,0
6,SCFG,197.3486328125,0,,1,0,0,1,0,0,0,3,0,0,1,0,0,60.0,0,0,0,0
6,SCFG,202.8740234375,0,,0,0,0,1,0,0,2,3,0,0,1,0,0,4.974609375,0,0,0,0
6,SCFG,208.4833984375,0,,0,0,0,1,0,0,4,3,0,0,1,0,0,4.974609375,0,0,0,0
6,SCFG,215.51171875,0,,1,0,0,1,0,0,4,3,0,0,1,0,0,12.0029296875,4,0,0,0
6,SCFG,220.7041015625,0,,0,0,0,1,0,0,4,3,1,0,1,0,0,4.5244140625,0,0,0,0
6,SCFG,227.5986328125,0,,0,0,0,1,0,0,2,3,1,0,1,0,0,11.4189453125,0,0,0,0
6,SCFG,234.626953125,0,,1,0,0,1,0,0,2,3,1,0,1,0,0,18.447265625,2,1,0,0
6,SCFG,241.3046875,0,,0,0,0,1,0,0,2,3,0,0,1,0,0,6.0771484375,0,0,0,0
6,SCFG,246.4794921875,0,,0,0,0,1,0,0,2,3,0,0,0,0,0,11.251953125,0,0,0,0
6,SCFG,251.73828125,0,,0,0,0,1,0,0,2,3,0,0,1,0,0,16.5107421875,0,0,0,0
6,SCFG,258.482421875,0,,0,0,0,1,0,0,0,3,0,0,1,0,0,23.2548828125,0,0,0,0
6,SCFG,264.458984375,0,,0,0,0,1,0,0,0,3,0,0,1,0,0,29.2314453125,0,0,0,0
6,SCFG,271.103515625,0,,0,0,0,1,0,0,0,3,0,0,1,0,0,35.8759765625,0,0,0,0
6,SCFG,277.9150390625,0,,0,0,0,1,0,0,0,3,1,0,1,0,0,42.6875,0,0,0,0
6,SCFG,284.609375,0,,0,0,0,1,0,0,0,3,1,0,1,0,0,49.3818359375,0,0,0,0
6,SCFG,289.6669921875,0,,0,0,0,1,0,0,0,3,1,0,1,0,0,54.439453125,0,0,0,0
6,SCFG,295.076171875,0,,0,0,0,1,0,0,0,3,0,0,1,0,0,59.8486328125,0,0,0,0
6,SCFG,300.5849609375,0,,0,0,0,1,0,0,0,3,0,0,1,0,0,60.0,0,0,0,0
6,SCFG,305.9111328125,0,,0,0,0,1,0,0,2,3,0,0,1,0,0,4.44140625,0,0,0,0
6,SCFG,312.37109375,0,,0,0,0,1,0,0,2,3,0,0,1,2,0,10.9013671875,0,0,0,0
6,SCFG,319.1162109375,0,,1,0,0,1,0,0,2,3,0,0,1,2,0,17.646484375,2,0,0,0
6,SCFG,325.025390625,0,,0,0,0,1,0,0,2,3,0,0,2,2,0,5.3251953125,0,0,0,0
6,SCFG,331.1025390625,0,,0,0,0,1,0,0,2,3,0,0,1,0,0,11.40234375,0,0,0,0
6,SCFG,337.9970703125,0,,0,0,0,1,0,0,2,3,0,0,1,0,0,18.296875,0,0,0,0
6,SCFG,344.541015625,0,,0,0,0,1,0,0,0,3,0,0,1,0,0,24.8408203125,0,0,0,0
6,SCFG,349.93359375,0,,0,0,0,1,0,0,0,3,0,0,1,0,0,30.2333984375,0,0,0,0
6,SCFG,356.259765625,0,,0,0,0,1,0,0,0,3,0,0,1,0,0,36.5595703125,0,0,0,0
6,SCFG,363.171875,0,,0,0,0,1,0,0,0,3,0,0,1,0,0,43.4716796875,0,0,0,0
6,SCFG,368.396484375,0,,0,0,0,1,0,0,0,3,0,0,1,0,0,48.6962890625,0,0,0,0
6,SCFG,374.6240234375,0,,0,0,0,1,0,0,0,3,1,0,1,0,0,54.923828125,0,0,0,0
6,SCFG,380.2333984375,0,,0,0,0,1,0,0,0,3,3,0,1,0,0,60.0,0,0,0,0
6,SCFG,387.2275390625,0,,0,0,0,1,0,0,0,3,5,0,0,1,0,60.0,0,0,0,0
6,SCFG,392.9375,0,,0,0,0,1,0,0,0,3,4,0,0,1,0,60.0,0,0,0,0
6,SCFG,398.0458984375,0,,0,0,0,1,0,0,0,3,3,0,0,1,0,60.0,0,0,0,0
6,SCFG,404.4560546875,0,,0,0,0,1,0,0,0,3,1,0,0,1,0,60.0,0,0,0,0
6,SCFG,409.9150390625,0,,0,0,0,1,0,0,0,3,0,0,0,1,0,60.0,0,0,0,0
6,SCFG,416.091796875,0,,0,0,0,1,0,0,0,3,2,0,0,2,0,60.0,0,0,0,0
6,SCFG,422.7861328125,0,,0,0,0,1,0,0,0,3,2,0,0,2,0,60.0,0,0,0,0
6,SCFG,429.1298828125,0,,0,0,0,1,0,0,0,3,2,0,0,1,0,60.0,0,0,0,0
6,SCFG,436.1416015625,0,,0,0,0,1,0,0,0,3,0,0,0,0,0,60.0,0,0,0,0
6,SCFG,442.919921875,0,,0,0,0,1,0,0,0,3,0,0,0,1,0,60.0,0,0,0,0
6,SCFG,449.2294921875,0,,1,0,0,1,0,0,0,3,0,0,0,1,0,60.0,0,0,0,0
6,SCFG,455.8408203125,0,,0,0,0,1,0,0,0,3,0,0,1,1,0,60.0,0,0,0,0
6,SCFG,462.7353515625,0,,0,0,0,1,0,0,0,3,1,0,1,0,0,60.0,0,0,0,0
6,SCFG,468.078125,0,,0,0,0,1,0,0,0,3,1,0,1,0,0,60.0,0,0,0,0
6,SCFG,474.97265625,0,,0,0,0,1,0,0,0,3,1,0,1,0,0,60.0,0,0,0,0
6,SCFG,481.015625,0,,0,0,0,1,0,0,0,3,0,0,1,0,0,60.0,0,0,0,0
6,SCFG,486.7919921875,0,,0,0,0,1,0,0,0,3,0,0,1,0,0,60.0,0,0,0,0
6,SCFG,493.6533203125,0,,0,0,0,1,0,0,0,3,0,0,1,0,0,60.0,0,0,0,0
6,SCFG,500.6650390625,0,,0,0,0,1,0,0,0,3,0,0,1,0,0,60.0,0,0,0,0
6,SCFG,506.173828125,0,,1,0,0,1,0,0,0,3,0,0,1,0,0,60.0,0,0,0,0
6,SCFG,512.43359375,0,,0,0,0,1,0,0,0,3,0,0,1,0,0,60.0,0,0,0,0
6,SCFG,518.4609375,0,,1,0,0,1,0,0,0,3,0,0,1,0,0,60.0,0,0,0,0
6,SCFG,523.6025390625,0,,1,0,0,1,0,0,0,3,0,0,1,0,0,60.0,0,0,0,0
6,SCFG,529.228515625,0,,0,0,0,1,0,0,2,3,0,0,1,0,0,4.7080078125,0,0,0,0
6,SCFG,535.271484375,0,,1,0,0,1,0,0,2,3,0,0,1,0,0,10.7509765625,2,0,0,0
6,SCFG,540.796875,0,,0,0,0,1,0,0,2,3,0,0,1,0,0,16.2763671875,0,0,0,0
6,SCFG,547.7919921875,0,,0,0,0,1,0,0,0,3,0,0,1,0,0,23.271484375,0,0,0,0
6,SCFG,554.8203125,0,,0,0,0,1,0,0,0,3,0,0,1,0,0,30.2998046875,0,0,0,0
6,SCFG,561.6650390625,0,,0,0,0,1,0,0,0,2,0,0,1,0,0,37.14453125,0,0,0,0
6,SCFG,567.0908203125,0,,0,0,0,1,0,0,0,3,0,0,1,0,0,42.5703125,0,0,0,0
6,SCFG,572.232421875,0,,1,0,0,1,0,0,0,3,0,0,1,0,0,47.7119140625,0,0,0,0
6,SCFG,578.2587890625,0,,0,0,0,1,0,0,2,3,0,0,1,0,0,5.3916015625,0,0,0,0
6,SCFG,584.03515625,0,,0,0,0,1,0,0,2,3,0,0,1,0,0,11.16796875,0,0,0,0
6,SCFG,590.3291015625,0,,0,0,0,1,0,0,3,2,0,0,1,0,0,1.2861328125,0,0,0,0
6,SCFG,596.021484375,0,,0,0,0,1,0,0,1,2,0,0,1,0,0,6.978515625,0,0,0,0
6,SCFG,602.6162109375,0,,0,0,0,1,0,0,1,2,0,0,1,0,0,13.5732421875,0,0,0,0
6,SCFG,609.3271484375,0,,0,0,0,1,0,0,0,3,0,0,1,0,0,20.2841796875,0,0,0,0
6,SCFG,614.71875,0,,0,0,0,1,0,0,0,3,0,0,1,0,0,25.67578125,0,0,0,0
6,SCFG,619.8779296875,0,,0,0,0,1,0,0,0,3,0,0,1,0,0,30.8349609375,0,0,0,0
6,SCFG,625.7041015625,0,,0,0,0,1,0,0,0,3,0,0,1,0,0,36.6611328125,0,0,0,0
6,SCFG,631.6298828125,0,,0,0,0,1,0,0,0,3,0,0,1,1,0,42.5869140625,0,0,0,0
6,SCFG,638.32421875,0,,0,0,0,1,0,0,0,3,0,0,1,2,0,49.28125,0,0,0,0
6,SCFG,644.9189453125,0,,0,0,0,1,0,0,0,3,0,0,2,2,0,55.8759765625,0,0,0,0
6,SCFG,650.7783203125,0,,0,0,0,1,0,0,0,3,1,0,1,1,0,60.0,0,0,0,0
6,SCFG,656.5048828125,0,,1,0,0,1,0,0,0,3,3,0,1,0,0,60.0,0,3,0,0
6,SCFG,662.34765625,0,,0,0,0,1,0,0,0,3,5,0,1,0,0,60.0,0,0,0,0
6,SCFG,668.0068359375,0,,0,0,0,1,0,0,0,3,6,0,0,0,0,60.0,0,0,0,0
6,SCFG,673.08203125,0,,0,0,0,1,0,0,0,3,4,0,0,0,0,60.0,0,0,0,0
6,SCFG,679.7255859375,0,,0,0,0,1,0,0,0,3,4,0,0,1,0,60.0,0,0,0,0
6,SCFG,686.720703125,0,,0,0,0,1,0,0,0,3,2,0,0,1,0,60.0,0,0,0,0
6,SCFG,692.880859375,0,,0,0,0,1,0,0,0,3,2,0,0,1,0,60.0,0,0,0,0
6,SCFG,698.7744140625,0,,0,0,0,1,0,0,0,3,0,0,0,0,0,60.0,0,0,0,0
6,SCFG,703.8828125,0,,0,0,0,1,0,0,0,3,0,0,0,0,0,60.0,0,0,0,0
6,SCFG,710.4765625,0,,1,0,0,1,0,0,0,3,0,0,0,0,0,60.0,0,0,0,0
6,SCFG,715.9189453125,0,,0,0,0,1,0,0,0,3,2,0,0,0,0,60.0,0,0,0,0
6,SCFG,721.7119140625,0,,0,0,0,1,0,0,0,3,2,0,0,1,0,60.0,0,0,0,0
6,SCFG,727.8720703125,0,,0,0,0,1,0,0,0,3,2,0,0,1,0,60.0,0,0,0,0
6,SCFG,733.013671875,0,,0,0,0,1,0,0,0,3,1,0,1,1,0,60.0,0,0,0,0
6,SCFG,738.22265625,0,,0,0,0,1,0,0,0,3,0,0,1,1,0,60.0,0,0,0,0
6,SCFG,745.150390625,0,,0,0,0,1,0,0,0,3,0,0,1,0,0,60.0,0,0,0,0
6,SCFG,750.54296875,0,,0,0,0,1,0,0,0,3,0,0,1,0,0,60.0,0,0,0,0
6,SCFG,756.21875,0,,0,0,0,1,0,0,0,3,0,0,1,0,0,60.0,0,0,0,0
6,SCFG,762.5458984375,0,,0,0,0,1,0,0,0,3,1,0,1,0,0,60.0,0,0,0,0
6,SCFG,769.541015625,0,,0,0,0,1,0,0,0,3,1,0,1,0,0,60.0,0,0,0,0
6,SCMM,43.587890625,0,,0,0,0,0,0,1,0,0,0,1,0,0,0,60.0,0,0,0,0
6,SCMM,50.4326171875,0,,0,0,0,0,0,1,0,1,0,4,1,0,0,60.0,0,0,0,0
6,SCMM,55.9921875,0,,0,0,0,0,0,1,0,2,0,4,1,0,0,60.0,0,0,0,0
6,SCMM,61.751953125,0,,0,0,0,0,0,1,0,3,0,3,1,0,0,60.0,0,0,0,0
6,SCMM,66.810546875,0,,0,0,0,0,0,1,0,3,0,2,1,0,0,60.0,0,0,0,0
6,SCMM,72.2861328125,0,,0,0,0,0,0,1,0,3,0,0,1,0,0,60.0,0,0,0,0
6,SCMM,78.4970703125,0,,0,0,0,0,0,1,0,3,0,0,1,0,0,60.0,0,0,0,0
6,SCMM,84.791015625,0,,1,0,0,0,0,1,0,3,0,0,1,0,0,60.0,0,0,0,0
6,SCMM,89.8994140625,0,,0,0,0,0,0,1,2,3,0,0,1,0,0,4.640625,0,0,0,0
6,SCMM,95.9599609375,0,,0,0,0,0,0,1,2,3,0,0,1,0,0,10.701171875,0,0,0,0
6,SCMM,102.1533203125,0,,0,0,0,0,0,1,2,3,0,0,1,0,0,16.89453125,0,0,0,0
6,SCMM,108.1474609375,0,,0,0,0,0,0,1,0,3,0,0,1,0,0,22.888671875,0,0,0,0
6,SCMM,113.9736328125,0,,0,0,0,0,0,1,0,3,0,0,1,0,0,28.71484375,0,0,0,0
6,SCMM,120.083984375,0,,0,0,0,0,0,1,0,3,0,0,1,0,0,34.8251953125,0,0,0,0
6,SCMM,125.443359375,0,,0,0,0,0,0,1,0,3,0,0,1,0,0,40.1845703125,0,0,0,0
6,SCMM,130.501953125,0,,0,0,0,0,0,1,0,3,0,0,1,0,0,45.2431640625,0,0,0,0
6,SCMM,137.0791015625,0,,0,0,0,0,0,1,0,3,0,1,1,0,0,51.8203125,0,0,0,0
6,SCMM,142.7060546875,0,,0,0,0,0,0,1,0,3,0,1,1,0,0,57.447265625,0,0,0,0
6,SCMM,147.7646484375,0,,0,0,0,0,0,1,0,3,0,1,2,0,0,60.0,0,0,0,0
6,SCMM,153.306640625,0,,0,0,0,0,0,1,0,3,0,0,1,0,0,60.0,0,0,0,0
6,SCMM,158.8662109375,0,,0,0,0,0,0,1,0,3,0,0,1,0,0,60.0,0,0,0,0
6,SCMM,164.876953125,0,,0,0,0,0,0,1,0,3,0,0,1,0,0,60.0,0,0,0,0
6,SCMM,170.7197265625,0,,0,0,0,0,0,1,0,3,0,0,1,0,0,60.0,0,0,0,0
6,SCMM,177.23046875,0,,0,0,0,0,0,1,0,3,0,0,1,0,0,60.0,0,0,0,0
6,SCMM,183.2080078125,0,,0,0,0,0,0,1,1,3,0,0,1,0,0,5.1923828125,0,0,0,0
6,SCMM,188.6669921875,0,,0,0,0,0,0,1,1,3,0,0,1,0,0,10.6513671875,0,0,0,0
6,SCMM,195.14453125,0,,0,0,0,0,0,1,1,3,0,0,1,0,0,17.12890625,0,0,0,0
6,SCMM,201.271484375,0,,0,0,0,0,0,1,0,3,0,0,1,0,0,23.255859375,0,0,0,0
6,SCMM,206.998046875,0,,0,0,0,0,0,1,0,3,0,0,1,0,0,28.982421875,0,0,0,0
6,SCMM,213.2421875,1,0.7841796875,1,0,0,0,0,1,0,3,0,1,1,0,0,35.2265625,0,1,0,0
6,SCMM,219.802734375,0,,0,0,0,0,0,1,2,2,1,3,1,0,1,6.009765625,0,0,0,0
6,SCMM,225.9296875,0,,0,0,0,0,0,1,2,2,1,3,1,0,1,12.13671875,0,0,0,0
6,SCMM,231.47265625,1,1.0517578125,1,0,0,0,0,1,2,2,1,3,1,0,1,17.6796875,2,4,0,0
6,SCMM,237.9169921875,0,,0,0,0,0,0,1,2,2,1,1,1,0,2,5.9765625,0,0,0,0
6,SCMM,244.177734375,0,,1,0,0,0,0,1,2,2,2,0,1,0,2,12.2373046875,2,2,0,0
6,SCMM,249.5703125,0,,0,0,0,0,0,1,4,1,2,0,1,0,2,4.7919921875,0,0,0,0
6,SCMM,256.064453125,0,,1,0,0,0,0,1,2,2,1,0,1,0,2,11.2861328125,2,1,0,0
6,SCMM,261.7236328125,0,,0,0,0,0,0,1,5,2,0,0,1,0,2,4.6240234375,0,0,0,0
6,SCMM,267.7509765625,0,,0,0,0,0,0,1,3,3,0,0,1,0,2,10.6513671875,0,0,0,0
6,SCMM,273.52734375,0,,0,0,0,0,0,1,3,3,0,0,1,0,2,16.427734375,0,0,0,0
6,SCMM,279.5205078125,0,,0,0,0,0,0,1,0,3,1,0,1,0,1,22.4208984375,0,0,0,0
6,SCMM,284.74609375,0,,0,0,0,0,0,1,0,3,1,0,1,0,1,27.646484375,0,0,0,0
6,SCMM,289.87109375,0,,1,0,0,0,0,1,0,3,1,0,1,0,1,32.771484375,0,1,0,0
6,SCMM,294.9296875,0,,0,0,0,0,0,1,2,3,0,0,1,0,0,4.541015625,0,0,0,0
6,SCMM,300.2060546875,0,,0,0,0,0,0,1,2,3,0,0,1,0,0,9.8173828125,0,0,0,0
6,SCMM,306.3828125,0,,0,0,0,0,0,1,2,3,0,0,1,0,0,15.994140625,0,0,0,0
6,SCMM,312.626953125,0,,0,0,0,0,0,1,0,3,0,1,1,0,0,22.23828125,0,0,0,0
6,SCMM,318.787109375,0,,1,0,0,0,0,1,0,3,0,1,1,0,0,28.3984375,0,1,0,0
6,SCMM,324.095703125,0,,0,0,0,0,0,1,2,2,0,1,1,0,0,4.791015625,0,0,0,0
6,SCMM,329.9560546875,0,,0,0,0,0,0,1,2,2,0,0,1,0,0,10.6513671875,0,0,0,0
6,SCMM,336.833984375,0,,0,0,0,0,0,1,2,2,1,0,1,0,0,17.529296875,0,0,0,0
6,SCMM,342.3271484375,0,,1,0,0,0,0,1,0,3,1,0,1,0,0,23.0224609375,0,1,0,0
6,SCMM,348.3876953125,0,,0,0,0,0,0,1,3,3,1,0,1,0,0,5.142578125,0,0,0,0
6,SCMM,354.7978515625,0,,0,0,0,0,0,1,3,3,1,0,1,0,0,11.552734375,0,0,0,0
6,SCMM,361.693359375,0,,0,0,0,0,0,1,3,3,0,0,1,0,0,18.4482421875,0,0,0,0
6,SCMM,367.2861328125,0,,0,0,0,0,0,1,0,3,0,0,1,0,0,24.041015625,0,0,0,0
6,SCMM,373.580078125,0,,0,0,0,0,0,1,0,3,0,0,1,0,0,30.3349609375,0,0,0,0
6,SCMM,379.255859375,0,,0,0,0,0,0,1,0,3,1,0,1,0,0,36.0107421875,0,0,0,0
6,SCMM,386.083984375,0,,1,0,0,0,0,1,0,3,1,0,0,0,0,42.8388671875,0,1,0,0
6,SCMM,392.8955078125,0,,0,0,0,0,0,1,3,3,2,0,0,0,0,5.79296875,0,0,0,0
6,SCMM,399.7578125,0,,0,0,0,0,0,1,3,3,1,0,0,0,0,12.6552734375,0,0,0,0
6,SCMM,405.7841796875,0,,0,0,0,0,0,1,3,3,1,0,0,0,0,18.681640625,0,0,0,0
6,SCMM,411.9951171875,0,,0,0,0,0,0,1,0,3,0,0,0,0,0,24.892578125,0,0,0,0
6,SCMM,417.37109375,0,,0,0,0,0,0,1,0,3,0,0,0,0,0,30.2685546875,0,0,0,0
6,SCMM,423.71484375,0,,0,0,0,0,0,1,0,3,0,0,0,0,0,36.6123046875,0,0,0,0
6,SCMM,429.4912109375,0,,0,0,0,0,0,1,0,3,0,0,0,0,0,42.388671875,0,0,0,0
6,SCMM,436.369140625,0,,0,0,0,0,0,1,0,3,1,0,0,0,0,49.2666015625,0,0,0,0
6,SCMM,442.830078125,0,,0,0,0,0,0,1,0,3,1,0,0,0,0,55.7275390625,0,0,0,0
6,SCMM,448.923828125,0,,0,0,0,0,0,1,0,3,1,0,0,0,0,60.0,0,0,0,0
6,SCMM,455.234375,0,,0,0,0,0,0,1,0,3,0,0,1,0,0,60.0,0,0,0,0
6,SCMM,461.3955078125,0,,0,0,0,0,0,1,0,3,0,0,1,0,0,60.0,0,0,0,0
6,SCMM,467.0380859375,0,,0,0,0,0,0,1,0,3,0,0,1,0,0,60.0,0,0,0,0
6,SCMM,472.9814453125,0,,1,0,0,0,0,1,0,3,0,0,2,0,0,60.0,0,0,0,0
6,SCMM,478.94140625,0,,0,0,0,0,0,1,2,3,0,0,1,0,0,5.42578125,0,0,0,0
6,SCMM,483.9833984375,0,,0,0,0,0,0,1,2,3,0,0,1,0,0,10.4677734375,0,0,0,0
6,SCMM,489.326171875,0,,0,0,0,0,0,1,2,3,0,0,1,0,0,15.810546875,0,0,0,0
6,SCMM,494.384765625,0,,0,0,0,0,0,1,0,3,0,0,1,0,0,20.869140625,0,0,0,0
6,SCMM,499.876953125,0,,0,0,0,0,0,1,0,4,0,0,1,0,0,26.361328125,0,0,0,0
6,SCMM,506.1875,0,,0,0,0,0,0,1,0,3,0,0,1,0,0,32.671875,0,0,0,0
6,SCMM,511.8642578125,0,,0,0,0,0,0,1,0,3,0,0,1,0,0,38.3486328125,0,0,0,0
6,SCMM,517.3896484375,0,,0,0,0,0,0,1,0,3,0,0,1,0,0,43.8740234375,0,0,0,0
6,SCMM,523.701171875,0,,0,0,0,0,0,1,0,3,0,0,1,0,0,50.185546875,0,0,0,0
6,SCMM,529.2265625,0,,0,0,0,0,0,1,0,3,0,0,1,0,0,55.7109375,0,0,0,0
6,SCMM,535.587890625,0,,0,0,0,0,0,1,0,3,0,0,1,0,0,60.0,0,0,0,0
6,SCMM,540.7626953125,0,,0,0,0,0,0,1,0,3,0,0,1,0,0,60.0,0,0,0,0
6,SCMM,547.20703125,0,,0,0,0,0,0,1,0,3,0,0,1,0,0,60.0,0,0,0,0
6,SCMM,553.30078125,0,,0,0,0,0,0,1,0,3,0,0,0,0,0,60.0,0,0,0,0
6,SCMM,560.1123046875,0,,0,0,0,0,0,1,0,3,0,2,1,0,0,60.0,0,0,0,0
6,SCMM,567.0576171875,0,,0,0,0,0,0,1,0,3,0,4,1,0,0,60.0,0,0,0,0
6,SCMM,572.1162109375,0,,0,0,0,0,0,1,1,3,0,4,2,0,0,4.5244140625,0,0,0,0
6,SCMM,577.2744140625,0,,0,0,0,0,0,1,1,3,0,3,1,0,0,9.6826171875,0,0,0,0
6,SCMM,582.833984375,0,,0,0,0,0,0,1,1,3,0,1,1,0,0,15.2421875,0,0,0,0
6,SCMM,588.494140625,0,,0,0,0,0,0,1,0,3,0,0,1,0,0,20.90234375,0,0,0,0
6,SCMM,595.35546875,0,,0,0,0,0,0,1,0,3,0,1,1,0,0,27.763671875,0,0,0,0
6,SCMM,600.8818359375,0,,0,0,0,0,0,1,0,3,0,2,1,0,0,33.2900390625,0,0,0,0
6,SCMM,606.607421875,0,,0,0,0,0,0,1,0,3,0,2,1,0,0,39.015625,0,0,0,0
6,SCMM,611.900390625,0,,0,0,0,0,0,1,0,3,0,2,1,0,0,44.30859375,0,0,0,0
6,SCMM,616.9755859375,0,,0,0,0,0,0,1,0,3,0,1,1,0,0,49.3837890625,0,0,0,0
6,SCMM,623.486328125,0,,0,0,0,0,0,1,0,3,0,0,1,0,0,55.89453125,0,0,0,0
6,SCMM,629.2294921875,0,,0,0,0,0,0,1,0,3,0,0,1,0,0,60.0,0,0,0,0
6,SCMM,634.85546875,0,,0,0,0,0,0,1,0,3,0,0,1,0,0,60.0,0,0,0,0
6,SCMM,640.916015625,0,,0,0,0,0,0,1,0,3,1,0,1,0,0,60.0,0,0,0,0
6,SCMM,647.52734375,0,,0,0,0,0,0,1,0,3,1,0,1,0,0,60.0,0,0,0,0
6,SCMM,653.8212890625,0,,0,0,0,0,0,1,0,3,1,0,0,0,0,60.0,0,0,0,0
6,SCMM,659.1962890625,0,,0,0,0,0,0,1,0,3,0,0,0,0,0,60.0,0,0,0,0
6,SCMM,666.05859375,0,,0,0,0,0,0,1,0,3,0,0,0,0,0,60.0,0,0,0,0
6,SCMM,671.451171875,0,,0,0,0,0,0,1,0,3,0,0,0,0,0,60.0,0,0,0,0
6,SCMM,677.912109375,0,,0,0,0,0,0,1,0,3,0,0,0,0,0,60.0,0,0,0,0
6,SCMM,684.689453125,0,,1,0,0,0,0,1,0,3,1,0,0,0,0,60.0,0,1,0,0
6,SCMM,690.8173828125,0,,1,0,0,0,0,1,2,3,1,0,0,0,0,5.4931640625,2,1,0,0
6,SCMM,697.8291015625,0,,0,0,0,0,0,1,4,3,1,0,0,0,0,6.427734375,0,0,0,0
6,SCMM,703.8056640625,0,,0,0,0,0,0,1,4,3,0,0,0,0,0,12.404296875,0,0,0,0
6,SCMM,710.400390625,0,,1,0,0,0,0,1,2,3,0,0,0,0,0,18.9990234375,2,0,0,0
6,SCMM,716.4267578125,0,,0,0,0,0,0,1,2,3,0,0,1,0,0,5.4921875,0,0,0,0
6,SCMM,723.35546875,0,,0,0,0,0,0,1,2,3,0,0,1,0,0,12.4208984375,0,0,0,0
6,SCMM,730.1171875,0,,0,0,0,0,0,1,2,3,0,0,1,0,0,19.1826171875,0,0,0,0
6,SCMM,736.6943359375,0,,0,0,0,0,0,1,0,3,0,0,1,0,0,25.759765625,0,0,0,0
6,SCMM,742.3544921875,0,,1,0,0,0,0,1,0,3,0,0,1,0,0,31.419921875,0,0,0,0
6,SCMM,748.748046875,0,,0,0,0,0,0,1,2,3,0,0,1,0,0,5.6591796875,0,0,0,0
6,SCMM,755.359375,0,,0,0,0,0,0,1,2,3,0,0,1,0,0,12.2705078125,0,0,0,0
6,SCSB,34.2763671875,0,,0,0,1,0,1,0,0,0,0,1,0,1,0,60.0,0,0,0,1
6,SCSB,40.603515625,0,,0,0,1,0,1,0,0,1,0,1,1,1,0,60.0,0,0,0,1
6,SCSB,46.7978515625,0,,0,0,1,0,1,0,0,2,1,1,1,1,0,60.0,0,0,0,2
6,SCSB,52.0234375,0,,0,0,1,0,1,0,0,3,1,0,1,0,0,60.0,0,0,0,1
6,SCSB,57.7666015625,0,,0,0,1,0,1,0,0,3,1,0,1,0,0,60.0,0,0,0,1
6,SCSB,64.14453125,0,,0,0,1,0,1,0,0,3,1,0,1,0,0,60.0,0,0,0,1
6,SCSB,70.85546875,0,,0,0,1,0,1,0,0,3,0,0,1,0,0,60.0,0,0,0,0
6,SCSB,77.333984375,0,,0,0,1,0,1,0,0,3,0,0,1,0,0,60.0,0,0,0,0
6,SCSB,83.7109375,0,,0,0,1,0,1,0,0,3,0,0,1,0,0,60.0,0,0,0,0
6,SCSB,90.1728515625,0,,1,0,1,0,1,0,0,3,0,0,1,0,0,60.0,0,0,0,0
6,SCSB,96.56640625,0,,0,0,1,0,1,0,2,2,0,0,1,0,0,5.8095703125,0,0,2,0
6,SCSB,103.26171875,0,,0,0,1,0,1,0,2,2,0,2,1,0,1,12.5048828125,0,0,2,2
6,SCSB,110.2236328125,0,,0,0,1,0,1,0,2,2,0,3,1,0,1,19.466796875,0,0,2,3
6,SCSB,116.033203125,0,,0,0,1,0,1,0,0,3,0,3,2,0,1,25.2763671875,0,0,0,3
6,SCSB,121.876953125,0,,1,0,1,0,1,0,0,3,0,2,1,0,1,31.1201171875,0,2,0,2
6,SCSB,128.5556640625,0,,0,0,1,0,1,0,2,3,0,0,1,0,1,6.177734375,0,0,2,0
6,SCSB,134.9326171875,0,,0,0,1,0,1,0,2,3,0,0,1,0,1,12.5546875,0,0,2,0
6,SCSB,140.9267578125,0,,1,0,1,0,1,0,2,3,0,1,1,0,1,18.548828125,2,1,2,1
6,SCSB,147.154296875,0,,0,0,1,0,1,0,2,3,0,3,1,1,1,5.576171875,0,0,2,3
6,SCSB,152.6298828125,0,,0,0,1,0,1,0,4,2,0,5,1,1,1,4.841796875,0,0,4,5
6,SCSB,158.7744140625,0,,0,0,1,0,1,0,4,2,0,5,1,2,1,10.986328125,0,0,4,5
6,SCSB,164.4169921875,0,,0,0,1,0,1,0,2,2,0,3,1,1,0,16.62890625,0,0,2,3
6,SCSB,169.609375,0,,0,0,1,0,1,0,0,3,0,1,1,1,0,21.8212890625,0,0,0,1
6,SCSB,174.7353515625,0,,1,0,1,0,1,0,0,3,0,0,1,1,0,26.947265625,0,0,0,0
6,SCSB,180.7451171875,0,,0,0,1,0,1,0,0,3,0,0,1,0,0,32.95703125,0,0,0,0
6,SCSB,187.607421875,0,,0,0,1,0,1,0,0,3,0,0,1,0,0,39.8193359375,0,0,0,0
6,SCSB,194.501953125,0,,0,0,1,0,1,0,0,3,0,0,1,0,0,46.7138671875,0,0,0,0
6,SCSB,200.2119140625,0,,1,0,1,0,1,0,0,3,0,0,1,0,0,52.423828125,0,0,0,0
6,SCSB,207.041015625,0,,0,0,1,0,1,0,2,2,0,0,1,0,0,6.09375,0,0,2,0
6,SCSB,213.5517578125,0,,0,0,1,0,1,0,2,2,0,0,1,0,0,12.6044921875,0,0,2,0
6,SCSB,220.2470703125,0,,0,0,1,0,1,0,2,2,0,1,1,0,0,19.2998046875,0,0,2,1
6,SCSB,225.7060546875,1,0.91796875,1,0,1,0,1,0,0,3,0,3,1,1,0,24.7587890625,0,3,0,3
6,SCSB,231.9169921875,0,,0,0,1,0,1,0,2,2,1,5,1,1,1,5.609375,0,0,2,6
6,SCSB,237.9609375,0,,0,0,1,0,1,0,2,2,1,6,1,2,1,11.6533203125,0,0,2,7
6,SCSB,244.0712890625,0,,0,0,1,0,1,0,2,2,2,4,1,2,1,17.763671875,0,0,2,6
6,SCSB,250.0478515625,0,,0,0,1,0,1,0,0,3,1,2,1,1,1,23.740234375,0,0,0,3
6,SCSB,256.359375,0,,0,0,1,0,1,0,0,3,1,0,1,0,1,30.0517578125,0,0,0,1
6,SCSB,262.9375,0,,0,0,1,0,1,0,0,3,1,0,1,0,1,36.6298828125,0,0,0,1
6,SCSB,268.3134765625,0,,0,0,1,0,1,0,0,3,1,0,1,0,1,42.005859375,0,0,0,1
6,SCSB,274.123046875,0,,0,0,1,0,1,0,0,3,1,0,1,0,1,47.8154296875,0,0,0,1
6,SCSB,280.5009765625,0,,1,0,1,0,1,0,0,3,1,0,1,0,1,54.193359375,0,1,0,1
6,SCSB,286.3603515625,0,,0,0,1,0,1,0,2,3,0,0,1,0,1,5.3251953125,0,0,2,0
6,SCSB,292.3876953125,0,,1,0,1,0,1,0,2,3,0,0,1,0,0,11.3525390625,2,0,2,0
6,SCSB,298.2978515625,0,,0,0,1,0,1,0,4,3,0,0,1,0,0,5.1923828125,0,0,4,0
6,SCSB,303.423828125,0,,0,0,1,0,1,0,2,3,0,0,1,0,0,10.318359375,0,0,2,0
6,SCSB,310.2021484375,0,,1,0,1,0,1,0,2,3,0,0,1,0,0,17.0966796875,2,0,2,0
6,SCSB,315.39453125,0,,1,0,1,0,1,0,2,2,0,0,1,1,0,4.173828125,2,0,2,0
6,SCSB,322.15625,0,,1,0,1,0,1,0,4,2,0,1,1,1,0,6.060546875,4,1,4,1
6,SCSB,327.94921875,0,,0,0,1,0,1,0,4,2,0,1,1,1,0,11.853515625,0,0,4,1
6,SCSB,334.77734375,0,,0,0,1,0,1,0,4,2,0,1,1,2,0,6.009765625,0,0,4,1
6,SCSB,341.10546875,0,,0,0,1,0,1,0,4,1,0,0,1,1,0,5.3759765625,0,0,4,0
6,SCSB,347.5166015625,0,,0,0,1,0,1,0,4,1,0,0,1,1,0,11.787109375,0,0,4,0
6,SCSB,353.5263671875,0,,0,0,1,0,1,0,2,2,0,0,1,0,0,17.796875,0,0,2,0
6,SCSB,360.4716796875,0,,0,0,1,0,1,0,0,3,0,0,1,0,0,24.7421875,0,0,0,0
6,SCSB,367.0498046875,0,,0,0,1,0,1,0,0,3,0,0,1,0,0,31.3203125,0,0,0,0
6,SCSB,373.9951171875,0,,0,0,1,0,1,0,0,3,1,0,0,0,0,38.265625,0,0,0,1
6,SCSB,380.8408203125,0,,0,0,1,0,1,0,2,2,1,1,0,1,0,6.1943359375,0,0,2,2
6,SCSB,386.43359375,0,,0,0,1,0,1,0,2,2,1,1,0,1,0,11.787109375,0,0,2,2
6,SCSB,392.52734375,0,,0,0,1,0,1,0,2,2,1,1,0,1,0,17.880859375,0,0,2,2
6,SCSB,399.0556640625,0,,0,0,1,0,1,0,0,3,0,0,0,0,0,24.4091796875,0,0,0,0
6,SCSB,404.3310546875,0,,0,0,1,0,1,0,0,3,0,0,0,0,0,29.6845703125,0,0,0,0
6,SCSB,410.2744140625,0,,1,0,1,0,1,0,0,3,0,0,0,0,0,35.6279296875,0,0,0,0
6,SCSB,416.3515625,0,,0,0,1,0,1,0,0,3,0,0,0,0,0,41.705078125,0,0,0,0
6,SCSB,422.7626953125,0,,0,0,1,0,1,0,0,3,0,0,0,0,0,48.1162109375,0,0,0,0
6,SCSB,428.1884765625,0,,0,0,1,0,1,0,0,3,0,0,0,0,0,53.5419921875,0,0,0,0
6,SCSB,433.46484375,0,,0,0,1,0,1,0,0,3,0,0,0,0,0,58.818359375,0,0,0,0
6,SCSB,440.1591796875,0,,1,0,1,0,1,0,0,3,0,0,0,1,0,60.0,0,0,0,0
6,SCSB,445.7861328125,0,,0,0,1,0,1,0,0,3,0,0,1,1,0,60.0,0,0,0,0
6,SCSB,452.5478515625,0,,0,0,1,0,1,0,0,3,0,0,1,1,0,60.0,0,0,0,0
6,SCSB,458.658203125,0,,0,0,1,0,1,0,0,3,0,0,1,1,0,60.0,0,0,0,0
6,SCSB,464.685546875,0,,0,0,1,0,1,0,0,3,0,1,1,1,0,60.0,0,0,0,1
6,SCSB,469.89453125,0,,0,0,1,0,1,0,0,3,0,1,1,1,0,60.0,0,0,0,1
6,SCSB,476.2548828125,0,,1,0,1,0,1,0,0,3,0,1,1,1,0,60.0,0,1,0,1
6,SCSB,482.115234375,0,,0,0,1,0,1,0,2,3,0,1,1,1,0,5.091796875,0,0,2,1
6,SCSB,487.390625,0,,0,0,1,0,1,0,2,3,1,0,1,1,0,10.3671875,0,0,2,1
6,SCSB,493.3173828125,0,,0,0,1,0,1,0,2,3,2,0,1,1,0,16.2939453125,0,0,2,2
6,SCSB,499.4619140625,0,,0,0,1,0,1,0,0,3,2,0,0,1,0,22.4384765625,0,0,0,2
6,SCSB,504.7041015625,0,,0,0,1,0,1,0,0,3,2,0,1,1,0,27.6806640625,0,0,0,2
6,SCSB,510.11328125,0,,0,0,1,0,1,0,2,2,1,0,1,0,0,4.5908203125,0,0,2,1
6,SCSB,516.958984375,0,,0,0,1,0,1,0,2,2,1,0,1,0,0,11.4365234375,0,0,2,1
6,SCSB,523.419921875,0,,0,0,1,0,1,0,2,2,1,0,1,0,0,17.8974609375,0,0,2,1
6,SCSB,528.595703125,0,,0,0,1,0,1,0,0,3,0,0,1,0,0,23.0732421875,0,0,0,0
6,SCSB,534.9892578125,0,,1,0,1,0,1,0,0,3,0,0,1,0,0,29.466796875,0,0,0,0
6,SCSB,542.001953125,0,,0,0,1,0,1,0,0,3,0,0,1,0,0,36.4794921875,0,0,0,0
6,SCSB,548.49609375,0,,0,0,1,0,1,0,0,3,0,0,1,1,0,42.9736328125,0,0,0,0
6,SCSB,553.939453125,0,,0,0,1,0,1,0,0,3,0,0,1,1,0,48.4169921875,0,0,0,0
6,SCSB,559.46484375,0,,0,0,1,0,1,0,0,3,0,0,2,2,0,53.9423828125,0,0,0,0
6,SCSB,566.1103515625,0,,0,0,1,0,1,0,0,3,0,0,1,1,0,60.0,0,0,0,0
6,SCSB,572.037109375,0,,0,0,1,0,1,0,0,3,1,0,1,1,0,60.0,0,0,0,1
6,SCSB,577.2958984375,0,,0,0,1,0,1,0,0,3,1,0,1,1,0,60.0,0,0,0,1
6,SCSB,582.3876953125,0,,0,0,1,0,1,0,0,3,1,0,1,0,0,60.0,0,0,0,1
6,SCSB,588.1484375,0,,1,0,1,0,1,0,0,3,0,0,1,0,0,60.0,0,0,0,0
6,SCSB,594.91015625,0,,0,0,1,0,1,0,2,3,0,0,1,0,0,6.294921875,0,0,2,0
6,SCSB,600.302734375,0,,1,0,1,0,1,0,2,3,0,0,1,0,0,11.6875,2,0,2,0
6,SCSB,606.529296875,0,,1,0,1,0,1,0,2,3,0,0,1,0,0,17.9140625,2,0,2,0
6,SCSB,611.6552734375,0,,0,0,1,0,1,0,0,3,2,0,1,1,0,23.0400390625,0,0,0,2
6,SCSB,616.78125,0,,0,0,1,0,1,0,2,3,2,0,1,1,0,4.4912109375,0,0,2,2
6,SCSB,623.3583984375,0,,0,0,1,0,1,0,2,3,2,0,1,2,0,11.068359375,0,0,2,2
6,SCSB,628.7509765625,0,,0,0,1,0,1,0,2,3,1,0,1,2,0,16.4609375,0,0,2,1
6,SCSB,634.76171875,0,,0,0,1,0,1,0,0,3,0,0,1,2,0,22.4716796875,0,0,0,0
6,SCSB,640.5048828125,0,,0,0,1,0,1,0,0,3,1,0,0,2,0,28.21484375,0,0,0,1
6,SCSB,646.6494140625,0,,0,0,1,0,1,0,0,3,1,0,0,1,0,34.359375,0,0,0,1
6,SCSB,652.2421875,0,,0,0,1,0,1,0,0,3,1,0,0,1,0,39.9521484375,0,0,0,1
6,SCSB,657.333984375,0,,0,0,1,0,1,0,0,3,1,0,0,0,0,45.0439453125,0,0,0,1
6,SCSB,663.3115234375,0,,1,0,1,0,1,0,0,3,0,0,0,0,0,51.021484375,0,0,0,0
6,SCSB,669.7890625,0,,0,0,1,0,1,0,0,3,0,0,0,0,0,57.4990234375,0,0,0,0
6,SCSB,676.5673828125,0,,0,0,1,0,1,0,0,3,0,0,0,0,0,60.0,0,0,0,0
6,SCSB,683.1123046875,0,,0,0,1,0,1,0,0,3,0,0,0,0,0,60.0,0,0,0,0
6,SCSB,688.8046875,0,,0,0,1,0,1,0,0,3,1,0,0,1,0,60.0,0,0,0,1
6,SCSB,694.8818359375,0,,0,0,1,0,1,0,0,3,1,0,0,2,0,60.0,0,0,0,1
6,SCSB,701.376953125,0,,0,0,1,0,1,0,0,3,1,0,0,2,0,60.0,0,0,0,1
6,SCSB,706.8193359375,0,,0,0,1,0,1,0,0,3,0,0,0,2,0,60.0,0,0,0,0
6,SCSB,712.0947265625,0,,0,0,1,0,1,0,0,3,0,0,0,1,0,60.0,0,0,0,0
6,SCSB,717.6044921875,0,,0,0,1,0,1,0,0,3,0,0,1,1,0,60.0,0,0,0,0
6,SCSB,723.83203125,0,,0,0,1,0,1,0,0,3,0,0,1,1,0,60.0,0,0,0,0
6,SCSB,729.224609375,0,,0,0,1,0,1,0,0,3,0,0,1,0,0,60.0,0,0,0,0
6,SCSB,735.6689453125,0,,0,0,1,0,1,0,0,3,1,0,1,0,0,60.0,0,0,0,1
6,SCSB,742.0634765625,0,,0,0,1,0,1,0,0,3,1,0,1,0,0,60.0,0,0,0,1
6,SCSB,747.740234375,0,,0,0,1,0,1,0,0,3,1,0,1,0,0,60.0,0,0,0,1
6,SCSB,752.8984375,0,,0,0,1,0,1,0,0,3,1,0,1,0,0,60.0,0,0,0,1
6,SCSG,31.232421875,0,,0,0,0,0,1,0,0,0,0,1,0,1,0,60.0,0,0,0,0
6,SCSG,37.7099609375,0,,0,0,0,0,1,0,0,1,0,1,1,1,0,60.0,0,0,0,0
6,SCSG,44.5205078125,0,,0,0,0,0,1,0,0,2,2,1,1,1,0,60.0,0,0,0,0
6,SCSG,50.9140625,0,,0,0,0,0,1,0,2,2,2,0,1,0,0,5.458984375,0,0,0,0
6,SCSG,56.3388671875,0,,0,0,0,0,1,0,2,2,2,0,1,0,0,10.8837890625,0,0,0,0
6,SCSG,61.5478515625,0,,0,0,0,0,1,0,2,2,1,0,1,2,0,16.0927734375,0,0,0,0
6,SCSG,67.5068359375,0,,0,0,0,0,1,0,0,3,0,0,1,2,0,22.0517578125,0,0,0,0
6,SCSG,74.0341796875,0,,0,0,0,0,1,0,0,3,0,0,2,2,0,28.5791015625,0,0,0,0
6,SCSG,79.4921875,0,,0,0,0,0,1,0,0,3,0,0,1,1,0,34.037109375,0,0,0,0
6,SCSG,85.53515625,0,,0,0,0,0,1,0,0,3,1,0,1,0,0,40.080078125,0,0,0,0
6,SCSG,90.7939453125,0,,0,0,0,0,1,0,0,3,1,0,1,0,0,45.3388671875,0,0,0,0
6,SCSG,96.703125,0,,0,0,0,0,1,0,0,3,1,0,1,0,0,51.248046875,0,0,0,0
6,SCSG,102.1611328125,0,,0,0,0,0,1,0,0,3,2,0,1,0,0,56.7060546875,0,0,0,0
6,SCSG,107.453125,0,,0,0,0,0,1,0,0,3,2,0,1,0,0,60.0,0,0,0,0
6,SCSG,113.796875,0,,0,0,0,0,1,0,0,3,2,0,0,0,0,60.0,0,0,0,0
6,SCSG,120.3232421875,0,,0,0,0,0,1,0,0,3,0,0,1,0,0,60.0,0,0,0,0
6,SCSG,126.099609375,0,,0,0,0,0,1,0,0,3,0,0,1,0,0,60.0,0,0,0,0
6,SCSG,133.0771484375,0,,0,0,0,0,1,0,0,3,0,0,1,0,0,60.0,0,0,0,0
6,SCSG,138.8857421875,0,,0,0,0,0,1,0,0,3,0,0,1,0,0,60.0,0,0,0,0
6,SCSG,144.427734375,0,,0,0,0,0,1,0,0,3,0,0,1,0,0,60.0,0,0,0,0
6,SCSG,151.138671875,0,,0,0,0,0,1,0,0,3,0,0,1,0,0,60.0,0,0,0,0
6,SCSG,157.765625,0,,0,0,0,0,1,0,0,3,0,0,1,0,0,60.0,0,0,0,0
6,SCSG,164.259765625,0,,0,0,0,0,1,0,0,3,0,0,1,0,0,60.0,0,0,0,0
6,SCSG,169.8349609375,0,,0,0,0,0,1,0,0,3,0,0,1,0,0,60.0,0,0,0,0
6,SCSG,174.9599609375,0,,0,0,0,0,1,0,0,3,0,0,1,0,0,60.0,0,0,0,0
6,SCSG,180.3515625,0,,0,0,0,0,1,0,0,3,0,0,1,0,0,60.0,0,0,0,0
6,SCSG,186.9287109375,0,,0,0,0,0,1,0,0,3,0,0,1,0,0,60.0,0,0,0,0
6,SCSG,192.75390625,0,,1,0,0,0,1,0,0,3,0,0,1,0,0,60.0,0,0,0,0
6,SCSG,197.7958984375,0,,0,0,0,0,1,0,2,2,0,0,1,0,0,4.4736328125,0,0,0,0
6,SCSG,203.3212890625,0,,0,0,0,0,1,0,2,2,0,0,1,0,0,9.9990234375,0,0,0,0
6,SCSG,208.4287109375,0,,0,0,0,0,1,0,2,2,0,0,1,0,0,15.1064453125,0,0,0,0
6,SCSG,213.654296875,0,,0,0,0,0,1,0,0,3,0,0,1,0,0,20.33203125,0,0,0,0
6,SCSG,219.12890625,0,,0,0,0,0,1,0,0,3,0,0,1,0,0,25.806640625,0,0,0,0
6,SCSG,225.2890625,0,,0,0,0,0,1,0,0,3,1,0,1,0,0,31.966796875,0,0,0,0
6,SCSG,230.48046875,0,,0,0,0,0,1,0,0,3,1,0,1,0,0,37.158203125,0,0,0,0
6,SCSG,236.6240234375,0,,0,0,0,0,1,0,0,3,1,0,1,0,0,43.3017578125,0,0,0,0
6,SCSG,242.9501953125,0,,0,0,0,0,1,0,0,3,1,0,1,0,0,49.6279296875,0,0,0,0
6,SCSG,249.5439453125,0,,0,0,0,0,1,0,0,3,1,0,1,0,0,56.2216796875,0,0,0,0
6,SCSG,255.38671875,0,,0,0,0,0,1,0,0,3,1,0,1,0,0,60.0,0,0,0,0
6,SCSG,261.646484375,0,,0,0,0,0,1,0,0,3,0,0,1,0,0,60.0,0,0,0,0
6,SCSG,266.87109375,0,,0,0,0,0,1,0,0,3,0,0,1,0,0,60.0,0,0,0,0
6,SCSG,272.580078125,0,,1,0,0,0,1,0,0,3,0,0,1,0,0,60.0,0,0,0,0
6,SCSG,277.955078125,0,,0,0,0,0,1,0,0,3,0,0,1,0,0,60.0,0,0,0,0
6,SCSG,283.0634765625,0,,0,0,0,0,1,0,0,3,0,0,1,0,0,60.0,0,0,0,0
6,SCSG,289.8408203125,0,,0,0,0,0,1,0,0,3,0,0,2,0,0,60.0,0,0,0,0
6,SCSG,296.751953125,0,,0,0,0,0,1,0,0,3,0,0,1,0,0,60.0,0,0,0,0
6,SCSG,302.0771484375,0,,0,0,0,0,1,0,0,3,0,0,1,0,0,60.0,0,0,0,0
6,SCSG,308.5537109375,0,,1,0,0,0,1,0,0,3,0,0,1,0,0,60.0,0,0,0,0
6,SCSG,315.1474609375,0,,1,0,0,0,1,0,2,3,0,0,1,0,0,6.0263671875,2,0,0,0
6,SCSG,320.5224609375,0,,0,0,0,0,1,0,2,3,0,0,1,0,0,11.4013671875,0,0,0,0
6,SCSG,326.6826171875,0,,1,0,0,0,1,0,2,3,0,0,1,0,0,17.5615234375,2,0,0,0
6,SCSG,332.3583984375,0,,0,0,0,0,1,0,0,3,0,0,1,0,0,23.2373046875,0,0,0,0
6,SCSG,338.033203125,0,,0,0,0,0,1,0,0,3,0,0,1,0,0,28.912109375,0,0,0,0
6,SCSG,344.59375,0,,1,0,0,0,1,0,0,3,0,0,1,0,0,35.47265625,0,0,0,0
6,SCSG,349.9853515625,0,,0,0,0,0,1,0,2,2,0,0,1,0,0,4.82421875,0,0,0,0
6,SCSG,356.7294921875,0,,1,0,0,0,1,0,2,2,1,0,1,0,0,11.568359375,2,1,0,0
6,SCSG,362.4384765625,0,,0,0,0,0,1,0,2,2,2,0,1,0,0,17.27734375,0,0,0,0
6,SCSG,367.646484375,0,,0,0,0,0,1,0,2,2,2,0,1,0,0,4.6064453125,0,0,0,0
6,SCSG,373.10546875,0,,0,0,0,0,1,0,2,2,2,0,1,0,0,10.0654296875,0,0,0,0
6,SCSG,379.515625,0,,0,0,0,0,1,0,2,2,0,0,1,0,0,16.4755859375,0,0,0,0
6,SCSG,386.142578125,0,,0,0,0,0,1,0,0,3,1,0,1,0,0,23.1025390625,0,0,0,0
6,SCSG,391.78515625,0,,0,0,0,0,1,0,0,3,1,0,0,0,0,28.7451171875,0,0,0,0
6,SCSG,397.861328125,0,,0,0,0,0,1,0,0,3,1,0,0,0,0,34.8212890625,0,0,0,0
6,SCSG,403.7373046875,0,,0,0,0,0,1,0,0,3,0,0,0,0,0,40.697265625,0,0,0,0
6,SCSG,408.828125,0,,0,0,0,0,1,0,0,3,0,0,0,0,0,45.7880859375,0,0,0,0
6,SCSG,415.1552734375,0,,0,0,0,0,1,0,0,3,0,0,0,0,0,52.115234375,0,0,0,0
6,SCSG,421.3984375,0,,0,0,0,0,1,0,0,3,0,0,0,0,0,58.3583984375,0,0,0,0
6,SCSG,426.95703125,0,,0,0,0,0,1,0,0,3,0,0,0,0,0,60.0,0,0,0,0
6,SCSG,432.265625,0,,1,0,0,0,1,0,0,3,0,0,0,0,0,60.0,0,0,0,0
6,SCSG,438.2080078125,0,,0,0,0,0,1,0,0,3,0,0,0,0,0,60.0,0,0,0,0
6,SCSG,445.1357421875,0,,0,0,0,0,1,0,0,3,0,0,0,0,0,60.0,0,0,0,0
6,SCSG,450.7783203125,0,,0,0,0,0,1,0,0,3,0,0,0,0,0,60.0,0,0,0,0
6,SCSG,457.455078125,0,,0,0,0,0,1,0,0,3,0,0,0,0,0,60.0,0,0,0,0
6,SCSG,463.1474609375,0,,0,0,0,0,1,0,0,3,0,0,1,0,0,60.0,0,0,0,0
6,SCSG,468.3056640625,0,,0,0,0,0,1,0,0,3,1,0,1,0,0,60.0,0,0,0,0
6,SCSG,473.748046875,0,,0,0,0,0,1,0,0,3,1,0,1,0,0,60.0,0,0,0,0
6,SCSG,479.5234375,0,,0,0,0,0,1,0,0,3,1,0,0,0,0,60.0,0,0,0,0
6,SCSG,486.5009765625,0,,0,0,0,0,1,0,0,3,1,0,1,0,0,60.0,0,0,0,0
6,SCSG,493.4619140625,0,,0,0,0,0,1,0,0,3,0,0,1,0,0,60.0,0,0,0,0
6,SCSG,500.0888671875,0,,0,0,0,0,1,0,0,2,0,0,1,0,0,60.0,0,0,0,0
6,SCSG,505.3974609375,0,,0,0,0,0,1,0,0,3,0,0,1,0,0,60.0,0,0,0,0
6,SCSG,510.8564453125,0,,1,0,0,0,1,0,0,3,0,0,1,0,0,60.0,0,0,0,0
6,SCSG,516.498046875,0,,0,0,0,0,1,0,2,3,0,0,1,0,0,5.1240234375,0,0,0,0
6,SCSG,521.9072265625,0,,0,0,0,0,1,0,2,3,0,0,1,1,0,10.533203125,0,0,0,0
6,SCSG,527.0986328125,0,,0,0,0,0,1,0,2,3,0,0,1,2,0,15.724609375,0,0,0,0
6,SCSG,533.5751953125,0,,0,0,0,0,1,0,0,3,0,0,1,2,0,22.201171875,0,0,0,0
6,SCSG,540.5361328125,0,,0,0,0,0,1,0,0,3,0,0,1,1,0,29.162109375,0,0,0,0
6,SCSG,546.896484375,0,,0,0,0,0,1,0,0,3,1,0,1,0,0,35.5224609375,0,0,0,0
6,SCSG,553.6572265625,0,,1,0,0,0,1,0,0,3,1,0,1,0,0,42.283203125,0,1,0,0
6,SCSG,560.4345703125,0,,0,0,0,0,1,0,0,3,1,0,1,0,0,49.060546875,0,0,0,0
6,SCSG,566.0263671875,0,,0,0,0,0,1,0,0,3,1,0,1,0,0,54.65234375,0,0,0,0
6,SCSG,571.318359375,0,,0,0,0,0,1,0,0,3,2,0,1,0,0,59.9443359375,0,0,0,0
6,SCSG,576.392578125,0,,1,0,0,0,1,0,0,3,2,0,1,0,0,60.0,0,2,0,0
6,SCSG,581.9853515625,0,,0,0,0,0,1,0,2,3,2,0,1,1,0,4.9248046875,0,0,0,0
6,SCSG,588.4453125,0,,0,0,0,0,1,0,2,3,0,0,1,2,0,11.384765625,0,0,0,0
6,SCSG,594.3876953125,0,,1,0,0,0,1,0,2,3,0,0,1,2,0,17.3271484375,2,0,0,0
6,SCSG,600.630859375,0,,0,0,0,0,1,0,0,3,0,0,1,1,0,23.5703125,0,0,0,0
6,SCSG,606.7744140625,0,,0,0,0,0,1,0,0,3,2,0,1,0,0,29.7138671875,0,0,0,0
6,SCSG,612.2666015625,0,,1,0,0,0,1,0,0,3,2,0,1,0,0,35.2060546875,0,2,0,0
6,SCSG,617.6416015625,0,,0,0,0,0,1,0,2,3,2,0,1,0,0,4.7578125,0,0,0,0
6,SCSG,622.6826171875,0,,0,0,0,0,1,0,2,3,1,0,1,0,0,9.798828125,0,0,0,0
6,SCSG,629.076171875,0,,0,0,0,0,1,0,2,3,0,0,1,0,0,16.1923828125,0,0,0,0
6,SCSG,634.1171875,0,,0,0,0,0,1,0,0,3,0,0,1,0,0,21.2333984375,0,0,0,0
6,SCSG,639.525390625,0,,0,0,0,0,1,0,0,3,0,0,1,0,0,26.6416015625,0,0,0,0
6,SCSG,644.9345703125,0,,0,0,0,0,1,0,0,3,0,0,1,0,0,32.05078125,0,0,0,0
6,SCSG,651.14453125,0,,0,0,0,0,1,0,0,3,0,0,1,0,0,38.2607421875,0,0,0,0
6,SCSG,658.138671875,0,,0,0,0,0,1,0,0,3,0,0,1,0,0,45.2548828125,0,0,0,0
6,SCSG,664.9326171875,0,,0,0,0,0,1,0,0,3,0,0,1,0,0,52.048828125,0,0,0,0
6,SCSG,670.107421875,0,,0,0,0,0,1,0,0,3,0,0,1,0,0,57.2236328125,0,0,0,0
6,SCSG,676.033203125,0,,0,0,0,0,1,0,0,3,0,0,0,0,0,60.0,0,0,0,0
6,SCSG,682.3095703125,0,,0,0,0,0,1,0,0,3,0,0,0,0,0,60.0,0,0,0,0
6,SCSG,687.5849609375,0,,0,0,0,0,1,0,0,3,0,0,0,0,0,60.0,0,0,0,0
6,SCSG,693.4609375,0,,0,0,0,0,1,0,0,3,0,0,0,0,0,60.0,0,0,0,0
6,SCSG,698.5693359375,0,,0,0,0,0,1,0,0,3,0,0,0,0,0,60.0,0,0,0,0
6,SCSG,704.728515625,0,,0,0,0,0,1,0,0,3,0,0,0,0,0,60.0,0,0,0,0
6,SCSG,711.22265625,0,,1,0,0,0,1,0,0,3,0,0,0,0,0,60.0,0,0,0,0
6,SCSG,717.849609375,0,,0,0,0,0,1,0,0,3,0,0,0,0,0,60.0,0,0,0,0
6,SCSG,724.693359375,0,,0,0,0,0,1,0,0,3,0,0,0,0,0,60.0,0,0,0,0
6,SCSG,730.76953125,0,,0,0,0,0,1,0,0,3,0,0,0,0,0,60.0,0,0,0,0
6,SCSG,737.546875,0,,1,0,0,0,1,0,0,3,0,0,1,0,0,60.0,0,0,0,0
6,SCSG,742.73828125,0,,1,0,0,0,1,0,0,3,0,0,1,0,0,60.0,0,0,0,0
6,SCSG,748.9990234375,0,,0,0,0,0,1,0,2,3,0,0,1,0,0,5.708984375,0,0,0,0
6,SCSG,756.009765625,0,,0,0,0,0,1,0,2,3,0,0,1,0,0,12.7197265625,0,0,0,0
6,SCSG,762.7373046875,0,,0,0,0,0,1,0,2,3,0,0,1,0,0,19.447265625,0,0,0,0
6,SCSG,769.748046875,0,,0,0,0,0,1,0,0,2,0,0,1,0,0,26.4580078125,0,0,0,0
6,SCSG,776.1748046875,0,,0,0,0,0,1,0,0,3,0,0,1,0,0,32.884765625,0,0,0,0
7,SCFB,54.13671875,0,,0,0,1,1,0,0,0,0,0,1,0,0,0,60.0,0,0,0,1
7,SCFB,60.3466796875,0,,0,0,1,1,0,0,2,0,0,1,1,0,0,5.6259765625,0,0,2,1
7,SCFB,66.107421875,0,,0,0,1,1,0,0,2,1,0,1,1,0,0,11.38671875,0,0,2,1
7,SCFB,73.001953125,0,,0,0,1,1,0,0,2,2,2,0,1,0,0,18.28125,0,0,2,2
7,SCFB,79.2802734375,0,,0,0,1,1,0,0,0,3,2,0,1,0,0,24.5595703125,0,0,0,2
7,SCFB,85.423828125,0,,0,0,1,1,0,0,0,3,2,0,1,0,0,30.703125,0,0,0,2
7,SCFB,91.8349609375,0,,0,0,1,1,0,0,0,3,1,0,1,0,0,37.1142578125,0,0,0,1
7,SCFB,96.8935546875,1,1.1357421875,1,0,1,1,0,0,0,3,1,0,1,0,0,42.1728515625,0,1,0,1
7,SCFB,103.90625,0,,0,0,1,1,0,0,2,2,1,0,1,0,1,6.1943359375,0,0,2,1
7,SCFB,110.3671875,0,,0,0,1,1,0,0,3,2,2,0,1,0,1,5.66015625,0,0,3,2
7,SCFB,116.1103515625,0,,0,0,1,1,0,0,3,2,2,0,1,0,1,11.4033203125,0,0,3,2
7,SCFB,122.638671875,0,,0,0,1,1,0,0,1,3,2,1,1,1,1,17.931640625,0,0,1,3
7,SCFB,128.6484375,0,,1,0,1,1,0,0,0,3,1,1,1,2,1,23.94140625,0,2,0,2
7,SCFB,135.076171875,0,,0,0,1,1,0,0,2,3,0,1,1,2,1,5.6591796875,0,0,2,1
7,SCFB,140.9697265625,0,,0,0,1,1,0,0,2,3,0,0,1,1,1,11.552734375,0,0,2,0
7,SCFB,147.9326171875,0,,0,0,1,1,0,0,2,3,2,0,1,1,1,18.515625,0,0,2,2
7,SCFB,154.2763671875,0,,0,0,1,1,0,0,0,3,2,0,1,0,1,24.859375,0,0,0,2
7,SCFB,161.0546875,0,,0,0,1,1,0,0,0,3,4,0,1,0,0,31.6376953125,0,0,0,4
7,SCFB,167.9169921875,0,,0,0,1,1,0,0,0,3,4,0,1,0,0,38.5,0,0,0,4
7,SCFB,173.076171875,0,,0,0,1,1,0,0,0,3,4,0,1,0,0,43.6591796875,0,0,0,4
7,SCFB,179.9375,0,,0,0,1,1,0,0,0,3,3,0,1,0,0,50.5205078125,0,0,0,3
7,SCFB,186.548828125,0,,0,0,1,1,0,0,0,3,3,0,1,1,0,57.1318359375,0,0,0,3
7,SCFB,192.609375,0,,0,0,1,1,0,0,0,3,2,0,1,1,0,60.0,0,0,0,2
7,SCFB,199.3046875,0,,0,0,1,1,0,0,0,3,2,0,1,1,0,60.0,0,0,0,2
7,SCFB,204.9140625,0,,0,0,1,1,0,0,0,3,1,2,1,0,0,60.0,0,0,0,3
7,SCFB,211.091796875,0,,0,0,1,1,0,0,0,3,0,3,1,0,0,60.0,0,0,0,3
7,SCFB,217.6865234375,0,,0,0,1,1,0,0,0,3,0,3,1,0,0,60.0,0,0,0,3
7,SCFB,223.7802734375,0,,0,0,1,1,0,0,0,3,1,1,1,1,0,60.0,0,0,0,2
7,SCFB,229.6572265625,0,,0,0,1,1,0,0,0,3,2,0,1,2,0,60.0,0,0,0,2
7,SCFB,234.966796875,0,,0,0,1,1,0,0,0,3,2,0,0,2,0,60.0,0,0,0,2
7,SCFB,240.1591796875,0,,0,0,1,1,0,0,0,3,1,0,1,1,0,60.0,0,0,0,1
7,SCFB,245.3505859375,0,,0,0,1,1,0,0,1,3,1,0,1,2,0,0.80078125,0,0,1,1
7,SCFB,251.4951171875,0,,0,0,1,1,0,0,1,3,2,0,1,2,0,6.9453125,0,0,1,2
7,SCFB,257.5556640625,0,,0,0,1,1,0,0,1,3,2,1,1,2,0,13.005859375,0,0,1,3
7,SCFB,263.5830078125,0,,0,0,1,1,0,0,1,3,2,3,1,1,0,19.033203125,0,0,1,5
7,SCFB,270.2109375,0,,0,0,1,1,0,0,0,3,1,4,1,1,0,25.6611328125,0,0,0,5
7,SCFB,275.7041015625,0,,0,0,1,1,0,0,0,3,1,3,1,1,0,31.154296875,0,0,0,4
7,SCFB,281.36328125,0,,0,0,1,1,0,0,0,3,1,2,1,2,0,36.8134765625,0,0,0,3
7,SCFB,287.4072265625,0,,0,0,1,1,0,0,0,3,0,1,1,2,0,42.857421875,0,0,0,1
7,SCFB,293.083984375,0,,0,0,1,1,0,0,0,3,0,1,1,1,0,48.5341796875,0,0,0,1
7,SCFB,299.1279296875,0,,0,0,1,1,0,0,0,3,0,0,1,0,0,54.578125,0,0,0,0
7,SCFB,304.26953125,1,0.9853515625,0,0,1,1,0,0,0,3,1,0,1,1,0,59.7197265625,0,0,0,1
7,SCFB,311.1982421875,1,1.1689453125,1,0,1,1,0,0,0,3,1,0,1,2,1,60.0,0,1,0,1
7,SCFB,316.7578125,0,,0,0,1,1,0,0,3,3,1,0,1,2,2,4.6240234375,0,0,3,1
7,SCFB,323.1689453125,0,,0,0,1,1,0,0,3,3,1,0,1,1,2,11.03515625,0,0,3,1
7,SCFB,328.7626953125,0,,0,0,1,1,0,0,3,3,0,0,1,0,2,16.62890625,0,0,3,0
7,SCFB,335.0732421875,0,,0,0,1,1,0,0,0,3,0,0,1,1,2,22.939453125,0,0,0,0
7,SCFB,342.0849609375,0,,0,0,1,1,0,0,0,3,0,1,1,2,2,29.951171875,0,0,0,1
7,SCFB,348.830078125,0,,0,0,1,1,0,0,0,3,0,1,1,1,2,36.6962890625,0,0,0,1
7,SCFB,355.3916015625,0,,0,0,1,1,0,0,0,3,0,1,1,1,2,43.2578125,0,0,0,1
7,SCFB,361.802734375,0,,0,0,1,1,0,0,2,3,0,0,1,0,2,5.826171875,0,0,2,0
7,SCFB,368.3642578125,1,1.03515625,1,0,1,1,0,0,2,3,0,0,1,0,1,12.3876953125,2,0,2,0
7,SCFB,375.2265625,0,,0,0,1,1,0,0,5,3,0,0,1,0,1,5.927734375,0,0,5,0
7,SCFB,381.787109375,0,,0,0,1,1,0,0,5,3,0,0,1,0,1,6.009765625,0,0,5,0
7,SCFB,387.3134765625,0,,0,0,1,1,0,0,5,3,0,2,1,0,1,11.5361328125,0,0,5,2
7,SCFB,393.140625,0,,0,0,1,1,0,0,2,3,0,4,1,0,1,17.36328125,0,0,2,4
7,SCFB,398.716796875,0,,0,0,1,1,0,0,0,3,0,5,1,0,1,22.939453125,0,0,0,5
7,SCFB,405.74609375,0,,0,0,1,1,0,0,0,3,0,4,1,0,1,29.96875,0,0,0,4
7,SCFB,411.4892578125,0,,0,0,1,1,0,0,0,3,0,2,1,0,1,35.7119140625,0,0,0,2
7,SCFB,417.3330078125,0,,0,0,1,1,0,0,0,3,0,0,0,0,1,41.5556640625,0,0,0,0
7,SCFB,422.9755859375,0,,0,0,1,1,0,0,0,3,0,0,0,0,1,47.1982421875,0,0,0,0
7,SCFB,429.8544921875,0,,0,0,1,1,0,0,1,3,0,0,0,0,0,5.443359375,0,0,1,0
7,SCFB,435.8818359375,0,,0,0,1,1,0,0,1,3,0,0,0,0,0,11.470703125,0,0,1,0
7,SCFB,442.84375,0,,0,0,1,1,0,0,1,3,0,0,0,0,0,18.4326171875,0,0,1,0
7,SCFB,449.521484375,0,,0,0,1,1,0,0,0,3,0,0,0,0,0,25.1103515625,0,0,0,0
7,SCFB,456.033203125,0,,0,0,1,1,0,0,0,3,1,0,0,0,0,31.6220703125,0,0,0,1
7,SCFB,461.5087890625,0,,0,0,1,1,0,0,0,3,1,0,0,0,0,37.09765625,0,0,0,1
7,SCFB,468.220703125,0,,1,0,1,1,0,0,2,3,1,0,0,0,0,6.02734375,2,1,2,1
7,SCFB,473.9970703125,0,,0,0,1,1,0,0,5,3,0,0,0,0,0,4.1904296875,0,0,5,0
7,SCFB,480.6083984375,0,,0,0,1,1,0,0,5,3,0,1,0,0,0,10.8017578125,0,0,5,1
7,SCFB,487.587890625,1,0.91796875,1,0,1,1,0,0,3,3,0,3,1,0,0,17.78125,3,3,3,3
7,SCFB,493.4482421875,0,,0,0,1,1,0,0,2,2,0,3,1,0,1,5.3759765625,0,0,2,3
7,SCFB,499.625,0,,0,0,1,1,0,0,3,2,1,2,1,0,1,5.5927734375,0,0,3,3
7,SCFB,506.3701171875,0,,0,0,1,1,0,0,3,2,1,1,1,0,1,12.337890625,0,0,3,2
7,SCFB,511.7626953125,0,,0,0,1,1,0,0,1,3,1,3,1,0,1,17.73046875,0,0,1,4
7,SCFB,518.0908203125,0,,0,0,1,1,0,0,0,3,0,5,1,0,1,24.05859375,0,0,0,5
7,SCFB,523.599609375,0,,0,0,1,1,0,0,0,3,0,5,1,0,1,29.5673828125,0,0,0,5
7,SCFB,530.1279296875,0,,0,0,1,1,0,0,0,3,1,3,1,0,1,36.095703125,0,0,0,4
7,SCFB,535.50390625,0,,0,0,1,1,0,0,0,3,1,1,1,0,1,41.4716796875,0,0,0,2
7,SCFB,540.86328125,0,,0,0,1,1,0,0,0,3,1,0,1,0,1,46.8310546875,0,0,0,1
7,SCFB,546.22265625,1,1.0849609375,1,0,1,1,0,0,0,3,1,0,1,1,1,52.1904296875,0,1,0,1
7,SCFB,553.1015625,0,,0,0,1,1,0,0,2,3,1,0,1,1,1,6.294921875,0,0,2,1
7,SCFB,558.2939453125,0,,0,0,1,1,0,0,2,3,1,0,1,1,1,11.4873046875,0,0,2,1
7,SCFB,564.9716796875,0,,0,0,1,1,0,0,2,3,1,0,1,1,1,18.1650390625,0,0,2,1
7,SCFB,571.966796875,0,,1,0,1,1,0,0,0,3,0,0,1,0,1,25.16015625,0,0,0,0
7,SCFB,578.5625,0,,0,0,1,1,0,0,2,2,0,0,1,0,1,6.02734375,0,0,2,0
7,SCFB,585.4072265625,0,,0,0,1,1,0,0,2,2,0,0,1,0,1,12.8720703125,0,0,2,0
7,SCFB,591.8515625,0,,0,0,1,1,0,0,2,2,0,0,1,0,1,19.31640625,0,0,2,0
7,SCFB,597.1943359375,0,,0,0,1,1,0,0,0,3,0,0,1,0,1,24.6591796875,0,0,0,0
7,SCFB,603.421875,0,,0,0,1,1,0,0,1,2,0,0,1,0,1,1.21875,0,0,1,0
7,SCFB,609.548828125,0,,0,0,1,1,0,0,1,2,0,2,1,0,0,7.345703125,0,0,1,2
7,SCFB,616.310546875,0,,0,0,1,1,0,0,1,2,0,4,1,3,0,14.107421875,0,0,1,4
7,SCFB,621.419921875,0,,0,0,1,1,0,0,2,3,0,6,1,3,0,0.451171875,0,0,2,6
7,SCFB,627.763671875,0,,0,0,1,1,0,0,1,3,1,6,1,3,0,6.794921875,0,0,1,7
7,SCFB,632.873046875,0,,0,0,1,1,0,0,1,3,1,4,1,2,0,11.904296875,0,0,1,5
7,SCFB,638.5322265625,0,,0,0,1,1,0,0,1,3,1,2,1,0,0,17.5634765625,0,0,1,3
7,SCFB,643.841796875,0,,0,0,1,1,0,0,0,3,1,0,1,0,0,22.873046875,0,0,0,1
7,SCFB,649.1171875,0,,0,0,1,1,0,0,0,3,1,0,1,0,0,28.1484375,0,0,0,1
7,SCFB,655.595703125,0,,0,0,1,1,0,0,0,3,2,0,1,0,0,34.626953125,0,0,0,2
7,SCFB,661.3720703125,0,,0,0,1,1,0,0,0,3,2,0,0,0,0,40.4033203125,0,0,0,2
7,SCFB,667.3154296875,0,,0,0,1,1,0,0,0,3,2,0,0,0,0,46.3466796875,0,0,0,2
7,SCFB,672.5419921875,0,,0,0,1,1,0,0,0,3,0,0,0,0,0,51.5732421875,0,0,0,0
7,SCFB,678.5849609375,0,,0,0,1,1,0,0,0,3,0,0,0,0,0,57.6162109375,0,0,0,0
7,SCFB,684.0283203125,0,,0,0,1,1,0,0,0,3,0,0,0,0,0,60.0,0,0,0,0
7,SCFB,690.322265625,0,,0,0,1,1,0,0,0,3,0,0,0,0,0,60.0,0,0,0,0
7,SCFB,696.6669921875,0,,1,0,1,1,0,0,0,3,2,0,0,0,0,60.0,0,2,0,2
7,SCFB,702.2099609375,0,,1,0,1,1,0,0,2,3,2,0,0,0,0,4.7080078125,2,2,2,2
7,SCFB,707.40234375,0,,0,0,1,1,0,0,2,3,2,0,0,0,0,9.900390625,0,0,2,2
7,SCFB,713.3291015625,0,,0,0,1,1,0,0,2,3,2,0,0,0,0,15.8271484375,0,0,2,2
7,SCFB,720.1904296875,0,,0,0,1,1,0,0,0,3,0,0,0,0,0,22.6884765625,0,0,0,0
7,SCFB,725.3662109375,0,,1,0,1,1,0,0,0,3,0,1,0,0,0,27.8642578125,0,1,0,1
7,SCFB,731.076171875,0,,0,0,1,1,0,0,2,2,0,3,1,0,0,5.0751953125,0,0,2,3
7,SCFB,736.2685546875,0,,0,0,1,1,0,0,4,2,1,4,1,0,0,4.5908203125,0,0,4,5
7,SCFB,742.1123046875,0,,0,0,1,1,0,0,4,2,1,5,1,0,0,10.4345703125,0,0,4,6
7,SCFB,748.189453125,0,,1,0,1,1,0,0,2,3,1,3,1,0,0,16.51171875,2,4,2,4
7,SCFB,753.2978515625,0,,1,0,1,1,0,0,2,2,1,2,1,0,0,4.32421875,2,3,2,3
7,SCFB,759.458984375,0,,0,0,1,1,0,0,2,2,0,0,1,0,0,10.4853515625,0,0,2,0
7,SCFB,764.5849609375,0,,0,0,1,1,0,0,4,2,0,0,1,0,0,4.44140625,0,0,4,0
7,SCFB,771.396484375,0,,1,0,1,1,0,0,4,3,0,0,1,0,0,6.2109375,4,0,4,0
7,SCFG,46.0751953125,0,,1,0,0,1,0,0,0,0,0,3,0,0,0,60.0,0,3,0,0
7,SCFG,52.1689453125,0,,0,0,0,1,0,0,2,1,0,5,1,1,0,5.4423828125,0,0,0,0
7,SCFG,57.6611328125,0,,0,0,0,1,0,0,4,2,0,6,1,2,0,4.974609375,0,0,0,0
7,SCFG,63.8388671875,0,,1,0,0,1,0,0,4,3,2,6,1,2,0,11.15234375,4,8,0,0
7,SCFG,70.19921875,0,,0,0,0,1,0,0,3,2,2,7,1,2,0,1.3525390625,0,0,0,0
7,SCFG,75.5087890625,0,,0,0,0,1,0,0,1,2,2,5,1,2,0,6.662109375,0,0,0,0
7,SCFG,81.3681640625,0,,0,0,0,1,0,0,1,2,0,3,1,1,0,12.521484375,0,0,0,0
7,SCFG,88.23046875,0,,0,0,0,1,0,0,1,3,0,1,1,0,0,19.3837890625,0,0,0,0
7,SCFG,93.388671875,1,1.0185546875,1,0,0,1,0,0,0,3,0,0,1,0,0,24.5419921875,0,0,0,0
7,SCFG,99.3154296875,0,,0,0,0,1,0,0,3,3,0,0,1,0,1,5.05859375,0,0,0,0
7,SCFG,105.5263671875,0,,0,0,0,1,0,0,3,3,0,0,1,0,1,11.26953125,0,0,0,0
7,SCFG,112.3212890625,0,,1,0,0,1,0,0,3,3,0,0,1,0,1,18.064453125,3,0,0,0
7,SCFG,117.7470703125,0,,0,0,0,1,0,0,3,2,0,0,1,0,1,4.2744140625,0,0,0,0
7,SCFG,123.673828125,0,,1,0,0,1,0,0,3,2,0,0,1,0,1,10.201171875,3,0,0,0
7,SCFG,129.9677734375,0,,0,0,0,1,0,0,6,2,1,0,1,1,1,4.69140625,0,0,0,0
7,SCFG,136.5458984375,0,,1,0,0,1,0,0,3,3,1,0,1,2,1,11.26953125,3,1,0,0
7,SCFG,143.2900390625,0,,0,0,0,1,0,0,5,3,1,0,1,2,1,6.2099609375,0,0,0,0
7,SCFG,148.33203125,0,,0,0,0,1,0,0,2,3,0,0,1,2,1,11.251953125,0,0,0,0
7,SCFG,154.1591796875,0,,0,0,0,1,0,0,3,3,1,0,1,0,1,5.326171875,0,0,0,0
7,SCFG,159.8515625,0,,0,0,0,1,0,0,1,3,1,0,1,0,0,11.0185546875,0,0,0,0
7,SCFG,166.7802734375,0,,1,0,0,1,0,0,1,3,1,0,1,0,0,17.947265625,1,1,0,0
7,SCFG,172.2724609375,0,,1,0,0,1,0,0,2,3,1,0,1,0,0,4.9580078125,2,1,0,0
7,SCFG,179.1015625,0,,0,0,0,1,0,0,4,3,0,0,1,0,0,6.177734375,0,0,0,0
7,SCFG,185.8623046875,0,,0,0,0,1,0,0,4,3,0,0,1,0,0,12.9384765625,0,0,0,0
7,SCFG,192.57421875,0,,1,0,0,1,0,0,2,3,0,0,1,0,0,19.650390625,2,0,0,0
7,SCFG,197.6826171875,0,,0,0,0,1,0,0,2,3,0,0,1,0,0,4.6748046875,0,0,0,0
7,SCFG,203.458984375,0,,1,0,0,1,0,0,2,3,0,0,1,0,0,10.451171875,2,0,0,0
7,SCFG,210.3876953125,1,1.0517578125,1,0,0,1,0,0,4,2,0,0,1,0,0,6.361328125,4,0,0,0
7,SCFG,216.8154296875,1,1.068359375,1,0,0,1,0,0,4,3,1,0,1,0,1,5.8603515625,4,1,0,0
7,SCFG,222.9091796875,0,,1,0,0,1,0,0,6,2,1,0,1,0,2,5.3759765625,6,1,0,0
7,SCFG,229.302734375,0,,1,0,0,1,0,0,4,3,1,0,1,0,2,11.76953125,4,1,0,0
7,SCFG,234.4453125,0,,0,0,0,1,0,0,4,1,0,0,1,0,2,4.3408203125,0,0,0,0
7,SCFG,240.6552734375,0,,0,0,0,1,0,0,2,2,0,0,1,0,2,10.55078125,0,0,0,0
7,SCFG,246.7158203125,0,,0,0,0,1,0,0,2,2,0,0,1,0,2,16.611328125,0,0,0,0
7,SCFG,252.91015625,0,,0,0,0,1,0,0,0,3,0,0,1,0,2,22.8056640625,0,0,0,0
7,SCFG,259.25390625,0,,0,0,0,1,0,0,0,3,0,0,1,0,2,29.1494140625,0,0,0,0
7,SCFG,265.4814453125,0,,0,0,0,1,0,0,0,3,0,0,1,0,2,35.376953125,0,0,0,0
7,SCFG,272.2763671875,0,,0,0,0,1,0,0,0,3,0,0,1,0,1,42.171875,0,0,0,0
7,SCFG,278.0361328125,0,,0,0,0,1,0,0,1,3,0,0,1,0,0,5.2587890625,0,0,0,0
7,SCFG,283.8125,0,,0,0,0,1,0,0,1,3,0,0,1,0,0,11.03515625,0,0,0,0
7,SCFG,289.9560546875,0,,1,0,0,1,0,0,1,3,0,0,1,0,0,17.1787109375,1,0,0,0
7,SCFG,295.181640625,0,,0,0,0,1,0,0,2,3,0,0,1,0,0,4.5908203125,0,0,0,0
7,SCFG,300.9248046875,0,,0,0,0,1,0,0,4,3,0,0,1,0,0,5.2587890625,0,0,0,0
7,SCFG,307.0849609375,0,,0,0,0,1,0,0,4,3,0,0,1,0,0,11.4189453125,0,0,0,0
7,SCFG,314.046875,0,,0,0,0,1,0,0,2,3,0,0,1,0,0,18.380859375,0,0,0,0
7,SCFG,320.140625,0,,0,0,0,1,0,0,0,3,0,0,1,0,0,24.474609375,0,0,0,0
7,SCFG,326.751953125,0,,0,0,0,1,0,0,0,3,0,0,1,0,0,31.0859375,0,0,0,0
7,SCFG,333.6806640625,0,,0,0,0,1,0,0,0,3,0,0,1,0,0,38.0146484375,0,0,0,0
7,SCFG,339.5576171875,0,,0,0,0,1,0,0,0,3,0,0,2,0,0,43.8916015625,0,0,0,0
7,SCFG,346.501953125,0,,1,0,0,1,0,0,0,3,0,0,1,0,0,50.8359375,0,0,0,0
7,SCFG,352.5791015625,0,,0,0,0,1,0,0,4,3,0,0,1,0,0,4.32421875,0,0,0,0
7,SCFG,358.90625,0,,0,0,0,1,0,0,6,3,0,0,1,0,0,5.708984375,0,0,0,0
7,SCFG,364.5,0,,0,0,0,1,0,0,6,3,0,0,1,0,0,11.302734375,0,0,0,0
7,SCFG,371.2275390625,0,,0,0,0,1,0,0,2,3,0,0,1,0,0,18.0302734375,0,0,0,0
7,SCFG,376.51953125,0,,0,0,0,1,0,0,0,3,0,0,1,0,0,23.322265625,0,0,0,0
7,SCFG,382.146484375,0,,0,0,0,1,0,0,0,3,0,0,1,0,0,28.94921875,0,0,0,0
7,SCFG,388.7578125,0,,0,0,0,1,0,0,0,3,1,0,1,0,0,35.560546875,0,0,0,0
7,SCFG,395.46875,0,,0,0,0,1,0,0,0,3,4,0,1,0,0,42.271484375,0,0,0,0
7,SCFG,402.2138671875,0,,0,0,0,1,0,0,0,3,4,0,0,0,0,49.0166015625,0,0,0,0
7,SCFG,408.390625,0,,0,0,0,1,0,0,0,3,4,0,0,0,0,55.193359375,0,0,0,0
7,SCFG,414.384765625,0,,0,0,0,1,0,0,0,3,3,0,0,1,0,60.0,0,0,0,0
7,SCFG,419.443359375,0,,0,0,0,1,0,0,0,3,2,0,0,1,0,60.0,0,0,0,0
7,SCFG,426.37109375,0,,0,0,0,1,0,0,0,3,2,0,0,1,0,60.0,0,0,0,0
7,SCFG,432.94921875,0,,0,0,0,1,0,0,0,3,1,0,0,0,0,60.0,0,0,0,0
7,SCFG,438.1083984375,0,,0,0,0,1,0,0,0,3,1,0,0,0,0,60.0,0,0,0,0
7,SCFG,443.8173828125,0,,0,0,0,1,0,0,0,3,1,0,0,0,0,60.0,0,0,0,0
7,SCFG,450.4453125,0,,0,0,0,1,0,0,0,3,0,0,0,0,0,60.0,0,0,0,0
7,SCFG,457.140625,0,,0,0,0,1,0,0,0,3,0,0,0,0,0,60.0,0,0,0,0
7,SCFG,463.1337890625,0,,0,0,0,1,0,0,0,3,0,0,1,0,0,60.0,0,0,0,0
7,SCFG,470.01171875,0,,0,0,0,1,0,0,0,3,0,3,1,0,0,60.0,0,0,0,0
7,SCFG,476.10546875,0,,0,0,0,1,0,0,0,3,0,4,1,0,0,60.0,0,0,0,0
7,SCFG,481.8154296875,0,,0,0,0,1,0,0,0,3,0,4,1,0,0,60.0,0,0,0,0
7,SCFG,488.009765625,0,,0,0,0,1,0,0,0,3,1,2,1,0,0,60.0,0,0,0,0
7,SCFG,493.953125,0,,0,0,0,1,0,0,0,3,1,0,1,0,0,60.0,0,0,0,0
7,SCFG,499.74609375,0,,0,0,0,1,0,0,0,3,1,0,1,0,0,60.0,0,0,0,0
7,SCFG,504.9384765625,0,,0,0,0,1,0,0,0,3,1,0,1,0,0,60.0,0,0,0,0
7,SCFG,511.7666015625,0,,0,0,0,1,0,0,0,3,0,0,1,0,0,60.0,0,0,0,0
7,SCFG,517.576171875,0,,0,0,0,1,0,0,0,3,0,0,1,0,0,60.0,0,0,0,0
7,SCFG,523.5703125,0,,1,0,0,1,0,0,0,3,0,1,1,0,0,60.0,0,1,0,0
7,SCFG,529.646484375,0,,0,0,0,1,0,0,2,2,0,3,1,0,0,5.5087890625,0,0,0,0
7,SCFG,534.7392578125,0,,0,0,0,1,0,0,3,1,0,4,1,0,0,0.083984375,0,0,0,0
7,SCFG,540.58203125,0,,0,0,0,1,0,0,3,1,0,4,1,0,0,5.9267578125,0,0,0,0
7,SCFG,546.5927734375,0,,0,0,0,1,0,0,1,2,0,2,1,0,0,11.9375,0,0,0,0
7,SCFG,553.203125,0,,0,0,0,1,0,0,1,3,0,0,1,0,0,18.5478515625,0,0,0,0
7,SCFG,558.529296875,0,,0,0,0,1,0,0,0,3,0,0,1,0,0,23.8740234375,0,0,0,0
7,SCFG,564.65625,0,,0,0,0,1,0,0,0,3,0,0,1,0,0,30.0009765625,0,0,0,0
7,SCFG,570.81640625,0,,0,0,0,1,0,0,0,3,0,0,1,0,0,36.1611328125,0,0,0,0
7,SCFG,577.2109375,0,,1,0,0,1,0,0,0,3,0,0,1,0,0,42.5556640625,0,0,0,0
7,SCFG,582.419921875,0,,0,0,0,1,0,0,3,2,0,0,1,0,0,3.9404296875,0,0,0,0
7,SCFG,588.7978515625,0,,0,0,0,1,0,0,4,3,0,0,1,0,0,5.8271484375,0,0,0,0
7,SCFG,594.3564453125,0,,0,0,0,1,0,0,4,3,0,0,1,0,0,11.3857421875,0,0,0,0
7,SCFG,599.5654296875,0,,0,0,0,1,0,0,1,4,0,0,1,1,0,16.5947265625,0,0,0,0
7,SCFG,605.8759765625,0,,0,0,0,1,0,0,0,3,0,0,1,1,0,22.9052734375,0,0,0,0
7,SCFG,612.0205078125,0,,0,0,0,1,0,0,0,3,0,0,1,1,0,29.0498046875,0,0,0,0
7,SCFG,618.5478515625,0,,0,0,0,1,0,0,0,3,0,0,1,0,0,35.5771484375,0,0,0,0
7,SCFG,624.55859375,0,,0,0,0,1,0,0,0,3,0,0,1,0,0,41.587890625,0,0,0,0
7,SCFG,630.2177734375,0,,0,0,0,1,0,0,1,3,1,0,1,1,0,2.654296875,0,0,0,0
7,SCFG,635.8603515625,0,,0,0,0,1,0,0,1,3,1,0,1,1,0,8.296875,0,0,0,0
7,SCFG,642.60546875,0,,0,0,0,1,0,0,1,3,2,0,0,1,0,15.0419921875,0,0,0,0
7,SCFG,649.3837890625,0,,0,0,0,1,0,0,0,3,1,0,0,0,0,21.8203125,0,0,0,0
7,SCFG,655.126953125,0,,0,0,0,1,0,0,0,3,1,0,0,0,0,27.5634765625,0,0,0,0
7,SCFG,661.13671875,0,,0,0,0,1,0,0,0,3,0,0,0,0,0,33.5732421875,0,0,0,0
7,SCFG,667.3310546875,0,,0,0,0,1,0,0,0,3,0,0,0,0,0,39.767578125,0,0,0,0
7,SCFG,673.69140625,0,,0,0,0,1,0,0,0,3,0,0,0,0,0,46.1279296875,0,0,0,0
7,SCFG,679.2841796875,0,,0,0,0,1,0,0,0,3,0,0,0,0,0,51.720703125,0,0,0,0
7,SCFG,685.26171875,0,,0,0,0,1,0,0,0,3,0,0,0,0,0,57.6982421875,0,0,0,0
7,SCFG,690.9873046875,0,,0,0,0,1,0,0,0,3,0,0,0,0,0,60.0,0,0,0,0
7,SCFG,696.3798828125,0,,0,0,0,1,0,0,0,3,0,0,0,0,0,60.0,0,0,0,0
7,SCFG,702.5576171875,0,,0,0,0,1,0,0,0,3,0,0,0,0,0,60.0,0,0,0,0
7,SCFG,708.6845703125,0,,0,0,0,1,0,0,0,3,0,0,1,0,0,60.0,0,0,0,0
7,SCFG,715.1787109375,0,,0,0,0,1,0,0,0,3,0,0,1,0,0,60.0,0,0,0,0
7,SCFG,722.1572265625,0,,0,0,0,1,0,0,0,3,0,0,1,0,0,60.0,0,0,0,0
7,SCFG,729.185546875,0,,1,0,0,1,0,0,0,3,0,0,1,0,0,60.0,0,0,0,0
7,SCFG,734.728515625,0,,0,0,0,1,0,0,2,2,0,0,1,0,0,5.025390625,0,0,0,0
7,SCFG,741.7236328125,0,,0,0,0,1,0,0,3,2,0,0,1,0,0,6.427734375,0,0,0,0
7,SCFG,748.3515625,0,,0,0,0,1,0,0,3,2,0,1,1,0,0,13.0556640625,0,0,0,0
7,SCMM,66.267578125,0,,0,0,0,0,0,1,0,0,0,1,1,0,0,60.0,0,0,0,0
7,SCMM,72.0498046875,0,,0,0,0,0,0,1,2,1,0,1,1,0,0,5.0302734375,0,0,0,0
7,SCMM,77.6474609375,0,,0,0,0,0,0,1,3,2,0,0,1,0,0,5.146484375,0,0,0,0
7,SCMM,83.361328125,0,,0,0,0,0,0,1,3,3,0,0,1,0,0,10.8603515625,0,0,0,0
7,SCMM,88.44140625,0,,0,0,0,0,0,1,1,3,0,0,1,0,0,15.9404296875,0,0,0,0
7,SCMM,95.0419921875,0,,0,0,0,0,0,1,1,3,0,0,1,0,0,4.2607421875,0,0,0,0
7,SCMM,100.72265625,0,,1,0,0,0,0,1,1,3,0,0,1,0,0,9.94140625,1,0,0,0
7,SCMM,107.5068359375,0,,0,0,0,0,0,1,5,2,0,0,1,0,0,5.6474609375,0,0,0,0
7,SCMM,113.2548828125,0,,0,0,0,0,0,1,6,2,0,0,1,0,0,5.3134765625,0,0,0,0
7,SCMM,118.8359375,0,,0,0,0,0,0,1,6,2,0,0,1,0,0,10.89453125,0,0,0,0
7,SCMM,125.4033203125,0,,0,0,0,0,0,1,2,3,0,0,0,0,0,17.4619140625,0,0,0,0
7,SCMM,132.404296875,0,,0,0,0,0,0,1,1,3,0,0,1,0,0,6.43359375,0,0,0,0
7,SCMM,138.5537109375,0,,0,0,0,0,0,1,1,3,0,0,1,0,0,12.5830078125,0,0,0,0
7,SCMM,144.017578125,0,,0,0,0,0,0,1,1,3,0,0,1,0,0,18.046875,0,0,0,0
7,SCMM,149.34765625,0,,0,0,0,0,0,1,0,3,0,1,1,0,0,23.376953125,0,0,0,0
7,SCMM,156.0986328125,0,,0,0,0,0,0,1,1,3,0,3,1,0,0,3.125,0,0,0,0
7,SCMM,162.1806640625,0,,0,0,0,0,0,1,2,3,0,3,1,0,0,3.79296875,0,0,0,0
7,SCMM,169.03125,0,,0,0,0,0,0,1,2,3,0,3,1,0,0,10.6435546875,0,0,0,0
7,SCMM,175.7490234375,0,,0,0,0,0,0,1,1,3,0,0,1,0,0,17.361328125,0,0,0,0
7,SCMM,181.12890625,0,,0,0,0,0,0,1,0,3,0,0,1,0,0,22.7412109375,0,0,0,0
7,SCMM,186.392578125,0,,0,0,0,0,0,1,0,3,0,0,1,0,0,28.0048828125,0,0,0,0
7,SCMM,191.6396484375,0,,0,0,0,0,0,1,0,3,0,1,1,0,0,33.251953125,0,0,0,0
7,SCMM,197.9560546875,0,,0,0,0,0,0,1,0,3,0,1,1,0,0,39.568359375,0,0,0,0
7,SCMM,203.63671875,0,,0,0,0,0,0,1,0,3,0,1,2,0,0,45.2490234375,0,0,0,0
7,SCMM,209.3349609375,1,1.01953125,1,0,0,0,0,1,0,3,0,1,1,0,0,50.947265625,0,1,0,0
7,SCMM,215.517578125,0,,0,0,0,0,0,1,6,3,0,0,1,0,1,3.7431640625,0,0,0,0
7,SCMM,220.880859375,0,,0,0,0,0,0,1,8,3,0,0,1,0,1,4.8291015625,0,0,0,0
7,SCMM,227.6650390625,0,,0,0,0,0,0,1,8,3,0,0,1,0,1,11.61328125,0,0,0,0
7,SCMM,233.4970703125,0,,0,0,0,0,0,1,3,3,0,0,1,0,1,5.380859375,0,0,0,0
7,SCMM,238.876953125,0,,0,0,0,0,0,1,1,3,0,0,1,0,1,10.7607421875,0,0,0,0
7,SCMM,244.44140625,0,,0,0,0,0,0,1,5,3,0,0,1,0,1,3.91015625,0,0,0,0
7,SCMM,251.208984375,0,,0,0,0,0,0,1,4,3,0,0,1,0,1,10.677734375,0,0,0,0
7,SCMM,256.7060546875,0,,0,0,0,0,0,1,4,3,1,0,1,0,1,16.1748046875,0,0,0,0
7,SCMM,263.5400390625,0,,0,0,0,0,0,1,0,3,1,0,1,0,1,23.0087890625,0,0,0,0
7,SCMM,268.8876953125,0,,1,0,0,0,0,1,0,3,1,0,1,0,1,28.3564453125,0,1,0,0
7,SCMM,274.5859375,0,,0,0,0,0,0,1,3,3,0,0,1,0,0,3.7939453125,0,0,0,0
7,SCMM,281.21875,0,,0,0,0,0,0,1,5,3,0,0,1,0,0,5.748046875,0,0,0,0
7,SCMM,287.3515625,0,,0,0,0,0,0,1,5,3,0,1,1,0,0,11.880859375,0,0,0,0
7,SCMM,293.66796875,1,0.8349609375,1,0,0,0,0,1,4,3,0,3,1,0,0,5.8486328125,4,3,0,0
7,SCMM,299.900390625,0,,0,0,0,0,0,1,7,4,0,5,2,0,1,4.244140625,0,0,0,0
7,SCMM,306.6845703125,1,0.9189453125,1,0,0,0,0,1,10,4,1,5,1,0,1,4.4111328125,10,6,0,0
7,SCMM,312.265625,0,,0,0,0,0,0,1,11,4,2,3,1,0,2,3.943359375,0,0,0,0
7,SCMM,317.37890625,0,,0,0,0,0,0,1,6,3,2,1,1,0,2,9.056640625,0,0,0,0
7,SCMM,324.1455078125,0,,0,0,0,0,0,1,3,3,2,0,1,0,2,15.8232421875,0,0,0,0
7,SCMM,330.62890625,0,,0,0,0,0,0,1,1,3,0,0,1,0,2,5.814453125,0,0,0,0
7,SCMM,337.2626953125,0,,0,0,0,0,0,1,1,3,0,0,1,0,2,12.4482421875,0,0,0,0
7,SCMM,342.7431640625,0,,0,0,0,0,0,1,1,3,0,0,1,0,2,17.9287109375,0,0,0,0
7,SCMM,348.8759765625,0,,0,0,0,0,0,1,2,3,0,0,1,0,2,5.53125,0,0,0,0
7,SCMM,354.1728515625,0,,0,0,0,0,0,1,2,3,0,0,1,0,2,10.828125,0,0,0,0
7,SCMM,360.2548828125,0,,0,0,0,0,0,1,2,3,0,2,2,0,1,16.91015625,0,0,0,0
7,SCMM,365.802734375,0,,0,0,0,0,0,1,0,3,0,2,1,0,1,22.4580078125,0,0,0,0
7,SCMM,372.5869140625,0,,0,0,0,0,0,1,0,3,0,2,1,0,0,29.2421875,0,0,0,0
7,SCMM,378.28515625,0,,1,0,0,0,0,1,0,3,0,1,1,0,0,34.9404296875,0,1,0,0
7,SCMM,383.83203125,0,,0,0,0,0,0,1,4,3,0,0,1,0,0,4.16015625,0,0,0,0
7,SCMM,389.462890625,0,,0,0,0,0,0,1,4,3,0,0,1,0,0,9.791015625,0,0,0,0
7,SCMM,395.02734375,0,,0,0,0,0,0,1,4,3,0,1,1,0,0,15.35546875,0,0,0,0
7,SCMM,400.8095703125,0,,1,0,0,0,0,1,0,3,0,3,0,0,0,21.1376953125,0,3,0,0
7,SCMM,407.5927734375,0,,0,0,0,0,0,1,4,3,3,3,0,0,0,5.1298828125,0,0,0,0
7,SCMM,412.6396484375,0,,1,0,0,0,0,1,5,2,4,3,0,0,0,0.033203125,5,7,0,0
7,SCMM,417.736328125,0,,0,0,0,0,0,1,8,2,4,1,0,0,0,3.125,0,0,0,0
7,SCMM,423.5009765625,0,,0,0,0,0,0,1,7,2,2,0,0,0,0,4.595703125,0,0,0,0
7,SCMM,429.666015625,0,,0,0,0,0,0,1,7,3,0,0,0,0,0,10.7607421875,0,0,0,0
7,SCMM,435.0966796875,0,,1,0,0,0,0,1,3,3,0,0,0,0,0,16.19140625,3,0,0,0
7,SCMM,441.580078125,0,,0,0,0,0,0,1,3,3,0,0,0,0,0,5.2294921875,0,0,0,0
7,SCMM,446.693359375,0,,0,0,0,0,0,1,3,3,2,0,0,0,0,10.3427734375,0,0,0,0
7,SCMM,451.9072265625,0,,0,0,0,0,0,1,3,3,2,0,0,0,0,15.556640625,0,0,0,0
7,SCMM,457.1201171875,0,,0,0,0,0,0,1,0,3,2,0,0,0,0,20.76953125,0,0,0,0
7,SCMM,463.87109375,0,,1,0,0,0,0,1,0,3,2,0,0,0,0,27.5205078125,0,2,0,0
7,SCMM,469.6025390625,0,,0,0,0,0,0,1,0,3,0,0,1,0,0,33.251953125,0,0,0,0
7,SCMM,475.634765625,0,,0,0,0,0,0,1,0,3,0,1,1,0,0,39.2841796875,0,0,0,0
7,SCMM,482.134765625,0,,0,0,0,0,0,1,1,3,2,1,1,0,0,5.7822265625,0,0,0,0
7,SCMM,487.9326171875,0,,0,0,0,0,0,1,1,3,2,1,1,0,0,11.580078125,0,0,0,0
7,SCMM,493.6474609375,0,,0,0,0,0,0,1,1,3,2,1,1,0,0,17.294921875,0,0,0,0
7,SCMM,500.5986328125,0,,0,0,0,0,0,1,0,3,0,0,1,0,0,24.24609375,0,0,0,0
7,SCMM,505.6943359375,0,,1,0,0,0,0,1,0,3,0,1,1,0,0,29.341796875,0,1,0,0
7,SCMM,511.5263671875,0,,1,0,0,0,0,1,3,3,0,2,1,0,0,3.876953125,3,2,0,0
7,SCMM,518.5439453125,0,,0,0,0,0,0,1,5,2,1,2,1,0,0,6.482421875,0,0,0,0
7,SCMM,523.5908203125,0,,0,0,0,0,0,1,5,2,1,2,1,0,0,11.529296875,0,0,0,0
7,SCMM,530.55859375,0,,0,0,0,0,0,1,2,2,1,0,1,0,0,18.4970703125,0,0,0,0
7,SCMM,536.8583984375,0,,0,0,0,0,0,1,0,3,0,0,1,0,0,24.796875,0,0,0,0
7,SCMM,542.623046875,0,,1,0,0,0,0,1,0,3,1,0,1,0,0,30.5615234375,0,1,0,0
7,SCMM,549.5068359375,0,,0,0,0,0,0,1,5,3,1,0,1,0,0,5.1962890625,0,0,0,0
7,SCMM,555.322265625,0,,0,0,0,0,0,1,8,3,1,0,1,0,0,4.4951171875,0,0,0,0
7,SCMM,560.869140625,0,,0,0,0,0,0,1,8,3,0,0,1,0,0,10.0419921875,0,0,0,0
7,SCMM,567.5029296875,0,,0,0,0,0,0,1,3,3,0,1,2,0,0,16.67578125,0,0,0,0
7,SCMM,573.619140625,1,1.1025390625,1,0,0,0,0,1,0,3,0,2,1,0,0,22.7919921875,0,2,0,0
7,SCMM,578.8486328125,0,,0,0,0,0,0,1,4,3,0,2,1,0,1,3.0244140625,0,0,0,0
7,SCMM,584.6142578125,0,,0,0,0,0,0,1,4,3,0,1,1,0,1,8.7900390625,0,0,0,0
7,SCMM,590.26171875,0,,0,0,0,0,0,1,5,3,0,0,1,0,1,5.080078125,0,0,0,0
7,SCMM,595.4580078125,0,,0,0,0,0,0,1,2,3,0,2,1,0,1,10.2763671875,0,0,0,0
7,SCMM,601.22265625,0,,0,0,0,0,0,1,1,3,0,4,1,0,1,16.041015625,0,0,0,0
7,SCMM,607.923828125,0,,0,0,0,0,0,1,0,3,0,5,1,0,1,22.7421875,0,0,0,0
7,SCMM,613.01953125,0,,0,0,0,0,0,1,0,3,1,4,1,0,1,27.837890625,0,0,0,0
7,SCMM,619.2529296875,0,,0,0,0,0,0,1,0,3,2,2,1,0,1,34.0712890625,0,0,0,0
7,SCMM,625.8359375,0,,0,0,0,0,0,1,0,3,2,0,1,0,1,40.654296875,0,0,0,0
7,SCMM,632.5869140625,0,,0,0,0,0,0,1,0,3,1,1,1,0,1,47.4052734375,0,0,0,0
7,SCMM,639.62109375,0,,1,0,0,0,0,1,1,3,0,3,1,0,0,1.98828125,1,3,0,0
7,SCMM,645.26953125,1,1.001953125,1,0,0,0,0,1,3,3,0,3,2,0,0,5.1806640625,3,3,0,0
7,SCMM,651.5517578125,0,,0,0,0,0,0,1,5,2,0,2,1,0,1,5.748046875,0,0,0,0
7,SCMM,658.236328125,0,,0,0,0,0,0,1,5,2,1,0,1,0,1,6.1162109375,0,0,0,0
7,SCMM,664.9033203125,0,,0,0,0,0,0,1,3,2,1,0,0,0,1,12.783203125,0,0,0,0
7,SCMM,671.0517578125,0,,0,0,0,0,0,1,4,3,1,0,0,0,1,4.9453125,0,0,0,0
7,SCMM,677.05078125,0,,0,0,0,0,0,1,6,3,1,1,0,0,1,4.2275390625,0,0,0,0
7,SCMM,683.9013671875,0,,0,0,0,0,0,1,6,3,0,1,0,0,1,11.078125,0,0,0,0
7,SCMM,690.384765625,0,,0,0,0,0,0,1,3,3,0,1,0,0,1,17.5615234375,0,0,0,0
7,SCMM,696.8681640625,0,,1,0,0,0,0,1,0,3,0,0,0,0,1,24.044921875,0,0,0,0
7,SCMM,702.716796875,0,,0,0,0,0,0,1,3,3,0,0,0,0,1,4.4951171875,0,0,0,0
7,SCMM,709.6845703125,0,,1,0,0,0,0,1,5,3,1,0,0,0,0,6.3994140625,5,1,0,0
7,SCMM,715.8671875,0,,1,0,0,0,0,1,12,3,1,0,0,0,0,3.5087890625,12,1,0,0
7,SCMM,722.31640625,0,,0,0,0,0,0,1,12,3,1,0,0,0,0,5.1796875,0,0,0,0
7,SCMM,727.9482421875,0,,0,0,0,0,0,1,11,3,0,0,0,0,0,4.779296875,0,0,0,0
7,SCMM,733.3623046875,0,,1,0,0,0,0,1,4,3,0,1,0,0,0,10.193359375,4,1,0,0
7,SCMM,738.7919921875,0,,0,0,0,0,0,1,5,4,0,3,1,0,0,3.5751953125,0,0,0,0
7,SCMM,744.5576171875,0,,0,0,0,0,0,1,6,4,0,5,1,0,0,5.1640625,0,0,0,0
7,SCMM,751.3408203125,0,,0,0,0,0,0,1,6,4,0,7,1,0,0,11.947265625,0,0,0,0
7,SCMM,756.4375,0,,0,0,0,0,0,1,2,3,0,5,1,0,0,17.0439453125,0,0,0,0
7,SCMM,762.8037109375,0,,0,0,0,0,0,1,0,3,0,3,1,0,0,23.41015625,0,0,0,0
7,SCMM,768.9697265625,1,1.0859375,1,0,0,0,0,1,0,3,0,1,1,0,0,29.576171875,0,1,0,0
7,SCMM,775.669921875,0,,0,0,0,0,0,1,2,3,0,0,1,0,1,6.1650390625,0,0,0,0
7,SCSB,63.84375,0,,0,0,1,0,1,0,0,0,0,2,0,0,0,60.0,0,0,0,2
7,SCSB,68.96875,0,,0,0,1,0,1,0,0,1,0,2,1,0,0,60.0,0,0,0,2
7,SCSB,74.060546875,0,,0,0,1,0,1,0,0,2,0,2,1,0,0,60.0,0,0,0,2
7,SCSB,80.705078125,0,,0,0,1,0,1,0,1,3,0,0,1,0,0,6.1103515625,0,0,1,0
7,SCSB,86.0478515625,0,,0,0,1,0,1,0,1,3,0,0,1,0,0,11.453125,0,0,1,0
7,SCSB,91.857421875,0,,0,0,1,0,1,0,2,3,0,1,1,0,0,0.3671875,0,0,2,1
7,SCSB,97.68359375,0,,0,0,1,0,1,0,2,3,0,3,1,0,0,1.318359375,0,0,2,3
7,SCSB,104.294921875,0,,0,0,1,0,1,0,3,3,0,5,2,0,0,4.3408203125,0,0,3,5
7,SCSB,110.00390625,0,,0,0,1,0,1,0,4,3,0,6,1,0,0,0.6337890625,0,0,4,6
7,SCSB,115.580078125,0,,0,0,1,0,1,0,5,3,0,7,1,0,0,1.16796875,0,0,5,7
7,SCSB,122.525390625,1,0.96875,1,0,1,0,1,0,5,3,0,6,1,0,0,1.5029296875,5,6,5,6
7,SCSB,128.3515625,1,1.0185546875,1,0,1,0,1,0,8,3,0,6,1,0,1,4.974609375,8,6,8,6
7,SCSB,134.845703125,0,,0,0,1,0,1,0,8,3,0,6,1,0,2,5.5087890625,0,0,8,6
7,SCSB,141.306640625,0,,0,0,1,0,1,0,6,3,0,6,2,0,2,11.9697265625,0,0,6,6
7,SCSB,146.4990234375,0,,0,0,1,0,1,0,3,3,0,7,1,0,2,17.162109375,0,0,3,7
7,SCSB,152.0419921875,0,,0,0,1,0,1,0,0,3,0,6,1,1,2,22.705078125,0,0,0,6
7,SCSB,158.76953125,0,,0,0,1,0,1,0,0,3,0,7,1,1,2,29.4326171875,0,0,0,7
7,SCSB,164.8466796875,0,,0,0,1,0,1,0,0,3,0,5,1,1,2,35.509765625,0,0,0,5
7,SCSB,170.47265625,0,,0,0,1,0,1,0,0,3,0,3,1,1,2,41.1357421875,0,0,0,3
7,SCSB,176.2158203125,0,,0,0,1,0,1,0,0,3,0,1,1,0,2,46.87890625,0,0,0,1
7,SCSB,181.44140625,0,,0,0,1,0,1,0,0,3,0,0,1,0,2,52.1044921875,0,0,0,0
7,SCSB,188.302734375,0,,0,0,1,0,1,0,0,3,0,0,1,0,1,58.9658203125,0,0,0,0
7,SCSB,193.6953125,0,,0,0,1,0,1,0,2,3,0,0,1,0,0,4.875,0,0,2,0
7,SCSB,198.853515625,0,,0,0,1,0,1,0,2,3,0,0,1,0,0,10.033203125,0,0,2,0
7,SCSB,204.546875,0,,0,0,1,0,1,0,2,3,0,0,1,0,0,15.7265625,0,0,2,0
7,SCSB,210.5234375,1,0.7509765625,1,0,1,0,1,0,0,3,0,0,1,0,0,21.703125,0,0,0,0
7,SCSB,216.4501953125,0,,0,0,1,0,1,0,2,2,0,0,1,0,1,5.4765625,0,0,2,0
7,SCSB,222.4765625,0,,0,0,1,0,1,0,2,2,0,0,1,0,1,11.5029296875,0,0,2,0
7,SCSB,229.0380859375,0,,0,0,1,0,1,0,2,2,0,0,1,0,1,18.064453125,0,0,2,0
7,SCSB,235.0478515625,0,,0,0,1,0,1,0,0,3,0,0,1,0,1,24.07421875,0,0,0,0
7,SCSB,240.1728515625,0,,0,0,1,0,1,0,0,3,0,0,1,0,1,29.19921875,0,0,0,0
7,SCSB,245.5322265625,0,,0,0,1,0,1,0,0,3,0,2,1,0,1,34.55859375,0,0,0,2
7,SCSB,251.275390625,0,,0,0,1,0,1,0,0,3,1,4,1,0,1,40.3017578125,0,0,0,5
7,SCSB,257.953125,0,,1,0,1,0,1,0,0,3,1,5,2,0,1,46.9794921875,0,6,0,6
7,SCSB,264.7138671875,0,,0,0,1,0,1,0,3,2,1,4,1,0,1,4.94140625,0,0,3,5
7,SCSB,270.3740234375,0,,0,0,1,0,1,0,3,2,0,2,1,0,1,10.6015625,0,0,3,2
7,SCSB,275.416015625,0,,1,0,1,0,1,0,3,2,0,0,1,0,0,15.6435546875,3,0,3,0
7,SCSB,282.1103515625,0,,0,0,1,0,1,0,2,2,0,0,1,0,0,6.09375,0,0,2,0
7,SCSB,288.654296875,0,,0,0,1,0,1,0,2,2,0,0,1,0,0,12.6376953125,0,0,2,0
7,SCSB,295.6162109375,0,,0,0,1,0,1,0,2,2,0,0,1,0,0,19.599609375,0,0,2,0
7,SCSB,301.359375,0,,0,0,1,0,1,0,0,3,0,0,1,0,0,25.3427734375,0,0,0,0
7,SCSB,306.634765625,0,,0,0,1,0,1,0,0,3,0,0,1,0,0,30.6181640625,0,0,0,0
7,SCSB,312.5283203125,0,,1,0,1,0,1,0,0,3,0,0,1,0,0,36.51171875,0,0,0,0
7,SCSB,319.3896484375,0,,0,0,1,0,1,0,3,3,0,0,1,0,0,5.943359375,0,0,3,0
7,SCSB,326.234375,0,,0,0,1,0,1,0,3,3,0,0,1,0,0,12.7880859375,0,0,3,0
7,SCSB,332.794921875,0,,0,0,1,0,1,0,3,3,0,0,1,0,0,19.3486328125,0,0,3,0
7,SCSB,338.23828125,0,,1,0,1,0,1,0,2,3,0,0,1,0,0,4.92578125,2,0,2,0
7,SCSB,343.6806640625,0,,0,0,1,0,1,0,5,3,0,0,1,0,0,4.625,0,0,5,0
7,SCSB,349.40625,0,,1,0,1,0,1,0,5,3,0,0,1,0,0,10.3505859375,5,0,5,0
7,SCSB,355.951171875,0,,0,0,1,0,1,0,5,3,0,0,1,0,0,6.09375,0,0,5,0
7,SCSB,361.3095703125,0,,0,0,1,0,1,0,2,3,0,0,1,0,0,11.4521484375,0,0,2,0
7,SCSB,366.8193359375,0,,0,0,1,0,1,0,2,3,0,0,1,0,0,16.9619140625,0,0,2,0
7,SCSB,372.9794921875,0,,0,0,1,0,1,0,1,3,0,0,1,0,0,5.642578125,0,0,1,0
7,SCSB,379.005859375,0,,0,0,1,0,1,0,1,3,0,1,1,0,0,11.6689453125,0,0,1,1
7,SCSB,385.3671875,0,,0,0,1,0,1,0,1,3,0,3,1,0,0,18.0302734375,0,0,1,3
7,SCSB,391.27734375,0,,0,0,1,0,1,0,0,3,1,5,1,0,0,23.9404296875,0,0,0,6
7,SCSB,397.7548828125,0,,0,0,1,0,1,0,0,3,1,4,0,0,0,30.41796875,0,0,0,5
7,SCSB,402.9462890625,0,,1,0,1,0,1,0,0,3,1,2,0,0,0,35.609375,0,3,0,3
7,SCSB,408.0888671875,0,,0,0,1,0,1,0,2,3,1,1,0,0,0,4.44140625,0,0,2,2
7,SCSB,413.4638671875,0,,0,0,1,0,1,0,2,3,0,0,0,0,0,9.81640625,0,0,2,0
7,SCSB,419.0908203125,0,,0,0,1,0,1,0,2,3,0,0,0,0,0,15.443359375,0,0,2,0
7,SCSB,425.4677734375,0,,0,0,1,0,1,0,0,3,0,0,0,0,0,21.8203125,0,0,0,0
7,SCSB,431.6953125,0,,0,0,1,0,1,0,0,3,0,0,0,0,0,28.0478515625,0,0,0,0
7,SCSB,438.138671875,0,,1,0,1,0,1,0,0,3,0,0,0,0,0,34.4912109375,0,0,0,0
7,SCSB,443.71484375,0,,0,0,1,0,1,0,3,3,0,0,0,0,0,4.57421875,0,0,3,0
7,SCSB,450.6435546875,0,,0,0,1,0,1,0,3,3,0,0,0,0,0,11.5029296875,0,0,3,0
7,SCSB,456.2197265625,0,,0,0,1,0,1,0,3,3,0,1,0,0,0,17.0791015625,0,0,3,1
7,SCSB,461.8291015625,0,,0,0,1,0,1,0,0,3,0,3,1,0,0,22.6884765625,0,0,0,3
7,SCSB,467.3046875,0,,0,0,1,0,1,0,0,3,0,3,1,0,0,28.1640625,0,0,0,3
7,SCSB,472.36328125,0,,1,0,1,0,1,0,0,3,0,3,1,0,0,33.22265625,0,3,0,3
7,SCSB,478.22265625,0,,0,0,1,0,1,0,2,3,0,2,1,0,0,5.1748046875,0,0,2,2
7,SCSB,483.615234375,0,,0,0,1,0,1,0,2,3,0,0,1,0,0,10.5673828125,0,0,2,0
7,SCSB,489.8095703125,0,,0,0,1,0,1,0,2,3,0,0,1,0,0,16.76171875,0,0,2,0
7,SCSB,496.1865234375,0,,0,0,1,0,1,0,0,3,0,0,1,0,0,23.138671875,0,0,0,0
7,SCSB,502.8310546875,0,,0,0,1,0,1,0,0,3,0,1,1,0,0,29.783203125,0,0,0,1
7,SCSB,508.8916015625,0,,0,0,1,0,1,0,0,3,0,3,1,0,0,35.84375,0,0,0,3
7,SCSB,514.333984375,0,,0,0,1,0,1,0,1,3,0,4,1,0,0,2.2041015625,0,0,1,4
7,SCSB,520.7607421875,0,,0,0,1,0,1,0,2,3,0,4,1,0,0,5.8095703125,0,0,2,4
7,SCSB,527.689453125,0,,0,0,1,0,1,0,2,3,0,2,1,0,0,12.73828125,0,0,2,2
7,SCSB,533.9501953125,0,,0,0,1,0,1,0,1,3,0,0,1,0,0,18.9990234375,0,0,1,0
7,SCSB,540.126953125,0,,0,0,1,0,1,0,0,3,0,0,1,0,0,25.17578125,0,0,0,0
7,SCSB,547.021484375,0,,1,0,1,0,1,0,0,3,0,0,1,0,0,32.0703125,0,0,0,0
7,SCSB,552.46484375,0,,0,0,1,0,1,0,2,3,0,0,1,0,0,4.9755859375,0,0,2,0
7,SCSB,557.9072265625,0,,0,0,1,0,1,0,2,3,0,2,1,0,0,10.41796875,0,0,2,2
7,SCSB,564.1171875,0,,0,0,1,0,1,0,2,3,0,3,1,0,0,16.6279296875,0,0,2,3
7,SCSB,569.9267578125,1,1.0185546875,1,0,1,0,1,0,0,3,0,3,1,0,0,22.4375,0,3,0,3
7,SCSB,576.521484375,0,,0,0,1,0,1,0,2,2,0,2,1,0,1,5.859375,0,0,2,2
7,SCSB,583.2998046875,0,,0,0,1,0,1,0,2,2,0,0,1,0,1,12.6376953125,0,0,2,0
7,SCSB,589.5771484375,1,1.0009765625,1,0,1,0,1,0,2,2,0,0,1,0,1,18.9150390625,2,0,2,0
7,SCSB,594.8857421875,0,,0,0,1,0,1,0,4,3,0,0,1,0,2,4.0068359375,0,0,4,0
7,SCSB,600.111328125,0,,0,0,1,0,1,0,6,2,0,0,1,0,2,4.4580078125,0,0,6,0
7,SCSB,605.537109375,0,,0,0,1,0,1,0,6,2,0,0,1,0,2,9.8837890625,0,0,6,0
7,SCSB,611.697265625,0,,0,0,1,0,1,0,2,2,0,0,1,0,2,16.0439453125,0,0,2,0
7,SCSB,617.3564453125,0,,0,0,1,0,1,0,0,3,0,0,2,0,2,21.703125,0,0,0,0
7,SCSB,624.03515625,0,,0,0,1,0,1,0,0,3,0,0,1,0,2,28.3818359375,0,0,0,0
7,SCSB,629.927734375,0,,1,0,1,0,1,0,0,3,1,0,1,0,2,34.2744140625,0,1,0,1
7,SCSB,635.5703125,0,,1,0,1,0,1,0,2,3,1,0,1,0,1,5.125,2,1,2,1
7,SCSB,641.7314453125,0,,1,0,1,0,1,0,6,2,2,1,0,0,1,4.6083984375,6,3,6,3
7,SCSB,648.458984375,0,,0,0,1,0,1,0,8,2,1,1,0,0,1,6.060546875,0,0,8,2
7,SCSB,654.8193359375,0,,0,0,1,0,1,0,6,2,1,1,0,0,0,12.4208984375,0,0,6,2
7,SCSB,660.9296875,0,,0,0,1,0,1,0,2,3,0,0,0,0,0,18.53125,0,0,2,0
7,SCSB,667.1240234375,0,,0,0,1,0,1,0,0,3,0,0,0,0,0,24.7255859375,0,0,0,0
7,SCSB,673.4677734375,0,,0,0,1,0,1,0,0,3,0,0,0,0,0,31.0693359375,0,0,0,0
7,SCSB,680.345703125,0,,0,0,1,0,1,0,0,3,0,0,0,0,0,37.947265625,0,0,0,0
7,SCSB,687.107421875,0,,0,0,1,0,1,0,0,3,2,0,0,0,0,44.708984375,0,0,0,2
7,SCSB,693.818359375,0,,1,0,1,0,1,0,0,3,2,0,0,0,0,51.419921875,0,2,0,2
7,SCSB,699.6279296875,0,,0,0,1,0,1,0,2,3,2,0,0,0,0,5.2080078125,0,0,2,2
7,SCSB,705.60546875,0,,0,0,1,0,1,0,4,3,0,0,1,0,0,5.443359375,0,0,4,0
7,SCSB,712.416015625,0,,0,0,1,0,1,0,4,3,0,0,1,0,0,12.25390625,0,0,4,0
7,SCSB,717.625,0,,0,0,1,0,1,0,2,3,0,0,1,0,0,17.462890625,0,0,2,0
7,SCSB,722.8837890625,1,1.0517578125,1,0,1,0,1,0,0,3,0,0,1,0,0,22.7216796875,0,0,0,0
7,SCSB,729.228515625,0,,0,0,1,0,1,0,2,2,0,0,1,0,1,5.7939453125,0,0,2,0
7,SCSB,734.353515625,0,,0,0,1,0,1,0,2,2,0,0,1,0,1,10.9189453125,0,0,2,0
7,SCSB,740.1796875,0,,0,0,1,0,1,0,2,2,0,0,1,0,1,16.7451171875,0,0,2,0
7,SCSB,745.6220703125,0,,0,0,1,0,1,0,0,3,0,0,1,0,1,22.1875,0,0,0,0
7,SCSB,751.44921875,1,0.9677734375,1,0,1,0,1,0,0,3,0,2,1,0,1,28.0146484375,0,2,0,2
7,SCSG,33.1650390625,0,,0,0,0,0,1,0,0,0,0,1,0,0,0,60.0,0,0,0,0
7,SCSG,39.0908203125,0,,0,0,0,0,1,0,1,1,0,3,0,0,0,2.0361328125,0,0,0,0
7,SCSG,45.9365234375,0,,0,0,0,0,1,0,1,2,0,5,1,0,0,8.8818359375,0,0,0,0
7,SCSG,50.9775390625,0,,0,0,0,0,1,0,1,3,1,7,1,0,0,13.9228515625,0,0,0,0
7,SCSG,57.72265625,0,,1,0,0,0,1,0,0,3,1,5,1,0,0,20.66796875,0,6,0,0
7,SCSG,64.6845703125,0,,0,0,0,0,1,0,2,2,1,2,1,0,0,6.4609375,0,0,0,0
7,SCSG,69.7763671875,0,,0,0,0,0,1,0,4,2,0,1,1,0,0,4.0068359375,0,0,0,0
7,SCSG,75.685546875,0,,0,0,0,0,1,0,4,2,1,0,1,0,0,9.916015625,0,0,0,0
7,SCSG,81.779296875,0,,0,0,0,0,1,0,4,3,1,0,1,0,0,5.609375,0,0,0,0
7,SCSG,88.0234375,0,,0,0,0,0,1,0,3,3,1,0,1,0,0,5.7265625,0,0,0,0
7,SCSG,94.517578125,0,,0,0,0,0,1,0,3,3,2,0,1,0,0,12.220703125,0,0,0,0
7,SCSG,101.4287109375,0,,0,0,0,0,1,0,1,3,2,0,1,0,0,19.1318359375,0,0,0,0
7,SCSG,108.2734375,0,,0,0,0,0,1,0,1,3,2,0,1,0,0,2.904296875,0,0,0,0
7,SCSG,114.517578125,0,,1,0,0,0,1,0,1,3,0,0,1,0,0,9.1484375,1,0,0,0
7,SCSG,119.5927734375,0,,0,0,0,0,1,0,5,3,0,0,1,0,0,3.4892578125,0,0,0,0
7,SCSG,125.65234375,0,,1,0,0,0,1,0,4,3,0,0,1,0,0,9.548828125,4,0,0,0
7,SCSG,130.9453125,0,,0,0,0,0,1,0,9,3,0,0,1,0,0,3.70703125,0,0,0,0
7,SCSG,137.10546875,0,,0,0,0,0,1,0,6,4,0,0,1,0,0,5.642578125,0,0,0,0
7,SCSG,142.748046875,0,,0,0,0,0,1,0,6,4,0,0,1,0,0,11.28515625,0,0,0,0
7,SCSG,148.1572265625,0,,0,0,0,0,1,0,1,4,0,0,1,0,0,16.6943359375,0,0,0,0
7,SCSG,153.3154296875,0,,0,0,0,0,1,0,3,4,0,0,1,0,0,3.505859375,0,0,0,0
7,SCSG,159.025390625,0,,0,0,0,0,1,0,3,4,0,0,1,0,0,9.2158203125,0,0,0,0
7,SCSG,165.453125,0,,0,0,0,0,1,0,3,4,0,0,1,0,0,15.6435546875,0,0,0,0
7,SCSG,170.978515625,0,,0,0,0,0,1,0,1,3,0,0,1,0,0,5.05859375,0,0,0,0
7,SCSG,176.037109375,0,,0,0,0,0,1,0,1,3,0,0,1,1,0,10.1171875,0,0,0,0
7,SCSG,182.78125,0,,0,0,0,0,1,0,1,3,0,0,1,1,0,16.861328125,0,0,0,0
7,SCSG,188.5244140625,0,,0,0,0,0,1,0,0,3,0,0,1,1,0,22.6044921875,0,0,0,0
7,SCSG,194.9189453125,0,,0,0,0,0,1,0,0,3,0,0,1,0,0,28.9990234375,0,0,0,0
7,SCSG,201.6630859375,0,,0,0,0,0,1,0,0,3,0,0,1,0,0,35.7431640625,0,0,0,0
7,SCSG,207.3896484375,0,,1,0,0,0,1,0,0,3,0,0,1,0,0,41.4697265625,0,0,0,0
7,SCSG,213.265625,0,,0,0,0,0,1,0,2,3,0,0,1,0,0,5.3583984375,0,0,0,0
7,SCSG,218.958984375,0,,0,0,0,0,1,0,2,3,0,0,1,0,0,11.0517578125,0,0,0,0
7,SCSG,225.6865234375,0,,0,0,0,0,1,0,2,3,0,0,1,0,0,17.779296875,0,0,0,0
7,SCSG,231.5966796875,0,,1,0,0,0,1,0,0,3,1,0,1,0,0,23.689453125,0,1,0,0
7,SCSG,238.5078125,0,,0,0,0,0,1,0,3,3,1,0,1,0,0,5.3251953125,0,0,0,0
7,SCSG,243.80078125,0,,0,0,0,0,1,0,5,3,1,0,1,0,0,4.80859375,0,0,0,0
7,SCSG,250.3779296875,0,,0,0,0,0,1,0,7,4,1,0,1,0,0,6.076171875,0,0,0,0
7,SCSG,256.8720703125,0,,0,0,0,0,1,0,4,4,1,0,1,0,0,12.5703125,0,0,0,0
7,SCSG,262.498046875,0,,0,0,0,0,1,0,2,4,1,0,1,0,0,18.1962890625,0,0,0,0
7,SCSG,267.6572265625,0,,0,0,0,0,1,0,0,3,0,0,1,0,0,23.35546875,0,0,0,0
7,SCSG,274.501953125,1,0.91796875,1,0,0,0,1,0,0,3,0,0,1,0,0,30.2001953125,0,0,0,0
7,SCSG,279.9443359375,0,,0,0,0,0,1,0,3,3,0,0,1,0,1,4.357421875,0,0,0,0
7,SCSG,286.5390625,0,,0,0,0,0,1,0,3,3,1,0,1,0,1,10.9521484375,0,0,0,0
7,SCSG,292.0146484375,0,,1,0,0,0,1,0,3,3,1,0,1,0,1,16.427734375,3,1,0,0
7,SCSG,297.3232421875,0,,0,0,0,0,1,0,2,3,1,0,1,0,1,4.841796875,0,0,0,0
7,SCSG,302.5986328125,0,,0,0,0,0,1,0,4,3,1,0,1,0,1,4.82421875,0,0,0,0
7,SCSG,308.7421875,0,,0,0,0,0,1,0,4,3,0,0,1,0,1,10.9677734375,0,0,0,0
7,SCSG,314.869140625,0,,0,0,0,0,1,0,2,3,0,0,1,0,1,17.0947265625,0,0,0,0
7,SCSG,320.0283203125,0,,0,0,0,0,1,0,2,3,0,0,1,0,1,4.724609375,0,0,0,0
7,SCSG,326.5390625,0,,0,0,0,0,1,0,2,3,0,0,1,0,1,11.2353515625,0,0,0,0
7,SCSG,333.150390625,0,,0,0,0,0,1,0,2,3,0,0,1,0,1,17.8466796875,0,0,0,0
7,SCSG,339.7939453125,0,,0,0,0,0,1,0,0,3,0,0,1,0,0,24.490234375,0,0,0,0
7,SCSG,345.203125,0,,0,0,0,0,1,0,0,3,0,0,1,0,0,29.8994140625,0,0,0,0
7,SCSG,351.296875,0,,1,0,0,0,1,0,0,3,0,0,1,0,0,35.9931640625,0,0,0,0
7,SCSG,356.7890625,0,,0,0,0,0,1,0,2,2,0,0,2,0,0,5.0244140625,0,0,0,0
7,SCSG,361.9814453125,0,,0,0,0,0,1,0,3,2,0,0,1,0,0,4.658203125,0,0,0,0
7,SCSG,367.056640625,0,,0,0,0,0,1,0,3,2,0,0,1,0,0,9.7333984375,0,0,0,0
7,SCSG,372.6494140625,0,,0,0,0,0,1,0,1,3,1,0,1,0,0,15.326171875,0,0,0,0
7,SCSG,379.3603515625,0,,0,0,0,0,1,0,0,3,1,0,0,0,0,22.037109375,0,0,0,0
7,SCSG,385.4873046875,0,,0,0,0,0,1,0,0,3,1,0,0,0,0,28.1640625,0,0,0,0
7,SCSG,391.3642578125,0,,0,0,0,0,1,0,0,3,0,0,0,0,0,34.041015625,0,0,0,0
7,SCSG,397.4404296875,0,,0,0,0,0,1,0,0,3,0,0,0,0,0,40.1171875,0,0,0,0
7,SCSG,402.5322265625,0,,0,0,0,0,1,0,0,3,0,0,0,0,0,45.208984375,0,0,0,0
7,SCSG,409.310546875,0,,0,0,0,0,1,0,0,3,0,0,0,0,0,51.9873046875,0,0,0,0
7,SCSG,415.8212890625,0,,0,0,0,0,1,0,0,3,2,0,0,0,0,58.498046875,0,0,0,0
7,SCSG,420.896484375,0,,0,0,0,0,1,0,0,3,2,0,0,0,0,60.0,0,0,0,0
7,SCSG,427.541015625,0,,0,0,0,0,1,0,0,3,2,0,0,0,0,60.0,0,0,0,0
7,SCSG,434.001953125,0,,0,0,0,0,1,0,0,3,0,0,0,0,0,60.0,0,0,0,0
7,SCSG,439.427734375,0,,0,0,0,0,1,0,0,3,0,0,0,0,0,60.0,0,0,0,0
7,SCSG,445.5380859375,0,,0,0,0,0,1,0,0,3,0,0,1,0,0,60.0,0,0,0,0
7,SCSG,451.681640625,0,,0,0,0,0,1,0,0,3,2,0,1,0,0,60.0,0,0,0,0
7,SCSG,458.6767578125,0,,0,0,0,0,1,0,0,3,2,0,1,0,0,60.0,0,0,0,0
7,SCSG,464.03515625,0,,1,0,0,0,1,0,1,3,2,0,1,0,0,4.82421875,1,2,0,0
7,SCSG,470.24609375,0,,0,0,0,0,1,0,7,3,0,0,1,0,0,4.4404296875,0,0,0,0
7,SCSG,476.9404296875,0,,0,0,0,0,1,0,7,3,1,0,1,0,0,11.134765625,0,0,0,0
7,SCSG,482.3828125,0,,0,0,0,0,1,0,6,3,1,0,1,0,0,16.5771484375,0,0,0,0
7,SCSG,488.5771484375,0,,0,0,0,0,1,0,0,3,1,0,1,1,0,22.771484375,0,0,0,0
7,SCSG,494.7373046875,0,,0,0,0,0,1,0,0,3,0,0,1,2,0,28.931640625,0,0,0,0
7,SCSG,501.064453125,0,,0,0,0,0,1,0,0,3,0,0,1,2,0,35.2587890625,0,0,0,0
7,SCSG,507.140625,0,,0,0,0,0,1,0,0,3,0,0,1,1,0,41.3349609375,0,0,0,0
7,SCSG,512.6669921875,0,,0,0,0,0,1,0,2,3,0,0,1,0,0,5.025390625,0,0,0,0
7,SCSG,519.2783203125,0,,0,0,0,0,1,0,2,3,0,0,1,0,0,11.63671875,0,0,0,0
7,SCSG,526.072265625,0,,0,0,0,0,1,0,2,3,0,0,1,0,0,18.4306640625,0,0,0,0
7,SCSG,532.951171875,0,,0,0,0,0,1,0,0,3,0,0,1,0,0,25.3095703125,0,0,0,0
7,SCSG,538.810546875,0,,0,0,0,0,1,0,0,3,0,0,1,0,0,31.1689453125,0,0,0,0
7,SCSG,545.8056640625,0,,1,0,0,0,1,0,0,3,0,0,1,0,0,38.1640625,0,0,0,0
7,SCSG,551.0146484375,0,,0,0,0,0,1,0,5,3,1,0,1,0,0,3.5390625,0,0,0,0
7,SCSG,556.1728515625,0,,0,0,0,0,1,0,5,3,1,0,1,0,0,8.697265625,0,0,0,0
7,SCSG,561.3984375,0,,0,0,0,0,1,0,5,3,1,0,1,0,0,13.9228515625,0,0,0,0
7,SCSG,567.67578125,0,,0,0,0,0,1,0,0,3,2,0,1,0,0,20.2001953125,0,0,0,0
7,SCSG,573.7353515625,0,,0,0,0,0,1,0,0,3,1,0,1,0,0,26.259765625,0,0,0,0
7,SCSG,579.37890625,0,,1,0,0,0,1,0,1,3,1,0,1,0,0,4.9755859375,1,1,0,0
7,SCSG,585.822265625,0,,0,0,0,0,1,0,4,3,0,0,1,0,0,4.9580078125,0,0,0,0
7,SCSG,592.283203125,0,,0,0,0,0,1,0,5,3,0,0,1,0,0,5.826171875,0,0,0,0
7,SCSG,598.259765625,0,,0,0,0,0,1,0,4,3,0,0,1,0,0,11.802734375,0,0,0,0
7,SCSG,603.986328125,0,,0,0,0,0,1,0,1,3,0,0,1,0,0,17.529296875,0,0,0,0
7,SCSG,609.99609375,0,,0,0,0,0,1,0,0,3,2,0,1,0,0,23.5390625,0,0,0,0
7,SCSG,616.056640625,0,,1,0,0,0,1,0,0,3,2,0,1,0,0,29.599609375,0,2,0,0
7,SCSG,622.91796875,0,,0,0,0,0,1,0,2,3,2,0,1,0,0,6.27734375,0,0,0,0
7,SCSG,628.193359375,0,,0,0,0,0,1,0,3,3,3,0,1,0,0,4.724609375,0,0,0,0
7,SCSG,633.619140625,0,,0,0,0,0,1,0,3,3,4,0,1,0,0,10.150390625,0,0,0,0
7,SCSG,639.8134765625,0,,1,0,0,0,1,0,2,2,5,0,1,1,0,1.185546875,2,5,0,0
7,SCSG,645.623046875,0,,0,0,0,0,1,0,3,2,5,0,0,2,0,4.9921875,0,0,0,0
7,SCSG,651.08203125,0,,0,0,0,0,1,0,3,2,2,0,0,2,0,10.451171875,0,0,0,0
7,SCSG,657.275390625,0,,0,0,0,0,1,0,3,3,0,0,0,1,0,16.64453125,0,0,0,0
7,SCSG,663.9873046875,0,,0,0,0,0,1,0,0,3,0,0,0,0,0,23.3564453125,0,0,0,0
7,SCSG,669.37890625,0,,0,0,0,0,1,0,0,3,2,0,0,0,0,28.748046875,0,0,0,0
7,SCSG,675.556640625,0,,0,0,0,0,1,0,0,3,2,0,0,0,0,34.92578125,0,0,0,0
7,SCSG,680.96484375,0,,0,0,0,0,1,0,0,3,2,0,0,0,0,40.333984375,0,0,0,0
7,SCSG,687.876953125,0,,0,0,0,0,1,0,0,3,2,0,0,0,0,47.24609375,0,0,0,0
7,SCSG,694.5712890625,0,,0,0,0,0,1,0,0,3,0,0,0,0,0,53.9404296875,0,0,0,0
7,SCSG,701.1826171875,0,,0,0,0,0,1,0,0,3,0,0,1,0,0,60.0,0,0,0,0
7,SCSG,707.9775390625,0,,0,0,0,0,1,0,0,3,0,0,1,0,0,60.0,0,0,0,0
7,SCSG,714.3212890625,0,,0,0,0,0,1,0,0,3,0,0,1,0,0,60.0,0,0,0,0
7,SCSG,721.0322265625,0,,0,0,0,0,1,0,0,3,0,0,1,0,0,60.0,0,0,0,0
7,SCSG,727.2255859375,0,,0,0,0,0,1,0,0,3,0,1,1,1,0,60.0,0,0,0,0
7,SCSG,733.63671875,0,,0,0,0,0,1,0,0,3,0,1,1,2,0,60.0,0,0,0,0
7,SCSG,739.7802734375,1,1.0517578125,1,0,0,0,1,0,0,3,0,1,2,2,0,60.0,0,1,0,0
7,SCSG,746.44140625,0,,0,0,0,0,1,0,3,3,0,0,1,1,1,5.759765625,0,0,0,0
8,SCFB,35.5751953125,0,,1,0,1,1,0,0,0,0,0,1,0,1,0,60.0,0,1,0,1
8,SCFB,41.1015625,0,,0,0,1,1,0,0,1,0,0,1,0,1,0,5.5263671875,0,0,1,1
8,SCFB,47.4453125,0,,1,0,1,1,0,0,2,1,0,1,1,1,0,6.34375,2,1,2,1
8,SCFB,53.4208984375,0,,0,0,1,1,0,0,2,2,0,1,1,1,0,12.3193359375,0,0,2,1
8,SCFB,58.5126953125,0,,1,0,1,1,0,0,1,3,1,0,1,0,0,17.4111328125,1,1,1,1
8,SCFB,63.705078125,0,,0,0,1,1,0,0,0,3,1,0,1,0,0,22.603515625,0,0,0,1
8,SCFB,70.2822265625,0,,0,0,1,1,0,0,0,3,1,0,1,0,0,29.1806640625,0,0,0,1
8,SCFB,76.7763671875,0,,0,0,1,1,0,0,0,3,2,0,1,0,0,35.6748046875,0,0,0,2
8,SCFB,82.76953125,0,,0,0,1,1,0,0,0,3,1,0,2,0,0,41.66796875,0,0,0,1
8,SCFB,89.4970703125,0,,0,0,1,1,0,0,0,3,1,0,1,0,0,48.3955078125,0,0,0,1
8,SCFB,96.3583984375,0,,0,0,1,1,0,0,0,3,1,0,1,0,0,55.2568359375,0,0,0,1
8,SCFB,101.517578125,0,,0,0,1,1,0,0,0,3,1,0,1,0,0,60.0,0,0,0,1
8,SCFB,106.6923828125,0,,0,0,1,1,0,0,0,3,1,1,1,1,0,60.0,0,0,0,2
8,SCFB,111.9345703125,0,,0,0,1,1,0,0,0,3,0,1,1,1,0,60.0,0,0,0,1
8,SCFB,117.8779296875,0,,0,0,1,1,0,0,0,3,0,1,1,1,0,60.0,0,0,0,1
8,SCFB,124.48828125,0,,0,0,1,1,0,0,0,3,0,1,1,2,0,60.0,0,0,0,1
8,SCFB,131.06640625,0,,0,0,1,1,0,0,0,3,1,0,1,1,0,60.0,0,0,0,1
8,SCFB,137.693359375,0,,0,0,1,1,0,0,0,3,2,0,1,1,0,60.0,0,0,0,2
8,SCFB,144.6552734375,0,,1,0,1,1,0,0,0,3,2,0,1,1,0,60.0,0,2,0,2
8,SCFB,151.3330078125,0,,0,0,1,1,0,0,2,3,1,0,1,1,0,6.1943359375,0,0,2,1
8,SCFB,157.6259765625,0,,0,0,1,1,0,0,2,3,1,0,1,1,0,12.4873046875,0,0,2,1
8,SCFB,162.9853515625,0,,0,0,1,1,0,0,2,3,1,0,1,0,0,17.8466796875,0,0,2,1
8,SCFB,168.76171875,0,,0,0,1,1,0,0,0,3,1,0,1,0,0,23.623046875,0,0,0,1
8,SCFB,175.72265625,0,,1,0,1,1,0,0,0,3,0,0,1,0,0,30.583984375,0,0,0,0
8,SCFB,181.4326171875,0,,0,0,1,1,0,0,0,3,0,0,1,0,0,36.2939453125,0,0,0,0
8,SCFB,187.1748046875,0,,0,0,1,1,0,0,0,3,0,0,1,0,0,42.0361328125,0,0,0,0
8,SCFB,192.6845703125,0,,0,0,1,1,0,0,0,3,0,0,1,0,0,47.5458984375,0,0,0,0
8,SCFB,199.0283203125,0,,0,0,1,1,0,0,0,3,0,1,1,0,0,53.8896484375,0,0,0,1
8,SCFB,205.2880859375,0,,0,0,1,1,0,0,0,3,0,1,1,0,0,60.0,0,0,0,1
8,SCFB,212.099609375,0,,0,0,1,1,0,0,0,3,0,1,1,0,0,60.0,0,0,0,1
8,SCFB,217.6923828125,0,,1,0,1,1,0,0,0,3,0,0,1,0,0,60.0,0,0,0,0
8,SCFB,224.1025390625,0,,1,0,1,1,0,0,2,3,0,0,1,0,0,5.859375,2,0,2,0
8,SCFB,229.611328125,0,,1,0,1,1,0,0,2,3,1,0,1,0,0,11.3681640625,2,1,2,1
8,SCFB,236.1220703125,0,,0,0,1,1,0,0,2,3,1,0,1,0,0,17.87890625,0,0,2,1
8,SCFB,242.3330078125,0,,0,0,1,1,0,0,0,3,1,0,1,0,0,24.08984375,0,0,0,1
8,SCFB,249.34375,0,,0,0,1,1,0,0,0,3,1,2,1,2,0,31.1005859375,0,0,0,3
8,SCFB,255.4541015625,0,,0,0,1,1,0,0,0,3,0,3,1,2,0,37.2109375,0,0,0,3
8,SCFB,262.1650390625,0,,0,0,1,1,0,0,0,3,0,4,1,2,0,43.921875,0,0,0,4
8,SCFB,268.708984375,0,,1,0,1,1,0,0,0,3,2,2,1,2,0,50.4658203125,0,4,0,4
8,SCFB,274.8359375,0,,0,0,1,1,0,0,2,3,2,1,1,2,0,5.42578125,0,0,2,3
8,SCFB,281.36328125,0,,0,0,1,1,0,0,2,3,2,0,1,2,0,11.953125,0,0,2,2
8,SCFB,286.7890625,0,,0,0,1,1,0,0,2,3,1,0,1,1,0,17.37890625,0,0,2,1
8,SCFB,292.0810546875,0,,1,0,1,1,0,0,0,3,0,0,1,0,0,22.6708984375,0,0,0,0
8,SCFB,298.625,0,,1,0,1,1,0,0,0,3,0,0,1,0,0,29.21484375,0,0,0,0
8,SCFB,303.833984375,0,,0,0,1,1,0,0,0,3,0,0,1,0,0,34.423828125,0,0,0,0
8,SCFB,310.1611328125,0,,0,0,1,1,0,0,0,3,0,0,1,0,0,40.7509765625,0,0,0,0
8,SCFB,316.1875,0,,0,0,1,1,0,0,0,3,0,0,1,0,0,46.77734375,0,0,0,0
8,SCFB,322.1142578125,0,,0,0,1,1,0,0,0,3,0,0,1,0,0,52.7041015625,0,0,0,0
8,SCFB,327.3896484375,0,,0,0,1,1,0,0,0,3,0,0,1,0,0,57.9794921875,0,0,0,0
8,SCFB,333.56640625,0,,0,0,1,1,0,0,0,3,0,0,1,0,0,60.0,0,0,0,0
8,SCFB,339.54296875,0,,0,0,1,1,0,0,0,3,0,0,1,0,0,60.0,0,0,0,0
8,SCFB,345.7197265625,0,,0,0,1,1,0,0,0,3,0,0,1,0,0,60.0,0,0,0,0
8,SCFB,351.3125,0,,0,0,1,1,0,0,0,3,0,0,1,0,0,60.0,0,0,0,0
8,SCFB,356.5703125,0,,0,0,1,1,0,0,0,3,0,0,1,0,0,60.0,0,0,0,0
8,SCFB,361.9462890625,0,,0,0,1,1,0,0,0,3,0,0,1,0,0,60.0,0,0,0,0
8,SCFB,367.0380859375,0,,0,0,1,1,0,0,0,3,0,0,1,0,0,60.0,0,0,0,0
8,SCFB,373.3154296875,0,,0,0,1,1,0,0,0,3,0,0,1,0,0,60.0,0,0,0,0
8,SCFB,379.224609375,0,,0,0,1,1,0,0,0,3,0,0,1,0,0,60.0,0,0,0,0
8,SCFB,385.0341796875,0,,0,0,1,1,0,0,0,3,1,2,1,0,0,60.0,0,0,0,3
8,SCFB,391.09375,0,,1,0,1,1,0,0,1,2,4,2,1,0,0,1.05078125,1,6,1,6
8,SCFB,396.5869140625,0,,0,0,1,1,0,0,2,1,6,3,0,0,0,0.484375,0,0,2,9
8,SCFB,402.830078125,0,,0,0,1,1,0,0,2,1,7,2,0,1,0,6.7275390625,0,0,2,9
8,SCFB,409.8583984375,0,,0,0,1,1,0,0,2,2,5,3,0,1,0,13.755859375,0,0,2,8
8,SCFB,416.5029296875,0,,0,0,1,1,0,0,0,3,3,2,0,1,0,20.400390625,0,0,0,5
8,SCFB,422.8798828125,0,,0,0,1,1,0,0,0,3,4,1,0,0,0,26.77734375,0,0,0,5
8,SCFB,428.4560546875,0,,0,0,1,1,0,0,0,3,4,2,0,1,0,32.353515625,0,0,0,6
8,SCFB,434.6328125,0,,0,0,1,1,0,0,0,3,4,2,0,1,0,38.5302734375,0,0,0,6
8,SCFB,440.30859375,0,,0,0,1,1,0,0,0,3,3,2,0,1,0,44.2060546875,0,0,0,5
8,SCFB,446.986328125,0,,0,0,1,1,0,0,0,3,1,2,0,0,0,50.8837890625,0,0,0,3
8,SCFB,453.36328125,0,,0,0,1,1,0,0,0,3,0,0,0,0,0,57.2607421875,0,0,0,0
8,SCFB,459.94140625,0,,0,0,1,1,0,0,0,3,0,0,1,0,0,60.0,0,0,0,0
8,SCFB,466.7021484375,0,,0,0,1,1,0,0,0,3,0,0,1,0,0,60.0,0,0,0,0
8,SCFB,472.8623046875,0,,1,0,1,1,0,0,0,3,1,0,1,0,0,60.0,0,1,0,1
8,SCFB,479.58984375,0,,1,0,1,1,0,0,2,3,1,0,1,0,0,6.0927734375,2,1,2,1
8,SCFB,486.1337890625,0,,0,0,1,1,0,0,2,3,1,1,1,0,0,12.63671875,0,0,2,2
8,SCFB,492.244140625,0,,0,0,1,1,0,0,2,3,0,1,1,0,0,18.7470703125,0,0,2,1
8,SCFB,498.654296875,0,,0,0,1,1,0,0,0,3,0,4,2,0,0,25.1572265625,0,0,0,4
8,SCFB,504.34765625,0,,0,0,1,1,0,0,0,3,0,3,1,0,0,30.8505859375,0,0,0,3
8,SCFB,510.8916015625,0,,0,0,1,1,0,0,0,3,1,3,1,0,0,37.39453125,0,0,0,4
8,SCFB,516.9345703125,0,,0,0,1,1,0,0,0,3,1,1,1,0,0,43.4375,0,0,0,2
8,SCFB,522.009765625,0,,0,0,1,1,0,0,0,3,1,0,1,1,0,48.5126953125,0,0,0,1
8,SCFB,528.103515625,0,,0,0,1,1,0,0,0,3,0,0,1,1,0,54.6064453125,0,0,0,0
8,SCFB,534.8642578125,0,,0,0,1,1,0,0,0,3,0,0,1,1,0,60.0,0,0,0,0
8,SCFB,540.8076171875,0,,0,0,1,1,0,0,0,3,0,0,1,0,0,60.0,0,0,0,0
8,SCFB,547.1513671875,0,,1,0,1,1,0,0,0,3,2,0,1,0,0,60.0,0,2,0,2
8,SCFB,552.2265625,0,,0,0,1,1,0,0,2,3,3,0,1,1,0,4.32421875,0,0,2,3
8,SCFB,559.154296875,0,,0,0,1,1,0,0,2,3,4,0,1,1,0,11.251953125,0,0,2,4
8,SCFB,564.5634765625,0,,0,0,1,1,0,0,2,3,3,1,1,1,0,16.6611328125,0,0,2,4
8,SCFB,570.9404296875,0,,0,0,1,1,0,0,0,3,4,2,1,0,0,23.0380859375,0,0,0,6
8,SCFB,577.7353515625,0,,0,0,1,1,0,0,0,3,4,2,2,0,0,29.8330078125,0,0,0,6
8,SCFB,583.978515625,0,,0,0,1,1,0,0,0,3,4,1,1,0,0,36.076171875,0,0,0,5
8,SCFB,590.40625,0,,1,0,1,1,0,0,0,3,1,0,1,0,0,42.50390625,0,1,0,1
8,SCFB,596.69921875,0,,1,0,1,1,0,0,2,3,0,0,0,0,0,5.7587890625,2,0,2,0
8,SCFB,603.5947265625,0,,0,0,1,1,0,0,2,3,0,1,1,0,0,12.654296875,0,0,2,1
8,SCFB,608.65234375,0,,0,0,1,1,0,0,2,3,0,2,1,0,0,17.7119140625,0,0,2,2
8,SCFB,614.962890625,0,,0,0,1,1,0,0,2,3,0,3,1,0,0,5.642578125,0,0,2,3
8,SCFB,621.607421875,0,,0,0,1,1,0,0,2,3,0,3,1,0,0,12.287109375,0,0,2,3
8,SCFB,627.984375,0,,1,0,1,1,0,0,2,3,0,1,1,0,0,18.6640625,2,1,2,1
8,SCFB,635.0126953125,0,,1,0,1,1,0,0,0,3,1,0,1,0,0,25.6923828125,0,1,0,1
8,SCFB,640.73828125,0,,0,0,1,1,0,0,0,3,2,1,0,0,0,31.41796875,0,0,0,3
8,SCFB,646.28125,0,,0,0,1,1,0,0,0,3,2,1,0,0,0,36.9609375,0,0,0,3
8,SCFB,652.3408203125,0,,0,0,1,1,0,0,0,3,3,1,0,0,0,43.0205078125,0,0,0,4
8,SCFB,658.451171875,0,,0,0,1,1,0,0,0,3,1,0,0,0,0,49.130859375,0,0,0,1
8,SCFB,663.7763671875,0,,0,0,1,1,0,0,0,3,1,0,0,0,0,54.4560546875,0,0,0,1
8,SCFB,670.3876953125,0,,0,0,1,1,0,0,0,3,0,0,0,0,0,60.0,0,0,0,0
8,SCFB,676.1806640625,0,,0,0,1,1,0,0,0,3,0,0,0,0,0,60.0,0,0,0,0
8,SCFB,682.6240234375,0,,0,0,1,1,0,0,0,3,2,0,0,0,0,60.0,0,0,0,2
8,SCFB,687.75,0,,1,0,1,1,0,0,0,3,2,0,0,0,0,60.0,0,2,0,2
8,SCFB,693.19140625,0,,0,0,1,1,0,0,0,3,3,0,0,0,0,60.0,0,0,0,3
8,SCFB,700.2197265625,0,,0,0,1,1,0,0,0,3,1,0,0,0,0,60.0,0,0,0,1
8,SCFB,706.6806640625,0,,0,0,1,1,0,0,0,3,1,0,1,0,0,60.0,0,0,0,1
8,SCFB,712.890625,0,,0,0,1,1,0,0,0,3,0,0,1,0,0,60.0,0,0,0,0
8,SCFB,719.1845703125,0,,0,0,1,1,0,0,0,3,0,0,1,0,0,60.0,0,0,0,0
8,SCFB,725.2275390625,0,,1,0,1,1,0,0,0,3,0,0,1,0,0,60.0,0,0,0,0
8,SCFB,730.3701171875,0,,0,0,1,1,0,0,0,3,0,0,1,0,0,60.0,0,0,0,0
8,SCFB,737.248046875,0,,0,0,1,1,0,0,0,3,1,0,1,0,0,60.0,0,0,0,1
8,SCFB,743.9921875,0,,0,0,1,1,0,0,0,3,1,0,1,0,0,60.0,0,0,0,1
8,SCFB,749.3681640625,0,,0,0,1,1,0,0,0,3,1,0,1,0,0,60.0,0,0,0,1
8,SCFB,754.91015625,0,,1,0,1,1,0,0,0,3,0,0,1,0,0,60.0,0,0,0,0
8,SCFG,41.736328125,0,,0,0,0,1,0,0,0,0,0,1,0,1,0,60.0,0,0,0,0
8,SCFG,47.4326171875,0,,0,0,0,1,0,0,2,1,0,1,1,1,0,4.927734375,0,0,0,0
8,SCFG,53.279296875,0,,0,0,0,1,0,0,2,2,0,1,1,1,0,10.7744140625,0,0,0,0
8,SCFG,59.4423828125,0,,0,0,0,1,0,0,2,3,0,0,1,0,0,16.9375,0,0,0,0
8,SCFG,65.9580078125,0,,0,0,0,1,0,0,0,3,0,0,1,0,0,23.453125,0,0,0,0
8,SCFG,72.3056640625,0,,0,0,0,1,0,0,0,3,0,0,1,0,0,29.80078125,0,0,0,0
8,SCFG,77.5,0,,0,0,0,1,0,0,0,3,0,0,1,0,0,34.9951171875,0,0,0,0
8,SCFG,83.4970703125,0,,0,0,0,1,0,0,0,3,0,0,1,0,0,40.9921875,0,0,0,0
8,SCFG,89.828125,0,,0,0,0,1,0,0,0,3,0,0,1,0,0,47.3232421875,0,0,0,0
8,SCFG,95.240234375,0,,0,0,0,1,0,0,0,3,0,0,1,0,0,52.7353515625,0,0,0,0
8,SCFG,101.103515625,0,,0,0,0,1,0,0,0,3,0,0,1,0,0,58.5986328125,0,0,0,0
8,SCFG,106.900390625,0,,0,0,0,1,0,0,0,3,0,0,1,0,0,60.0,0,0,0,0
8,SCFG,112.4794921875,0,,0,0,0,1,0,0,0,3,0,0,1,0,0,60.0,0,0,0,0
8,SCFG,118.025390625,0,,0,0,0,1,0,0,0,3,0,0,1,0,0,60.0,0,0,0,0
8,SCFG,123.654296875,0,,0,0,0,1,0,0,0,3,0,0,2,0,0,60.0,0,0,0,0
8,SCFG,128.966796875,0,,0,0,0,1,0,0,0,3,0,0,1,0,0,60.0,0,0,0,0
8,SCFG,135.681640625,0,,1,0,0,1,0,0,0,3,0,0,1,0,0,60.0,0,0,0,0
8,SCFG,142.2138671875,0,,0,0,0,1,0,0,0,3,0,0,1,0,0,60.0,0,0,0,0
8,SCFG,148.794921875,0,,0,0,0,1,0,0,0,3,0,0,1,0,0,60.0,0,0,0,0
8,SCFG,154.3076171875,0,,0,0,0,1,0,0,0,3,2,0,1,0,0,60.0,0,0,0,0
8,SCFG,159.8369140625,0,,0,0,0,1,0,0,0,3,2,0,1,0,0,60.0,0,0,0,0
8,SCFG,166.568359375,0,,0,0,0,1,0,0,0,3,2,0,1,0,0,60.0,0,0,0,0
8,SCFG,172.8662109375,0,,0,0,0,1,0,0,0,3,1,0,1,0,0,60.0,0,0,0,0
8,SCFG,179.1474609375,0,,1,0,0,1,0,0,0,3,0,0,1,0,0,60.0,0,0,0,0
8,SCFG,185.361328125,0,,0,0,0,1,0,0,0,3,0,0,1,0,0,60.0,0,0,0,0
8,SCFG,191.708984375,0,,0,0,0,1,0,0,0,3,0,0,1,0,0,60.0,0,0,0,0
8,SCFG,197.7060546875,0,,0,0,0,1,0,0,0,3,0,0,1,0,0,60.0,0,0,0,0
8,SCFG,204.1533203125,0,,0,0,0,1,0,0,0,3,0,0,1,0,0,60.0,0,0,0,0
8,SCFG,210.1005859375,0,,0,0,0,1,0,0,0,3,0,0,1,0,0,60.0,0,0,0,0
8,SCFG,215.5625,0,,0,0,0,1,0,0,0,3,0,0,1,0,0,60.0,0,0,0,0
8,SCFG,222.51171875,0,,0,0,0,1,0,0,0,3,0,0,1,0,0,60.0,0,0,0,0
8,SCFG,227.6064453125,0,,0,0,0,1,0,0,0,3,0,0,1,0,0,60.0,0,0,0,0
8,SCFG,233.75390625,0,,1,0,0,1,0,0,0,3,0,0,1,0,0,60.0,0,0,0,0
8,SCFG,239.6171875,0,,0,0,0,1,0,0,0,3,0,0,1,0,0,60.0,0,0,0,0
8,SCFG,245.24609375,0,,1,0,0,1,0,0,0,3,0,0,1,0,0,60.0,0,0,0,0
8,SCFG,250.408203125,0,,0,0,0,1,0,0,0,3,0,0,1,0,0,60.0,0,0,0,0
8,SCFG,257.4404296875,0,,0,0,0,1,0,0,0,3,0,0,1,0,0,60.0,0,0,0,0
8,SCFG,263.0869140625,0,,1,0,0,1,0,0,0,3,0,0,1,0,0,60.0,0,0,0,0
8,SCFG,268.265625,0,,0,0,0,1,0,0,0,3,0,0,1,0,0,60.0,0,0,0,0
8,SCFG,274.5791015625,0,,0,0,0,1,0,0,0,3,0,0,1,0,0,60.0,0,0,0,0
8,SCFG,281.595703125,0,,0,0,0,1,0,0,0,3,0,0,1,0,0,60.0,0,0,0,0
8,SCFG,287.224609375,0,,0,0,0,1,0,0,0,3,1,0,1,0,0,60.0,0,0,0,0
8,SCFG,292.9541015625,0,,0,0,0,1,0,0,0,3,1,0,1,0,0,60.0,0,0,0,0
8,SCFG,299.068359375,0,,0,0,0,1,0,0,0,3,1,0,1,0,0,60.0,0,0,0,0
8,SCFG,304.3974609375,0,,0,0,0,1,0,0,0,3,1,0,1,0,0,60.0,0,0,0,0
8,SCFG,310.9619140625,0,,0,0,0,1,0,0,0,3,0,0,1,0,0,60.0,0,0,0,0
8,SCFG,317.744140625,0,,0,0,0,1,0,0,0,3,0,0,1,0,0,60.0,0,0,0,0
8,SCFG,324.2587890625,0,,0,0,0,1,0,0,0,3,0,0,1,0,0,60.0,0,0,0,0
8,SCFG,329.7373046875,0,,1,0,0,1,0,0,0,3,0,0,1,0,0,60.0,0,0,0,0
8,SCFG,335.8017578125,0,,0,0,0,1,0,0,0,3,0,0,1,0,0,60.0,0,0,0,0
8,SCFG,342.5830078125,0,,0,0,0,1,0,0,0,3,0,0,1,0,0,60.0,0,0,0,0
8,SCFG,349.1484375,0,,0,0,0,1,0,0,0,3,0,0,1,0,0,60.0,0,0,0,0
8,SCFG,355.1455078125,0,,0,0,0,1,0,0,0,3,0,0,2,0,0,60.0,0,0,0,0
8,SCFG,361.576171875,0,,1,0,0,1,0,0,0,3,0,0,1,0,0,60.0,0,0,0,0
8,SCFG,368.125,0,,0,0,0,1,0,0,2,2,0,0,1,0,0,5.61328125,0,0,0,0
8,SCFG,374.6220703125,0,,0,0,0,1,0,0,2,2,0,0,2,0,0,12.1103515625,0,0,0,0
8,SCFG,380.51953125,0,,0,0,0,1,0,0,2,2,0,0,1,0,0,18.0078125,0,0,0,0
8,SCFG,386.7001953125,0,,0,0,0,1,0,0,0,3,0,0,1,0,0,24.1884765625,0,0,0,0
8,SCFG,392.4794921875,0,,0,0,0,1,0,0,0,3,0,0,1,0,0,29.9677734375,0,0,0,0
8,SCFG,398.4765625,0,,0,0,0,1,0,0,0,3,1,0,1,0,0,35.96484375,0,0,0,0
8,SCFG,404.0224609375,0,,0,0,0,1,0,0,0,3,3,0,1,0,0,41.5107421875,0,0,0,0
8,SCFG,410.4541015625,0,,0,0,0,1,0,0,0,3,5,0,1,0,0,47.9423828125,0,0,0,0
8,SCFG,416.18359375,0,,1,0,0,1,0,0,0,3,6,0,0,0,0,53.671875,0,6,0,0
8,SCFG,422.11328125,0,,0,0,0,1,0,0,0,3,3,0,0,0,0,59.6015625,0,0,0,0
8,SCFG,428.3271484375,0,,0,0,0,1,0,0,0,3,4,0,0,1,0,60.0,0,0,0,0
8,SCFG,435.326171875,0,,0,0,0,1,0,0,0,3,3,0,0,1,0,60.0,0,0,0,0
8,SCFG,442.05859375,0,,0,0,0,1,0,0,0,3,3,0,0,1,0,60.0,0,0,0,0
8,SCFG,448.1552734375,0,,0,0,0,1,0,0,0,3,1,0,0,0,0,60.0,0,0,0,0
8,SCFG,455.1884765625,0,,0,0,0,1,0,0,0,3,0,0,0,0,0,60.0,0,0,0,0
8,SCFG,460.5166015625,0,,0,0,0,1,0,0,0,3,1,0,0,1,0,60.0,0,0,0,0
8,SCFG,466.396484375,0,,0,0,0,1,0,0,0,3,2,0,0,1,0,60.0,0,0,0,0
8,SCFG,472.978515625,0,,0,0,0,1,0,0,0,3,2,0,0,1,0,60.0,0,0,0,0
8,SCFG,479.5595703125,0,,0,0,0,1,0,0,0,3,2,0,1,0,0,60.0,0,0,0,0
8,SCFG,484.8046875,0,,0,0,0,1,0,0,0,3,0,0,1,0,0,60.0,0,0,0,0
8,SCFG,490.568359375,0,,0,0,0,1,0,0,0,3,0,0,1,0,0,60.0,0,0,0,0
8,SCFG,495.6962890625,0,,0,0,0,1,0,0,0,3,0,0,2,0,0,60.0,0,0,0,0
8,SCFG,501.609375,0,,0,0,0,1,0,0,0,3,0,0,1,0,0,60.0,0,0,0,0
8,SCFG,508.0576171875,0,,1,0,0,1,0,0,0,3,1,0,1,0,0,60.0,0,1,0,0
8,SCFG,513.2197265625,0,,0,0,0,1,0,0,2,3,1,0,1,0,0,4.560546875,0,0,0,0
8,SCFG,519.1826171875,0,,1,0,0,1,0,0,2,3,1,0,1,0,0,10.5234375,2,1,0,0
8,SCFG,525.447265625,1,0.7685546875,1,0,0,1,0,0,2,3,0,0,1,0,0,16.7880859375,2,0,0,0
8,SCFG,531.2265625,0,,0,0,0,1,0,0,2,3,0,0,1,0,1,5.1943359375,0,0,0,0
8,SCFG,538.0751953125,0,,1,0,0,1,0,0,2,3,0,0,1,0,1,12.04296875,2,0,0,0
8,SCFG,544.974609375,0,,1,0,0,1,0,0,2,3,0,0,1,0,1,18.9423828125,2,0,0,0
8,SCFG,551.138671875,0,,1,0,0,1,0,0,0,3,0,0,1,0,1,25.1064453125,0,0,0,0
8,SCFG,556.466796875,0,,1,0,0,1,0,0,0,3,0,0,1,0,1,30.4345703125,0,0,0,0
8,SCFG,561.7958984375,0,,0,0,0,1,0,0,0,3,0,0,1,0,1,35.763671875,0,0,0,0
8,SCFG,567.3583984375,0,,0,0,0,1,0,0,0,3,1,0,1,0,1,41.326171875,0,0,0,0
8,SCFG,572.537109375,0,,0,0,0,1,0,0,0,3,1,0,1,0,1,46.5048828125,0,0,0,0
8,SCFG,578.8349609375,0,,0,0,0,1,0,0,0,3,1,0,1,0,1,52.802734375,0,0,0,0
8,SCFG,584.6640625,0,,0,0,0,1,0,0,0,3,0,0,1,0,1,58.6318359375,0,0,0,0
8,SCFG,590.8447265625,0,,0,0,0,1,0,0,0,3,0,0,1,0,0,60.0,0,0,0,0
8,SCFG,595.95703125,0,,0,0,0,1,0,0,0,3,0,0,1,0,0,60.0,0,0,0,0
8,SCFG,601.619140625,0,,1,0,0,1,0,0,0,3,0,0,1,0,0,60.0,0,0,0,0
8,SCFG,608.6357421875,0,,0,0,0,1,0,0,0,3,0,0,1,0,0,60.0,0,0,0,0
8,SCFG,614.064453125,0,,0,0,0,1,0,0,0,3,0,0,2,0,0,60.0,0,0,0,0
8,SCFG,619.927734375,0,,0,0,0,1,0,0,0,3,0,0,1,0,0,60.0,0,0,0,0
8,SCFG,626.5927734375,0,,0,0,0,1,0,0,0,3,0,0,1,0,0,60.0,0,0,0,0
8,SCFG,631.654296875,0,,0,0,0,1,0,0,0,3,0,0,1,0,0,60.0,0,0,0,0
8,SCFG,638.3359375,0,,0,0,0,1,0,0,0,3,0,0,1,0,0,60.0,0,0,0,0
8,SCFG,645.017578125,0,,0,0,0,1,0,0,0,3,0,0,1,0,0,60.0,0,0,0,0
8,SCFG,650.998046875,0,,0,0,0,1,0,0,0,3,1,0,1,0,0,60.0,0,0,0,0
8,SCFG,656.5771484375,0,,0,0,0,1,0,0,0,3,2,0,0,0,0,60.0,0,0,0,0
8,SCFG,662.0390625,0,,0,0,0,1,0,0,0,3,4,0,0,1,0,60.0,0,0,0,0
8,SCFG,668.052734375,0,,1,0,0,1,0,0,0,3,6,0,0,1,0,60.0,0,6,0,0
8,SCFG,674.8349609375,0,,1,0,0,1,0,0,0,3,4,0,0,1,0,60.0,0,4,0,0
8,SCFG,681.43359375,0,,0,0,0,1,0,0,0,3,2,0,0,0,0,60.0,0,0,0,0
8,SCFG,686.7958984375,0,,0,0,0,1,0,0,0,3,0,0,0,0,0,60.0,0,0,0,0
8,SCFG,693.8115234375,0,,0,0,0,1,0,0,0,3,0,0,0,0,0,60.0,0,0,0,0
8,SCFG,700.392578125,0,,0,0,0,1,0,0,0,3,2,0,0,0,0,60.0,0,0,0,0
8,SCFG,705.97265625,0,,0,0,0,1,0,0,0,3,2,0,0,0,0,60.0,0,0,0,0
8,SCFG,713.0048828125,0,,0,0,0,1,0,0,0,3,2,0,0,0,0,60.0,0,0,0,0
8,SCFG,718.400390625,0,,0,0,0,1,0,0,0,3,0,0,0,1,0,60.0,0,0,0,0
8,SCFG,725.1826171875,0,,1,0,0,1,0,0,0,3,0,0,0,1,0,60.0,0,0,0,0
8,SCFG,730.828125,0,,0,0,0,1,0,0,2,3,0,0,1,1,0,5.0107421875,0,0,0,0
8,SCFG,736.3740234375,0,,0,0,0,1,0,0,2,3,1,0,1,0,0,10.556640625,0,0,0,0
8,SCFG,743.2900390625,0,,0,0,0,1,0,0,2,3,1,0,1,0,0,17.47265625,0,0,0,0
8,SCFG,748.451171875,0,,1,0,0,1,0,0,0,3,1,0,1,0,0,22.6337890625,0,1,0,0
8,SCFG,753.9970703125,0,,0,0,0,1,0,0,0,3,1,0,1,0,0,28.1796875,0,0,0,0
8,SCFG,759.142578125,0,,0,0,0,1,0,0,0,3,0,0,1,0,0,33.3251953125,0,0,0,0
8,SCFG,764.5546875,0,,0,0,0,1,0,0,0,3,0,0,1,0,0,38.7373046875,0,0,0,0
8,SCFG,770.53515625,0,,0,0,0,1,0,0,0,3,0,0,1,0,0,44.7177734375,0,0,0,0
8,SCMM,133.7861328125,0,,0,0,0,0,0,1,0,0,1,2,0,0,0,60.0,0,0,0,0
8,SCMM,139.779296875,0,,0,0,0,0,0,1,0,1,1,4,1,0,0,60.0,0,0,0,0
8,SCMM,145.73828125,0,,0,0,0,0,0,1,0,2,1,5,1,0,0,60.0,0,0,0,0
8,SCMM,150.9462890625,0,,0,0,0,0,0,1,0,3,1,4,1,0,0,60.0,0,0,0,0
8,SCMM,157.2734375,0,,0,0,0,0,0,1,2,3,1,2,1,0,0,5.4921875,0,0,0,0
8,SCMM,164.234375,0,,0,0,0,0,0,1,2,3,1,0,1,0,0,12.453125,0,0,0,0
8,SCMM,169.5595703125,0,,0,0,0,0,0,1,2,3,0,0,1,0,0,17.7783203125,0,0,0,0
8,SCMM,175.986328125,0,,1,0,0,0,0,1,0,3,0,0,1,0,0,24.205078125,0,0,0,0
8,SCMM,182.7802734375,0,,0,0,0,0,0,1,0,3,0,0,1,0,0,30.9990234375,0,0,0,0
8,SCMM,188.322265625,0,,0,0,0,0,0,1,0,3,1,0,1,0,0,36.541015625,0,0,0,0
8,SCMM,193.931640625,0,,0,0,0,0,0,1,0,3,1,0,1,0,0,42.150390625,0,0,0,0
8,SCMM,200.44140625,0,,0,0,0,0,0,1,0,3,1,0,1,0,0,48.66015625,0,0,0,0
8,SCMM,206.66796875,0,,1,0,0,0,0,1,0,3,3,0,1,0,0,54.88671875,0,3,0,0
8,SCMM,212.376953125,0,,0,0,0,0,0,1,2,3,3,0,1,0,0,5.158203125,0,0,0,0
8,SCMM,219.4052734375,0,,0,0,0,0,0,1,2,3,3,1,1,0,0,12.1865234375,0,0,0,0
8,SCMM,225.5654296875,0,,0,0,0,0,0,1,2,3,0,1,1,0,0,18.3466796875,0,0,0,0
8,SCMM,231.240234375,0,,0,0,0,0,0,1,0,3,0,1,1,0,0,24.021484375,0,0,0,0
8,SCMM,236.6162109375,0,,0,0,0,0,0,1,0,3,0,1,2,0,0,29.3974609375,0,0,0,0
8,SCMM,242.2080078125,0,,0,0,0,0,0,1,0,3,0,0,1,0,0,34.9892578125,0,0,0,0
8,SCMM,247.7001953125,0,,0,0,0,0,0,1,0,3,0,0,1,0,0,40.4814453125,0,0,0,0
8,SCMM,253.458984375,0,,0,0,0,0,0,1,0,3,0,0,1,0,0,46.240234375,0,0,0,0
8,SCMM,258.984375,0,,0,0,0,0,0,1,0,3,0,0,1,0,0,51.765625,0,0,0,0
8,SCMM,265.9453125,0,,0,0,0,0,0,1,0,3,0,0,1,0,0,58.7265625,0,0,0,0
8,SCMM,271.9052734375,0,,0,0,0,0,0,1,0,3,0,0,1,0,0,60.0,0,0,0,0
8,SCMM,277.7138671875,0,,0,0,0,0,0,1,0,3,0,0,1,0,0,60.0,0,0,0,0
8,SCMM,283.82421875,0,,0,0,0,0,0,1,0,3,0,0,1,0,0,60.0,0,0,0,0
8,SCMM,290.1669921875,0,,0,0,0,0,0,1,0,3,1,0,1,0,0,60.0,0,0,0,0
8,SCMM,295.79296875,0,,0,0,0,0,0,1,0,3,1,0,1,0,0,60.0,0,0,0,0
8,SCMM,301.619140625,0,,0,0,0,0,0,1,0,3,1,0,1,0,0,60.0,0,0,0,0
8,SCMM,307.4443359375,0,,0,0,0,0,0,1,0,3,0,0,1,0,0,60.0,0,0,0,0
8,SCMM,312.953125,0,,0,0,0,0,0,1,0,3,0,0,1,0,0,60.0,0,0,0,0
8,SCMM,319.6640625,0,,0,0,0,0,0,1,0,3,1,0,1,0,0,60.0,0,0,0,0
8,SCMM,325.5234375,0,,1,0,0,0,0,1,0,3,2,0,1,0,0,60.0,0,2,0,0
8,SCMM,332.333984375,0,,0,0,0,0,0,1,0,3,2,0,1,0,0,60.0,0,0,0,0
8,SCMM,338.34375,0,,0,0,0,0,0,1,0,3,2,0,1,0,0,60.0,0,0,0,0
8,SCMM,344.8876953125,0,,0,0,0,0,0,1,0,3,2,0,1,0,0,60.0,0,0,0,0
8,SCMM,351.013671875,0,,0,0,0,0,0,1,0,3,1,0,1,0,0,60.0,0,0,0,0
8,SCMM,356.1220703125,0,,0,0,0,0,0,1,0,3,1,0,1,0,0,60.0,0,0,0,0
8,SCMM,361.447265625,0,,0,0,0,0,0,1,0,3,0,0,1,0,0,60.0,0,0,0,0
8,SCMM,368.32421875,0,,0,0,0,0,0,1,0,3,0,0,1,0,0,60.0,0,0,0,0
8,SCMM,375.0185546875,0,,0,0,0,0,0,1,0,3,0,0,1,0,0,60.0,0,0,0,0
8,SCMM,381.0283203125,0,,0,0,0,0,0,1,0,3,0,0,1,0,0,60.0,0,0,0,0
8,SCMM,386.3193359375,0,,0,0,0,0,0,1,0,3,0,0,1,0,0,60.0,0,0,0,0
8,SCMM,392.8466796875,0,,0,0,0,0,0,1,0,3,0,0,1,0,0,60.0,0,0,0,0
8,SCMM,398.4892578125,0,,0,0,0,0,0,1,0,3,0,1,1,0,0,60.0,0,0,0,0
8,SCMM,403.763671875,0,,0,0,0,0,0,1,0,3,1,2,1,0,0,60.0,0,0,0,0
8,SCMM,409.2060546875,0,,0,0,0,0,0,1,0,3,1,3,1,0,0,60.0,0,0,0,0
8,SCMM,415.5498046875,0,,0,0,0,0,0,1,0,3,1,3,1,0,0,60.0,0,0,0,0
8,SCMM,420.607421875,0,,0,0,0,0,0,1,0,3,1,1,1,0,0,60.0,0,0,0,0
8,SCMM,425.7490234375,0,,0,0,0,0,0,1,0,3,0,1,1,0,0,60.0,0,0,0,0
8,SCMM,432.392578125,0,,0,0,0,0,0,1,0,3,0,0,1,0,0,60.0,0,0,0,0
8,SCMM,438.0185546875,0,,0,0,0,0,0,1,0,3,0,0,1,0,0,60.0,0,0,0,0
8,SCMM,443.4267578125,0,,1,0,0,0,0,1,0,3,0,0,1,0,0,60.0,0,0,0,0
8,SCMM,449.6865234375,0,,0,0,0,0,0,1,2,3,0,0,1,0,0,5.7255859375,0,0,0,0
8,SCMM,455.3955078125,0,,0,0,0,0,0,1,2,3,0,0,1,0,0,11.4345703125,0,0,0,0
8,SCMM,462.15625,0,,0,0,0,0,0,1,2,3,0,0,1,0,0,18.1953125,0,0,0,0
8,SCMM,467.83203125,0,,0,0,0,0,0,1,0,3,2,0,1,0,0,23.87109375,0,0,0,0
8,SCMM,474.275390625,0,,0,0,0,0,0,1,0,3,3,0,0,0,0,30.314453125,0,0,0,0
8,SCMM,480.369140625,0,,1,0,0,0,0,1,0,3,4,0,0,0,0,36.408203125,0,4,0,0
8,SCMM,485.626953125,0,,0,0,0,0,0,1,0,3,5,0,0,0,0,41.666015625,0,0,0,0
8,SCMM,491.603515625,0,,0,0,0,0,0,1,0,3,3,0,0,0,0,47.642578125,0,0,0,0
8,SCMM,496.828125,0,,0,0,0,0,0,1,0,3,2,0,0,0,0,52.8671875,0,0,0,0
8,SCMM,502.6376953125,0,,0,0,0,0,0,1,0,3,0,0,0,0,0,58.6767578125,0,0,0,0
8,SCMM,508.9140625,0,,0,0,0,0,0,1,0,3,0,0,0,0,0,60.0,0,0,0,0
8,SCMM,514.7900390625,0,,0,0,0,0,0,1,0,3,2,0,0,0,0,60.0,0,0,0,0
8,SCMM,520.2158203125,0,,0,0,0,0,0,1,0,3,2,0,0,0,0,60.0,0,0,0,0
8,SCMM,525.607421875,0,,1,0,0,0,0,1,0,3,3,0,0,0,0,60.0,0,3,0,0
8,SCMM,531.8505859375,0,,0,0,0,0,0,1,2,3,3,0,0,0,0,5.708984375,0,0,0,0
8,SCMM,537.091796875,0,,1,0,0,0,0,1,2,3,3,0,0,0,0,10.9501953125,2,3,0,0
8,SCMM,543.40234375,0,,0,0,0,0,0,1,4,3,2,0,1,0,0,5.6591796875,0,0,0,0
8,SCMM,550.24609375,0,,0,0,0,0,0,1,2,3,1,0,1,0,0,12.5029296875,0,0,0,0
8,SCMM,557.2578125,0,,0,0,0,0,0,1,2,3,1,0,1,0,0,19.5146484375,0,0,0,0
8,SCMM,564.0009765625,0,,0,0,0,0,0,1,0,3,1,0,1,0,0,26.2578125,0,0,0,0
8,SCMM,569.876953125,0,,0,0,0,0,0,1,0,3,1,0,1,0,0,32.1337890625,0,0,0,0
8,SCMM,576.771484375,0,,0,0,0,0,0,1,0,3,0,0,1,0,0,39.0283203125,0,0,0,0
8,SCMM,582.0966796875,0,,0,0,0,0,0,1,0,3,0,0,1,0,0,44.353515625,0,0,0,0
8,SCMM,589.0078125,0,,0,0,0,0,0,1,0,3,2,0,1,0,0,51.2646484375,0,0,0,0
8,SCMM,595.78515625,0,,0,0,0,0,0,1,0,3,3,0,1,0,0,58.0419921875,0,0,0,0
8,SCMM,601.009765625,0,,0,0,0,0,0,1,0,3,3,0,1,0,0,60.0,0,0,0,0
8,SCMM,607.7041015625,0,,0,0,0,0,0,1,0,3,2,0,1,0,0,60.0,0,0,0,0
8,SCMM,614.4814453125,0,,0,0,0,0,0,1,0,3,0,0,1,0,0,60.0,0,0,0,0
8,SCMM,619.7060546875,0,,0,0,0,0,0,1,0,3,0,0,2,0,0,60.0,0,0,0,0
8,SCMM,626.4833984375,0,,0,0,0,0,0,1,0,3,0,0,1,0,0,60.0,0,0,0,0
8,SCMM,632.876953125,0,,0,0,0,0,0,1,0,3,0,0,1,0,0,60.0,0,0,0,0
8,SCMM,638.15234375,0,,0,0,0,0,0,1,0,3,0,0,1,0,0,60.0,0,0,0,0
8,SCMM,643.8447265625,0,,0,0,0,0,0,1,0,3,2,0,1,0,0,60.0,0,0,0,0
8,SCMM,649.13671875,0,,0,0,0,0,0,1,0,3,2,0,1,0,0,60.0,0,0,0,0
8,SCMM,654.2783203125,0,,0,0,0,0,0,1,0,3,2,0,1,0,0,60.0,0,0,0,0
8,SCMM,660.2705078125,0,,0,0,0,0,0,1,0,3,1,0,1,0,0,60.0,0,0,0,0
8,SCMM,666.78125,0,,0,0,0,0,0,1,0,3,0,0,1,0,0,60.0,0,0,0,0
8,SCMM,673.55859375,0,,0,0,0,0,0,1,0,3,0,0,1,0,0,60.0,0,0,0,0
8,SCMM,679.451171875,0,,0,0,0,0,0,1,0,3,0,0,1,0,0,60.0,0,0,0,0
8,SCMM,686.162109375,0,,0,0,0,0,0,1,0,3,1,0,1,0,0,60.0,0,0,0,0
8,SCMM,691.38671875,0,,0,0,0,0,0,1,0,3,2,0,1,0,0,60.0,0,0,0,0
8,SCMM,697.6298828125,0,,0,0,0,0,0,1,0,3,2,0,1,0,0,60.0,0,0,0,0
8,SCMM,704.6572265625,0,,0,0,0,0,0,1,0,3,1,0,1,0,0,60.0,0,0,0,0
8,SCMM,711.1845703125,0,,0,0,0,0,0,1,0,3,2,0,1,0,0,60.0,0,0,0,0
8,SCMM,718.0791015625,0,,0,0,0,0,0,1,0,3,2,0,1,0,0,60.0,0,0,0,0
8,SCMM,724.5224609375,0,,0,0,0,0,0,1,0,3,2,0,1,0,0,60.0,0,0,0,0
8,SCMM,731.5,0,,1,0,0,0,0,1,0,3,2,1,1,0,0,60.0,0,3,0,0
8,SCMM,736.9755859375,0,,0,0,0,0,0,1,0,3,3,2,1,0,0,60.0,0,0,0,0
8,SCMM,743.185546875,0,,0,0,0,0,0,1,0,3,4,2,0,0,0,60.0,0,0,0,0
8,SCMM,748.89453125,0,,0,0,0,0,0,1,0,3,3,2,0,0,0,60.0,0,0,0,0
8,SCMM,754.0361328125,0,,0,0,0,0,0,1,0,3,1,0,0,0,0,60.0,0,0,0,0
8,SCMM,759.912109375,0,,0,0,0,0,0,1,0,3,1,0,0,0,0,60.0,0,0,0,0
8,SCMM,766.4052734375,0,,0,0,0,0,0,1,0,3,2,0,0,0,0,60.0,0,0,0,0
8,SCMM,772.3486328125,0,,0,0,0,0,0,1,0,3,3,0,0,0,0,60.0,0,0,0,0
8,SCMM,778.4580078125,0,,0,0,0,0,0,1,0,3,2,0,0,0,0,60.0,0,0,0,0
8,SCMM,784.6015625,0,,0,0,0,0,0,1,0,3,1,0,0,0,0,60.0,0,0,0,0
8,SCMM,791.044921875,0,,0,0,0,0,0,1,0,3,1,0,0,0,0,60.0,0,0,0,0
8,SCMM,796.7373046875,0,,0,0,0,0,0,1,0,3,1,0,0,0,0,60.0,0,0,0,0
8,SCMM,803.0634765625,0,,0,0,0,0,0,1,0,3,1,0,1,0,0,60.0,0,0,0,0
8,SCMM,809.45703125,0,,0,0,0,0,0,1,0,3,1,0,1,0,0,60.0,0,0,0,0
8,SCMM,815.3828125,0,,0,0,0,0,0,1,0,3,2,0,1,0,0,60.0,0,0,0,0
8,SCMM,820.658203125,0,,0,0,0,0,0,1,0,3,2,0,1,0,0,60.0,0,0,0,0
8,SCMM,826.7177734375,0,,0,0,0,0,0,1,0,3,2,0,1,0,0,60.0,0,0,0,0
8,SCMM,833.1611328125,0,,0,0,0,0,0,1,0,3,0,0,1,0,0,60.0,0,0,0,0
8,SCMM,838.51953125,0,,0,0,0,0,0,1,0,3,0,0,1,0,0,60.0,0,0,0,0
8,SCMM,843.6611328125,0,,0,0,0,0,0,1,0,3,0,0,1,0,0,60.0,0,0,0,0
8,SCMM,849.3701171875,0,,0,0,0,0,0,1,0,3,0,0,1,0,0,60.0,0,0,0,0
8,SCSB,47.80078125,0,,0,0,1,0,1,0,0,0,0,1,0,1,0,60.0,0,0,0,1
8,SCSB,53.21875,0,,0,0,1,0,1,0,0,1,0,1,0,1,0,60.0,0,0,0,1
8,SCSB,59.755859375,0,,0,0,1,0,1,0,0,2,0,1,1,1,0,60.0,0,0,0,1
8,SCSB,64.8056640625,0,,0,0,1,0,1,0,0,3,2,1,1,1,0,60.0,0,0,0,3
8,SCSB,71.193359375,0,,0,0,1,0,1,0,0,3,2,0,1,0,0,60.0,0,0,0,2
8,SCSB,76.77734375,0,,1,0,1,0,1,0,0,3,2,0,1,0,0,60.0,0,2,0,2
8,SCSB,82.5458984375,0,,0,0,1,0,1,0,2,3,1,2,1,0,0,5.25,0,0,2,3
8,SCSB,89.2841796875,0,,0,0,1,0,1,0,2,3,0,4,1,1,0,11.98828125,0,0,2,4
8,SCSB,95.822265625,0,,0,0,1,0,1,0,2,3,0,5,1,3,0,18.5263671875,0,0,2,5
8,SCSB,101.490234375,0,,0,0,1,0,1,0,0,3,1,5,1,3,0,24.1943359375,0,0,0,6
8,SCSB,107.025390625,0,,0,0,1,0,1,0,0,3,4,3,1,2,0,29.7294921875,0,0,0,7
8,SCSB,112.5087890625,0,,0,0,1,0,1,0,0,3,5,2,1,2,0,35.212890625,0,0,0,7
8,SCSB,118.6787109375,0,,0,0,1,0,1,0,0,3,4,0,1,1,0,41.3828125,0,0,0,4
8,SCSB,125.3505859375,0,,0,0,1,0,1,0,1,2,2,0,1,1,0,1.6552734375,0,0,1,2
8,SCSB,132.189453125,0,,0,0,1,0,1,0,1,2,0,0,1,0,0,8.494140625,0,0,1,0
8,SCSB,138.509765625,0,,0,0,1,0,1,0,1,2,0,0,1,0,0,14.814453125,0,0,1,0
8,SCSB,143.759765625,0,,0,0,1,0,1,0,0,3,0,0,1,0,0,20.064453125,0,0,0,0
8,SCSB,149.27734375,0,,0,0,1,0,1,0,0,3,0,0,1,0,0,25.58203125,0,0,0,0
8,SCSB,155.6982421875,0,,0,0,1,0,1,0,0,3,0,0,1,1,0,32.0029296875,0,0,0,0
8,SCSB,162.3701171875,0,,0,0,1,0,1,0,0,3,0,1,1,1,0,38.6748046875,0,0,0,1
8,SCSB,167.7705078125,0,,0,0,1,0,1,0,0,3,0,1,1,1,0,44.0751953125,0,0,0,1
8,SCSB,174.5751953125,0,,0,0,1,0,1,0,0,3,0,1,1,2,0,50.8798828125,0,0,0,1
8,SCSB,180.9130859375,0,,0,0,1,0,1,0,0,3,0,0,1,1,0,57.2177734375,0,0,0,0
8,SCSB,186.6474609375,0,,0,0,1,0,1,0,0,3,0,0,1,1,0,60.0,0,0,0,0
8,SCSB,192.349609375,0,,0,0,1,0,1,0,0,3,0,0,1,0,0,60.0,0,0,0,0
8,SCSB,197.68359375,0,,0,0,1,0,1,0,0,3,0,0,1,0,0,60.0,0,0,0,0
8,SCSB,204.5048828125,0,,0,0,1,0,1,0,0,3,0,0,1,0,0,60.0,0,0,0,0
8,SCSB,211.3603515625,0,,0,0,1,0,1,0,0,3,0,0,1,0,0,60.0,0,0,0,0
8,SCSB,217.2626953125,0,,0,0,1,0,1,0,0,3,0,0,1,0,0,60.0,0,0,0,0
8,SCSB,222.646484375,0,,0,0,1,0,1,0,0,3,0,0,1,0,0,60.0,0,0,0,0
8,SCSB,228.1650390625,0,,0,0,1,0,1,0,0,3,0,0,1,0,0,60.0,0,0,0,0
8,SCSB,234.736328125,0,,0,0,1,0,1,0,0,3,0,0,1,0,0,60.0,0,0,0,0
8,SCSB,241.7587890625,0,,1,0,1,0,1,0,0,3,0,0,1,0,0,60.0,0,0,0,0
8,SCSB,247.259765625,0,,1,0,1,0,1,0,2,3,0,0,1,0,0,4.9658203125,2,0,2,0
8,SCSB,252.59375,0,,0,0,1,0,1,0,4,3,0,0,1,0,0,4.8330078125,0,0,4,0
8,SCSB,259.3818359375,0,,0,0,1,0,1,0,4,3,0,1,1,1,0,11.62109375,0,0,4,1
8,SCSB,265.1005859375,0,,0,0,1,0,1,0,2,3,0,2,1,2,0,17.33984375,0,0,2,2
8,SCSB,271.4375,0,,0,0,1,0,1,0,0,3,0,4,2,3,0,23.6767578125,0,0,0,4
8,SCSB,278.3095703125,0,,0,0,1,0,1,0,0,3,0,3,1,3,0,30.548828125,0,0,0,3
8,SCSB,284.7470703125,0,,0,0,1,0,1,0,0,3,1,2,1,2,0,36.986328125,0,0,0,3
8,SCSB,291.3681640625,0,,0,0,1,0,1,0,0,3,1,0,0,1,0,43.607421875,0,0,0,1
8,SCSB,298.2568359375,0,,0,0,1,0,1,0,0,3,1,1,1,1,0,50.49609375,0,0,0,2
8,SCSB,304.560546875,0,,1,0,1,0,1,0,0,3,1,3,1,1,0,56.7998046875,0,4,0,4
8,SCSB,310.4296875,0,,0,0,1,0,1,0,2,3,4,4,2,3,0,5.2001953125,0,0,2,8
8,SCSB,316.69921875,0,,0,0,1,0,1,0,2,3,5,3,1,3,0,11.4697265625,0,0,2,8
8,SCSB,321.9833984375,0,,0,0,1,0,1,0,2,3,5,2,1,2,0,16.75390625,0,0,2,7
8,SCSB,328.921875,0,,0,0,1,0,1,0,0,3,2,0,1,0,0,23.6923828125,0,0,0,2
8,SCSB,335.0751953125,0,,1,0,1,0,1,0,0,3,1,0,1,1,0,29.845703125,0,1,0,1
8,SCSB,341.49609375,0,,1,0,1,0,1,0,2,3,2,0,1,1,0,5.818359375,2,2,2,2
8,SCSB,347.2978515625,0,,1,0,1,0,1,0,2,3,2,0,1,1,0,11.6201171875,2,2,2,2
8,SCSB,352.798828125,0,,0,0,1,0,1,0,2,3,2,0,1,1,0,17.12109375,0,0,2,2
8,SCSB,359.771484375,0,,0,0,1,0,1,0,0,3,2,0,1,0,0,24.09375,0,0,0,2
8,SCSB,365.0380859375,0,,1,0,1,0,1,0,0,3,1,0,1,0,0,29.3603515625,0,1,0,1
8,SCSB,372.078125,0,,1,0,1,0,1,0,0,3,1,0,1,0,0,36.400390625,0,1,0,1
8,SCSB,377.9296875,1,0.71875,1,0,1,0,1,0,0,3,1,2,1,1,0,42.251953125,0,3,0,3
8,SCSB,384.5009765625,0,,0,0,1,0,1,0,1,3,2,4,1,1,1,5.8349609375,0,0,1,6
8,SCSB,390.5537109375,0,,0,0,1,0,1,0,1,3,3,5,0,2,1,11.8876953125,0,0,1,8
8,SCSB,396.1220703125,0,,0,0,1,0,1,0,1,3,3,5,0,2,1,17.4560546875,0,0,1,8
8,SCSB,401.322265625,0,,0,0,1,0,1,0,0,3,1,3,0,3,1,22.65625,0,0,0,4
8,SCSB,406.7724609375,0,,0,0,1,0,1,0,0,3,1,2,0,3,1,28.1064453125,0,0,0,3
8,SCSB,413.5615234375,0,,0,0,1,0,1,0,0,3,0,0,0,2,1,34.8955078125,0,0,0,0
8,SCSB,420.6005859375,0,,0,0,1,0,1,0,0,3,2,0,0,0,1,41.9345703125,0,0,0,2
8,SCSB,427.0712890625,0,,0,0,1,0,1,0,0,3,2,0,0,0,1,48.4052734375,0,0,0,2
8,SCSB,433.91015625,0,,0,0,1,0,1,0,0,3,2,0,0,0,1,55.244140625,0,0,0,2
8,SCSB,440.9326171875,0,,0,0,1,0,1,0,0,3,2,0,0,0,0,60.0,0,0,0,2
8,SCSB,446.7177734375,0,,0,0,1,0,1,0,0,3,3,0,0,0,0,60.0,0,0,0,3
8,SCSB,452.26953125,0,,0,0,1,0,1,0,0,3,3,0,1,0,0,60.0,0,0,0,3
8,SCSB,457.970703125,0,,0,0,1,0,1,0,0,3,2,0,1,0,0,60.0,0,0,0,2
8,SCSB,464.20703125,0,,0,0,1,0,1,0,0,3,0,0,1,0,0,60.0,0,0,0,0
8,SCSB,469.423828125,0,,0,0,1,0,1,0,0,3,0,0,1,0,0,60.0,0,0,0,0
8,SCSB,476.1455078125,0,,0,0,1,0,1,0,0,3,0,1,1,1,0,60.0,0,0,0,1
8,SCSB,482.2158203125,0,,0,0,1,0,1,0,0,3,0,1,1,1,0,60.0,0,0,0,1
8,SCSB,488.9375,0,,0,0,1,0,1,0,0,3,0,1,1,2,0,60.0,0,0,0,1
8,SCSB,495.6591796875,0,,0,0,1,0,1,0,0,3,2,0,1,1,0,60.0,0,0,0,2
8,SCSB,502.0791015625,0,,0,0,1,0,1,0,0,3,2,0,1,1,0,60.0,0,0,0,2
8,SCSB,509.119140625,0,,0,0,1,0,1,0,0,3,2,0,1,0,0,60.0,0,0,0,2
8,SCSB,514.8369140625,0,,1,0,1,0,1,0,0,3,1,0,1,0,0,60.0,0,1,0,1
8,SCSB,521.2744140625,0,,0,0,1,0,1,0,2,3,1,0,1,0,0,5.935546875,0,0,2,1
8,SCSB,526.708984375,0,,1,0,1,0,1,0,2,3,1,0,1,0,0,11.3701171875,2,1,2,1
8,SCSB,531.775390625,0,,0,0,1,0,1,0,4,3,1,0,1,0,0,4.0966796875,0,0,4,1
8,SCSB,537.0751953125,0,,0,0,1,0,1,0,2,3,1,0,1,1,0,9.396484375,0,0,2,1
8,SCSB,542.6767578125,0,,0,0,1,0,1,0,2,3,0,0,1,1,0,14.998046875,0,0,2,0
8,SCSB,549.4814453125,0,,0,0,1,0,1,0,0,3,0,0,2,2,0,21.802734375,0,0,0,0
8,SCSB,555.8193359375,0,,0,0,1,0,1,0,0,3,1,0,1,1,0,28.140625,0,0,0,1
8,SCSB,562.306640625,0,,0,0,1,0,1,0,0,3,1,0,1,1,0,34.6279296875,0,0,0,1
8,SCSB,568.59375,0,,0,0,1,0,1,0,0,3,1,0,1,0,0,40.9150390625,0,0,0,1
8,SCSB,574.3115234375,0,,0,0,1,0,1,0,0,3,1,0,1,0,0,46.6328125,0,0,0,1
8,SCSB,580.4482421875,0,,0,0,1,0,1,0,0,3,1,0,1,0,0,52.76953125,0,0,0,1
8,SCSB,587.404296875,0,,1,0,1,0,1,0,0,3,1,0,1,0,0,59.7255859375,0,1,0,1
8,SCSB,592.537109375,0,,0,0,1,0,1,0,0,3,1,0,1,0,0,60.0,0,0,0,1
8,SCSB,599.1416015625,0,,1,0,1,0,1,0,0,3,1,0,1,0,0,60.0,0,1,0,1
8,SCSB,605.9638671875,0,,0,0,1,0,1,0,2,3,0,0,1,0,0,6.2373046875,0,0,2,0
8,SCSB,612.18359375,0,,0,0,1,0,1,0,2,3,0,0,1,0,0,12.45703125,0,0,2,0
8,SCSB,618.470703125,0,,0,0,1,0,1,0,2,3,0,0,1,0,0,18.744140625,0,0,2,0
8,SCSB,624.7744140625,0,,0,0,1,0,1,0,0,3,1,0,1,0,0,25.0478515625,0,0,0,1
8,SCSB,630.576171875,0,,0,0,1,0,1,0,0,3,1,0,1,0,0,30.849609375,0,0,0,1
8,SCSB,636.6123046875,0,,0,0,1,0,1,0,0,3,1,1,1,1,0,36.8857421875,0,0,0,2
8,SCSB,642.94921875,0,,0,0,1,0,1,0,0,3,0,1,1,2,0,43.22265625,0,0,0,1
8,SCSB,649.7041015625,0,,0,0,1,0,1,0,0,3,2,1,0,2,0,49.9775390625,0,0,0,3
8,SCSB,656.4765625,0,,0,0,1,0,1,0,0,3,2,0,0,1,0,56.75,0,0,0,2
8,SCSB,662.6630859375,0,,0,0,1,0,1,0,0,3,2,0,0,1,0,60.0,0,0,0,2
8,SCSB,669.2333984375,0,,1,0,1,0,1,0,0,3,1,0,0,0,0,60.0,0,1,0,1
8,SCSB,675.1025390625,0,,0,0,1,0,1,0,0,3,0,0,0,0,0,60.0,0,0,0,0
8,SCSB,681.8408203125,0,,0,0,1,0,1,0,0,3,0,0,0,0,0,60.0,0,0,0,0
8,SCSB,688.2451171875,0,,0,0,1,0,1,0,0,3,1,0,0,0,0,60.0,0,0,0,1
8,SCSB,695.2177734375,0,,0,0,1,0,1,0,0,3,4,0,0,0,0,60.0,0,0,0,4
8,SCSB,700.7685546875,0,,0,0,1,0,1,0,0,3,4,0,0,0,0,60.0,0,0,0,4
8,SCSB,706.2197265625,0,,0,0,1,0,1,0,0,3,5,0,0,0,0,60.0,0,0,0,5
8,SCSB,711.7705078125,0,,0,0,1,0,1,0,0,3,2,0,0,0,0,60.0,0,0,0,2
8,SCSB,717.00390625,0,,0,0,1,0,1,0,0,3,2,0,0,0,0,60.0,0,0,0,2
8,SCSB,722.4716796875,0,,0,0,1,0,1,0,0,3,2,0,1,0,0,60.0,0,0,0,2
8,SCSB,727.8896484375,0,,0,0,1,0,1,0,0,4,0,0,1,0,0,60.0,0,0,0,0
8,SCSB,733.15625,0,,0,0,1,0,1,0,0,3,0,0,1,0,0,60.0,0,0,0,0
8,SCSB,739.8447265625,0,,0,0,1,0,1,0,0,3,0,0,1,0,0,60.0,0,0,0,0
8,SCSB,745.5791015625,0,,0,0,1,0,1,0,0,3,0,0,1,0,0,60.0,0,0,0,0
8,SCSB,750.6455078125,0,,1,0,1,0,1,0,0,3,0,0,1,0,0,60.0,0,0,0,0
8,SCSB,755.99609375,0,,0,0,1,0,1,0,2,3,0,0,1,0,0,4.7646484375,0,0,2,0
8,SCSB,761.8486328125,0,,0,0,1,0,1,0,2,3,0,0,1,0,0,10.6171875,0,0,2,0
8,SCSG,47.123046875,0,,0,0,0,0,1,0,0,0,0,1,0,1,0,60.0,0,0,0,0
8,SCSG,52.5986328125,0,,1,0,0,0,1,0,0,1,0,1,1,1,0,60.0,0,1,0,0
8,SCSG,57.95703125,0,,0,0,0,0,1,0,0,2,1,1,1,1,0,60.0,0,0,0,0
8,SCSG,63.0986328125,0,,1,0,0,0,1,0,0,3,1,0,1,1,0,60.0,0,1,0,0
8,SCSG,69.8251953125,0,,0,0,0,0,1,0,2,3,1,0,0,0,0,5.958984375,0,0,0,0
8,SCSG,75.9853515625,0,,1,0,0,0,1,0,2,3,0,0,1,0,0,12.119140625,2,0,0,0
8,SCSG,82.896484375,0,,0,0,0,0,1,0,2,3,0,0,1,0,0,19.0302734375,0,0,0,0
8,SCSG,88.6552734375,0,,0,0,0,0,1,0,0,3,0,0,1,0,0,24.7890625,0,0,0,0
8,SCSG,94.080078125,0,,0,0,0,0,1,0,0,3,0,0,1,0,0,30.2138671875,0,0,0,0
8,SCSG,100.6240234375,0,,0,0,0,0,1,0,0,3,0,0,1,0,0,36.7578125,0,0,0,0
8,SCSG,106.716796875,0,,0,0,0,0,1,0,0,3,0,0,1,0,0,42.8505859375,0,0,0,0
8,SCSG,111.8251953125,0,,0,0,0,0,1,0,0,3,0,0,1,0,0,47.958984375,0,0,0,0
8,SCSG,117.9013671875,0,,0,0,0,0,1,0,0,3,0,0,1,0,0,54.03515625,0,0,0,0
8,SCSG,123.0927734375,0,,0,0,0,0,1,0,0,3,0,0,1,0,0,59.2265625,0,0,0,0
8,SCSG,128.751953125,0,,0,0,0,0,1,0,0,3,0,0,2,0,0,60.0,0,0,0,0
8,SCSG,134.3935546875,0,,0,0,0,0,1,0,0,3,0,0,1,0,0,60.0,0,0,0,0
8,SCSG,139.53515625,0,,0,0,0,0,1,0,0,3,1,0,1,0,0,60.0,0,0,0,0
8,SCSG,145.64453125,0,,0,0,0,0,1,0,0,3,1,0,1,0,0,60.0,0,0,0,0
8,SCSG,151.8876953125,0,,0,0,0,0,1,0,0,3,1,0,1,0,0,60.0,0,0,0,0
8,SCSG,157.9306640625,0,,0,0,0,0,1,0,0,3,0,0,1,0,0,60.0,0,0,0,0
8,SCSG,163.58984375,0,,0,0,0,0,1,0,0,3,0,0,1,0,0,60.0,0,0,0,0
8,SCSG,170.43359375,0,,0,0,0,0,1,0,0,3,0,0,1,0,0,60.0,0,0,0,0
8,SCSG,177.3115234375,0,,1,0,0,0,1,0,0,3,0,0,1,0,0,60.0,0,0,0,0
8,SCSG,182.9033203125,0,,0,0,0,0,1,0,2,3,0,0,1,0,0,5.0751953125,0,0,0,0
8,SCSG,188.044921875,0,,0,0,0,0,1,0,2,3,0,0,1,0,0,10.216796875,0,0,0,0
8,SCSG,193.5361328125,0,,0,0,0,0,1,0,2,3,0,0,1,0,0,15.7080078125,0,0,0,0
8,SCSG,200.0966796875,0,,0,0,0,0,1,0,0,3,0,0,1,0,0,22.2685546875,0,0,0,0
8,SCSG,206.1728515625,0,,0,0,0,0,1,0,0,3,0,0,1,0,0,28.3447265625,0,0,0,0
8,SCSG,211.34765625,0,,0,0,0,0,1,0,0,3,0,0,1,0,0,33.51953125,0,0,0,0
8,SCSG,216.9736328125,0,,1,0,0,0,1,0,0,3,0,0,1,0,0,39.1455078125,0,0,0,0
8,SCSG,223.0830078125,0,,0,0,0,0,1,0,0,3,0,0,1,0,0,45.2548828125,0,0,0,0
8,SCSG,228.958984375,0,,0,0,0,0,1,0,0,3,0,0,1,0,0,51.130859375,0,0,0,0
8,SCSG,234.55078125,0,,0,0,0,0,1,0,0,3,0,0,1,0,0,56.72265625,0,0,0,0
8,SCSG,240.59375,0,,0,0,0,0,1,0,0,3,1,0,1,0,0,60.0,0,0,0,0
8,SCSG,247.5546875,0,,0,0,0,0,1,0,0,3,1,0,1,0,0,60.0,0,0,0,0
8,SCSG,253.263671875,0,,0,0,0,0,1,0,0,3,2,0,1,0,0,60.0,0,0,0,0
8,SCSG,259.6240234375,0,,1,0,0,0,1,0,0,3,3,0,1,0,0,60.0,0,3,0,0
8,SCSG,266.05078125,0,,1,0,0,0,1,0,2,3,2,0,1,0,0,5.79296875,2,2,0,0
8,SCSG,272.376953125,0,,0,0,0,0,1,0,2,3,1,0,1,0,0,12.119140625,0,0,0,0
8,SCSG,278.87109375,0,,0,0,0,0,1,0,2,3,0,0,1,0,0,18.61328125,0,0,0,0
8,SCSG,284.9130859375,0,,1,0,0,0,1,0,0,3,0,0,1,0,0,24.6552734375,0,0,0,0
8,SCSG,290.7890625,0,,0,0,0,0,1,0,2,3,0,0,1,0,0,5.0908203125,0,0,0,0
8,SCSG,296.0478515625,0,,1,0,0,0,1,0,2,3,1,0,1,0,0,10.349609375,2,1,0,0
8,SCSG,302.7744140625,0,,0,0,0,0,1,0,2,3,1,0,1,0,0,17.076171875,0,0,0,0
8,SCSG,308.6337890625,0,,0,0,0,0,1,0,0,3,1,0,1,0,0,22.935546875,0,0,0,0
8,SCSG,313.9921875,0,,0,0,0,0,1,0,0,3,1,0,1,0,0,28.2939453125,0,0,0,0
8,SCSG,320.9873046875,0,,0,0,0,0,1,0,0,3,1,0,1,0,0,35.2890625,0,0,0,0
8,SCSG,327.2294921875,0,,0,0,0,0,1,0,0,3,1,0,1,0,0,41.53125,0,0,0,0
8,SCSG,333.7734375,0,,0,0,0,0,1,0,0,3,1,0,1,0,0,48.0751953125,0,0,0,0
8,SCSG,340.7177734375,0,,0,0,0,0,1,0,0,3,0,0,1,0,0,55.01953125,0,0,0,0
8,SCSG,347.078125,0,,0,0,0,0,1,0,0,3,0,0,1,0,0,60.0,0,0,0,0
8,SCSG,352.3857421875,0,,0,0,0,0,1,0,0,3,0,0,1,0,0,60.0,0,0,0,0
8,SCSG,358.9462890625,0,,0,0,0,0,1,0,0,3,1,0,1,0,0,60.0,0,0,0,0
8,SCSG,364.0380859375,0,,0,0,0,0,1,0,0,3,1,0,1,0,0,60.0,0,0,0,0
8,SCSG,369.4296875,0,,0,0,0,0,1,0,0,3,1,0,1,0,0,60.0,0,0,0,0
8,SCSG,375.60546875,0,,0,0,0,0,1,0,0,3,0,0,1,0,0,60.0,0,0,0,0
8,SCSG,380.84765625,0,,0,0,0,0,1,0,0,3,0,0,1,0,0,60.0,0,0,0,0
8,SCSG,387.5078125,0,,0,0,0,0,1,0,0,3,0,0,1,0,0,60.0,0,0,0,0
8,SCSG,393.484375,0,,0,0,0,0,1,0,0,3,0,0,1,0,0,60.0,0,0,0,0
8,SCSG,399.3935546875,0,,0,0,0,0,1,0,0,3,3,0,1,0,0,60.0,0,0,0,0
8,SCSG,404.7685546875,0,,0,0,0,0,1,0,0,3,4,0,0,0,0,60.0,0,0,0,0
8,SCSG,411.62890625,0,,1,0,0,0,1,0,0,3,5,0,0,0,0,60.0,0,5,0,0
8,SCSG,418.33984375,0,,0,0,0,0,1,0,2,3,2,0,0,0,0,6.04296875,0,0,0,0
8,SCSG,424.0322265625,0,,0,0,0,0,1,0,2,3,2,0,0,0,0,11.7353515625,0,0,0,0
8,SCSG,430.4755859375,0,,0,0,0,0,1,0,2,3,0,0,0,0,0,18.1787109375,0,0,0,0
8,SCSG,436.5849609375,0,,0,0,0,0,1,0,0,3,0,0,0,0,0,24.2880859375,0,0,0,0
8,SCSG,443.4287109375,0,,0,0,0,0,1,0,0,3,2,0,0,0,0,31.1318359375,0,0,0,0
8,SCSG,448.904296875,0,,0,0,0,0,1,0,0,3,2,0,0,0,0,36.607421875,0,0,0,0
8,SCSG,454.513671875,0,,0,0,0,0,1,0,0,3,2,0,0,0,0,42.216796875,0,0,0,0
8,SCSG,461.291015625,0,,0,0,0,0,1,0,0,3,0,0,0,0,0,48.994140625,0,0,0,0
8,SCSG,467.68359375,0,,0,0,0,0,1,0,0,3,0,0,0,0,0,55.38671875,0,0,0,0
8,SCSG,474.6787109375,0,,0,0,0,0,1,0,0,3,0,0,1,0,0,60.0,0,0,0,0
8,SCSG,479.853515625,0,,0,0,0,0,1,0,0,3,0,0,1,0,0,60.0,0,0,0,0
8,SCSG,486.546875,0,,0,0,0,0,1,0,0,3,0,0,1,0,0,60.0,0,0,0,0
8,SCSG,491.921875,0,,0,0,0,0,1,0,0,3,0,0,1,0,0,60.0,0,0,0,0
8,SCSG,498.1484375,0,,0,0,0,0,1,0,0,3,1,0,1,0,0,60.0,0,0,0,0
8,SCSG,503.9404296875,0,,1,0,0,0,1,0,0,3,2,0,1,0,0,60.0,0,2,0,0
8,SCSG,510.6845703125,0,,0,0,0,0,1,0,2,3,3,0,1,0,0,6.1591796875,0,0,0,0
8,SCSG,515.826171875,0,,0,0,0,0,1,0,2,3,3,1,1,0,0,11.30078125,0,0,0,0
8,SCSG,521.96875,0,,0,0,0,0,1,0,2,3,3,2,1,0,0,17.443359375,0,0,0,0
8,SCSG,528.2294921875,0,,1,0,0,0,1,0,0,3,4,2,2,0,0,23.7041015625,0,6,0,0
8,SCSG,533.38671875,0,,0,0,0,0,1,0,0,3,3,2,1,0,0,28.861328125,0,0,0,0
8,SCSG,540.2978515625,0,,0,0,0,0,1,0,0,3,2,0,1,0,0,35.7724609375,0,0,0,0
8,SCSG,547.2255859375,0,,1,0,0,0,1,0,0,3,2,0,1,0,0,42.7001953125,0,2,0,0
8,SCSG,554.2197265625,0,,0,0,0,0,1,0,0,2,2,0,1,0,0,49.6943359375,0,0,0,0
8,SCSG,560.0625,0,,1,0,0,0,1,0,0,3,1,0,1,0,0,55.537109375,0,1,0,0
8,SCSG,566.439453125,0,,0,0,0,0,1,0,0,3,0,0,2,0,0,60.0,0,0,0,0
8,SCSG,572.9658203125,0,,1,0,0,0,1,0,0,3,1,0,1,0,0,60.0,0,1,0,0
8,SCSG,578.958984375,0,,0,0,0,0,1,0,2,3,1,0,1,0,0,5.4091796875,0,0,0,0
8,SCSG,584.3671875,0,,0,0,0,0,1,0,2,3,1,0,1,0,0,10.8173828125,0,0,0,0
8,SCSG,589.7919921875,0,,1,0,0,0,1,0,2,3,1,0,1,0,0,16.2421875,2,1,0,0
8,SCSG,596.419921875,0,,0,0,0,0,1,0,0,3,0,0,1,0,0,22.8701171875,0,0,0,0
8,SCSG,603.080078125,0,,0,0,0,0,1,0,0,3,0,0,1,0,0,29.5302734375,0,0,0,0
8,SCSG,609.33984375,0,,0,0,0,0,1,0,0,3,0,0,1,0,0,35.7900390625,0,0,0,0
8,SCSG,615.482421875,0,,0,0,0,0,1,0,0,3,2,0,1,0,0,41.9326171875,0,0,0,0
8,SCSG,622.443359375,0,,0,0,0,0,1,0,0,3,2,0,1,0,0,48.8935546875,0,0,0,0
8,SCSG,628.5029296875,0,,0,0,0,0,1,0,0,3,2,0,1,0,0,54.953125,0,0,0,0
8,SCSG,634.98046875,0,,0,0,0,0,1,0,0,3,1,0,1,0,0,60.0,0,0,0,0
8,SCSG,640.689453125,0,,1,0,0,0,1,0,0,3,1,0,1,0,0,60.0,0,1,0,0
8,SCSG,647.68359375,0,,0,0,0,0,1,0,2,3,1,0,1,0,0,6.3935546875,0,0,0,0
8,SCSG,654.6279296875,0,,0,0,0,0,1,0,2,3,3,0,1,0,0,13.337890625,0,0,0,0
8,SCSG,660.236328125,0,,0,0,0,0,1,0,2,3,5,0,1,0,0,18.9462890625,0,0,0,0
8,SCSG,665.8955078125,0,,1,0,0,0,1,0,0,3,7,0,0,0,0,24.60546875,0,7,0,0
8,SCSG,672.0048828125,0,,0,0,0,0,1,0,2,3,6,0,0,0,0,5.3583984375,0,0,0,0
8,SCSG,678.28125,0,,0,0,0,0,1,0,2,3,4,0,0,0,0,11.634765625,0,0,0,0
8,SCSG,683.58984375,0,,0,0,0,0,1,0,2,3,3,0,0,0,0,16.943359375,0,0,0,0
8,SCSG,689.6826171875,0,,0,0,0,0,1,0,0,3,0,0,0,0,0,23.0361328125,0,0,0,0
8,SCSG,696.693359375,0,,0,0,0,0,1,0,0,3,1,0,0,0,0,30.046875,0,0,0,0
8,SCSG,702.21875,0,,0,0,0,0,1,0,0,3,1,0,0,0,0,35.572265625,0,0,0,0
8,SCSG,708.111328125,0,,1,0,0,0,1,0,0,3,1,0,0,0,0,41.46484375,0,1,0,0
8,SCSG,714.2880859375,0,,0,0,0,0,1,0,0,3,1,0,0,0,0,47.6416015625,0,0,0,0
8,SCSG,719.8798828125,0,,0,0,0,0,1,0,0,3,0,0,0,0,0,53.2333984375,0,0,0,0
8,SCSG,725.421875,0,,0,0,0,0,1,0,0,3,0,0,0,0,0,58.775390625,0,0,0,0
8,SCSG,731.2314453125,0,,1,0,0,0,1,0,0,3,0,0,1,0,0,60.0,0,0,0,0
8,SCSG,736.8564453125,0,,0,0,0,0,1,0,0,3,0,0,1,0,0,60.0,0,0,0,0
8,SCSG,743.099609375,0,,0,0,0,0,1,0,0,3,0,0,1,0,0,60.0,0,0,0,0
8,SCSG,750.0771484375,0,,0,0,0,0,1,0,0,3,0,0,1,0,0,60.0,0,0,0,0
8,SCSG,756.955078125,0,,0,0,0,0,1,0,0,3,0,0,1,0,0,60.0,0,0,0,0
8,SCSG,763.431640625,0,,0,0,0,0,1,0,0,3,2,0,1,0,0,60.0,0,0,0,0
8,SCSG,768.857421875,0,,0,0,0,0,1,0,0,3,2,0,1,0,0,60.0,0,0,0,0
8,SCSG,774.365234375,0,,0,0,0,0,1,0,0,3,2,0,1,0,0,60.0,0,0,0,0
9,SCMM,67.3203125,0,,0,0,0,0,0,1,0,0,0,2,0,0,0,60.0,0,0,0,0
9,SCMM,72.6796875,0,,0,0,0,0,0,1,2,1,0,3,1,0,0,4.375,0,0,0,0
9,SCMM,78.5068359375,0,,1,0,0,0,0,1,2,2,1,3,1,0,0,10.2021484375,2,4,0,0
9,SCMM,83.666015625,0,,1,0,0,0,0,1,2,3,2,2,1,0,0,15.361328125,2,4,0,0
9,SCMM,89.1923828125,0,,0,0,0,0,0,1,0,3,2,1,1,0,0,20.8876953125,0,0,0,0
9,SCMM,95.9541015625,0,,0,0,0,0,0,1,0,3,2,0,1,0,0,27.6494140625,0,0,0,0
9,SCMM,102.93359375,0,,0,0,0,0,0,1,0,3,0,0,1,0,0,34.62890625,0,0,0,0
9,SCMM,109.7958984375,0,,0,0,0,0,0,1,0,3,0,0,1,0,0,41.4912109375,0,0,0,0
9,SCMM,115.072265625,0,,0,0,0,0,0,1,0,3,0,0,1,0,0,46.767578125,0,0,0,0
9,SCMM,121.583984375,0,,1,0,0,0,0,1,0,3,1,0,1,0,0,53.279296875,0,1,0,0
9,SCMM,127.009765625,0,,0,0,0,0,0,1,0,3,1,0,1,0,0,58.705078125,0,0,0,0
9,SCMM,133.087890625,0,,0,0,0,0,0,1,0,3,1,0,1,0,0,60.0,0,0,0,0
9,SCMM,139.4990234375,0,,0,0,0,0,0,1,0,3,0,0,1,0,0,60.0,0,0,0,0
9,SCMM,146.1279296875,0,,0,0,0,0,0,1,0,3,0,0,1,0,0,60.0,0,0,0,0
9,SCMM,151.654296875,0,,0,0,0,0,0,1,0,3,0,0,1,0,0,60.0,0,0,0,0
9,SCMM,157.5478515625,0,,0,0,0,0,0,1,0,3,1,0,1,0,0,60.0,0,0,0,0
9,SCMM,163.6259765625,0,,0,0,0,0,0,1,0,3,1,0,1,0,0,60.0,0,0,0,0
9,SCMM,168.90234375,0,,0,0,0,0,0,1,0,3,1,0,1,0,0,60.0,0,0,0,0
9,SCMM,175.212890625,0,,0,0,0,0,0,1,0,3,1,2,1,0,0,60.0,0,0,0,0
9,SCMM,181.92578125,0,,0,0,0,0,0,1,0,3,0,4,1,0,0,60.0,0,0,0,0
9,SCMM,187.6689453125,0,,0,0,0,0,0,1,0,3,0,4,2,0,0,60.0,0,0,0,0
9,SCMM,192.7451171875,0,,0,0,0,0,0,1,0,3,0,3,1,0,0,60.0,0,0,0,0
9,SCMM,198.271484375,0,,1,0,0,0,0,1,0,3,0,1,1,0,0,60.0,0,1,0,0
9,SCMM,204.1982421875,0,,1,0,0,0,0,1,2,3,0,0,1,0,0,5.359375,2,0,0,0
9,SCMM,210.5263671875,0,,1,0,0,0,0,1,2,3,0,0,1,0,0,11.6875,2,0,0,0
9,SCMM,215.869140625,0,,0,0,0,0,0,1,2,3,0,0,1,0,0,17.0302734375,0,0,0,0
9,SCMM,220.9619140625,0,,0,0,0,0,0,1,0,3,0,0,1,0,0,22.123046875,0,0,0,0
9,SCMM,227.2734375,0,,0,0,0,0,0,1,0,3,0,0,1,0,0,28.4345703125,0,0,0,0
9,SCMM,232.56640625,0,,0,0,0,0,0,1,0,3,0,0,1,0,0,33.7275390625,0,0,0,0
9,SCMM,238.3603515625,0,,0,0,0,0,0,1,0,3,2,0,1,0,0,39.521484375,0,0,0,0
9,SCMM,245.388671875,0,,0,0,0,0,0,1,0,3,2,0,1,0,0,46.5498046875,0,0,0,0
9,SCMM,251.3662109375,0,,0,0,0,0,0,1,0,3,2,1,1,0,0,52.52734375,0,0,0,0
9,SCMM,257.9287109375,0,,0,0,0,0,0,1,0,3,1,1,1,0,0,59.08984375,0,0,0,0
9,SCMM,264.1728515625,0,,0,0,0,0,0,1,0,3,1,1,1,0,0,60.0,0,0,0,0
9,SCMM,270.8681640625,0,,1,0,0,0,0,1,0,3,1,1,1,0,0,60.0,0,2,0,0
9,SCMM,276.0107421875,0,,0,0,0,0,0,1,2,3,3,0,1,0,0,4.5751953125,0,0,0,0
9,SCMM,282.4384765625,0,,1,0,0,0,0,1,4,3,2,0,1,0,0,5.6259765625,4,2,0,0
9,SCMM,287.865234375,0,,0,0,0,0,0,1,4,3,2,0,1,0,0,11.052734375,0,0,0,0
9,SCMM,294.4267578125,0,,0,0,0,0,0,1,2,3,2,0,1,0,0,17.6142578125,0,0,0,0
9,SCMM,300.8720703125,0,,1,0,0,0,0,1,0,3,1,0,1,0,0,24.0595703125,0,1,0,0
9,SCMM,307.25,1,1.185546875,1,0,0,0,0,1,0,3,1,0,1,0,0,30.4375,0,1,0,0
9,SCMM,313.4111328125,0,,0,0,0,0,0,1,2,3,1,1,1,0,1,5.142578125,0,0,0,0
9,SCMM,318.720703125,0,,0,0,0,0,0,1,2,3,1,3,1,0,1,10.4521484375,0,0,0,0
9,SCMM,324.6650390625,0,,1,0,0,0,0,1,2,3,1,4,1,0,1,16.396484375,2,5,0,0
9,SCMM,330.375,0,,0,0,0,0,0,1,0,3,1,4,1,0,1,22.1064453125,0,0,0,0
9,SCMM,335.8349609375,0,,0,0,0,0,0,1,0,3,1,2,1,0,1,27.56640625,0,0,0,0
9,SCMM,341.2109375,0,,0,0,0,0,0,1,0,3,1,0,1,0,1,32.9423828125,0,0,0,0
9,SCMM,346.98828125,0,,0,0,0,0,0,1,0,3,1,0,1,0,1,38.7197265625,0,0,0,0
9,SCMM,352.263671875,0,,0,0,0,0,0,1,0,3,0,0,1,0,1,43.9951171875,0,0,0,0
9,SCMM,359.259765625,0,,1,0,0,0,0,1,0,3,0,0,1,0,1,50.9912109375,0,0,0,0
9,SCMM,365.1708984375,0,,0,0,0,0,0,1,0,3,0,2,2,0,1,56.90234375,0,0,0,0
9,SCMM,370.73046875,0,,0,0,0,0,0,1,0,3,1,2,1,0,0,60.0,0,0,0,0
9,SCMM,377.642578125,0,,0,0,0,0,0,1,0,3,2,2,1,0,0,60.0,0,0,0,0
9,SCMM,384.2548828125,0,,0,0,0,0,0,1,0,3,2,1,0,0,0,60.0,0,0,0,0
9,SCMM,390.3994140625,0,,0,0,0,0,0,1,0,3,1,0,1,0,0,60.0,0,0,0,0
9,SCMM,395.7587890625,0,,0,0,0,0,0,1,0,3,1,0,1,0,0,60.0,0,0,0,0
9,SCMM,401.736328125,0,,0,0,0,0,0,1,0,3,2,0,1,0,0,60.0,0,0,0,0
9,SCMM,407.7802734375,0,,1,0,0,0,0,1,0,3,2,2,1,0,0,60.0,0,4,0,0
9,SCMM,413.94140625,0,,0,0,0,0,0,1,2,3,2,2,1,0,0,5.29296875,0,0,0,0
9,SCMM,419.267578125,0,,0,0,0,0,0,1,2,3,3,3,1,0,0,10.619140625,0,0,0,0
9,SCMM,424.9111328125,0,,0,0,0,0,0,1,3,3,4,4,0,0,0,3.8408203125,0,0,0,0
9,SCMM,430.6708984375,0,,0,0,0,0,0,1,1,3,5,3,0,0,0,9.6005859375,0,0,0,0
9,SCMM,436.7822265625,0,,1,0,0,0,0,1,1,3,4,3,0,0,0,15.7119140625,1,7,0,0
9,SCMM,441.8916015625,0,,0,0,0,0,0,1,0,3,2,1,0,0,0,20.8212890625,0,0,0,0
9,SCMM,448.15234375,0,,0,0,0,0,0,1,0,3,2,0,0,0,0,27.08203125,0,0,0,0
9,SCMM,454.263671875,0,,1,0,0,0,0,1,0,3,0,0,0,0,0,33.193359375,0,0,0,0
9,SCMM,461.1259765625,0,,0,0,0,0,0,1,0,3,2,0,0,0,0,40.0556640625,0,0,0,0
9,SCMM,466.88671875,0,,0,0,0,0,0,1,0,3,2,0,0,0,0,45.81640625,0,0,0,0
9,SCMM,473.3642578125,0,,0,0,0,0,0,1,0,3,2,0,0,0,0,52.2939453125,0,0,0,0
9,SCMM,478.724609375,0,,0,0,0,0,0,1,0,3,0,0,0,0,0,57.654296875,0,0,0,0
9,SCMM,485.63671875,0,,0,0,0,0,0,1,0,3,0,0,0,0,0,60.0,0,0,0,0
9,SCMM,491.11328125,0,,0,0,0,0,0,1,0,3,0,0,1,0,0,60.0,0,0,0,0
9,SCMM,496.47265625,0,,0,0,0,0,0,1,0,3,0,2,1,0,0,60.0,0,0,0,0
9,SCMM,502.68359375,0,,1,0,0,0,0,1,0,3,0,2,1,0,0,60.0,0,2,0,0
9,SCMM,509.6630859375,0,,0,0,0,0,0,1,2,3,0,2,1,0,0,6.3115234375,0,0,0,0
9,SCMM,515.5400390625,0,,0,0,0,0,0,1,2,3,0,1,1,0,0,12.1884765625,0,0,0,0
9,SCMM,521.9853515625,0,,0,0,0,0,0,1,2,3,0,0,1,0,0,18.6337890625,0,0,0,0
9,SCMM,527.2607421875,0,,0,0,0,0,0,1,0,3,0,0,1,0,0,23.9091796875,0,0,0,0
9,SCMM,533.990234375,0,,0,0,0,0,0,1,0,3,1,0,1,0,0,30.638671875,0,0,0,0
9,SCMM,539.984375,0,,0,0,0,0,0,1,0,3,2,0,1,0,0,36.6328125,0,0,0,0
9,SCMM,546.6630859375,0,,0,0,0,0,0,1,0,3,2,0,1,0,0,43.3115234375,0,0,0,0
9,SCMM,553.3916015625,0,,0,0,0,0,0,1,0,3,1,0,1,0,0,50.0400390625,0,0,0,0
9,SCMM,558.4833984375,0,,0,0,0,0,0,1,0,3,0,0,1,0,0,55.1318359375,0,0,0,0
9,SCMM,565.4296875,0,,0,0,0,0,0,1,0,3,0,2,2,0,0,60.0,0,0,0,0
9,SCMM,570.6552734375,0,,0,0,0,0,0,1,0,3,0,2,1,0,0,60.0,0,0,0,0
9,SCMM,575.8818359375,0,,0,0,0,0,0,1,0,3,0,2,1,0,0,60.0,0,0,0,0
9,SCMM,582.84375,0,,0,0,0,0,0,1,0,3,1,2,1,0,0,60.0,0,0,0,0
9,SCMM,589.10546875,0,,0,0,0,0,0,1,0,3,1,1,1,0,0,60.0,0,0,0,0
9,SCMM,594.3818359375,0,,0,0,0,0,0,1,0,3,1,3,1,0,0,60.0,0,0,0,0
9,SCMM,601.34375,0,,0,0,0,0,0,1,0,3,1,3,1,0,0,60.0,0,0,0,0
9,SCMM,606.63671875,0,,0,0,0,0,0,1,0,3,1,3,1,0,0,60.0,0,0,0,0
9,SCMM,613.44921875,0,,0,0,0,0,0,1,0,3,3,1,1,0,0,60.0,0,0,0,0
9,SCMM,619.142578125,0,,0,0,0,0,0,1,0,3,3,0,1,0,0,60.0,0,0,0,0
9,SCMM,624.8857421875,0,,0,0,0,0,0,1,0,3,3,0,1,0,0,60.0,0,0,0,0
9,SCMM,630.4462890625,0,,1,0,0,0,0,1,0,3,2,0,1,0,0,60.0,0,2,0,0
9,SCMM,635.97265625,0,,1,0,0,0,0,1,2,3,2,0,1,0,0,4.92578125,2,2,0,0
9,SCMM,641.5830078125,0,,0,0,0,0,0,1,4,3,2,0,1,0,0,4.958984375,0,0,0,0
9,SCMM,646.9921875,0,,0,0,0,0,0,1,6,3,2,0,1,0,0,4.1240234375,0,0,0,0
9,SCMM,652.7197265625,0,,0,0,0,0,0,1,4,3,1,0,1,0,0,9.8515625,0,0,0,0
9,SCMM,659.34765625,0,,0,0,0,0,0,1,2,3,1,0,1,0,0,16.4794921875,0,0,0,0
9,SCMM,666.310546875,0,,0,0,0,0,0,1,0,3,2,0,0,0,0,23.4423828125,0,0,0,0
9,SCMM,671.7197265625,0,,0,0,0,0,0,1,0,3,4,0,0,0,0,28.8515625,0,0,0,0
9,SCMM,678.3154296875,0,,0,0,0,0,0,1,0,3,5,2,0,0,0,35.447265625,0,0,0,0
9,SCMM,684.9775390625,0,,0,0,0,0,0,1,0,3,5,3,0,0,0,42.109375,0,0,0,0
9,SCMM,690.837890625,0,,0,0,0,0,0,1,0,3,2,3,0,0,0,47.9697265625,0,0,0,0
9,SCMM,697.19921875,0,,0,0,0,0,0,1,0,3,0,1,0,0,0,54.3310546875,0,0,0,0
9,SCMM,702.7255859375,0,,0,0,0,0,0,1,0,3,0,0,0,0,0,59.857421875,0,0,0,0
9,SCMM,708.8369140625,0,,0,0,0,0,0,1,0,3,2,0,0,0,0,60.0,0,0,0,0
9,SCMM,714.84765625,0,,0,0,0,0,0,1,0,3,2,0,0,0,0,60.0,0,0,0,0
9,SCMM,721.79296875,0,,0,0,0,0,0,1,0,3,2,0,0,0,0,60.0,0,0,0,0
9,SCMM,728.388671875,0,,1,0,0,0,0,1,0,3,1,0,0,0,0,60.0,0,1,0,0
9,SCMM,735.083984375,0,,0,0,0,0,0,1,2,3,0,1,1,0,0,6.02734375,0,0,0,0
9,SCMM,741.9462890625,0,,1,0,0,0,0,1,2,3,0,3,1,0,0,12.8896484375,2,3,0,0
9,SCMM,748.9423828125,0,,0,0,0,0,0,1,4,3,0,3,1,0,0,6.2451171875,0,0,0,0
9,SCMM,755.169921875,0,,0,0,0,0,0,1,4,3,1,2,1,0,0,5.509765625,0,0,0,0
9,SCMM,760.529296875,0,,0,0,0,0,0,1,4,3,1,1,1,0,0,10.869140625,0,0,0,0
9,SCMM,766.33984375,0,,0,0,0,0,0,1,2,3,2,0,1,0,0,16.6796875,0,0,0,0
9,SCMM,771.8330078125,0,,1,0,0,0,0,1,0,3,2,0,1,0,0,22.1728515625,0,2,0,0
9,SCMM,776.9921875,0,,0,0,0,0,0,1,2,3,1,0,1,0,0,4.357421875,0,0,0,0
9,SCMM,782.869140625,0,,0,0,0,0,0,1,2,3,1,0,1,0,0,10.234375,0,0,0,0
9,SCSB,44.0654296875,0,,0,0,1,0,1,0,0,0,0,1,1,0,0,60.0,0,0,0,1
9,SCSB,50.29296875,0,,0,0,1,0,1,0,2,1,0,2,1,0,0,4.958984375,0,0,2,2
9,SCSB,55.384765625,0,,0,0,1,0,1,0,2,2,1,2,1,0,0,10.05078125,0,0,2,3
9,SCSB,62.095703125,0,,0,0,1,0,1,0,2,3,1,1,1,0,0,16.76171875,0,0,2,2
9,SCSB,67.154296875,0,,0,0,1,0,1,0,0,3,1,1,1,0,0,21.8203125,0,0,0,2
9,SCSB,74.0830078125,0,,0,0,1,0,1,0,0,3,0,0,1,0,0,28.7490234375,0,0,0,0
9,SCSB,79.30859375,0,,0,0,1,0,1,0,0,3,1,0,1,0,0,33.974609375,0,0,0,1
9,SCSB,85.16796875,0,,0,0,1,0,1,0,0,3,1,0,1,0,0,39.833984375,0,0,0,1
9,SCSB,91.3623046875,0,,0,0,1,0,1,0,0,3,2,0,1,0,0,46.0283203125,0,0,0,2
9,SCSB,97.6396484375,0,,0,0,1,0,1,0,0,3,3,0,1,0,0,52.3056640625,0,0,0,3
9,SCSB,103.9501953125,0,,0,0,1,0,1,0,0,3,2,0,1,0,0,58.6162109375,0,0,0,2
9,SCSB,110.244140625,0,,1,0,1,0,1,0,0,3,1,0,1,0,0,60.0,0,1,0,1
9,SCSB,115.703125,0,,0,0,1,0,1,0,2,3,2,0,1,0,0,4.7578125,0,0,2,2
9,SCSB,122.1474609375,0,,0,0,1,0,1,0,2,3,2,0,1,0,0,11.2021484375,0,0,2,2
9,SCSB,128.19140625,0,,0,0,1,0,1,0,2,3,2,1,1,0,0,17.24609375,0,0,2,3
9,SCSB,133.2998046875,0,,0,0,1,0,1,0,0,3,1,2,1,0,0,22.3544921875,0,0,0,3
9,SCSB,139.9111328125,0,,0,0,1,0,1,0,0,3,0,3,1,0,0,28.9658203125,0,0,0,3
9,SCSB,145.287109375,0,,0,0,1,0,1,0,0,3,0,3,1,0,0,34.341796875,0,0,0,3
9,SCSB,151.146484375,0,,1,0,1,0,1,0,0,3,0,1,1,0,0,40.201171875,0,1,0,1
9,SCSB,157.9580078125,0,,0,0,1,0,1,0,2,3,1,0,1,0,0,6.09375,0,0,2,1
9,SCSB,163.267578125,0,,0,0,1,0,1,0,2,3,1,0,1,0,0,11.4033203125,0,0,2,1
9,SCSB,169.193359375,0,,0,0,1,0,1,0,2,3,1,0,1,0,0,17.3291015625,0,0,2,1
9,SCSB,174.8701171875,0,,0,0,1,0,1,0,0,3,2,0,1,0,0,23.005859375,0,0,0,2
9,SCSB,181.53125,0,,0,0,1,0,1,0,0,3,2,0,1,0,0,29.6669921875,0,0,0,2
9,SCSB,187.44140625,0,,0,0,1,0,1,0,0,3,2,0,1,0,0,35.5771484375,0,0,0,2
9,SCSB,192.783203125,0,,1,0,1,0,1,0,0,3,0,0,1,0,0,40.9189453125,0,0,0,0
9,SCSB,199.662109375,0,,0,0,1,0,1,0,2,3,1,0,1,0,0,6.2607421875,0,0,2,1
9,SCSB,205.5048828125,0,,1,0,1,0,1,0,2,3,1,1,1,0,0,12.103515625,2,2,2,2
9,SCSB,212.3330078125,0,,1,0,1,0,1,0,2,3,2,3,1,0,0,18.931640625,2,5,2,5
9,SCSB,218.9609375,1,1.0517578125,1,0,1,0,1,0,0,3,3,5,1,0,0,25.5595703125,0,8,0,8
9,SCSB,224.2197265625,0,,0,0,1,0,1,0,0,3,3,5,1,0,1,30.818359375,0,0,0,8
9,SCSB,230.23046875,0,,0,0,1,0,1,0,0,3,4,5,1,0,1,36.8291015625,0,0,0,9
9,SCSB,236.8916015625,0,,0,0,1,0,1,0,0,3,2,3,1,0,1,43.490234375,0,0,0,5
9,SCSB,243.251953125,0,,0,0,1,0,1,0,0,3,1,2,1,0,1,49.8505859375,0,0,0,3
9,SCSB,248.912109375,0,,0,0,1,0,1,0,0,3,0,1,1,0,1,55.5107421875,0,0,0,1
9,SCSB,255.1220703125,0,,0,0,1,0,1,0,0,3,0,0,1,0,1,60.0,0,0,0,0
9,SCSB,260.1806640625,0,,0,0,1,0,1,0,0,3,0,0,1,0,1,60.0,0,0,0,0
9,SCSB,266.19140625,0,,1,0,1,0,1,0,0,3,0,2,1,0,1,60.0,0,2,0,2
9,SCSB,273.1865234375,0,,0,0,1,0,1,0,2,3,0,4,1,0,1,6.39453125,0,0,2,4
9,SCSB,278.2783203125,0,,0,0,1,0,1,0,2,3,0,4,1,0,1,11.486328125,0,0,2,4
9,SCSB,283.970703125,0,,0,0,1,0,1,0,2,3,0,3,1,0,0,17.1787109375,0,0,2,3
9,SCSB,289.814453125,0,,0,0,1,0,1,0,0,3,1,1,1,0,0,23.0224609375,0,0,0,2
9,SCSB,296.576171875,0,,0,0,1,0,1,0,0,3,3,0,1,0,0,29.7841796875,0,0,0,3
9,SCSB,302.5693359375,0,,0,0,1,0,1,0,0,3,3,1,1,0,0,35.77734375,0,0,0,4
9,SCSB,308.0283203125,0,,0,0,1,0,1,0,0,3,2,1,1,0,0,41.236328125,0,0,0,3
9,SCSB,313.3876953125,0,,0,0,1,0,1,0,0,3,0,1,1,0,0,46.595703125,0,0,0,1
9,SCSB,318.763671875,0,,0,0,1,0,1,0,0,3,0,1,1,0,0,51.9716796875,0,0,0,1
9,SCSB,325.3408203125,0,,0,0,1,0,1,0,0,3,0,0,1,0,0,58.548828125,0,0,0,0
9,SCSB,331.8857421875,0,,0,0,1,0,1,0,0,3,2,0,1,0,0,60.0,0,0,0,2
9,SCSB,338.396484375,0,,0,0,1,0,1,0,0,3,2,0,1,0,0,60.0,0,0,0,2
9,SCSB,344.640625,0,,0,0,1,0,1,0,0,3,2,0,1,0,0,60.0,0,0,0,2
9,SCSB,351.05078125,0,,0,0,1,0,1,0,0,3,1,0,1,0,0,60.0,0,0,0,1
9,SCSB,356.443359375,0,,0,0,1,0,1,0,0,3,0,1,1,0,0,60.0,0,0,0,1
9,SCSB,362.8876953125,0,,0,0,1,0,1,0,0,3,0,1,1,0,0,60.0,0,0,0,1
9,SCSB,368.9814453125,0,,0,0,1,0,1,0,0,3,2,1,1,0,0,60.0,0,0,0,3
9,SCSB,374.0732421875,0,,0,0,1,0,1,0,0,3,2,1,1,0,0,60.0,0,0,0,3
9,SCSB,380.216796875,0,,0,0,1,0,1,0,0,3,2,0,0,0,0,60.0,0,0,0,2
9,SCSB,386.1103515625,0,,1,0,1,0,1,0,0,3,4,0,0,0,0,60.0,0,4,0,4
9,SCSB,393.0390625,0,,0,0,1,0,1,0,0,3,4,0,0,0,0,60.0,0,0,0,4
9,SCSB,398.564453125,0,,1,0,1,0,1,0,0,3,5,0,0,0,0,60.0,0,5,0,5
9,SCSB,404.775390625,0,,0,0,1,0,1,0,2,3,4,0,0,0,0,5.4755859375,0,0,2,4
9,SCSB,410.78515625,0,,0,0,1,0,1,0,2,3,3,0,0,0,0,11.4853515625,0,0,2,3
9,SCSB,417.6640625,0,,1,0,1,0,1,0,2,3,1,0,0,0,0,18.3642578125,2,1,2,1
9,SCSB,423.2236328125,0,,0,0,1,0,1,0,0,3,1,0,0,0,0,23.923828125,0,0,0,1
9,SCSB,429.4169921875,0,,0,0,1,0,1,0,0,3,3,0,0,0,0,30.1171875,0,0,0,3
9,SCSB,434.8095703125,0,,0,0,1,0,1,0,0,3,2,0,0,0,0,35.509765625,0,0,0,2
9,SCSB,440.5693359375,0,,0,0,1,0,1,0,0,3,2,0,0,0,0,41.26953125,0,0,0,2
9,SCSB,445.9287109375,0,,0,0,1,0,1,0,0,3,0,0,0,0,0,46.62890625,0,0,0,0
9,SCSB,451.587890625,0,,0,0,1,0,1,0,0,3,0,0,1,0,0,52.2880859375,0,0,0,0
9,SCSB,456.947265625,0,,1,0,1,0,1,0,0,3,0,0,1,0,0,57.6474609375,0,0,0,0
9,SCSB,463.9091796875,0,,0,0,1,0,1,0,2,3,0,0,1,0,0,6.3447265625,0,0,2,0
9,SCSB,469.30078125,0,,0,0,1,0,1,0,2,3,0,0,1,0,0,11.736328125,0,0,2,0
9,SCSB,475.111328125,0,,0,0,1,0,1,0,2,3,0,0,1,0,0,17.546875,0,0,2,0
9,SCSB,481.7392578125,0,,1,0,1,0,1,0,0,3,0,0,1,0,0,24.1748046875,0,0,0,0
9,SCSB,488.216796875,0,,1,0,1,0,1,0,2,3,0,0,2,0,0,5.7099609375,2,0,2,0
9,SCSB,494.2763671875,0,,0,0,1,0,1,0,2,3,0,0,1,0,0,11.76953125,0,0,2,0
9,SCSB,500.1533203125,0,,0,0,1,0,1,0,2,3,1,0,1,0,0,17.646484375,0,0,2,1
9,SCSB,506.4306640625,0,,1,0,1,0,1,0,0,3,1,0,1,0,0,23.923828125,0,1,0,1
9,SCSB,513.025390625,0,,1,0,1,0,1,0,0,3,1,0,1,0,0,30.5185546875,0,1,0,1
9,SCSB,518.216796875,0,,0,0,1,0,1,0,0,3,1,0,1,0,0,35.7099609375,0,0,0,1
9,SCSB,524.87890625,0,,0,0,1,0,1,0,2,3,1,0,1,0,0,5.9267578125,0,0,2,1
9,SCSB,531.6904296875,0,,0,0,1,0,1,0,2,3,1,2,1,0,0,12.73828125,0,0,2,3
9,SCSB,538.3681640625,0,,0,0,1,0,1,0,2,3,0,2,1,0,0,19.416015625,0,0,2,2
9,SCSB,543.693359375,0,,0,0,1,0,1,0,0,3,0,2,1,0,0,24.7412109375,0,0,0,2
9,SCSB,550.2880859375,0,,0,0,1,0,1,0,0,3,0,0,1,0,0,31.3359375,0,0,0,0
9,SCSB,556.6318359375,0,,1,0,1,0,1,0,0,3,0,0,1,0,0,37.6796875,0,0,0,0
9,SCSB,562.2587890625,0,,0,0,1,0,1,0,0,3,0,0,1,0,0,43.306640625,0,0,0,0
9,SCSB,568.4189453125,0,,0,0,1,0,1,0,0,3,0,2,1,0,0,49.466796875,0,0,0,2
9,SCSB,575.4140625,0,,0,0,1,0,1,0,0,3,0,2,1,0,0,56.4619140625,0,0,0,2
9,SCSB,581.0234375,0,,0,0,1,0,1,0,0,3,0,2,1,0,0,60.0,0,0,0,2
9,SCSB,587.3505859375,0,,1,0,1,0,1,0,0,3,0,0,1,0,0,60.0,0,0,0,0
9,SCSB,593.8115234375,0,,0,0,1,0,1,0,0,3,0,2,1,0,0,60.0,0,0,0,2
9,SCSB,600.806640625,0,,0,0,1,0,1,0,0,3,1,3,1,0,0,60.0,0,0,0,4
9,SCSB,607.2177734375,0,,0,0,1,0,1,0,0,3,1,3,1,0,0,60.0,0,0,0,4
9,SCSB,612.5263671875,0,,0,0,1,0,1,0,0,3,1,2,1,0,0,60.0,0,0,0,3
9,SCSB,617.6015625,0,,0,0,1,0,1,0,0,3,2,0,1,0,0,60.0,0,0,0,2
9,SCSB,624.4970703125,0,,1,0,1,0,1,0,0,3,1,0,1,0,0,60.0,0,1,0,1
9,SCSB,631.2578125,0,,0,0,1,0,1,0,2,3,1,2,1,0,0,5.9931640625,0,0,2,3
9,SCSB,638.01953125,0,,0,0,1,0,1,0,2,3,0,5,1,0,0,12.7548828125,0,0,2,5
9,SCSB,643.662109375,0,,0,0,1,0,1,0,2,3,3,6,0,0,0,18.3974609375,0,0,2,9
9,SCSB,650.3076171875,0,,0,0,1,0,1,0,0,3,4,4,0,0,0,25.04296875,0,0,0,8
9,SCSB,657.185546875,0,,0,0,1,0,1,0,0,3,4,2,0,0,0,31.9208984375,0,0,0,6
9,SCSB,663.3623046875,0,,1,0,1,0,1,0,0,3,1,0,0,0,0,38.09765625,0,1,0,1
9,SCSB,670.173828125,0,,0,0,1,0,1,0,2,3,0,0,0,0,0,6.04296875,0,0,2,0
9,SCSB,676.90234375,0,,0,0,1,0,1,0,2,3,1,0,0,0,0,12.771484375,0,0,2,1
9,SCSB,682.578125,0,,0,0,1,0,1,0,2,3,2,0,0,0,0,18.447265625,0,0,2,2
9,SCSB,688.0712890625,0,,0,0,1,0,1,0,0,3,2,0,0,0,0,23.9404296875,0,0,0,2
9,SCSB,694.6826171875,0,,0,0,1,0,1,0,0,3,2,0,0,0,0,30.5517578125,0,0,0,2
9,SCSB,701.2431640625,0,,0,0,1,0,1,0,0,3,1,1,0,0,0,37.1123046875,0,0,0,2
9,SCSB,707.87109375,0,,1,0,1,0,1,0,0,3,1,1,0,0,0,43.740234375,0,2,0,2
9,SCSB,714.3984375,0,,1,0,1,0,1,0,2,3,1,1,1,0,0,5.859375,2,2,2,2
9,SCSB,720.30859375,0,,0,0,1,0,1,0,2,3,2,0,1,0,0,11.76953125,0,0,2,2
9,SCSB,727.00390625,0,,1,0,1,0,1,0,2,3,2,0,1,0,0,18.46484375,2,2,2,2
9,SCSB,733.6318359375,0,,0,0,1,0,1,0,0,3,2,2,1,0,0,25.0927734375,0,0,0,4
9,SCSB,740.609375,0,,0,0,1,0,1,0,0,3,1,2,1,0,0,32.0703125,0,0,0,3
9,SCSB,746.8203125,0,,0,0,1,0,1,0,2,3,1,2,1,0,0,5.4423828125,0,0,2,3
9,SCSG,31.2626953125,0,,0,0,0,0,1,0,0,0,0,1,0,1,0,60.0,0,0,0,0
9,SCSG,37.0732421875,0,,0,0,0,0,1,0,0,1,0,1,1,1,0,60.0,0,0,0,0
9,SCSG,43.3173828125,0,,0,0,0,0,1,0,0,2,2,1,1,1,0,60.0,0,0,0,0
9,SCSG,48.4931640625,0,,0,0,0,0,1,0,0,3,2,0,1,0,0,60.0,0,0,0,0
9,SCSG,55.35546875,0,,0,0,0,0,1,0,0,3,2,0,1,0,0,60.0,0,0,0,0
9,SCSG,62.2685546875,0,,1,0,0,0,1,0,0,3,3,0,1,0,0,60.0,0,3,0,0
9,SCSG,68.962890625,0,,0,0,0,0,1,0,2,3,2,0,1,0,0,5.8603515625,0,0,0,0
9,SCSG,75.6083984375,0,,0,0,0,0,1,0,2,3,2,0,1,0,0,12.505859375,0,0,0,0
9,SCSG,82.5205078125,0,,0,0,0,0,1,0,2,3,0,0,1,0,0,19.41796875,0,0,0,0
9,SCSG,88.6318359375,0,,0,0,0,0,1,0,0,3,2,0,1,0,0,25.529296875,0,0,0,0
9,SCSG,94.341796875,0,,0,0,0,0,1,0,0,3,2,0,1,0,0,31.2392578125,0,0,0,0
9,SCSG,100.4697265625,0,,0,0,0,0,1,0,0,3,4,0,1,0,0,37.3671875,0,0,0,0
9,SCSG,105.7119140625,0,,0,0,0,0,1,0,0,3,4,0,1,0,0,42.609375,0,0,0,0
9,SCSG,110.8544921875,0,,0,0,0,0,1,0,0,3,3,0,1,0,0,47.751953125,0,0,0,0
9,SCSG,115.9130859375,0,,0,0,0,0,1,0,0,3,3,0,1,0,0,52.810546875,0,0,0,0
9,SCSG,122.2744140625,0,,1,0,0,0,1,0,0,3,1,0,1,0,0,59.171875,0,1,0,0
9,SCSG,127.5009765625,0,,0,0,0,0,1,0,0,3,0,0,1,0,0,60.0,0,0,0,0
9,SCSG,134.36328125,0,,0,0,0,0,1,0,0,3,0,0,1,0,0,60.0,0,0,0,0
9,SCSG,141.392578125,0,,1,0,0,0,1,0,0,3,2,0,1,0,0,60.0,0,2,0,0
9,SCSG,148.271484375,0,,1,0,0,0,1,0,2,3,2,0,1,0,0,6.2451171875,2,2,0,0
9,SCSG,153.6474609375,0,,0,0,0,0,1,0,2,3,2,0,1,0,0,11.62109375,0,0,0,0
9,SCSG,159.2578125,0,,0,0,0,0,1,0,4,3,1,0,1,0,0,4.8759765625,0,0,0,0
9,SCSG,165.1181640625,0,,0,0,0,0,1,0,2,3,0,0,1,0,0,10.736328125,0,0,0,0
9,SCSG,171.7958984375,0,,0,0,0,0,1,0,2,3,0,0,1,0,0,17.4140625,0,0,0,0
9,SCSG,177.22265625,0,,1,0,0,0,1,0,0,3,0,0,1,0,0,22.8408203125,0,0,0,0
9,SCSG,183.8515625,0,,0,0,0,0,1,0,0,3,2,0,1,0,0,29.4697265625,0,0,0,0
9,SCSG,190.5634765625,0,,1,0,0,0,1,0,0,3,2,0,1,0,0,36.181640625,0,2,0,0
9,SCSG,197.1416015625,0,,0,0,0,0,1,0,0,3,3,0,1,0,0,42.759765625,0,0,0,0
9,SCSG,203.251953125,0,,0,0,0,0,1,0,0,3,2,0,1,0,0,48.8701171875,0,0,0,0
9,SCSG,208.6787109375,0,,1,0,0,0,1,0,0,3,3,0,1,0,0,54.296875,0,3,0,0
9,SCSG,215.1572265625,0,,0,0,0,0,1,0,0,3,3,0,1,0,0,60.0,0,0,0,0
9,SCSG,220.93359375,0,,0,0,0,0,1,0,0,3,3,0,1,0,0,60.0,0,0,0,0
9,SCSG,226.4765625,0,,0,0,0,0,1,0,0,3,2,0,1,0,0,60.0,0,0,0,0
9,SCSG,232.4208984375,0,,0,0,0,0,1,0,0,3,2,0,1,0,0,60.0,0,0,0,0
9,SCSG,238.4482421875,0,,0,0,0,0,1,0,0,3,3,0,1,0,0,60.0,0,0,0,0
9,SCSG,244.5087890625,0,,0,0,0,0,1,0,0,3,2,0,1,0,0,60.0,0,0,0,0
9,SCSG,249.9189453125,0,,0,0,0,0,1,0,0,3,2,0,1,0,0,60.0,0,0,0,0
9,SCSG,256.814453125,0,,0,0,0,0,1,0,0,3,2,0,1,0,0,60.0,0,0,0,0
9,SCSG,263.326171875,0,,0,0,0,0,1,0,0,3,2,0,1,0,0,60.0,0,0,0,0
9,SCSG,269.6201171875,0,,0,0,0,0,1,0,0,3,2,0,1,0,0,60.0,0,0,0,0
9,SCSG,275.34765625,0,,0,0,0,0,1,0,0,3,1,0,1,0,0,60.0,0,0,0,0
9,SCSG,282.1591796875,0,,0,0,0,0,1,0,0,3,1,0,1,0,0,60.0,0,0,0,0
9,SCSG,289.1552734375,0,,0,0,0,0,1,0,0,3,1,0,1,0,0,60.0,0,0,0,0
9,SCSG,295.6162109375,0,,0,0,0,0,1,0,0,3,2,0,1,0,0,60.0,0,0,0,0
9,SCSG,301.0927734375,0,,0,0,0,0,1,0,0,3,2,0,1,0,0,60.0,0,0,0,0
9,SCSG,306.3359375,0,,1,0,0,0,1,0,0,3,3,0,2,0,0,60.0,0,3,0,0
9,SCSG,312.4296875,0,,1,0,0,0,1,0,2,3,3,0,1,0,0,5.509765625,2,3,0,0
9,SCSG,318.5908203125,0,,0,0,0,0,1,0,4,3,3,0,1,0,0,5.1591796875,0,0,0,0
9,SCSG,324.30078125,0,,0,0,0,0,1,0,6,3,1,0,1,0,0,4.958984375,0,0,0,0
9,SCSG,331.0458984375,0,,0,0,0,0,1,0,4,3,1,0,1,0,0,11.7041015625,0,0,0,0
9,SCSG,336.10546875,0,,0,0,0,0,1,0,2,3,1,0,1,0,0,16.763671875,0,0,0,0
9,SCSG,342.5498046875,0,,0,0,0,0,1,0,0,3,1,0,1,0,0,23.2080078125,0,0,0,0
9,SCSG,349.111328125,0,,0,0,0,0,1,0,0,3,1,0,1,0,0,29.76953125,0,0,0,0
9,SCSG,356.041015625,0,,0,0,0,0,1,0,0,3,1,0,1,0,0,36.69921875,0,0,0,0
9,SCSG,362.8359375,0,,0,0,0,0,1,0,0,3,2,0,1,0,0,43.494140625,0,0,0,0
9,SCSG,368.98046875,0,,0,0,0,0,1,0,0,3,3,0,0,0,0,49.638671875,0,0,0,0
9,SCSG,375.7763671875,0,,0,0,0,0,1,0,0,3,4,0,0,0,0,56.4345703125,0,0,0,0
9,SCSG,381.1357421875,0,,0,0,0,0,1,0,0,3,3,0,0,0,0,60.0,0,0,0,0
9,SCSG,387.3466796875,0,,0,0,0,0,1,0,0,3,3,0,0,0,0,60.0,0,0,0,0
9,SCSG,393.08984375,0,,0,0,0,0,1,0,0,3,1,0,0,0,0,60.0,0,0,0,0
9,SCSG,398.232421875,0,,0,0,0,0,1,0,0,3,0,0,0,0,0,60.0,0,0,0,0
9,SCSG,404.677734375,0,,0,0,0,0,1,0,0,3,1,0,0,0,0,60.0,0,0,0,0
9,SCSG,411.5224609375,0,,0,0,0,0,1,0,0,3,1,0,0,0,0,60.0,0,0,0,0
9,SCSG,417.099609375,0,,0,0,0,0,1,0,0,3,3,0,0,0,0,60.0,0,0,0,0
9,SCSG,423.3935546875,0,,1,0,0,0,1,0,0,3,2,0,0,0,0,60.0,0,2,0,0
9,SCSG,428.703125,0,,0,0,0,0,1,0,2,3,2,0,0,0,0,4.4912109375,0,0,0,0
9,SCSG,435.1982421875,0,,0,0,0,0,1,0,2,3,2,0,0,0,0,10.986328125,0,0,0,0
9,SCSG,440.658203125,0,,0,0,0,0,1,0,2,3,2,0,1,0,0,16.4462890625,0,0,0,0
9,SCSG,447.2861328125,0,,0,0,0,0,1,0,0,3,4,0,1,0,0,23.07421875,0,0,0,0
9,SCSG,452.8466796875,0,,0,0,0,0,1,0,0,3,3,0,1,0,0,28.634765625,0,0,0,0
9,SCSG,457.9892578125,0,,0,0,0,0,1,0,0,3,2,0,1,0,0,33.77734375,0,0,0,0
9,SCSG,464.9013671875,0,,0,0,0,0,1,0,0,3,1,0,1,0,0,40.689453125,0,0,0,0
9,SCSG,471.4462890625,0,,0,0,0,0,1,0,0,3,0,0,1,0,0,47.234375,0,0,0,0
9,SCSG,477.3896484375,0,,0,0,0,0,1,0,0,3,0,0,1,0,0,53.177734375,0,0,0,0
9,SCSG,483.5341796875,0,,0,0,0,0,1,0,0,3,2,0,1,0,0,59.322265625,0,0,0,0
9,SCSG,490.1796875,0,,0,0,0,0,1,0,0,3,2,0,1,0,0,60.0,0,0,0,0
9,SCSG,496.791015625,0,,0,0,0,0,1,0,0,3,2,0,1,0,0,60.0,0,0,0,0
9,SCSG,501.8837890625,0,,0,0,0,0,1,0,0,3,1,0,1,0,0,60.0,0,0,0,0
9,SCSG,507.326171875,0,,0,0,0,0,1,0,0,3,1,0,1,0,0,60.0,0,0,0,0
9,SCSG,513.921875,0,,1,0,0,0,1,0,0,3,1,0,1,0,0,60.0,0,1,0,0
9,SCSG,520.232421875,0,,0,0,0,0,1,0,2,3,1,0,1,0,0,5.025390625,0,0,0,0
9,SCSG,525.4091796875,0,,0,0,0,0,1,0,2,3,0,0,1,0,0,10.2021484375,0,0,0,0
9,SCSG,531.603515625,0,,0,0,0,0,1,0,2,3,1,0,1,0,0,16.396484375,0,0,0,0
9,SCSG,537.0458984375,0,,0,0,0,0,1,0,0,3,1,0,1,0,0,21.8388671875,0,0,0,0
9,SCSG,543.6240234375,0,,0,0,0,0,1,0,0,3,1,0,1,0,0,28.4169921875,0,0,0,0
9,SCSG,548.9169921875,0,,0,0,0,0,1,0,0,3,0,0,1,0,0,33.7099609375,0,0,0,0
9,SCSG,554.259765625,0,,0,0,0,0,1,0,0,3,0,0,2,0,0,39.052734375,0,0,0,0
9,SCSG,560.6884765625,0,,0,0,0,0,1,0,0,3,0,0,1,0,0,45.4814453125,0,0,0,0
9,SCSG,567.55078125,0,,1,0,0,0,1,0,0,3,1,0,1,0,0,52.34375,0,1,0,0
9,SCSG,573.728515625,0,,0,0,0,0,1,0,2,3,2,0,1,0,0,5.4931640625,0,0,0,0
9,SCSG,579.337890625,0,,0,0,0,0,1,0,2,3,2,0,1,0,0,11.1025390625,0,0,0,0
9,SCSG,586.1171875,0,,0,0,0,0,1,0,2,3,1,0,1,0,0,17.8818359375,0,0,0,0
9,SCSG,592.2275390625,0,,0,0,0,0,1,0,0,3,1,0,2,0,0,23.9921875,0,0,0,0
9,SCSG,598.72265625,0,,0,0,0,0,1,0,0,3,1,0,1,0,0,30.4873046875,0,0,0,0
9,SCSG,604.232421875,0,,0,0,0,0,1,0,0,3,2,0,1,0,0,35.9970703125,0,0,0,0
9,SCSG,609.7255859375,0,,0,0,0,0,1,0,0,3,2,0,1,0,0,41.490234375,0,0,0,0
9,SCSG,616.01953125,0,,0,0,0,0,1,0,0,3,2,0,1,0,0,47.7841796875,0,0,0,0
9,SCSG,622.34765625,0,,0,0,0,0,1,0,0,3,2,0,1,0,0,54.1123046875,0,0,0,0
9,SCSG,629.1103515625,0,,1,0,0,0,1,0,0,3,2,0,1,0,0,60.0,0,2,0,0
9,SCSG,635.671875,0,,1,0,0,0,1,0,2,3,4,0,0,0,0,5.7099609375,2,4,0,0
9,SCSG,641.3154296875,0,,1,0,0,0,1,0,2,3,2,0,0,0,0,11.353515625,2,2,0,0
9,SCSG,647.79296875,0,,0,0,0,0,1,0,2,3,2,0,0,0,0,17.8310546875,0,0,0,0
9,SCSG,653.4033203125,0,,0,0,0,0,1,0,0,3,0,0,0,0,0,23.44140625,0,0,0,0
9,SCSG,660.03125,0,,0,0,0,0,1,0,0,3,1,0,0,0,0,30.0693359375,0,0,0,0
9,SCSG,666.693359375,0,,0,0,0,0,1,0,0,3,1,0,0,0,0,36.7314453125,0,0,0,0
9,SCSG,673.4384765625,0,,0,0,0,0,1,0,0,3,4,0,0,0,0,43.4765625,0,0,0,0
9,SCSG,679.08203125,0,,0,0,0,0,1,0,0,3,4,0,0,0,0,49.1201171875,0,0,0,0
9,SCSG,685.29296875,0,,0,0,0,0,1,0,0,3,5,0,0,0,0,55.3310546875,0,0,0,0
9,SCSG,690.9697265625,0,,0,0,0,0,1,0,0,3,3,0,0,0,0,60.0,0,0,0,0
9,SCSG,697.197265625,0,,0,0,0,0,1,0,0,3,1,0,1,0,0,60.0,0,0,0,0
9,SCSG,703.7763671875,0,,0,0,0,0,1,0,0,3,1,0,1,0,0,60.0,0,0,0,0
9,SCSG,708.9853515625,1,1.1015625,1,0,0,0,1,0,1,2,1,0,1,0,0,0.2001953125,1,1,0,0
9,SCSG,714.3115234375,0,,1,0,0,0,1,0,4,2,1,0,1,0,1,3.5224609375,4,1,0,0
9,SCSG,720.689453125,0,,0,0,0,0,1,0,6,2,1,0,1,0,1,5.7265625,0,0,0,0
9,SCSG,727.1005859375,0,,0,0,0,0,1,0,6,3,0,0,1,0,1,12.1376953125,0,0,0,0
9,SCSG,733.0615234375,0,,0,0,0,0,1,0,2,3,0,0,1,0,1,18.0986328125,0,0,0,0
9,SCSG,739.5234375,0,,0,0,0,0,1,0,0,3,0,0,1,0,1,24.560546875,0,0,0,0
10,SCFB,32.41015625,0,,0,0,1,1,0,0,0,0,0,1,0,1,0,60.0,0,0,0,1
10,SCFB,38.904296875,0,,0,0,1,1,0,0,0,1,0,1,1,1,0,60.0,0,0,0,1
10,SCFB,45.8837890625,0,,0,0,1,1,0,0,0,2,0,0,1,1,0,60.0,0,0,0,0
10,SCFB,52.2109375,0,,0,0,1,1,0,0,0,3,0,0,1,0,0,60.0,0,0,0,0
10,SCFB,57.6708984375,0,,1,0,1,1,0,0,0,3,0,0,1,0,0,60.0,0,0,0,0
10,SCFB,64.115234375,0,,0,0,1,1,0,0,0,3,0,0,1,0,0,60.0,0,0,0,0
10,SCFB,70.0087890625,0,,0,0,1,1,0,0,0,3,0,0,1,0,0,60.0,0,0,0,0
10,SCFB,76.552734375,0,,1,0,1,1,0,0,0,3,0,0,1,0,0,60.0,0,0,0,0
10,SCFB,83.515625,0,,0,0,1,1,0,0,0,3,1,0,1,0,0,60.0,0,0,0,1
10,SCFB,90.2265625,0,,0,0,1,1,0,0,0,3,2,0,1,0,0,60.0,0,0,0,2
10,SCFB,95.703125,0,,1,0,1,1,0,0,0,3,2,0,1,0,0,60.0,0,2,0,2
10,SCFB,101.2626953125,0,,0,0,1,1,0,0,0,3,2,1,1,1,0,60.0,0,0,0,3
10,SCFB,107.70703125,0,,0,0,1,1,0,0,0,3,0,1,1,1,0,60.0,0,0,0,1
10,SCFB,113.8173828125,0,,0,0,1,1,0,0,0,3,0,1,2,2,0,60.0,0,0,0,1
10,SCFB,120.3125,0,,0,0,1,1,0,0,0,3,1,0,1,3,0,60.0,0,0,0,1
10,SCFB,126.7734375,0,,0,0,1,1,0,0,0,3,3,0,1,3,0,60.0,0,0,0,3
10,SCFB,132.19921875,0,,0,0,1,1,0,0,0,3,3,0,2,2,0,60.0,0,0,0,3
10,SCFB,137.6591796875,0,,1,0,1,1,0,0,0,3,2,0,1,1,0,60.0,0,2,0,2
10,SCFB,143.736328125,0,,0,0,1,1,0,0,0,3,2,0,1,0,0,60.0,0,0,0,2
10,SCFB,150.1474609375,0,,0,0,1,1,0,0,0,3,1,0,1,0,0,60.0,0,0,0,1
10,SCFB,155.82421875,0,,0,0,1,1,0,0,0,3,1,0,1,0,0,60.0,0,0,0,1
10,SCFB,162.619140625,0,,0,0,1,1,0,0,0,3,1,0,1,0,0,60.0,0,0,0,1
10,SCFB,168.078125,0,,0,0,1,1,0,0,0,3,1,0,1,0,0,60.0,0,0,0,1
10,SCFB,174.1884765625,0,,0,0,1,1,0,0,0,3,1,0,1,0,0,60.0,0,0,0,1
10,SCFB,180.75,0,,0,0,1,1,0,0,0,3,2,0,1,0,0,60.0,0,0,0,2
10,SCFB,187.1611328125,0,,1,0,1,1,0,0,0,3,2,0,1,0,0,60.0,0,2,0,2
10,SCFB,194.1396484375,0,,1,0,1,1,0,0,0,3,2,0,1,0,0,60.0,0,2,0,2
10,SCFB,200.3837890625,0,,0,0,1,1,0,0,0,3,2,2,1,1,0,60.0,0,0,0,4
10,SCFB,206.14453125,0,,0,0,1,1,0,0,0,3,0,4,1,1,0,60.0,0,0,0,4
10,SCFB,212.939453125,0,,0,0,1,1,0,0,0,3,1,4,1,1,0,60.0,0,0,0,5
10,SCFB,219.80078125,0,,0,0,1,1,0,0,0,3,2,3,1,0,0,60.0,0,0,0,5
10,SCFB,226.2626953125,0,,0,0,1,1,0,0,0,3,3,0,1,0,0,60.0,0,0,0,3
10,SCFB,232.857421875,0,,1,0,1,1,0,0,0,3,2,0,1,0,0,60.0,0,2,0,2
10,SCFB,239.869140625,0,,0,0,1,1,0,0,2,3,1,2,1,0,0,6.361328125,0,0,2,3
10,SCFB,245.86328125,0,,0,0,1,1,0,0,2,3,0,3,1,0,0,12.35546875,0,0,2,3
10,SCFB,251.0380859375,0,,0,0,1,1,0,0,2,3,0,3,1,1,0,17.5302734375,0,0,2,3
10,SCFB,256.865234375,0,,0,0,1,1,0,0,0,3,2,2,1,1,0,23.357421875,0,0,0,4
10,SCFB,263.0927734375,0,,0,0,1,1,0,0,0,3,4,0,1,1,0,29.5849609375,0,0,0,4
10,SCFB,268.71875,0,,0,0,1,1,0,0,0,3,4,0,1,0,0,35.2109375,0,0,0,4
10,SCFB,274.1787109375,0,,0,0,1,1,0,0,0,3,3,1,1,1,0,40.6708984375,0,0,0,4
10,SCFB,280.9404296875,0,,0,0,1,1,0,0,0,3,1,3,1,1,0,47.4326171875,0,0,0,4
10,SCFB,287.267578125,0,,0,0,1,1,0,0,0,3,1,3,1,1,0,53.759765625,0,0,0,4
10,SCFB,293.3955078125,0,,0,0,1,1,0,0,0,3,2,4,1,1,0,59.8876953125,0,0,0,6
10,SCFB,299.990234375,0,,1,0,1,1,0,0,0,3,2,2,1,0,0,60.0,0,4,0,4
10,SCFB,305.1826171875,0,,0,0,1,1,0,0,0,3,1,1,1,0,0,60.0,0,0,0,2
10,SCFB,311.9609375,0,,0,0,1,1,0,0,0,3,0,1,1,0,0,60.0,0,0,0,1
10,SCFB,317.2861328125,0,,0,0,1,1,0,0,0,3,0,2,1,0,0,60.0,0,0,0,2
10,SCFB,323.4306640625,0,,0,0,1,1,0,0,0,3,0,2,1,0,0,60.0,0,0,0,2
10,SCFB,328.8564453125,0,,1,0,1,1,0,0,0,3,0,2,1,1,0,60.0,0,2,0,2
10,SCFB,334.6669921875,0,,0,0,1,1,0,0,0,3,1,0,1,1,0,60.0,0,0,0,1
10,SCFB,340.560546875,0,,1,0,1,1,0,0,0,3,1,0,1,1,0,60.0,0,1,0,1
10,SCFB,347.205078125,0,,0,0,1,1,0,0,0,3,1,0,1,0,0,60.0,0,0,0,1
10,SCFB,353.783203125,0,,0,0,1,1,0,0,0,3,0,0,1,0,0,60.0,0,0,0,0
10,SCFB,358.958984375,0,,0,0,1,1,0,0,0,3,1,1,1,1,0,60.0,0,0,0,2
10,SCFB,364.1171875,0,,0,0,1,1,0,0,0,3,1,1,1,1,0,60.0,0,0,0,2
10,SCFB,369.41015625,0,,1,0,1,1,0,0,0,3,2,1,0,1,0,60.0,0,3,0,3
10,SCFB,375.8876953125,0,,0,0,1,1,0,0,0,3,3,1,0,1,0,60.0,0,0,0,4
10,SCFB,382.416015625,0,,0,0,1,1,0,0,0,3,2,0,0,0,0,60.0,0,0,0,2
10,SCFB,389.427734375,0,,0,0,1,1,0,0,0,3,1,0,0,0,0,60.0,0,0,0,1
10,SCFB,396.0400390625,0,,1,0,1,1,0,0,0,3,0,0,0,0,0,60.0,0,0,0,0
10,SCFB,402.55078125,0,,0,0,1,1,0,0,0,3,2,0,0,0,0,60.0,0,0,0,2
10,SCFB,408.39453125,0,,0,0,1,1,0,0,0,3,2,0,0,0,0,60.0,0,0,0,2
10,SCFB,415.33984375,0,,0,0,1,1,0,0,0,3,2,0,0,0,0,60.0,0,0,0,2
10,SCFB,420.9658203125,0,,0,0,1,1,0,0,0,3,0,0,0,0,0,60.0,0,0,0,0
10,SCFB,427.7109375,0,,0,0,1,1,0,0,0,3,0,0,0,0,0,60.0,0,0,0,0
10,SCFB,434.0888671875,0,,0,0,1,1,0,0,0,3,0,0,1,0,0,60.0,0,0,0,0
10,SCFB,439.9326171875,0,,0,0,1,1,0,0,0,3,0,0,1,0,0,60.0,0,0,0,0
10,SCFB,446.66015625,0,,0,0,1,1,0,0,0,3,0,0,1,0,0,60.0,0,0,0,0
10,SCFB,451.76953125,0,,0,0,1,1,0,0,0,3,0,0,1,0,0,60.0,0,0,0,0
10,SCFB,456.828125,0,,0,0,1,1,0,0,0,3,0,1,1,0,0,60.0,0,0,0,1
10,SCFB,462.6552734375,0,,0,0,1,1,0,0,0,3,0,2,1,0,0,60.0,0,0,0,2
10,SCFB,469.533203125,0,,0,0,1,1,0,0,0,3,0,2,1,0,0,60.0,0,0,0,2
10,SCFB,476.14453125,0,,1,0,1,1,0,0,0,3,0,1,1,0,0,60.0,0,1,0,1
10,SCFB,481.3203125,0,,0,0,1,1,0,0,0,3,1,0,1,0,0,60.0,0,0,0,1
10,SCFB,486.7470703125,0,,0,0,1,1,0,0,0,3,1,0,1,0,0,60.0,0,0,0,1
10,SCFB,493.591796875,0,,0,0,1,1,0,0,0,3,1,0,1,0,0,60.0,0,0,0,1
10,SCFB,499.435546875,0,,0,0,1,1,0,0,0,3,1,0,1,0,0,60.0,0,0,0,1
10,SCFB,504.89453125,0,,1,0,1,1,0,0,0,3,2,0,1,0,0,60.0,0,2,0,2
10,SCFB,511.3056640625,0,,0,0,1,1,0,0,0,3,2,0,1,0,0,60.0,0,0,0,2
10,SCFB,518.2509765625,0,,0,0,1,1,0,0,0,3,2,0,1,0,0,60.0,0,0,0,2
10,SCFB,524.6953125,0,,0,0,1,1,0,0,0,3,2,0,1,0,0,60.0,0,0,0,2
10,SCFB,530.4560546875,0,,0,0,1,1,0,0,0,3,2,0,1,0,0,60.0,0,0,0,2
10,SCFB,535.83203125,0,,0,0,1,1,0,0,0,3,2,0,1,0,0,60.0,0,0,0,2
10,SCFB,542.66015625,0,,0,0,1,1,0,0,0,3,0,0,1,0,0,60.0,0,0,0,0
10,SCFB,549.2880859375,0,,0,0,1,1,0,0,0,3,0,0,1,1,0,60.0,0,0,0,0
10,SCFB,554.7646484375,0,,0,0,1,1,0,0,0,3,0,1,1,2,0,60.0,0,0,0,1
10,SCFB,559.8564453125,0,,0,0,1,1,0,0,0,3,0,1,1,3,0,60.0,0,0,0,1
10,SCFB,565.015625,0,,0,0,1,1,0,0,0,3,0,1,1,2,0,60.0,0,0,0,1
10,SCFB,570.19140625,0,,0,0,1,1,0,0,0,3,0,1,2,2,0,60.0,0,0,0,1
10,SCFB,576.4853515625,0,,0,0,1,1,0,0,0,3,1,0,1,1,0,60.0,0,0,0,1
10,SCFB,581.59375,0,,0,0,1,1,0,0,0,3,2,0,1,1,0,60.0,0,0,0,2
10,SCFB,587.1708984375,0,,0,0,1,1,0,0,0,3,2,0,1,1,0,60.0,0,0,0,2
10,SCFB,593.314453125,1,0.8515625,1,0,1,1,0,0,0,3,2,1,1,1,0,60.0,0,3,0,3
10,SCFB,598.40625,0,,0,0,1,1,0,0,2,3,0,2,1,1,1,4.423828125,0,0,2,2
10,SCFB,603.515625,0,,0,0,1,1,0,0,2,3,0,3,1,0,1,9.533203125,0,0,2,3
10,SCFB,609.1923828125,0,,0,0,1,1,0,0,2,3,2,3,0,0,1,15.2099609375,0,0,2,5
10,SCFB,614.6845703125,0,,0,0,1,1,0,0,0,3,3,3,0,0,1,20.7021484375,0,0,0,6
10,SCFB,620.4111328125,0,,0,0,1,1,0,0,0,3,4,1,0,0,1,26.4287109375,0,0,0,5
10,SCFB,627.423828125,0,,0,0,1,1,0,0,0,3,3,1,0,0,1,33.44140625,0,0,0,4
10,SCFB,632.5986328125,0,,1,0,1,1,0,0,0,3,2,0,0,0,1,38.6162109375,0,2,0,2
10,SCFB,638.458984375,0,,0,0,1,1,0,0,0,3,0,0,0,0,1,44.4765625,0,0,0,0
10,SCFB,644.419921875,0,,1,0,1,1,0,0,0,3,0,0,0,0,1,50.4375,0,0,0,0
10,SCFB,649.7451171875,0,,0,0,1,1,0,0,0,3,1,0,0,0,1,55.7626953125,0,0,0,1
10,SCFB,655.1376953125,0,,0,0,1,1,0,0,0,3,2,0,0,0,0,60.0,0,0,0,2
10,SCFB,660.9482421875,0,,1,0,1,1,0,0,0,3,2,0,0,0,0,60.0,0,2,0,2
10,SCFB,667.8095703125,0,,0,0,1,1,0,0,0,3,1,0,0,0,0,60.0,0,0,0,1
10,SCFB,674.337890625,0,,0,0,1,1,0,0,0,3,0,0,1,0,0,60.0,0,0,0,0
10,SCFB,679.4130859375,0,,0,0,1,1,0,0,0,3,0,0,1,0,0,60.0,0,0,0,0
10,SCFB,685.4736328125,0,,0,0,1,1,0,0,0,3,0,0,1,0,0,60.0,0,0,0,0
10,SCFB,691.0673828125,0,,0,0,1,1,0,0,0,3,0,0,1,0,0,60.0,0,0,0,0
10,SCFB,698.0791015625,0,,1,0,1,1,0,0,0,3,0,0,1,0,0,60.0,0,0,0,0
10,SCFB,704.005859375,0,,0,0,1,1,0,0,0,3,2,0,1,0,0,60.0,0,0,0,2
10,SCFB,709.298828125,0,,0,0,1,1,0,0,0,3,2,0,1,0,0,60.0,0,0,0,2
10,SCFB,715.42578125,0,,0,0,1,1,0,0,0,3,2,0,1,0,0,60.0,0,0,0,2
10,SCFB,721.15234375,0,,0,0,1,1,0,0,0,3,1,0,1,0,0,60.0,0,0,0,1
10,SCFG,39.8017578125,0,,0,0,0,1,0,0,0,0,0,1,0,1,0,60.0,0,0,0,0
10,SCFG,45.61328125,0,,0,0,0,1,0,0,0,1,0,1,1,1,0,60.0,0,0,0,0
10,SCFG,51.541015625,0,,1,0,0,1,0,0,0,2,0,1,1,1,0,60.0,0,1,0,0
10,SCFG,58.1875,0,,0,0,0,1,0,0,2,3,0,0,1,1,0,5.9619140625,0,0,0,0
10,SCFG,64.6162109375,0,,0,0,0,1,0,0,2,3,0,0,1,0,0,12.390625,0,0,0,0
10,SCFG,70.27734375,1,0.767578125,1,0,0,1,0,0,2,3,0,0,1,0,0,18.0517578125,2,0,0,0
10,SCFG,75.419921875,0,,0,0,0,1,0,0,2,3,0,0,1,0,1,4.474609375,0,0,0,0
10,SCFG,82.3505859375,0,,0,0,0,1,0,0,2,3,0,0,1,0,1,11.4052734375,0,0,0,0
10,SCFG,89.1796875,0,,0,0,0,1,0,0,2,3,0,0,1,0,1,18.234375,0,0,0,0
10,SCFG,94.5400390625,0,,0,0,0,1,0,0,0,3,0,0,1,0,1,23.5947265625,0,0,0,0
10,SCFG,100.986328125,0,,0,0,0,1,0,0,0,3,0,0,1,0,1,30.041015625,0,0,0,0
10,SCFG,106.6806640625,0,,0,0,0,1,0,0,0,3,0,0,1,0,1,35.7353515625,0,0,0,0
10,SCFG,112.6083984375,0,,0,0,0,1,0,0,0,3,0,0,1,0,1,41.6630859375,0,0,0,0
10,SCFG,119.587890625,0,,0,0,0,1,0,0,0,3,0,0,1,0,1,48.642578125,0,0,0,0
10,SCFG,125.68359375,0,,0,0,0,1,0,0,0,3,0,0,1,1,1,54.73828125,0,0,0,0
10,SCFG,131.310546875,0,,0,0,0,1,0,0,0,3,0,1,1,1,0,60.0,0,0,0,0
10,SCFG,138.2578125,0,,1,0,0,1,0,0,0,3,0,1,1,1,0,60.0,0,1,0,0
10,SCFG,143.3505859375,0,,0,0,0,1,0,0,0,3,0,1,1,2,0,60.0,0,0,0,0
10,SCFG,149.9130859375,0,,0,0,0,1,0,0,0,3,0,0,1,1,0,60.0,0,0,0,0
10,SCFG,156.125,0,,0,0,0,1,0,0,0,3,0,0,1,1,0,60.0,0,0,0,0
10,SCFG,161.46875,0,,0,0,0,1,0,0,0,3,0,0,1,0,0,60.0,0,0,0,0
10,SCFG,166.8125,0,,0,0,0,1,0,0,0,3,0,0,1,0,0,60.0,0,0,0,0
10,SCFG,173.07421875,0,,0,0,0,1,0,0,0,3,2,0,1,0,0,60.0,0,0,0,0
10,SCFG,178.484375,0,,0,0,0,1,0,0,2,3,2,0,1,0,0,4.525390625,0,0,0,0
10,SCFG,183.5947265625,0,,0,0,0,1,0,0,2,3,2,0,1,1,0,9.6357421875,0,0,0,0
10,SCFG,189.2724609375,0,,1,0,0,1,0,0,2,3,2,0,1,1,0,15.3134765625,2,2,0,0
10,SCFG,195.7841796875,0,,0,0,0,1,0,0,0,3,0,0,1,1,0,21.8251953125,0,0,0,0
10,SCFG,202.5302734375,0,,0,0,0,1,0,0,0,3,0,0,1,2,0,28.5712890625,0,0,0,0
10,SCFG,209.009765625,0,,0,0,0,1,0,0,0,3,0,0,1,1,0,35.05078125,0,0,0,0
10,SCFG,214.38671875,0,,0,0,0,1,0,0,0,3,1,0,1,1,0,40.427734375,0,0,0,0
10,SCFG,220.765625,0,,0,0,0,1,0,0,0,3,1,0,1,0,0,46.806640625,0,0,0,0
10,SCFG,227.3779296875,0,,0,0,0,1,0,0,0,3,1,0,1,0,0,53.4189453125,0,0,0,0
10,SCFG,233.556640625,0,,0,0,0,1,0,0,0,3,0,0,1,1,0,59.59765625,0,0,0,0
10,SCFG,240.4873046875,0,,0,0,0,1,0,0,0,3,1,0,0,2,0,60.0,0,0,0,0
10,SCFG,247.099609375,0,,0,0,0,1,0,0,0,3,1,0,1,2,0,60.0,0,0,0,0
10,SCFG,253.9130859375,0,,0,0,0,1,0,0,0,3,1,0,1,1,0,60.0,0,0,0,0
10,SCFG,259.189453125,0,,1,0,0,1,0,0,0,3,0,0,1,0,0,60.0,0,0,0,0
10,SCFG,264.7001953125,0,,0,0,0,1,0,0,0,3,0,0,1,0,0,60.0,0,0,0,0
10,SCFG,270.1767578125,0,,0,0,0,1,0,0,0,3,0,0,1,0,0,60.0,0,0,0,0
10,SCFG,275.50390625,0,,0,0,0,1,0,0,0,3,0,0,1,0,0,60.0,0,0,0,0
10,SCFG,280.880859375,0,,1,0,0,1,0,0,0,3,0,0,1,0,0,60.0,0,0,0,0
10,SCFG,286.1748046875,1,0.7841796875,1,0,0,1,0,0,0,3,0,0,1,0,0,60.0,0,0,0,0
10,SCFG,291.90234375,0,,0,0,0,1,0,0,0,3,0,0,1,0,1,60.0,0,0,0,0
10,SCFG,298.34765625,0,,0,0,0,1,0,0,0,3,0,0,1,0,1,60.0,0,0,0,0
10,SCFG,304.810546875,0,,0,0,0,1,0,0,0,3,0,0,1,0,1,60.0,0,0,0,0
10,SCFG,310.404296875,0,,0,0,0,1,0,0,0,3,0,0,1,0,1,60.0,0,0,0,0
10,SCFG,315.8984375,0,,0,0,0,1,0,0,0,3,0,0,1,0,1,60.0,0,0,0,0
10,SCFG,322.9287109375,0,,0,0,0,1,0,0,0,3,0,0,1,0,1,60.0,0,0,0,0
10,SCFG,328.0546875,0,,0,0,0,1,0,0,0,3,0,0,1,0,1,60.0,0,0,0,0
10,SCFG,333.6826171875,0,,0,0,0,1,0,0,0,3,0,0,1,0,1,60.0,0,0,0,0
10,SCFG,339.8779296875,0,,0,0,0,1,0,0,0,3,0,0,0,0,1,60.0,0,0,0,0
10,SCFG,346.0224609375,0,,0,0,0,1,0,0,0,3,0,0,1,1,1,60.0,0,0,0,0
10,SCFG,352.4853515625,0,,0,0,0,1,0,0,0,3,0,0,1,1,0,60.0,0,0,0,0
10,SCFG,357.578125,0,,0,0,0,1,0,0,0,3,0,0,1,2,0,60.0,0,0,0,0
10,SCFG,364.0576171875,0,,0,0,0,1,0,0,0,3,0,0,1,1,0,60.0,0,0,0,0
10,SCFG,370.919921875,0,,0,0,0,1,0,0,0,3,0,0,1,1,0,60.0,0,0,0,0
10,SCFG,377.2158203125,0,,1,0,0,1,0,0,0,3,0,0,1,0,0,60.0,0,0,0,0
10,SCFG,382.8095703125,0,,0,0,0,1,0,0,2,3,0,0,1,0,0,4.8427734375,0,0,0,0
10,SCFG,388.0029296875,0,,0,0,0,1,0,0,2,3,1,0,1,0,0,10.0361328125,0,0,0,0
10,SCFG,393.396484375,0,,0,0,0,1,0,0,2,3,2,0,1,1,0,15.4296875,0,0,0,0
10,SCFG,398.439453125,0,,0,0,0,1,0,0,0,3,2,0,0,1,0,20.47265625,0,0,0,0
10,SCFG,404.05078125,0,,0,0,0,1,0,0,0,3,2,0,0,1,0,26.083984375,0,0,0,0
10,SCFG,410.3291015625,0,,0,0,0,1,0,0,0,3,1,0,0,1,0,32.3623046875,0,0,0,0
10,SCFG,416.7412109375,0,,0,0,0,1,0,0,0,3,1,0,0,2,0,38.7744140625,0,0,0,0
10,SCFG,422.7861328125,0,,0,0,0,1,0,0,0,3,1,0,0,2,0,44.8193359375,0,0,0,0
10,SCFG,429.298828125,0,,0,0,0,1,0,0,0,3,2,0,0,1,0,51.33203125,0,0,0,0
10,SCFG,436.044921875,0,,0,0,0,1,0,0,0,3,1,0,0,0,0,58.078125,0,0,0,0
10,SCFG,441.689453125,0,,0,0,0,1,0,0,0,3,1,0,0,0,0,60.0,0,0,0,0
10,SCFG,447.033203125,0,,0,0,0,1,0,0,0,3,0,0,0,0,0,60.0,0,0,0,0
10,SCFG,453.078125,0,,0,0,0,1,0,0,0,3,0,0,0,0,0,60.0,0,0,0,0
10,SCFG,459.740234375,0,,0,0,0,1,0,0,0,3,0,0,0,0,0,60.0,0,0,0,0
10,SCFG,466.5869140625,0,,1,0,0,1,0,0,0,3,0,0,1,0,0,60.0,0,0,0,0
10,SCFG,472.69921875,0,,0,0,0,1,0,0,0,3,0,0,1,0,0,60.0,0,0,0,0
10,SCFG,479.478515625,0,,0,0,0,1,0,0,0,3,0,0,1,0,0,60.0,0,0,0,0
10,SCFG,485.5732421875,1,1.0693359375,1,0,0,1,0,0,0,3,0,0,1,1,0,60.0,0,0,0,0
10,SCFG,491.3515625,0,,0,0,0,1,0,0,2,3,0,0,1,1,1,4.9267578125,0,0,0,0
10,SCFG,497.7802734375,0,,1,0,0,1,0,0,2,3,0,0,1,2,1,11.35546875,2,0,0,0
10,SCFG,503.958984375,0,,1,0,0,1,0,0,2,3,0,0,1,1,1,17.5341796875,2,0,0,0
10,SCFG,510.037109375,0,,0,0,0,1,0,0,2,3,1,0,1,1,1,5.310546875,0,0,0,0
10,SCFG,516.783203125,0,,0,0,0,1,0,0,2,3,2,0,1,0,1,12.056640625,0,0,0,0
10,SCFG,522.427734375,0,,0,0,0,1,0,0,2,3,2,0,1,0,1,17.701171875,0,0,0,0
10,SCFG,528.021484375,0,,0,0,0,1,0,0,0,3,1,0,1,1,1,23.294921875,0,0,0,0
10,SCFG,534.66796875,0,,0,0,0,1,0,0,0,3,0,0,1,2,1,29.94140625,0,0,0,0
10,SCFG,540.779296875,0,,0,0,0,1,0,0,0,3,0,0,1,2,1,36.052734375,0,0,0,0
10,SCFG,547.0751953125,0,,0,0,0,1,0,0,0,3,0,0,1,1,0,42.3486328125,0,0,0,0
10,SCFG,553.87109375,0,,0,0,0,1,0,0,0,3,0,0,1,0,0,49.14453125,0,0,0,0
10,SCFG,560.6171875,0,,0,0,0,1,0,0,0,3,1,0,2,0,0,55.890625,0,0,0,0
10,SCFG,566.9130859375,0,,0,0,0,1,0,0,0,3,1,0,1,0,0,60.0,0,0,0,0
10,SCFG,573.3251953125,0,,0,0,0,1,0,0,0,3,2,0,1,0,0,60.0,0,0,0,0
10,SCFG,578.802734375,0,,0,0,0,1,0,0,0,3,2,0,1,0,0,60.0,0,0,0,0
10,SCFG,584.1630859375,0,,0,0,0,1,0,0,0,3,1,0,1,0,0,60.0,0,0,0,0
10,SCFG,591.04296875,0,,0,0,0,1,0,0,0,3,0,0,1,0,0,60.0,0,0,0,0
10,SCFG,596.5029296875,0,,0,0,0,1,0,0,0,3,0,0,1,0,0,60.0,0,0,0,0
10,SCFG,602.8154296875,0,,0,0,0,1,0,0,0,3,0,0,1,0,0,60.0,0,0,0,0
10,SCFG,609.1943359375,0,,0,0,0,1,0,0,0,3,0,0,1,0,0,60.0,0,0,0,0
10,SCFG,615.205078125,0,,0,0,0,1,0,0,0,3,0,0,1,0,0,60.0,0,0,0,0
10,SCFG,621.9013671875,1,1.1025390625,1,0,0,1,0,0,0,3,0,0,1,0,0,60.0,0,0,0,0
10,SCFG,628.9150390625,0,,0,0,0,1,0,0,2,3,0,0,1,1,1,6.3291015625,0,0,0,0
10,SCFG,635.6279296875,0,,0,0,0,1,0,0,2,3,0,0,1,1,1,13.0419921875,0,0,0,0
10,SCFG,640.8046875,0,,0,0,0,1,0,0,2,3,0,0,1,1,1,18.21875,0,0,0,0
10,SCFG,647.8349609375,0,,0,0,0,1,0,0,0,3,3,0,1,1,1,25.2490234375,0,0,0,0
10,SCFG,653.6962890625,0,,0,0,0,1,0,0,0,3,4,0,1,1,1,31.1103515625,0,0,0,0
10,SCFG,659.9912109375,0,,0,0,0,1,0,0,0,3,5,0,0,1,1,37.4052734375,0,0,0,0
10,SCFG,666.01953125,0,,0,0,0,1,0,0,0,3,3,0,0,1,1,43.43359375,0,0,0,0
10,SCFG,671.5302734375,0,,0,0,0,1,0,0,0,3,2,0,0,0,1,48.9443359375,0,0,0,0
10,SCFG,677.7919921875,0,,0,0,0,1,0,0,0,3,2,0,0,0,1,55.2060546875,0,0,0,0
10,SCFG,682.90234375,0,,1,0,0,1,0,0,0,3,0,0,0,0,1,60.0,0,0,0,0
10,SCFG,689.4814453125,0,,1,0,0,1,0,0,0,3,3,0,0,0,0,60.0,0,3,0,0
10,SCFG,694.6748046875,0,,0,0,0,1,0,0,0,3,3,0,0,0,0,60.0,0,0,0,0
10,SCFG,701.5712890625,0,,0,0,0,1,0,0,0,3,3,0,0,0,0,60.0,0,0,0,0
10,SCFG,707.783203125,0,,0,0,0,1,0,0,0,3,1,0,0,0,0,60.0,0,0,0,0
10,SCFG,713.52734375,0,,0,0,0,1,0,0,0,3,0,0,0,0,0,60.0,0,0,0,0
10,SCFG,719.0380859375,0,,0,0,0,1,0,0,0,3,0,0,0,0,0,60.0,0,0,0,0
10,SCFG,725.68359375,0,,0,0,0,1,0,0,0,3,0,0,1,0,0,60.0,0,0,0,0
10,SCFG,731.4951171875,0,,0,0,0,1,0,0,0,3,0,0,1,0,0,60.0,0,0,0,0
10,SCFG,738.44140625,0,,0,0,0,1,0,0,0,3,0,0,2,0,0,60.0,0,0,0,0
10,SCFG,744.7373046875,0,,0,0,0,1,0,0,0,3,0,0,1,0,0,60.0,0,0,0,0
10,SCFG,750.09765625,0,,0,0,0,1,0,0,0,3,2,0,1,0,0,60.0,0,0,0,0
10,SCFG,755.390625,0,,0,0,0,1,0,0,0,3,2,0,1,0,0,60.0,0,0,0,0
10,SCFG,761.5361328125,0,,0,0,0,1,0,0,0,3,2,0,1,0,0,60.0,0,0,0,0
10,SCMM,42.826171875,0,,1,0,0,0,0,1,0,0,0,2,0,0,0,60.0,0,2,0,0
10,SCMM,48.5048828125,0,,0,0,0,0,0,1,0,1,0,3,1,0,0,60.0,0,0,0,0
10,SCMM,53.81640625,0,,1,0,0,0,0,1,0,2,0,3,1,0,0,60.0,0,3,0,0
10,SCMM,60.263671875,0,,0,0,0,0,0,1,1,3,0,2,1,0,0,5.712890625,0,0,0,0
10,SCMM,67.044921875,0,,0,0,0,0,0,1,1,3,0,0,1,0,0,12.494140625,0,0,0,0
10,SCMM,73.609375,0,,0,0,0,0,0,1,1,3,0,0,1,0,0,19.05859375,0,0,0,0
10,SCMM,80.15625,0,,0,0,0,0,0,1,0,3,0,0,1,0,0,25.60546875,0,0,0,0
10,SCMM,85.78515625,0,,0,0,0,0,0,1,0,3,0,0,1,0,0,31.234375,0,0,0,0
10,SCMM,92.6669921875,0,,0,0,0,0,0,1,0,3,0,0,1,0,0,38.1162109375,0,0,0,0
10,SCMM,97.7275390625,0,,1,0,0,0,0,1,0,3,1,0,1,0,0,43.1767578125,0,1,0,0
10,SCMM,104.3251953125,0,,0,0,0,0,0,1,2,3,1,0,1,0,0,6.11328125,0,0,0,0
10,SCMM,109.5205078125,0,,0,0,0,0,0,1,2,3,1,0,1,0,0,11.30859375,0,0,0,0
10,SCMM,116.4345703125,0,,0,0,0,0,0,1,2,3,0,0,1,0,0,18.22265625,0,0,0,0
10,SCMM,121.98046875,0,,0,0,0,0,0,1,0,3,0,0,1,0,0,23.7685546875,0,0,0,0
10,SCMM,127.7431640625,0,,0,0,0,0,0,1,0,3,0,0,1,0,0,29.53125,0,0,0,0
10,SCMM,134.541015625,0,,0,0,0,0,0,1,0,3,0,0,1,0,0,36.3291015625,0,0,0,0
10,SCMM,139.90234375,0,,1,0,0,0,0,1,0,3,0,0,1,0,0,41.6904296875,0,0,0,0
10,SCMM,145.5478515625,0,,0,0,0,0,0,1,2,3,0,0,1,0,0,4.9775390625,0,0,0,0
10,SCMM,151.7109375,0,,0,0,0,0,0,1,2,3,0,0,1,0,0,11.140625,0,0,0,0
10,SCMM,157.875,0,,0,0,0,0,0,1,2,3,0,0,1,0,0,17.3046875,0,0,0,0
10,SCMM,163.3701171875,0,,0,0,0,0,0,1,0,3,0,0,1,0,0,22.7998046875,0,0,0,0
10,SCMM,168.8154296875,0,,0,0,0,0,0,1,0,3,2,0,1,0,0,28.2451171875,0,0,0,0
10,SCMM,175.3955078125,0,,1,0,0,0,0,1,0,3,3,0,1,0,0,34.8251953125,0,3,0,0
10,SCMM,181.826171875,0,,0,0,0,0,0,1,0,3,3,0,1,0,0,41.255859375,0,0,0,0
10,SCMM,187.154296875,0,,0,0,0,0,0,1,1,2,3,0,1,0,0,0.3173828125,0,0,0,0
10,SCMM,194.0029296875,0,,0,0,0,0,0,1,3,2,0,0,1,0,0,5.1611328125,0,0,0,0
10,SCMM,199.765625,0,,0,0,0,0,0,1,3,2,0,0,1,0,0,10.923828125,0,0,0,0
10,SCMM,205.4775390625,0,,0,0,0,0,0,1,3,3,0,0,1,0,0,16.6357421875,0,0,0,0
10,SCMM,211.7744140625,0,,0,0,0,0,0,1,0,3,0,0,1,0,0,22.9326171875,0,0,0,0
10,SCMM,217.603515625,0,,0,0,0,0,0,1,0,3,0,0,1,0,0,28.76171875,0,0,0,0
10,SCMM,224.435546875,0,,0,0,0,0,0,1,0,3,0,0,1,0,0,35.59375,0,0,0,0
10,SCMM,230.765625,0,,0,0,0,0,0,1,0,3,0,0,1,0,0,41.923828125,0,0,0,0
10,SCMM,236.51171875,0,,0,0,0,0,0,1,0,3,0,0,1,0,0,47.669921875,0,0,0,0
10,SCMM,243.359375,0,,0,0,0,0,0,1,0,3,0,0,1,0,0,54.517578125,0,0,0,0
10,SCMM,249.40625,0,,0,0,0,0,0,1,0,3,0,0,1,0,0,60.0,0,0,0,0
10,SCMM,255.9365234375,0,,0,0,0,0,0,1,0,3,0,0,1,0,0,60.0,0,0,0,0
10,SCMM,262.18359375,0,,0,0,0,0,0,1,0,3,0,0,1,0,0,60.0,0,0,0,0
10,SCMM,268.296875,0,,0,0,0,0,0,1,0,3,0,0,1,0,0,60.0,0,0,0,0
10,SCMM,275.0947265625,0,,1,0,0,0,0,1,0,3,0,0,1,0,0,60.0,0,0,0,0
10,SCMM,280.7568359375,0,,0,0,0,0,0,1,0,3,0,0,1,0,0,60.0,0,0,0,0
10,SCMM,287.1875,0,,0,0,0,0,0,1,0,3,0,0,1,0,0,60.0,0,0,0,0
10,SCMM,294.1025390625,0,,0,0,0,0,0,1,0,3,0,0,1,0,0,60.0,0,0,0,0
10,SCMM,299.9658203125,0,,0,0,0,0,0,1,0,3,0,0,1,0,0,60.0,0,0,0,0
10,SCMM,305.89453125,0,,1,0,0,0,0,1,0,3,0,0,1,0,0,60.0,0,0,0,0
10,SCMM,312.7763671875,0,,1,0,0,0,0,1,0,3,0,0,1,0,0,60.0,0,0,0,0
10,SCMM,318.7724609375,0,,0,0,0,0,0,1,0,3,1,0,2,0,0,60.0,0,0,0,0
10,SCMM,325.6044921875,0,,0,0,0,0,0,1,2,3,1,0,1,0,0,6.146484375,0,0,0,0
10,SCMM,331.166015625,0,,0,0,0,0,0,1,2,3,1,0,1,0,0,11.7080078125,0,0,0,0
10,SCMM,336.7451171875,0,,0,0,0,0,0,1,2,3,1,0,1,0,0,17.287109375,0,0,0,0
10,SCMM,342.6748046875,0,,0,0,0,0,0,1,0,3,1,0,1,0,0,23.216796875,0,0,0,0
10,SCMM,348.6708984375,0,,1,0,0,0,0,1,0,3,1,0,1,0,0,29.212890625,0,1,0,0
10,SCMM,355.3017578125,0,,0,0,0,0,0,1,2,3,1,0,1,0,0,6.0126953125,0,0,0,0
10,SCMM,361.46484375,0,,0,0,0,0,0,1,2,3,1,0,1,0,0,12.17578125,0,0,0,0
10,SCMM,367.8623046875,0,,0,0,0,0,0,1,2,3,1,0,1,0,0,18.5732421875,0,0,0,0
10,SCMM,373.0908203125,0,,0,0,0,0,0,1,0,3,0,0,1,0,0,23.8017578125,0,0,0,0
10,SCMM,379.3037109375,0,,0,0,0,0,0,1,0,3,0,0,1,0,0,30.0146484375,0,0,0,0
10,SCMM,385.283203125,0,,0,0,0,0,0,1,0,3,0,0,1,0,0,35.994140625,0,0,0,0
10,SCMM,390.9287109375,0,,0,0,0,0,0,1,0,3,1,0,1,0,0,41.6396484375,0,0,0,0
10,SCMM,396.291015625,0,,0,0,0,0,0,1,0,3,1,0,1,0,0,47.001953125,0,0,0,0
10,SCMM,402.4208984375,0,,0,0,0,0,0,1,0,3,1,0,1,0,0,53.1318359375,0,0,0,0
10,SCMM,409.2685546875,0,,1,0,0,0,0,1,0,3,3,0,1,0,0,59.9794921875,0,3,0,0
10,SCMM,416.099609375,0,,0,0,0,0,0,1,0,3,2,0,1,0,0,60.0,0,0,0,0
10,SCMM,422.814453125,0,,0,0,0,0,0,1,0,3,2,0,0,0,0,60.0,0,0,0,0
10,SCMM,429.0947265625,0,,0,0,0,0,0,1,0,3,0,0,0,0,0,60.0,0,0,0,0
10,SCMM,434.673828125,0,,1,0,0,0,0,1,0,3,0,0,0,0,0,60.0,0,0,0,0
10,SCMM,441.037109375,0,,0,0,0,0,0,1,0,3,0,0,0,0,0,60.0,0,0,0,0
10,SCMM,446.8662109375,0,,1,0,0,0,0,1,0,3,0,0,0,0,0,60.0,0,0,0,0
10,SCMM,453.23046875,0,,0,0,0,0,0,1,0,3,0,0,0,0,0,60.0,0,0,0,0
10,SCMM,458.55859375,0,,0,0,0,0,0,1,0,3,0,0,0,0,0,60.0,0,0,0,0
10,SCMM,463.919921875,0,,0,0,0,0,0,1,0,3,0,0,0,0,0,60.0,0,0,0,0
10,SCMM,469.44921875,0,,1,0,0,0,0,1,0,3,0,0,0,0,0,60.0,0,0,0,0
10,SCMM,474.576171875,0,,0,0,0,0,0,1,3,3,1,0,0,0,0,3.974609375,0,0,0,0
10,SCMM,481.173828125,0,,0,0,0,0,0,1,3,3,1,1,0,0,0,10.572265625,0,0,0,0
10,SCMM,488.2060546875,0,,0,0,0,0,0,1,5,3,1,3,1,0,0,6.447265625,0,0,0,0
10,SCMM,493.5009765625,0,,0,0,0,0,0,1,2,3,0,4,1,0,0,11.7421875,0,0,0,0
10,SCMM,499.6640625,0,,1,0,0,0,0,1,2,3,0,4,1,0,0,17.9052734375,2,4,0,0
10,SCMM,504.7255859375,0,,0,0,0,0,0,1,2,3,0,2,1,0,0,4.4931640625,0,0,0,0
10,SCMM,509.76953125,0,,0,0,0,0,0,1,2,3,0,0,1,0,0,9.537109375,0,0,0,0
10,SCMM,516.5673828125,0,,0,0,0,0,0,1,2,3,1,0,1,0,0,16.3349609375,0,0,0,0
10,SCMM,521.7783203125,0,,0,0,0,0,0,1,0,3,1,0,1,0,0,21.5458984375,0,0,0,0
10,SCMM,526.9228515625,0,,1,0,0,0,0,1,0,3,1,1,1,0,0,26.6904296875,0,2,0,0
10,SCMM,532.9365234375,0,,0,0,0,0,0,1,1,2,0,2,1,0,0,1.0029296875,0,0,0,0
10,SCMM,538.5654296875,0,,1,0,0,0,0,1,1,2,0,2,2,0,0,6.6318359375,1,2,0,0
10,SCMM,544.494140625,0,,0,0,0,0,0,1,2,2,0,1,1,0,0,5.09375,0,0,0,0
10,SCMM,550.841796875,0,,0,0,0,0,0,1,2,3,0,0,1,0,0,11.44140625,0,0,0,0
10,SCMM,557.6728515625,0,,0,0,0,0,0,1,1,3,0,0,1,0,0,18.2724609375,0,0,0,0
10,SCMM,564.2373046875,0,,0,0,0,0,0,1,0,3,0,0,1,0,0,24.8369140625,0,0,0,0
10,SCMM,569.46484375,0,,0,0,0,0,0,1,0,3,1,0,1,0,0,30.064453125,0,0,0,0
10,SCMM,574.7763671875,0,,0,0,0,0,0,1,0,3,1,0,1,0,0,35.3759765625,0,0,0,0
10,SCMM,580.95703125,0,,0,0,0,0,0,1,0,3,1,0,1,0,0,41.556640625,0,0,0,0
10,SCMM,587.705078125,0,,1,0,0,0,0,1,0,3,2,0,1,0,0,48.3046875,0,2,0,0
10,SCMM,594.7197265625,0,,1,0,0,0,0,1,0,3,2,0,1,0,0,55.3193359375,0,2,0,0
10,SCMM,601.4345703125,0,,0,0,0,0,0,1,0,3,2,0,1,0,0,60.0,0,0,0,0
10,SCMM,608.3994140625,0,,0,0,0,0,0,1,2,3,1,0,1,0,0,6.3466796875,0,0,0,0
10,SCMM,614.7294921875,0,,0,0,0,0,0,1,2,3,0,0,1,0,0,12.6767578125,0,0,0,0
10,SCMM,620.3251953125,0,,0,0,0,0,0,1,2,3,0,0,1,0,0,18.2724609375,0,0,0,0
10,SCMM,626.12109375,0,,0,0,0,0,0,1,0,3,0,0,1,0,0,24.068359375,0,0,0,0
10,SCMM,632.802734375,0,,0,0,0,0,0,1,0,3,1,0,1,0,0,30.75,0,0,0,0
10,SCMM,638.197265625,0,,0,0,0,0,0,1,0,3,1,0,1,0,0,36.14453125,0,0,0,0
10,SCMM,643.642578125,0,,0,0,0,0,0,1,0,3,1,0,1,0,0,41.58984375,0,0,0,0
10,SCMM,649.455078125,0,,1,0,0,0,0,1,0,3,1,0,1,0,0,47.40234375,0,1,0,0
10,SCMM,656.419921875,0,,0,0,0,0,0,1,0,3,2,0,1,0,0,54.3671875,0,0,0,0
10,SCMM,662.3828125,0,,0,0,0,0,0,1,0,3,2,0,0,0,0,60.0,0,0,0,0
10,SCMM,668.947265625,0,,0,0,0,0,0,1,0,3,3,0,0,0,0,60.0,0,0,0,0
10,SCMM,673.9912109375,0,,0,0,0,0,0,1,0,3,2,0,0,0,0,60.0,0,0,0,0
10,SCMM,681.0068359375,0,,0,0,0,0,0,1,0,3,2,0,0,0,0,60.0,0,0,0,0
10,SCMM,687.4375,0,,0,0,0,0,0,1,0,3,0,0,0,0,0,60.0,0,0,0,0
10,SCMM,693.734375,0,,1,0,0,0,0,1,0,3,5,0,0,0,0,60.0,0,5,0,0
10,SCMM,700.4990234375,0,,0,0,0,0,0,1,0,3,5,0,0,0,0,60.0,0,0,0,0
10,SCMM,706.51171875,0,,0,0,0,0,0,1,0,3,5,0,0,0,0,60.0,0,0,0,0
10,SCMM,711.689453125,0,,0,0,0,0,0,1,1,3,2,0,0,0,0,4.125,0,0,0,0
10,SCMM,718.4208984375,0,,0,0,0,0,0,1,1,3,1,0,0,0,0,10.8564453125,0,0,0,0
10,SCMM,725.2353515625,0,,0,0,0,0,0,1,1,3,1,0,1,0,0,17.6708984375,0,0,0,0
10,SCMM,730.96484375,0,,0,0,0,0,0,1,0,3,1,0,1,0,0,23.400390625,0,0,0,0
10,SCMM,737.4453125,0,,0,0,0,0,0,1,0,3,1,0,1,0,0,29.880859375,0,0,0,0
10,SCMM,743.9091796875,0,,1,0,0,0,0,1,0,3,1,0,1,0,0,36.3447265625,0,1,0,0
10,SCMM,749.9052734375,0,,0,0,0,0,0,1,0,3,1,2,1,0,0,42.3408203125,0,0,0,0
10,SCMM,755.7685546875,0,,0,0,0,0,0,1,0,3,1,3,1,0,0,48.2041015625,0,0,0,0
10,SCSB,32.0654296875,0,,0,0,1,0,1,0,0,0,0,1,0,1,0,60.0,0,0,0,1
10,SCSB,37.892578125,0,,0,0,1,0,1,0,0,1,2,1,1,1,0,60.0,0,0,0,3
10,SCSB,43.53515625,0,,0,0,1,0,1,0,0,2,2,1,1,2,0,60.0,0,0,0,3
10,SCSB,48.8271484375,0,,0,0,1,0,1,0,0,3,2,0,1,2,0,60.0,0,0,0,2
10,SCSB,55.4052734375,0,,0,0,1,0,1,0,0,3,2,0,1,2,0,60.0,0,0,0,2
10,SCSB,61.515625,0,,0,0,1,0,1,0,0,3,0,0,1,1,0,60.0,0,0,0,0
10,SCSB,66.9912109375,0,,0,0,1,0,1,0,0,3,1,0,1,1,0,60.0,0,0,0,1
10,SCSB,73.53515625,0,,0,0,1,0,1,0,0,3,1,0,1,0,0,60.0,0,0,0,1
10,SCSB,78.7109375,0,,0,0,1,0,1,0,0,3,1,0,1,0,0,60.0,0,0,0,1
10,SCSB,85.2548828125,0,,0,0,1,0,1,0,0,3,0,0,1,0,0,60.0,0,0,0,0
10,SCSB,91.4658203125,0,,0,0,1,0,1,0,0,3,0,0,1,0,0,60.0,0,0,0,0
10,SCSB,97.5595703125,0,,0,0,1,0,1,0,0,3,0,0,1,0,0,60.0,0,0,0,0
10,SCSB,103.1357421875,0,,0,0,1,0,1,0,0,3,1,0,1,0,0,60.0,0,0,0,1
10,SCSB,109.24609375,0,,0,0,1,0,1,0,0,3,1,0,1,0,0,60.0,0,0,0,1
10,SCSB,114.4375,0,,0,0,1,0,1,0,0,3,1,0,1,0,0,60.0,0,0,0,1
10,SCSB,120.23046875,0,,0,0,1,0,1,0,0,3,1,1,1,1,0,60.0,0,0,0,2
10,SCSB,126.2412109375,0,,0,0,1,0,1,0,0,3,0,1,1,1,0,60.0,0,0,0,1
10,SCSB,132.4853515625,0,,0,0,1,0,1,0,0,3,0,1,2,2,0,60.0,0,0,0,1
10,SCSB,139.48046875,0,,1,0,1,0,1,0,0,3,0,0,1,1,0,60.0,0,0,0,0
10,SCSB,144.671875,0,,0,0,1,0,1,0,2,3,1,0,1,1,0,4.640625,0,0,2,1
10,SCSB,151.25,0,,0,0,1,0,1,0,2,3,1,0,1,0,0,11.21875,0,0,2,1
10,SCSB,157.560546875,0,,1,0,1,0,1,0,2,3,1,0,1,0,0,17.529296875,2,1,2,1
10,SCSB,163.3701171875,0,,0,0,1,0,1,0,0,3,0,0,1,0,0,23.3388671875,0,0,0,0
10,SCSB,170.2822265625,0,,0,0,1,0,1,0,0,3,0,0,1,0,0,30.2509765625,0,0,0,0
10,SCSB,176.6259765625,0,,0,0,1,0,1,0,0,3,0,0,1,0,0,36.5947265625,0,0,0,0
10,SCSB,181.8515625,0,,1,0,1,0,1,0,0,3,1,0,1,0,0,41.8203125,0,1,0,1
10,SCSB,188.6962890625,0,,0,0,1,0,1,0,0,3,1,0,1,0,0,48.6650390625,0,0,0,1
10,SCSB,194.1552734375,0,,0,0,1,0,1,0,0,3,1,0,1,0,0,54.1240234375,0,0,0,1
10,SCSB,199.314453125,0,,0,0,1,0,1,0,0,3,1,0,1,0,0,59.283203125,0,0,0,1
10,SCSB,204.7236328125,0,,0,0,1,0,1,0,0,3,0,0,1,0,0,60.0,0,0,0,0
10,SCSB,210.599609375,0,,0,0,1,0,1,0,0,3,0,0,1,0,0,60.0,0,0,0,0
10,SCSB,215.892578125,0,,0,0,1,0,1,0,0,3,0,0,1,1,0,60.0,0,0,0,0
10,SCSB,222.5205078125,0,,0,0,1,0,1,0,0,3,0,0,1,1,0,60.0,0,0,0,0
10,SCSB,228.48046875,0,,0,0,1,0,1,0,0,3,0,0,1,1,0,60.0,0,0,0,0
10,SCSB,233.8056640625,0,,0,0,1,0,1,0,0,3,0,0,1,0,0,60.0,0,0,0,0
10,SCSB,240.734375,0,,0,0,1,0,1,0,0,3,1,0,1,1,0,60.0,0,0,0,1
10,SCSB,247.6455078125,0,,0,0,1,0,1,0,0,3,1,0,1,1,0,60.0,0,0,0,1
10,SCSB,254.1572265625,0,,1,0,1,0,1,0,0,3,1,0,1,1,0,60.0,0,1,0,1
10,SCSB,260.4169921875,0,,0,0,1,0,1,0,0,3,0,0,1,0,0,60.0,0,0,0,0
10,SCSB,267.12890625,0,,0,0,1,0,1,0,2,3,0,0,1,0,0,5.994140625,0,0,2,0
10,SCSB,273.7734375,0,,0,0,1,0,1,0,2,3,0,0,1,0,0,12.638671875,0,0,2,0
10,SCSB,280.18359375,0,,0,0,1,0,1,0,2,3,0,0,1,0,0,19.048828125,0,0,2,0
10,SCSB,285.8271484375,0,,1,0,1,0,1,0,0,3,1,0,1,0,0,24.6923828125,0,1,0,1
10,SCSB,291.603515625,0,,1,0,1,0,1,0,0,3,1,0,1,0,0,30.46875,0,1,0,1
10,SCSB,297.7138671875,0,,0,0,1,0,1,0,0,3,1,0,1,0,0,36.5791015625,0,0,0,1
10,SCSB,303.8408203125,0,,0,0,1,0,1,0,0,3,0,0,1,0,0,42.7060546875,0,0,0,0
10,SCSB,309.3662109375,0,,0,0,1,0,1,0,0,3,0,0,1,0,0,48.2314453125,0,0,0,0
10,SCSB,314.4921875,0,,0,0,1,0,1,0,0,3,0,0,1,1,0,53.357421875,0,0,0,0
10,SCSB,321.1025390625,0,,0,0,1,0,1,0,0,3,0,0,1,1,0,59.9677734375,0,0,0,0
10,SCSB,326.6953125,0,,0,0,1,0,1,0,0,3,0,0,1,1,0,60.0,0,0,0,0
10,SCSB,332.087890625,0,,0,0,1,0,1,0,0,3,0,0,1,2,0,60.0,0,0,0,0
10,SCSB,337.7314453125,0,,0,0,1,0,1,0,0,3,0,0,1,1,0,60.0,0,0,0,0
10,SCSB,343.45703125,0,,0,0,1,0,1,0,0,3,0,0,1,1,0,60.0,0,0,0,0
10,SCSB,349.7509765625,0,,0,0,1,0,1,0,0,3,0,0,1,0,0,60.0,0,0,0,0
10,SCSB,354.79296875,0,,0,0,1,0,1,0,0,3,0,0,1,1,0,60.0,0,0,0,0
10,SCSB,360.2353515625,0,,0,0,1,0,1,0,0,3,0,0,1,1,0,60.0,0,0,0,0
10,SCSB,367.1142578125,0,,0,0,1,0,1,0,0,3,0,0,1,1,0,60.0,0,0,0,0
10,SCSB,374.109375,0,,0,0,1,0,1,0,0,3,0,0,1,0,0,60.0,0,0,0,0
10,SCSB,381.0537109375,0,,0,0,1,0,1,0,0,3,0,0,1,2,0,60.0,0,0,0,0
10,SCSB,387.8984375,0,,0,0,1,0,1,0,0,2,3,0,1,2,0,60.0,0,0,0,3
10,SCSB,393.4248046875,0,,1,0,1,0,1,0,0,3,3,0,0,2,0,60.0,0,3,0,3
10,SCSB,399.083984375,0,,0,0,1,0,1,0,2,3,5,0,0,1,0,4.9912109375,0,0,2,5
10,SCSB,405.3779296875,0,,0,0,1,0,1,0,2,3,3,0,0,0,0,11.28515625,0,0,2,3
10,SCSB,410.837890625,0,,1,0,1,0,1,0,2,3,2,0,0,0,0,16.7451171875,2,2,2,2
10,SCSB,417.1982421875,0,,0,0,1,0,1,0,0,3,0,0,0,2,0,23.10546875,0,0,0,0
10,SCSB,422.5068359375,0,,0,0,1,0,1,0,0,3,0,0,0,2,0,28.4140625,0,0,0,0
10,SCSB,427.8662109375,0,,1,0,1,0,1,0,0,3,2,0,0,3,0,33.7734375,0,2,0,2
10,SCSB,433.1748046875,0,,0,0,1,0,1,0,0,3,2,0,0,3,0,39.08203125,0,0,0,2
10,SCSB,439.853515625,0,,0,0,1,0,1,0,0,3,2,0,0,2,0,45.7607421875,0,0,0,2
10,SCSB,445.7294921875,0,,1,0,1,0,1,0,0,3,2,0,0,1,0,51.63671875,0,2,0,2
10,SCSB,452.5244140625,0,,1,0,1,0,1,0,0,3,2,0,0,0,0,58.431640625,0,2,0,2
10,SCSB,458.017578125,0,,1,0,1,0,1,0,0,3,2,0,1,0,0,60.0,0,2,0,2
10,SCSB,463.3759765625,0,,0,0,1,0,1,0,0,3,0,0,1,0,0,60.0,0,0,0,0
10,SCSB,468.66796875,0,,0,0,1,0,1,0,0,3,1,0,1,0,0,60.0,0,0,0,1
10,SCSB,474.7783203125,0,,0,0,1,0,1,0,0,3,1,0,1,0,0,60.0,0,0,0,1
10,SCSB,481.33984375,0,,0,0,1,0,1,0,0,3,1,0,1,0,0,60.0,0,0,0,1
10,SCSB,487.833984375,0,,0,0,1,0,1,0,0,3,0,0,1,0,0,60.0,0,0,0,0
10,SCSB,494.228515625,0,,0,0,1,0,1,0,0,3,0,0,2,0,0,60.0,0,0,0,0
10,SCSB,499.5205078125,0,,1,0,1,0,1,0,0,3,0,0,1,0,0,60.0,0,0,0,0
10,SCSB,506.515625,0,,1,0,1,0,1,0,1,3,0,0,1,0,0,5.8095703125,1,0,1,0
10,SCSB,512.525390625,0,,0,0,1,0,1,0,1,3,0,0,1,0,0,11.8193359375,0,0,1,0
10,SCSB,517.7509765625,0,,0,0,1,0,1,0,1,3,0,0,1,0,0,17.044921875,0,0,1,0
10,SCSB,523.9619140625,0,,0,0,1,0,1,0,0,3,0,0,1,0,0,23.255859375,0,0,0,0
10,SCSB,529.5712890625,0,,0,0,1,0,1,0,0,3,0,0,1,0,0,28.865234375,0,0,0,0
10,SCSB,535.8486328125,0,,1,0,1,0,1,0,0,3,0,0,1,0,0,35.142578125,0,0,0,0
10,SCSB,542.876953125,0,,0,0,1,0,1,0,2,3,0,0,1,0,0,6.3779296875,0,0,2,0
10,SCSB,548.236328125,0,,0,0,1,0,1,0,2,3,0,0,1,0,0,11.7373046875,0,0,2,0
10,SCSB,553.478515625,0,,0,0,1,0,1,0,2,3,0,0,1,0,0,16.9794921875,0,0,2,0
10,SCSB,559.4716796875,0,,0,0,1,0,1,0,0,3,0,0,1,0,0,22.97265625,0,0,0,0
10,SCSB,566.048828125,0,,0,0,1,0,1,0,0,3,0,0,1,0,0,29.5498046875,0,0,0,0
10,SCSB,572.876953125,0,,0,0,1,0,1,0,0,3,0,0,2,0,0,36.3779296875,0,0,0,0
10,SCSB,579.671875,0,,0,0,1,0,1,0,0,3,0,0,1,0,0,43.1728515625,0,0,0,0
10,SCSB,585.248046875,0,,0,0,1,0,1,0,0,3,0,0,1,0,0,48.7490234375,0,0,0,0
10,SCSB,591.2919921875,0,,0,0,1,0,1,0,0,3,0,0,1,0,0,54.79296875,0,0,0,0
10,SCSB,596.3837890625,0,,1,0,1,0,1,0,0,3,0,0,1,0,0,59.884765625,0,0,0,0
10,SCSB,602.2265625,0,,0,0,1,0,1,0,2,3,0,0,1,0,0,5.275390625,0,0,2,0
10,SCSB,608.73828125,0,,0,0,1,0,1,0,2,3,0,0,1,0,0,11.787109375,0,0,2,0
10,SCSB,615.365234375,0,,0,0,1,0,1,0,2,3,0,1,1,0,0,18.4140625,0,0,2,1
10,SCSB,620.423828125,0,,0,0,1,0,1,0,0,3,0,1,1,0,0,23.47265625,0,0,0,1
10,SCSB,625.81640625,0,,0,0,1,0,1,0,1,2,0,2,1,2,0,0.3837890625,0,0,1,2
10,SCSB,632.728515625,0,,0,0,1,0,1,0,1,2,0,2,1,3,0,7.2958984375,0,0,1,2
10,SCSB,637.9541015625,0,,0,0,1,0,1,0,1,2,1,1,1,3,0,12.521484375,0,0,1,2
10,SCSB,643.3125,0,,1,0,1,0,1,0,1,3,2,1,1,3,0,17.8798828125,1,3,1,3
10,SCSB,649.005859375,0,,0,0,1,0,1,0,0,3,3,0,1,2,0,23.5732421875,0,0,0,3
10,SCSB,655.19921875,0,,0,0,1,0,1,0,0,3,3,0,0,1,0,29.7666015625,0,0,0,3
10,SCSB,661.2265625,0,,0,0,1,0,1,0,0,3,1,0,0,0,0,35.7939453125,0,0,0,1
10,SCSB,667.419921875,0,,0,0,1,0,1,0,0,3,0,0,0,0,0,41.9873046875,0,0,0,0
10,SCSB,674.248046875,0,,1,0,1,0,1,0,0,3,0,0,0,0,0,48.8154296875,0,0,0,0
10,SCSB,680.55859375,0,,0,0,1,0,1,0,0,3,0,0,0,0,0,55.1259765625,0,0,0,0
10,SCSB,687.0703125,0,,0,0,1,0,1,0,0,3,1,0,0,0,0,60.0,0,0,0,1
10,SCSB,692.1787109375,0,,0,0,1,0,1,0,0,3,1,0,0,0,0,60.0,0,0,0,1
10,SCSB,697.6044921875,0,,1,0,1,0,1,0,0,3,1,0,0,0,0,60.0,0,1,0,1
10,SCSB,703.23046875,0,,0,0,1,0,1,0,0,3,1,0,0,0,0,60.0,0,0,0,1
10,SCSB,709.2744140625,0,,0,0,1,0,1,0,0,3,1,0,0,0,0,60.0,0,0,0,1
10,SCSB,714.3662109375,0,,0,0,1,0,1,0,0,3,1,0,0,0,0,60.0,0,0,0,1
10,SCSB,719.474609375,0,,0,0,1,0,1,0,0,3,1,0,1,1,0,60.0,0,0,0,1
10,SCSB,726.26953125,0,,0,0,1,0,1,0,0,3,1,0,1,1,0,60.0,0,0,0,1
10,SCSB,732.9970703125,0,,0,0,1,0,1,0,0,3,1,0,1,1,0,60.0,0,0,0,1
10,SCSB,738.189453125,0,,0,0,1,0,1,0,0,3,1,0,1,0,0,60.0,0,0,0,1
10,SCSB,744.80078125,0,,0,0,1,0,1,0,0,3,0,0,1,0,0,60.0,0,0,0,0
10,SCSB,751.361328125,0,,0,0,1,0,1,0,0,3,0,0,1,0,0,60.0,0,0,0,0
10,SCSB,756.9541015625,0,,0,0,1,0,1,0,0,3,0,0,1,0,0,60.0,0,0,0,0
10,SCSG,33.2802734375,0,,0,0,0,0,1,0,0,0,0,1,1,1,0,60.0,0,0,0,0
10,SCSG,40.3115234375,0,,0,0,0,0,1,0,0,1,0,1,1,1,0,60.0,0,0,0,0
10,SCSG,46.4736328125,0,,0,0,0,0,1,0,0,2,0,0,1,0,0,60.0,0,0,0,0
10,SCSG,53.2197265625,0,,1,0,0,0,1,0,0,3,0,0,1,0,0,60.0,0,0,0,0
10,SCSG,58.84765625,0,,1,0,0,0,1,0,0,3,0,0,1,0,0,60.0,0,0,0,0
10,SCSG,65.5771484375,0,,0,0,0,0,1,0,0,3,1,0,1,0,0,60.0,0,0,0,0
10,SCSG,72.2236328125,0,,1,0,0,0,1,0,0,3,1,0,0,0,0,60.0,0,1,0,0
10,SCSG,78.26953125,0,,0,0,0,0,1,0,0,3,1,0,1,0,0,60.0,0,0,0,0
10,SCSG,84.798828125,0,,0,0,0,0,1,0,0,3,3,0,1,0,0,60.0,0,0,0,0
10,SCSG,91.5625,0,,0,0,0,0,1,0,0,3,3,0,1,0,0,60.0,0,0,0,0
10,SCSG,97.5068359375,0,,0,0,0,0,1,0,2,3,3,0,1,1,0,5.3271484375,0,0,0,0
10,SCSG,104.1533203125,0,,0,0,0,0,1,0,2,3,0,0,1,2,0,11.9736328125,0,0,0,0
10,SCSG,110.166015625,0,,0,0,0,0,1,0,2,3,0,0,1,2,0,17.986328125,0,0,0,0
10,SCSG,116.0771484375,0,,0,0,0,0,1,0,0,3,0,0,1,1,0,23.8974609375,0,0,0,0
10,SCSG,121.8388671875,0,,0,0,0,0,1,0,0,3,0,0,1,1,0,29.6591796875,0,0,0,0
10,SCSG,127.7001953125,0,,0,0,0,0,1,0,0,3,0,0,1,0,0,35.5205078125,0,0,0,0
10,SCSG,133.51171875,0,,0,0,0,0,1,0,0,3,0,0,1,0,0,41.33203125,0,0,0,0
10,SCSG,138.7216796875,0,,0,0,0,0,1,0,0,3,0,0,1,0,0,46.5419921875,0,0,0,0
10,SCSG,145.2177734375,0,,0,0,0,0,1,0,0,3,0,0,1,0,0,53.0380859375,0,0,0,0
10,SCSG,151.8642578125,0,,0,0,0,0,1,0,0,3,0,0,1,0,0,59.6845703125,0,0,0,0
10,SCSG,156.9580078125,0,,0,0,0,0,1,0,0,3,0,0,1,1,0,60.0,0,0,0,0
10,SCSG,163.5205078125,0,,0,0,0,0,1,0,0,3,0,0,1,2,0,60.0,0,0,0,0
10,SCSG,169.0986328125,0,,0,0,0,0,1,0,0,3,0,0,2,2,0,60.0,0,0,0,0
10,SCSG,174.826171875,0,,0,0,0,0,1,0,0,3,0,0,1,1,0,60.0,0,0,0,0
10,SCSG,181.322265625,0,,0,0,0,0,1,0,0,3,1,0,1,0,0,60.0,0,0,0,0
10,SCSG,187.8857421875,0,,1,0,0,0,1,0,0,3,1,0,1,0,0,60.0,0,1,0,0
10,SCSG,193.2294921875,0,,0,0,0,0,1,0,0,3,1,0,1,1,0,60.0,0,0,0,0
10,SCSG,198.9072265625,0,,1,0,0,0,1,0,0,3,0,0,1,1,0,60.0,0,0,0,0
10,SCSG,205.0859375,0,,0,0,0,0,1,0,0,3,0,0,1,1,0,60.0,0,0,0,0
10,SCSG,212.0,0,,0,0,0,0,1,0,0,3,1,0,1,1,0,60.0,0,0,0,0
10,SCSG,217.677734375,0,,0,0,0,0,1,0,0,3,2,0,1,1,0,60.0,0,0,0,0
10,SCSG,223.4892578125,0,,1,0,0,0,1,0,0,3,2,0,1,1,0,60.0,0,2,0,0
10,SCSG,228.849609375,0,,1,0,0,0,1,0,2,3,2,0,1,0,0,4.67578125,2,2,0,0
10,SCSG,235.095703125,0,,0,0,0,0,1,0,2,3,0,0,1,0,0,10.921875,0,0,0,0
10,SCSG,241.5244140625,0,,0,0,0,0,1,0,2,3,0,0,1,0,0,17.3505859375,0,0,0,0
10,SCSG,246.634765625,0,,0,0,0,0,1,0,0,3,0,0,1,0,0,22.4609375,0,0,0,0
10,SCSG,252.37890625,0,,0,0,0,0,1,0,0,3,0,0,1,0,0,28.205078125,0,0,0,0
10,SCSG,258.7919921875,0,,0,0,0,0,1,0,0,3,1,0,1,0,0,34.6181640625,0,0,0,0
10,SCSG,265.154296875,0,,1,0,0,0,1,0,0,3,1,0,1,0,0,40.98046875,0,1,0,0
10,SCSG,271.31640625,0,,1,0,0,0,1,0,0,3,1,0,1,0,0,47.142578125,0,1,0,0
10,SCSG,277.6455078125,0,,0,0,0,0,1,0,0,3,0,0,1,0,0,53.4716796875,0,0,0,0
10,SCSG,283.7744140625,0,,0,0,0,0,1,0,0,3,0,0,1,0,0,59.6005859375,0,0,0,0
10,SCSG,289.703125,0,,0,0,0,0,1,0,0,3,0,0,1,0,0,60.0,0,0,0,0
10,SCSG,296.5830078125,0,,0,0,0,0,1,0,0,3,0,0,1,0,0,60.0,0,0,0,0
10,SCSG,302.912109375,0,,0,0,0,0,1,0,1,2,1,0,1,0,0,1.3193359375,0,0,0,0
10,SCSG,308.123046875,0,,0,0,0,0,1,0,1,2,1,0,1,0,0,6.5302734375,0,0,0,0
10,SCSG,314.7861328125,0,,0,0,0,0,1,0,1,2,1,0,1,0,0,13.193359375,0,0,0,0
10,SCSG,320.1298828125,0,,1,0,0,0,1,0,1,3,1,0,1,0,0,18.537109375,1,1,0,0
10,SCSG,325.5234375,0,,0,0,0,0,1,0,0,3,0,0,1,0,0,23.9306640625,0,0,0,0
10,SCSG,331.6357421875,0,,0,0,0,0,1,0,0,3,0,0,1,0,0,30.04296875,0,0,0,0
10,SCSG,337.9814453125,0,,0,0,0,0,1,0,0,3,1,0,1,0,0,36.388671875,0,0,0,0
10,SCSG,344.376953125,0,,0,0,0,0,1,0,0,3,1,0,1,0,0,42.7841796875,0,0,0,0
10,SCSG,350.2724609375,0,,0,0,0,0,1,0,0,3,1,0,1,1,0,48.6796875,0,0,0,0
10,SCSG,356.2841796875,0,,0,0,0,0,1,0,0,3,0,0,1,2,0,54.69140625,0,0,0,0
10,SCSG,363.0810546875,0,,0,0,0,0,1,0,0,3,0,0,1,2,0,60.0,0,0,0,0
10,SCSG,368.474609375,0,,0,0,0,0,1,0,0,3,0,0,1,1,0,60.0,0,0,0,0
10,SCSG,374.8876953125,0,,0,0,0,0,1,0,0,3,0,0,1,0,0,60.0,0,0,0,0
10,SCSG,381.2001953125,0,,0,0,0,0,1,0,0,3,1,0,1,0,0,60.0,0,0,0,0
10,SCSG,386.560546875,0,,0,0,0,0,1,0,0,3,3,0,0,0,0,60.0,0,0,0,0
10,SCSG,392.322265625,0,,0,0,0,0,1,0,0,3,3,0,0,0,0,60.0,0,0,0,0
10,SCSG,397.9326171875,0,,0,0,0,0,1,0,0,3,2,0,0,0,0,60.0,0,0,0,0
10,SCSG,404.4462890625,0,,0,0,0,0,1,0,0,3,1,0,0,0,0,60.0,0,0,0,0
10,SCSG,409.6064453125,0,,0,0,0,0,1,0,0,3,0,0,0,0,0,60.0,0,0,0,0
10,SCSG,415.0498046875,0,,1,0,0,0,1,0,0,3,0,0,0,0,0,60.0,0,0,0,0
10,SCSG,422.0810546875,0,,0,0,0,0,1,0,0,3,2,0,0,0,0,60.0,0,0,0,0
10,SCSG,427.7919921875,0,,0,0,0,0,1,0,0,3,4,0,0,0,0,60.0,0,0,0,0
10,SCSG,434.7392578125,0,,0,0,0,0,1,0,0,3,5,0,0,0,0,60.0,0,0,0,0
10,SCSG,440.283203125,0,,0,0,0,0,1,0,0,3,5,0,0,0,0,60.0,0,0,0,0
10,SCSG,446.5791015625,0,,0,0,0,0,1,0,0,3,2,0,0,0,0,60.0,0,0,0,0
10,SCSG,452.8916015625,0,,1,0,0,0,1,0,0,3,0,0,1,0,0,60.0,0,0,0,0
10,SCSG,458.65234375,0,,0,0,0,0,1,0,2,3,0,0,1,0,0,5.04296875,0,0,0,0
10,SCSG,464.2802734375,0,,0,0,0,0,1,0,2,3,0,0,1,0,0,10.6708984375,0,0,0,0
10,SCSG,469.658203125,0,,1,0,0,0,1,0,2,3,0,0,1,0,0,16.048828125,2,0,0,0
10,SCSG,475.0185546875,0,,0,0,0,0,1,0,0,3,0,0,1,0,0,21.4091796875,0,0,0,0
10,SCSG,480.162109375,0,,0,0,0,0,1,0,0,3,0,0,1,0,0,26.552734375,0,0,0,0
10,SCSG,485.3056640625,0,,0,0,0,0,1,0,0,3,0,0,1,0,0,31.6962890625,0,0,0,0
10,SCSG,490.4658203125,0,,0,0,0,0,1,0,0,3,0,0,1,0,0,36.8564453125,0,0,0,0
10,SCSG,496.744140625,0,,1,0,0,0,1,0,0,3,0,0,1,0,0,43.134765625,0,0,0,0
10,SCSG,502.9736328125,0,,0,0,0,0,1,0,0,3,0,0,1,0,0,49.3642578125,0,0,0,0
10,SCSG,508.6845703125,0,,0,0,0,0,1,0,0,3,1,0,1,0,0,55.0751953125,0,0,0,0
10,SCSG,513.794921875,1,0.884765625,1,0,0,0,1,0,0,3,1,0,1,0,0,60.0,0,1,0,0
10,SCSG,519.7568359375,0,,1,0,0,0,1,0,2,3,1,0,1,0,1,5.2109375,2,1,0,0
10,SCSG,526.052734375,0,,0,0,0,0,1,0,2,3,0,0,1,0,1,11.5068359375,0,0,0,0
10,SCSG,531.5126953125,0,,0,0,0,0,1,0,2,3,0,0,1,0,1,16.966796875,0,0,0,0
10,SCSG,536.740234375,0,,1,0,0,0,1,0,0,3,0,0,1,0,1,22.1943359375,0,0,0,0
10,SCSG,543.236328125,0,,0,0,0,0,1,0,0,3,1,0,1,0,1,28.6904296875,0,0,0,0
10,SCSG,549.4990234375,0,,0,0,0,0,1,0,0,3,1,0,1,0,1,34.953125,0,0,0,0
10,SCSG,555.626953125,0,,0,0,0,0,1,0,0,3,1,0,1,0,1,41.0810546875,0,0,0,0
10,SCSG,560.6875,0,,0,0,0,0,1,0,0,3,1,0,1,0,1,46.1416015625,0,0,0,0
10,SCSG,566.7822265625,0,,0,0,0,0,1,0,0,3,1,0,1,0,1,52.236328125,0,0,0,0
10,SCSG,572.4775390625,0,,1,0,0,0,1,0,0,3,1,0,1,1,1,57.931640625,0,1,0,0
10,SCSG,578.755859375,0,,0,0,0,0,1,0,0,3,1,0,1,2,0,60.0,0,0,0,0
10,SCSG,583.8828125,0,,0,0,0,0,1,0,0,3,0,0,1,2,0,60.0,0,0,0,0
10,SCSG,590.5625,0,,0,0,0,0,1,0,0,3,0,0,1,2,0,60.0,0,0,0,0
10,SCSG,597.1591796875,0,,0,0,0,0,1,0,0,3,1,0,1,1,0,60.0,0,0,0,0
10,SCSG,602.5869140625,0,,0,0,0,0,1,0,0,3,2,0,1,0,0,60.0,0,0,0,0
10,SCSG,607.8798828125,0,,0,0,0,0,1,0,0,3,2,0,1,0,0,60.0,0,0,0,0
10,SCSG,614.7109375,0,,0,0,0,0,1,0,0,3,2,0,1,0,0,60.0,0,0,0,0
10,SCSG,621.607421875,0,,0,0,0,0,1,0,0,3,2,0,1,0,0,60.0,0,0,0,0
10,SCSG,627.6025390625,0,,0,0,0,0,1,0,0,3,2,0,1,0,0,60.0,0,0,0,0
10,SCSG,633.11328125,0,,0,0,0,0,1,0,0,3,2,0,1,0,0,60.0,0,0,0,0
10,SCSG,638.1904296875,0,,0,0,0,0,1,0,0,3,1,0,1,0,0,60.0,0,0,0,0
10,SCSG,644.703125,0,,0,0,0,0,1,0,0,3,1,0,1,1,0,60.0,0,0,0,0
10,SCSG,651.0986328125,0,,1,0,0,0,1,0,0,3,1,0,0,2,0,60.0,0,1,0,0
10,SCSG,656.7939453125,0,,0,0,0,0,1,0,0,3,4,0,0,2,0,60.0,0,0,0,0
10,SCSG,663.673828125,0,,0,0,0,0,1,0,0,3,3,0,0,1,0,60.0,0,0,0,0
10,SCSG,669.017578125,0,,0,0,0,0,1,0,0,3,3,0,0,0,0,60.0,0,0,0,0
10,SCSG,674.9296875,0,,0,0,0,0,1,0,0,3,0,0,0,0,0,60.0,0,0,0,0
10,SCSG,680.7236328125,0,,0,0,0,0,1,0,0,3,0,0,0,0,0,60.0,0,0,0,0
10,SCSG,686.5517578125,0,,0,0,0,0,1,0,0,3,2,0,0,0,0,60.0,0,0,0,0
10,SCSG,692.296875,0,,0,0,0,0,1,0,0,3,2,0,0,0,0,60.0,0,0,0,0
10,SCSG,698.859375,0,,0,0,0,0,1,0,0,3,2,0,0,0,0,60.0,0,0,0,0
10,SCSG,703.953125,0,,1,0,0,0,1,0,0,3,0,0,0,0,0,60.0,0,0,0,0
10,SCSG,710.298828125,0,,0,0,0,0,1,0,0,3,0,0,0,0,0,60.0,0,0,0,0
10,SCSG,717.0126953125,0,,0,0,0,0,1,0,2,3,1,0,1,1,0,5.978515625,0,0,0,0
10,SCSG,724.0263671875,0,,1,0,0,0,1,0,2,3,1,0,1,2,0,12.9921875,2,1,0,0
10,SCSG,729.63671875,0,,0,0,0,0,1,0,2,3,1,0,1,2,0,18.6025390625,0,0,0,0
10,SCSG,736.583984375,0,,0,0,0,0,1,0,0,3,1,0,1,2,0,25.5498046875,0,0,0,0
10,SCSG,743.564453125,0,,0,0,0,0,1,0,0,3,1,0,1,0,0,32.5302734375,0,0,0,0
10,SCSG,748.7744140625,0,,0,0,0,0,1,0,0,3,1,0,1,0,0,37.740234375,0,0,0,0
10,SCSG,755.6220703125,0,,0,0,0,0,1,0,0,3,1,0,1,0,0,44.587890625,0,0,0,0
12,SCFG,36.6376953125,0,,0,0,0,1,0,0,0,0,0,1,0,1,0,60.0,0,0,0,0
12,SCFG,42.9482421875,0,,1,0,0,1,0,0,0,1,0,1,1,1,0,60.0,0,1,0,0
12,SCFG,49.6259765625,0,,0,0,0,1,0,0,0,2,0,1,1,1,0,60.0,0,0,0,0
12,SCFG,55.1025390625,0,,0,0,0,1,0,0,0,3,1,0,1,0,0,60.0,0,0,0,0
12,SCFG,61.9638671875,0,,0,0,0,1,0,0,0,3,1,0,1,0,0,60.0,0,0,0,0
12,SCFG,68.8427734375,0,,0,0,0,1,0,0,0,3,1,0,1,0,0,60.0,0,0,0,0
12,SCFG,74.5361328125,0,,0,0,0,1,0,0,0,3,0,0,1,0,0,60.0,0,0,0,0
12,SCFG,81.3974609375,0,,0,0,0,1,0,0,0,3,0,0,1,0,0,60.0,0,0,0,0
12,SCFG,87.408203125,0,,0,0,0,1,0,0,0,3,0,0,1,0,0,60.0,0,0,0,0
12,SCFG,92.5498046875,0,,0,0,0,1,0,0,0,3,0,0,1,0,0,60.0,0,0,0,0
12,SCFG,99.345703125,0,,0,0,0,1,0,0,0,3,0,0,0,0,0,60.0,0,0,0,0
12,SCFG,106.056640625,0,,0,0,0,1,0,0,0,3,0,0,1,0,0,60.0,0,0,0,0
12,SCFG,111.9833984375,0,,0,0,0,1,0,0,0,3,0,0,1,0,0,60.0,0,0,0,0
12,SCFG,117.0927734375,0,,0,0,0,1,0,0,0,3,0,0,1,0,0,60.0,0,0,0,0
12,SCFG,122.3681640625,0,,0,0,0,1,0,0,0,3,0,0,1,0,0,60.0,0,0,0,0
12,SCFG,128.5458984375,0,,0,0,0,1,0,0,0,3,0,0,1,0,0,60.0,0,0,0,0
12,SCFG,134.1220703125,0,,0,0,0,1,0,0,0,3,0,0,1,0,0,60.0,0,0,0,0
12,SCFG,140.1826171875,0,,0,0,0,1,0,0,0,3,0,0,0,0,0,60.0,0,0,0,0
12,SCFG,145.408203125,0,,0,0,0,1,0,0,0,3,0,0,1,0,0,60.0,0,0,0,0
12,SCFG,151.3349609375,0,,0,0,0,1,0,0,0,3,0,0,1,0,0,60.0,0,0,0,0
12,SCFG,156.7275390625,0,,1,0,0,1,0,0,0,3,0,0,1,0,0,60.0,0,0,0,0
12,SCFG,162.5205078125,0,,0,0,0,1,0,0,0,3,0,0,1,0,0,60.0,0,0,0,0
12,SCFG,169.08203125,0,,1,0,0,1,0,0,0,3,0,0,1,0,0,60.0,0,0,0,0
12,SCFG,174.140625,0,,0,0,0,1,0,0,0,3,0,0,1,0,0,60.0,0,0,0,0
12,SCFG,180.0341796875,0,,0,0,0,1,0,0,0,3,0,0,2,0,0,60.0,0,0,0,0
12,SCFG,185.3095703125,0,,0,0,0,1,0,0,0,3,0,0,1,0,0,60.0,0,0,0,0
12,SCFG,190.802734375,0,,1,0,0,1,0,0,0,3,1,0,1,0,0,60.0,0,1,0,0
12,SCFG,196.37890625,0,,1,0,0,1,0,0,0,3,1,0,1,0,0,60.0,0,1,0,0
12,SCFG,202.556640625,0,,0,0,0,1,0,0,2,3,1,0,1,0,0,5.42578125,0,0,0,0
12,SCFG,207.8994140625,0,,0,0,0,1,0,0,2,3,1,0,1,0,0,10.7685546875,0,0,0,0
12,SCFG,213.375,0,,0,0,0,1,0,0,2,3,3,0,1,0,0,16.244140625,0,0,0,0
12,SCFG,218.9345703125,0,,0,0,0,1,0,0,0,3,3,0,1,0,0,21.8037109375,0,0,0,0
12,SCFG,224.560546875,0,,0,0,0,1,0,0,0,3,2,0,1,0,0,27.4296875,0,0,0,0
12,SCFG,231.10546875,0,,0,0,0,1,0,0,0,3,0,0,1,0,0,33.974609375,0,0,0,0
12,SCFG,236.6982421875,0,,0,0,0,1,0,0,0,3,0,0,1,0,0,39.5673828125,0,0,0,0
12,SCFG,242.826171875,0,,0,0,0,1,0,0,0,3,0,0,1,0,0,45.6953125,0,0,0,0
12,SCFG,248.0849609375,0,,1,0,0,1,0,0,0,3,0,0,1,0,0,50.9541015625,0,0,0,0
12,SCFG,253.4775390625,0,,0,0,0,1,0,0,0,3,0,0,1,0,0,56.3466796875,0,0,0,0
12,SCFG,258.8701171875,0,,0,0,0,1,0,0,0,3,0,0,1,0,0,60.0,0,0,0,0
12,SCFG,265.83203125,0,,0,0,0,1,0,0,0,3,0,0,1,0,0,60.0,0,0,0,0
12,SCFG,272.0263671875,0,,0,0,0,1,0,0,0,3,0,0,1,0,0,60.0,0,0,0,0
12,SCFG,277.65234375,0,,0,0,0,1,0,0,0,3,0,0,1,0,0,60.0,0,0,0,0
12,SCFG,282.8115234375,0,,0,0,0,1,0,0,0,3,0,0,1,0,0,60.0,0,0,0,0
12,SCFG,288.5048828125,0,,0,0,0,1,0,0,0,3,0,0,1,0,0,60.0,0,0,0,0
12,SCFG,294.5478515625,0,,0,0,0,1,0,0,0,3,0,0,1,0,0,60.0,0,0,0,0
12,SCFG,300.2412109375,0,,0,0,0,1,0,0,0,3,0,0,1,0,0,60.0,0,0,0,0
12,SCFG,306.869140625,0,,0,0,0,1,0,0,0,3,0,0,1,0,0,60.0,0,0,0,0
12,SCFG,312.6630859375,0,,0,0,0,1,0,0,0,3,0,0,1,0,0,60.0,0,0,0,0
12,SCFG,318.873046875,0,,0,0,0,1,0,0,0,3,0,0,0,0,0,60.0,0,0,0,0
12,SCFG,324.3994140625,0,,0,0,0,1,0,0,0,3,0,0,1,0,0,60.0,0,0,0,0
12,SCFG,329.5751953125,0,,1,0,0,1,0,0,0,3,1,0,1,0,0,60.0,0,1,0,0
12,SCFG,335.8857421875,0,,0,0,0,1,0,0,0,3,2,0,1,0,0,60.0,0,0,0,0
12,SCFG,341.01171875,0,,0,0,0,1,0,0,0,3,2,0,1,0,0,60.0,0,0,0,0
12,SCFG,346.37109375,0,,0,0,0,1,0,0,0,3,2,0,1,0,0,60.0,0,0,0,0
12,SCFG,352.748046875,0,,0,0,0,1,0,0,0,3,0,0,1,0,0,60.0,0,0,0,0
12,SCFG,358.9921875,0,,0,0,0,1,0,0,0,3,1,0,1,0,0,60.0,0,0,0,0
12,SCFG,365.5205078125,0,,0,0,0,1,0,0,0,3,2,0,0,0,0,60.0,0,0,0,0
12,SCFG,371.4638671875,0,,0,0,0,1,0,0,0,3,4,0,0,1,0,60.0,0,0,0,0
12,SCFG,377.5576171875,0,,0,0,0,1,0,0,0,3,4,0,0,1,0,60.0,0,0,0,0
12,SCFG,384.1689453125,0,,0,0,0,1,0,0,0,3,2,0,0,1,0,60.0,0,0,0,0
12,SCFG,389.7119140625,0,,0,0,0,1,0,0,0,3,0,0,0,0,0,60.0,0,0,0,0
12,SCFG,396.4736328125,0,,0,0,0,1,0,0,0,3,0,0,0,0,0,60.0,0,0,0,0
12,SCFG,403.46875,0,,0,0,0,1,0,0,0,3,2,0,0,0,0,60.0,0,0,0,0
12,SCFG,408.6953125,0,,0,0,0,1,0,0,0,3,2,0,0,0,0,60.0,0,0,0,0
12,SCFG,414.521484375,0,,0,0,0,1,0,0,0,3,2,0,0,0,0,60.0,0,0,0,0
12,SCFG,420.0478515625,0,,0,0,0,1,0,0,0,3,2,0,0,0,0,60.0,0,0,0,0
12,SCFG,426.525390625,0,,0,0,0,1,0,0,0,3,0,0,1,1,0,60.0,0,0,0,0
12,SCFG,431.634765625,0,,0,0,0,1,0,0,0,3,0,0,1,1,0,60.0,0,0,0,0
12,SCFG,438.24609375,0,,1,0,0,1,0,0,0,3,2,0,1,1,0,60.0,0,2,0,0
12,SCFG,444.1396484375,0,,1,0,0,1,0,0,0,3,2,0,1,0,0,60.0,0,2,0,0
12,SCFG,449.181640625,0,,0,0,0,1,0,0,0,3,2,0,1,0,0,60.0,0,0,0,0
12,SCFG,454.9248046875,0,,0,0,0,1,0,0,0,3,1,0,1,0,0,60.0,0,0,0,0
12,SCFG,461.552734375,0,,0,0,0,1,0,0,0,3,0,0,1,0,0,60.0,0,0,0,0
12,SCFG,467.896484375,0,,0,0,0,1,0,0,0,3,0,0,1,0,0,60.0,0,0,0,0
12,SCFG,474.0908203125,0,,0,0,0,1,0,0,0,3,0,0,1,0,0,60.0,0,0,0,0
12,SCFG,479.9345703125,0,,0,0,0,1,0,0,0,3,0,0,1,0,0,60.0,0,0,0,0
12,SCFG,486.078125,0,,0,0,0,1,0,0,0,3,0,0,1,0,0,60.0,0,0,0,0
12,SCFG,491.2705078125,0,,1,0,0,1,0,0,0,3,0,0,1,0,0,60.0,0,0,0,0
12,SCFG,497.8984375,0,,0,0,0,1,0,0,0,3,0,0,1,0,0,60.0,0,0,0,0
12,SCFG,504.8603515625,0,,0,0,0,1,0,0,0,3,0,0,1,0,0,60.0,0,0,0,0
12,SCFG,510.63671875,0,,0,0,0,1,0,0,0,3,0,0,1,0,0,60.0,0,0,0,0
12,SCFG,517.6328125,0,,1,0,0,1,0,0,0,3,0,0,1,0,0,60.0,0,0,0,0
12,SCFG,523.693359375,0,,0,0,0,1,0,0,2,3,0,0,1,0,0,5.4091796875,0,0,0,0
12,SCFG,530.37109375,0,,0,0,0,1,0,0,2,3,0,0,1,0,0,12.0869140625,0,0,0,0
12,SCFG,535.6806640625,0,,0,0,0,1,0,0,2,3,0,0,1,0,0,17.396484375,0,0,0,0
12,SCFG,542.5419921875,0,,0,0,0,1,0,0,0,3,0,0,1,0,0,24.2578125,0,0,0,0
12,SCFG,547.8515625,0,,0,0,0,1,0,0,0,3,0,0,1,0,0,29.5673828125,0,0,0,0
12,SCFG,554.4296875,0,,0,0,0,1,0,0,0,3,1,0,1,0,0,36.1455078125,0,0,0,0
12,SCFG,559.955078125,0,,1,0,0,1,0,0,0,3,1,0,1,0,0,41.6708984375,0,1,0,0
12,SCFG,566.2333984375,0,,0,0,0,1,0,0,0,3,1,0,1,0,0,47.94921875,0,0,0,0
12,SCFG,572.2431640625,0,,1,0,0,1,0,0,0,3,1,0,1,0,0,53.958984375,0,1,0,0
12,SCFG,578.169921875,0,,0,0,0,1,0,0,0,3,1,0,1,0,0,59.8857421875,0,0,0,0
12,SCFG,584.0302734375,0,,0,0,0,1,0,0,0,3,1,0,1,0,0,60.0,0,0,0,0
12,SCFG,590.8251953125,0,,0,0,0,1,0,0,0,3,1,0,1,0,0,60.0,0,0,0,0
12,SCFG,597.3701171875,0,,0,0,0,1,0,0,0,3,0,0,1,0,0,60.0,0,0,0,0
12,SCFG,603.263671875,0,,0,0,0,1,0,0,0,3,0,0,2,0,0,60.0,0,0,0,0
12,SCFG,608.35546875,0,,0,0,0,1,0,0,0,3,0,0,1,0,0,60.0,0,0,0,0
12,SCFG,613.564453125,0,,0,0,0,1,0,0,0,3,2,0,1,0,0,60.0,0,0,0,0
12,SCFG,619.2744140625,0,,0,0,0,1,0,0,0,3,4,0,1,1,0,60.0,0,0,0,0
12,SCFG,624.951171875,0,,0,0,0,1,0,0,0,3,4,0,0,1,0,60.0,0,0,0,0
12,SCFG,630.8779296875,0,,0,0,0,1,0,0,0,3,3,0,0,1,0,60.0,0,0,0,0
12,SCFG,637.6728515625,0,,0,0,0,1,0,0,0,3,1,0,0,0,0,60.0,0,0,0,0
12,SCFG,644.2177734375,0,,0,0,0,1,0,0,0,3,0,0,0,0,0,60.0,0,0,0,0
12,SCFG,649.4091796875,0,,0,0,0,1,0,0,0,3,0,0,0,0,0,60.0,0,0,0,0
12,SCFG,656.021484375,0,,0,0,0,1,0,0,0,3,1,0,0,0,0,60.0,0,0,0,0
12,SCFG,661.7138671875,0,,0,0,0,1,0,0,0,3,1,0,0,0,0,60.0,0,0,0,0
12,SCFG,667.5078125,0,,0,0,0,1,0,0,0,3,1,0,0,0,0,60.0,0,0,0,0
12,SCFG,672.966796875,0,,0,0,0,1,0,0,0,3,0,0,0,0,0,60.0,0,0,0,0
12,SCFG,679.27734375,0,,0,0,0,1,0,0,0,3,0,1,0,1,0,60.0,0,0,0,0
12,SCFG,684.8544921875,0,,0,0,0,1,0,0,0,3,0,2,1,1,0,60.0,0,0,0,0
12,SCFG,690.5634765625,0,,0,0,0,1,0,0,0,3,0,2,1,1,0,60.0,0,0,0,0
12,SCFG,696.32421875,0,,0,0,0,1,0,0,0,3,1,1,1,1,0,60.0,0,0,0,0
12,SCFG,702.033203125,0,,1,0,0,1,0,0,0,3,1,0,1,0,0,60.0,0,1,0,0
12,SCFG,707.5595703125,0,,0,0,0,1,0,0,2,3,1,0,1,0,0,4.875,0,0,0,0
12,SCFG,712.9853515625,0,,0,0,0,1,0,0,2,3,0,0,1,0,0,10.30078125,0,0,0,0
12,SCFG,719.4306640625,0,,0,0,0,1,0,0,2,3,0,0,1,1,0,16.74609375,0,0,0,0
12,SCFG,724.689453125,0,,0,0,0,1,0,0,0,3,0,0,0,2,0,22.0048828125,0,0,0,0
12,SCMM,50.7978515625,0,,0,0,0,0,0,1,0,0,0,2,0,0,0,60.0,0,0,0,0
12,SCMM,55.8583984375,0,,0,0,0,0,0,1,1,1,0,3,1,0,0,3.306640625,0,0,0,0
12,SCMM,60.91796875,0,,0,0,0,0,0,1,1,2,0,3,1,0,0,8.3662109375,0,0,0,0
12,SCMM,67.2314453125,0,,0,0,0,0,0,1,1,3,0,2,1,0,0,14.6796875,0,0,0,0
12,SCMM,72.8759765625,0,,0,0,0,0,0,1,0,3,0,0,0,0,0,20.32421875,0,0,0,0
12,SCMM,79.388671875,0,,0,0,0,0,0,1,0,3,0,0,1,0,0,26.8369140625,0,0,0,0
12,SCMM,85.734375,0,,1,0,0,0,0,1,0,3,0,0,1,0,0,33.1826171875,0,0,0,0
12,SCMM,91.5126953125,0,,0,0,0,0,0,1,0,3,0,0,1,0,0,38.9609375,0,0,0,0
12,SCMM,96.58984375,0,,0,0,0,0,0,1,0,3,0,0,1,0,0,44.0380859375,0,0,0,0
12,SCMM,102.9189453125,0,,0,0,0,0,0,1,0,3,0,0,1,0,0,50.3671875,0,0,0,0
12,SCMM,108.6640625,0,,0,0,0,0,0,1,0,3,0,0,1,0,0,56.1123046875,0,0,0,0
12,SCMM,115.2109375,0,,0,0,0,0,0,1,0,3,0,0,1,0,0,60.0,0,0,0,0
12,SCMM,121.3232421875,0,,1,0,0,0,0,1,0,3,0,0,1,0,0,60.0,0,0,0,0
12,SCMM,126.9677734375,0,,0,0,0,0,0,1,0,3,0,0,1,0,0,60.0,0,0,0,0
12,SCMM,132.8291015625,0,,1,0,0,0,0,1,0,3,0,0,1,0,0,60.0,0,0,0,0
12,SCMM,139.7431640625,0,,1,0,0,0,0,1,0,3,0,0,1,0,0,60.0,0,0,0,0
12,SCMM,146.0390625,0,,0,0,0,0,0,1,0,3,0,0,1,0,0,60.0,0,0,0,0
12,SCMM,153.0703125,0,,1,0,0,0,0,1,0,3,0,0,2,0,0,60.0,0,0,0,0
12,SCMM,159.19921875,0,,0,0,0,0,0,1,2,3,0,0,1,0,0,5.27734375,0,0,0,0
12,SCMM,165.611328125,0,,0,0,0,0,0,1,2,3,0,0,1,0,0,11.689453125,0,0,0,0
12,SCMM,171.607421875,0,,1,0,0,0,0,1,2,3,0,0,0,0,0,17.685546875,2,0,0,0
12,SCMM,176.91796875,0,,0,0,0,0,0,1,0,3,0,0,1,0,0,22.99609375,0,0,0,0
12,SCMM,183.9482421875,0,,1,0,0,0,0,1,0,3,0,0,1,0,0,30.0263671875,0,0,0,0
12,SCMM,189.2587890625,0,,0,0,0,0,0,1,0,3,0,0,1,0,0,35.3369140625,0,0,0,0
12,SCMM,194.51953125,0,,0,0,0,0,0,1,0,3,0,0,1,0,0,40.59765625,0,0,0,0
12,SCMM,200.5986328125,0,,0,0,0,0,0,1,0,3,0,2,1,0,0,46.6767578125,0,0,0,0
12,SCMM,206.59375,0,,0,0,0,0,0,1,0,3,0,3,1,0,0,52.671875,0,0,0,0
12,SCMM,212.72265625,0,,0,0,0,0,0,1,0,3,0,3,1,0,0,58.80078125,0,0,0,0
12,SCMM,219.7197265625,0,,0,0,0,0,0,1,0,3,0,1,1,0,0,60.0,0,0,0,0
12,SCMM,226.0498046875,0,,0,0,0,0,0,1,0,3,1,0,1,0,0,60.0,0,0,0,0
12,SCMM,231.927734375,0,,0,0,0,0,0,1,0,3,1,0,1,0,0,60.0,0,0,0,0
12,SCMM,237.83984375,0,,1,0,0,0,0,1,0,3,1,0,1,0,0,60.0,0,1,0,0
12,SCMM,242.966796875,0,,0,0,0,0,0,1,0,3,0,0,1,0,0,60.0,0,0,0,0
12,SCMM,249.7470703125,0,,0,0,0,0,0,1,0,3,0,0,1,0,0,60.0,0,0,0,0
12,SCMM,255.07421875,0,,0,0,0,0,0,1,0,3,0,1,1,0,0,60.0,0,0,0,0
12,SCMM,261.7880859375,0,,0,0,0,0,0,1,0,3,0,1,1,0,0,60.0,0,0,0,0
12,SCMM,266.96484375,0,,0,0,0,0,0,1,0,3,0,1,1,0,0,60.0,0,0,0,0
12,SCMM,273.5283203125,0,,1,0,0,0,0,1,0,3,0,1,1,0,0,60.0,0,1,0,0
12,SCMM,279.189453125,0,,0,0,0,0,0,1,0,3,0,0,1,0,0,60.0,0,0,0,0
12,SCMM,285.953125,0,,1,0,0,0,0,1,0,3,0,0,1,0,0,60.0,0,0,0,0
12,SCMM,291.8984375,0,,1,0,0,0,0,1,0,3,0,0,1,0,0,60.0,0,0,0,0
12,SCMM,297.2421875,0,,0,0,0,0,0,1,0,3,1,0,1,0,0,60.0,0,0,0,0
12,SCMM,302.8037109375,0,,0,0,0,0,0,1,0,3,2,0,1,0,0,60.0,0,0,0,0
12,SCMM,308.58203125,0,,0,0,0,0,0,1,0,3,2,0,1,0,0,60.0,0,0,0,0
12,SCMM,313.892578125,0,,0,0,0,0,0,1,0,3,2,1,1,0,0,60.0,0,0,0,0
12,SCMM,319.787109375,0,,0,0,0,0,0,1,0,3,0,2,1,0,0,60.0,0,0,0,0
12,SCMM,326.18359375,0,,0,0,0,0,0,1,0,3,0,2,1,0,0,60.0,0,0,0,0
12,SCMM,331.27734375,0,,0,0,0,0,0,1,0,3,0,2,1,0,0,60.0,0,0,0,0
12,SCMM,336.6376953125,0,,0,0,0,0,0,1,0,3,0,0,1,0,0,60.0,0,0,0,0
12,SCMM,342.7666015625,0,,0,0,0,0,0,1,0,3,0,0,1,0,0,60.0,0,0,0,0
12,SCMM,348.02734375,0,,1,0,0,0,0,1,0,3,0,0,1,0,0,60.0,0,0,0,0
12,SCMM,353.822265625,0,,0,0,0,0,0,1,0,3,0,0,1,0,0,60.0,0,0,0,0
12,SCMM,359.466796875,0,,0,0,0,0,0,1,0,3,0,0,1,0,0,60.0,0,0,0,0
12,SCMM,365.044921875,0,,1,0,0,0,0,1,0,3,0,0,1,0,0,60.0,0,0,0,0
12,SCMM,371.80859375,0,,0,0,0,0,0,1,0,3,0,0,1,0,0,60.0,0,0,0,0
12,SCMM,377.6201171875,0,,0,0,0,0,0,1,0,3,0,0,1,0,0,60.0,0,0,0,0
12,SCMM,383.248046875,0,,0,0,0,0,0,1,0,3,0,0,1,0,0,60.0,0,0,0,0
12,SCMM,388.525390625,0,,0,0,0,0,0,1,0,3,0,0,0,0,0,60.0,0,0,0,0
12,SCMM,394.9052734375,0,,0,0,0,0,0,1,0,3,0,0,0,0,0,60.0,0,0,0,0
12,SCMM,401.78515625,0,,0,0,0,0,0,1,0,3,0,0,0,0,0,60.0,0,0,0,0
12,SCMM,407.146484375,0,,0,0,0,0,0,1,0,3,0,0,0,0,0,60.0,0,0,0,0
12,SCMM,413.30859375,0,,0,0,0,0,0,1,0,3,0,0,0,0,0,60.0,0,0,0,0
12,SCMM,419.9384765625,0,,0,0,0,0,0,1,0,3,0,0,0,0,0,60.0,0,0,0,0
12,SCMM,426.501953125,0,,0,0,0,0,0,1,0,3,0,0,0,0,0,60.0,0,0,0,0
12,SCMM,431.779296875,0,,0,0,0,0,0,1,0,3,0,0,0,0,0,60.0,0,0,0,0
12,SCMM,438.6591796875,0,,1,0,0,0,0,1,0,3,2,0,0,0,0,60.0,0,2,0,0
12,SCMM,445.58984375,0,,0,0,0,0,0,1,0,3,2,0,0,0,0,60.0,0,0,0,0
12,SCMM,451.6689453125,0,,0,0,0,0,0,1,0,3,2,0,0,0,0,60.0,0,0,0,0
12,SCMM,457.998046875,0,,0,0,0,0,0,1,0,3,0,0,1,0,0,60.0,0,0,0,0
12,SCMM,463.943359375,0,,0,0,0,0,0,1,0,3,0,2,1,0,0,60.0,0,0,0,0
12,SCMM,469.9716796875,0,,0,0,0,0,0,1,0,3,0,3,1,0,0,60.0,0,0,0,0
12,SCMM,475.232421875,0,,0,0,0,0,0,1,0,3,0,3,1,0,0,60.0,0,0,0,0
12,SCMM,480.3759765625,0,,0,0,0,0,0,1,0,3,0,3,1,0,0,60.0,0,0,0,0
12,SCMM,485.970703125,0,,0,0,0,0,0,1,0,3,0,1,1,0,0,60.0,0,0,0,0
12,SCMM,492.2666015625,0,,0,0,0,0,0,1,0,3,0,0,1,0,0,60.0,0,0,0,0
12,SCMM,497.4609375,0,,0,0,0,0,0,1,0,3,0,0,1,0,0,60.0,0,0,0,0
12,SCMM,502.9716796875,0,,0,0,0,0,0,1,0,3,0,0,1,0,0,60.0,0,0,0,0
12,SCMM,508.7666015625,0,,0,0,0,0,0,1,0,3,0,0,1,0,0,60.0,0,0,0,0
12,SCMM,515.330078125,0,,0,0,0,0,0,1,0,3,0,0,1,0,0,60.0,0,0,0,0
12,SCMM,521.458984375,0,,0,0,0,0,0,1,0,3,0,0,1,0,0,60.0,0,0,0,0
12,SCMM,528.47265625,0,,0,0,0,0,0,1,0,3,2,0,1,0,0,60.0,0,0,0,0
12,SCMM,534.3681640625,0,,0,0,0,0,0,1,0,3,2,0,1,0,0,60.0,0,0,0,0
12,SCMM,541.181640625,0,,1,0,0,0,0,1,0,3,2,1,1,0,0,60.0,0,3,0,0
12,SCMM,548.1787109375,0,,0,0,0,0,0,1,2,3,0,2,1,0,0,6.1455078125,0,0,0,0
12,SCMM,553.9736328125,0,,0,0,0,0,0,1,2,3,0,2,1,0,0,11.9404296875,0,0,0,0
12,SCMM,560.62109375,0,,0,0,0,0,0,1,2,3,0,2,1,0,0,18.587890625,0,0,0,0
12,SCMM,566.03125,0,,0,0,0,0,0,1,0,3,0,0,1,0,0,23.998046875,0,0,0,0
12,SCMM,572.2275390625,0,,0,0,0,0,0,1,0,3,0,0,1,0,0,30.1943359375,0,0,0,0
12,SCMM,578.890625,0,,0,0,0,0,0,1,0,3,0,0,1,0,0,36.857421875,0,0,0,0
12,SCMM,584.53515625,0,,0,0,0,0,0,1,0,3,0,0,1,0,0,42.501953125,0,0,0,0
12,SCMM,590.6806640625,0,,0,0,0,0,0,1,0,3,0,0,1,0,0,48.6474609375,0,0,0,0
12,SCMM,596.7431640625,0,,0,0,0,0,0,1,0,3,0,0,1,0,0,54.7099609375,0,0,0,0
12,SCMM,602.0205078125,0,,0,0,0,0,0,1,0,3,0,0,1,0,0,59.9873046875,0,0,0,0
12,SCMM,607.3310546875,0,,0,0,0,0,0,1,0,3,0,0,1,0,0,60.0,0,0,0,0
12,SCMM,613.1923828125,0,,0,0,0,0,0,1,0,3,0,0,1,0,0,60.0,0,0,0,0
12,SCMM,619.5888671875,0,,0,0,0,0,0,1,0,3,0,0,1,0,0,60.0,0,0,0,0
12,SCMM,625.1337890625,0,,0,0,0,0,0,1,0,3,0,0,1,0,0,60.0,0,0,0,0
12,SCMM,631.37890625,0,,0,0,0,0,0,1,0,3,0,1,2,0,0,60.0,0,0,0,0
12,SCMM,637.2744140625,0,,0,0,0,0,0,1,0,3,1,1,1,0,0,60.0,0,0,0,0
12,SCMM,643.26953125,0,,0,0,0,0,0,1,0,3,1,1,1,0,0,60.0,0,0,0,0
12,SCMM,648.513671875,0,,0,0,0,0,0,1,0,3,4,0,1,0,0,60.0,0,0,0,0
12,SCMM,655.52734375,0,,0,0,0,0,0,1,0,3,4,0,0,0,0,60.0,0,0,0,0
12,SCMM,661.6728515625,0,,0,0,0,0,0,1,0,3,3,0,0,0,0,60.0,0,0,0,0
12,SCMM,668.6708984375,0,,0,0,0,0,0,1,0,3,0,0,0,0,0,60.0,0,0,0,0
12,SCMM,675.4677734375,0,,0,0,0,0,0,1,0,3,0,0,0,0,0,60.0,0,0,0,0
12,SCMM,680.87890625,0,,0,0,0,0,0,1,0,3,2,0,0,0,0,60.0,0,0,0,0
12,SCMM,687.7255859375,0,,0,0,0,0,0,1,0,3,2,0,0,0,0,60.0,0,0,0,0
12,SCMM,693.01953125,0,,0,0,0,0,0,1,0,3,2,0,0,0,0,60.0,0,0,0,0
12,SCMM,699.365234375,0,,1,0,0,0,0,1,0,3,1,0,0,0,0,60.0,0,1,0,0
12,SCMM,705.544921875,0,,0,0,0,0,0,1,0,3,0,0,0,0,0,60.0,0,0,0,0
12,SCMM,710.587890625,0,,0,0,0,0,0,1,0,3,0,0,0,0,0,60.0,0,0,0,0
12,SCMM,716.349609375,0,,0,0,0,0,0,1,0,3,0,0,1,0,0,60.0,0,0,0,0
12,SCMM,722.2109375,0,,0,0,0,0,0,1,0,3,0,0,1,0,0,60.0,0,0,0,0
12,SCMM,728.3740234375,0,,0,0,0,0,0,1,0,3,0,0,1,0,0,60.0,0,0,0,0
12,SCMM,735.12109375,0,,0,0,0,0,0,1,0,3,0,0,1,0,0,60.0,0,0,0,0
12,SCMM,740.6982421875,0,,0,0,0,0,0,1,0,3,0,0,1,0,0,60.0,0,0,0,0
12,SCMM,746.29296875,0,,0,0,0,0,0,1,0,3,0,0,1,0,0,60.0,0,0,0,0
12,SCMM,752.205078125,0,,0,0,0,0,0,1,0,3,0,0,1,0,0,60.0,0,0,0,0
12,SCSB,40.06640625,0,,0,0,1,0,1,0,0,0,0,1,0,1,0,60.0,0,0,0,1
12,SCSB,46.078125,0,,0,0,1,0,1,0,0,1,0,1,1,1,0,60.0,0,0,0,1
12,SCSB,51.671875,0,,0,0,1,0,1,0,0,2,2,1,1,1,0,60.0,0,0,0,3
12,SCSB,57.533203125,0,,1,0,1,0,1,0,0,3,2,0,1,0,0,60.0,0,2,0,2
12,SCSB,63.6943359375,0,,0,0,1,0,1,0,2,3,2,0,1,0,0,5.4931640625,0,0,2,2
12,SCSB,70.423828125,0,,0,0,1,0,1,0,2,3,2,0,1,0,0,12.22265625,0,0,2,2
12,SCSB,76.6025390625,0,,0,0,1,0,1,0,2,3,1,0,1,0,0,18.4013671875,0,0,2,1
12,SCSB,83.3818359375,0,,0,0,1,0,1,0,0,3,1,0,1,0,0,25.1806640625,0,0,0,1
12,SCSB,88.9765625,0,,0,0,1,0,1,0,0,3,1,0,1,0,0,30.775390625,0,0,0,1
12,SCSB,94.537109375,0,,0,0,1,0,1,0,0,3,0,0,1,0,0,36.3359375,0,0,0,0
12,SCSB,101.2998046875,0,,0,0,1,0,1,0,0,3,0,0,1,0,0,43.0986328125,0,0,0,0
12,SCSB,107.578125,0,,0,0,1,0,1,0,0,3,0,1,1,1,0,49.376953125,0,0,0,1
12,SCSB,113.65625,1,0.8017578125,1,0,1,0,1,0,0,3,2,3,1,1,0,55.455078125,0,5,0,5
12,SCSB,118.9501953125,0,,0,0,1,0,1,0,2,3,2,4,2,1,1,4.525390625,0,0,2,6
12,SCSB,124.1259765625,0,,0,0,1,0,1,0,2,3,2,4,1,1,1,9.701171875,0,0,2,6
12,SCSB,130.1044921875,0,,0,0,1,0,1,0,2,3,1,2,1,0,1,15.6796875,0,0,2,3
12,SCSB,135.23046875,0,,0,0,1,0,1,0,0,3,0,0,1,0,1,20.8056640625,0,0,0,0
12,SCSB,142.16015625,0,,0,0,1,0,1,0,0,3,0,0,1,0,1,27.7353515625,0,0,0,0
12,SCSB,148.7900390625,0,,0,0,1,0,1,0,0,3,0,0,1,0,1,34.365234375,0,0,0,0
12,SCSB,154.9013671875,0,,0,0,1,0,1,0,0,3,0,0,1,0,1,40.4765625,0,0,0,0
12,SCSB,160.478515625,0,,0,0,1,0,1,0,0,3,0,0,1,1,1,46.0537109375,0,0,0,0
12,SCSB,166.6572265625,0,,0,0,1,0,1,0,0,3,0,0,1,1,1,52.232421875,0,0,0,0
12,SCSB,173.01953125,0,,0,0,1,0,1,0,0,3,0,0,1,1,1,58.5947265625,0,0,0,0
12,SCSB,178.345703125,0,,0,0,1,0,1,0,0,3,0,0,1,0,0,60.0,0,0,0,0
12,SCSB,183.7900390625,0,,0,0,1,0,1,0,0,3,0,0,1,0,0,60.0,0,0,0,0
12,SCSB,190.802734375,0,,0,0,1,0,1,0,0,3,2,0,1,0,0,60.0,0,0,0,2
12,SCSB,197.365234375,0,,0,0,1,0,1,0,0,3,2,0,1,0,0,60.0,0,0,0,2
12,SCSB,202.6923828125,0,,0,0,1,0,1,0,0,3,2,0,1,1,0,60.0,0,0,0,2
12,SCSB,209.3212890625,0,,0,0,1,0,1,0,0,3,1,2,1,1,0,60.0,0,0,0,3
12,SCSB,214.5986328125,0,,0,0,1,0,1,0,0,3,3,3,1,1,0,60.0,0,0,0,6
12,SCSB,221.578125,0,,0,0,1,0,1,0,0,3,4,4,1,1,0,60.0,0,0,0,8
12,SCSB,226.6376953125,0,,0,0,1,0,1,0,0,3,4,2,1,0,0,60.0,0,0,0,6
12,SCSB,232.3984375,0,,0,0,1,0,1,0,0,3,1,1,1,0,0,60.0,0,0,0,2
12,SCSB,239.412109375,0,,0,0,1,0,1,0,0,3,0,0,1,0,0,60.0,0,0,0,0
12,SCSB,245.0732421875,0,,0,0,1,0,1,0,0,3,0,0,1,0,0,60.0,0,0,0,0
12,SCSB,250.650390625,0,,0,0,1,0,1,0,0,3,1,0,1,0,0,60.0,0,0,0,1
12,SCSB,256.5283203125,0,,0,0,1,0,1,0,0,3,1,0,1,0,0,60.0,0,0,0,1
12,SCSB,262.623046875,0,,0,0,1,0,1,0,0,3,1,0,1,0,0,60.0,0,0,0,1
12,SCSB,268.9853515625,0,,1,0,1,0,1,0,0,3,0,0,1,0,0,60.0,0,0,0,0
12,SCSB,274.896484375,0,,0,0,1,0,1,0,0,3,0,0,1,0,0,60.0,0,0,0,0
12,SCSB,281.9091796875,0,,0,0,1,0,1,0,0,3,0,1,1,0,0,60.0,0,0,0,1
12,SCSB,288.0048828125,0,,0,0,1,0,1,0,0,3,0,3,1,0,0,60.0,0,0,0,3
12,SCSB,294.80078125,0,,0,0,1,0,1,0,0,3,0,3,1,0,0,60.0,0,0,0,3
12,SCSB,301.4296875,0,,0,0,1,0,1,0,0,3,0,2,1,0,0,60.0,0,0,0,2
12,SCSB,307.1240234375,0,,0,0,1,0,1,0,0,3,1,0,1,1,0,60.0,0,0,0,1
12,SCSB,313.3359375,0,,0,0,1,0,1,0,0,3,1,0,1,1,0,60.0,0,0,0,1
12,SCSB,319.7314453125,0,,0,0,1,0,1,0,0,3,1,0,1,1,0,60.0,0,0,0,1
12,SCSB,326.126953125,0,,0,0,1,0,1,0,0,3,0,0,1,0,0,60.0,0,0,0,0
12,SCSB,331.98828125,0,,0,0,1,0,1,0,0,3,0,0,1,0,0,60.0,0,0,0,0
12,SCSB,338.43359375,0,,1,0,1,0,1,0,0,3,0,0,1,1,0,60.0,0,0,0,0
12,SCSB,343.5439453125,0,,0,0,1,0,1,0,0,3,0,0,1,1,0,60.0,0,0,0,0
12,SCSB,349.271484375,0,,0,0,1,0,1,0,0,3,0,0,1,1,0,60.0,0,0,0,0
12,SCSB,354.9990234375,0,,0,0,1,0,1,0,0,3,0,0,1,1,0,60.0,0,0,0,0
12,SCSB,361.39453125,0,,0,0,1,0,1,0,0,3,0,0,1,0,0,60.0,0,0,0,0
12,SCSB,367.8564453125,0,,0,0,1,0,1,0,2,3,1,0,1,0,0,5.7109375,0,0,2,1
12,SCSB,374.1181640625,0,,0,0,1,0,1,0,2,3,1,0,1,0,0,11.97265625,0,0,2,1
12,SCSB,380.1962890625,0,,0,0,1,0,1,0,2,3,1,0,0,0,0,18.05078125,0,0,2,1
12,SCSB,385.623046875,0,,0,0,1,0,1,0,0,3,0,0,0,1,0,23.4775390625,0,0,0,0
12,SCSB,390.8837890625,0,,0,0,1,0,1,0,0,3,0,0,0,1,0,28.73828125,0,0,0,0
12,SCSB,396.794921875,0,,1,0,1,0,1,0,0,3,0,0,0,1,0,34.6494140625,0,0,0,0
12,SCSB,402.1044921875,0,,0,0,1,0,1,0,0,3,0,0,0,0,0,39.958984375,0,0,0,0
12,SCSB,407.615234375,0,,0,0,1,0,1,0,0,3,2,0,0,0,0,45.4697265625,0,0,0,2
12,SCSB,414.177734375,0,,0,0,1,0,1,0,0,3,2,0,0,0,0,52.0322265625,0,0,0,2
12,SCSB,419.9384765625,0,,0,0,1,0,1,0,0,3,2,0,0,0,0,57.79296875,0,0,0,2
12,SCSB,426.8515625,0,,0,0,1,0,1,0,0,3,0,0,0,0,0,60.0,0,0,0,0
12,SCSB,432.712890625,0,,0,0,1,0,1,0,0,3,0,0,0,0,0,60.0,0,0,0,0
12,SCSB,438.08984375,0,,0,0,1,0,1,0,0,3,0,0,1,0,0,60.0,0,0,0,0
12,SCSB,444.4521484375,0,,0,0,1,0,1,0,0,3,0,0,1,0,0,60.0,0,0,0,0
12,SCSB,450.4970703125,0,,0,0,1,0,1,0,0,3,0,0,1,0,0,60.0,0,0,0,0
12,SCSB,456.408203125,0,,0,0,1,0,1,0,0,3,0,0,1,0,0,60.0,0,0,0,0
12,SCSB,461.568359375,0,,0,0,1,0,1,0,0,3,0,0,1,0,0,60.0,0,0,0,0
12,SCSB,466.6611328125,0,,0,0,1,0,1,0,0,3,0,0,1,0,0,60.0,0,0,0,0
12,SCSB,473.15625,0,,0,0,1,0,1,0,0,3,0,0,1,0,0,60.0,0,0,0,0
12,SCSB,479.7021484375,0,,0,0,1,0,1,0,0,3,0,0,1,0,0,60.0,0,0,0,0
12,SCSB,486.3486328125,0,,1,0,1,0,1,0,0,3,0,0,1,0,0,60.0,0,0,0,0
12,SCSB,491.5244140625,0,,0,0,1,0,1,0,2,3,0,0,1,0,0,4.55859375,0,0,2,0
12,SCSB,497.15234375,0,,0,0,1,0,1,0,2,3,0,0,1,0,0,10.1865234375,0,0,2,0
12,SCSB,502.5458984375,0,,0,0,1,0,1,0,2,3,0,1,1,1,0,15.580078125,0,0,2,1
12,SCSB,508.1064453125,0,,0,0,1,0,1,0,0,3,0,1,1,1,0,21.140625,0,0,0,1
12,SCSB,513.6171875,0,,0,0,1,0,1,0,0,3,0,1,1,1,0,26.6513671875,0,0,0,1
12,SCSB,519.51171875,0,,0,0,1,0,1,0,0,3,0,1,1,1,0,32.5458984375,0,0,0,1
12,SCSB,525.623046875,0,,0,0,1,0,1,0,0,3,0,0,1,0,0,38.6572265625,0,0,0,0
12,SCSB,531.267578125,0,,0,0,1,0,1,0,0,3,0,0,1,0,0,44.3017578125,0,0,0,0
12,SCSB,536.6103515625,0,,0,0,1,0,1,0,0,3,0,0,1,0,0,49.64453125,0,0,0,0
12,SCSB,543.0732421875,0,,0,0,1,0,1,0,0,3,0,0,1,0,0,56.107421875,0,0,0,0
12,SCSB,550.1025390625,0,,0,0,1,0,1,0,0,3,0,0,1,0,0,60.0,0,0,0,0
12,SCSB,555.24609375,0,,0,0,1,0,1,0,0,3,0,0,1,0,0,60.0,0,0,0,0
12,SCSB,560.505859375,0,,0,0,1,0,1,0,0,3,0,0,1,0,0,60.0,0,0,0,0
12,SCSB,566.9853515625,0,,0,0,1,0,1,0,0,3,0,0,1,0,0,60.0,0,0,0,0
12,SCSB,573.865234375,0,,0,0,1,0,1,0,0,3,0,0,1,0,0,60.0,0,0,0,0
12,SCSB,579.9765625,0,,1,0,1,0,1,0,0,3,0,0,1,0,0,60.0,0,0,0,0
12,SCSB,585.1025390625,0,,0,0,1,0,1,0,0,3,0,0,1,0,0,60.0,0,0,0,0
12,SCSB,590.4462890625,0,,0,0,1,0,1,0,0,3,0,0,1,0,0,60.0,0,0,0,0
12,SCSB,596.44140625,0,,0,0,1,0,1,0,0,3,0,0,1,0,0,60.0,0,0,0,0
12,SCSB,603.470703125,0,,0,0,1,0,1,0,0,3,1,0,1,0,0,60.0,0,0,0,1
12,SCSB,609.93359375,0,,0,0,1,0,1,0,0,3,1,0,1,0,0,60.0,0,0,0,1
12,SCSB,615.7109375,0,,0,0,1,0,1,0,0,3,1,0,1,0,0,60.0,0,0,0,1
12,SCSB,620.9873046875,0,,0,0,1,0,1,0,0,3,1,0,1,0,0,60.0,0,0,0,1
12,SCSB,626.1142578125,0,,0,0,1,0,1,0,0,3,0,0,1,0,0,60.0,0,0,0,0
12,SCSB,632.9267578125,0,,0,0,1,0,1,0,0,3,1,0,1,0,0,60.0,0,0,0,1
12,SCSB,638.6376953125,0,,0,0,1,0,1,0,0,3,1,0,0,0,0,60.0,0,0,0,1
12,SCSB,643.7138671875,0,,1,0,1,0,1,0,0,3,1,0,0,0,0,60.0,0,1,0,1
12,SCSB,650.2763671875,0,,0,0,1,0,1,0,0,3,0,0,0,0,0,60.0,0,0,0,0
12,SCSB,657.189453125,0,,0,0,1,0,1,0,0,3,0,0,0,0,0,60.0,0,0,0,0
12,SCSB,663.134765625,0,,1,0,1,0,1,0,0,3,0,0,0,0,0,60.0,0,0,0,0
12,SCSB,669.9638671875,0,,0,0,1,0,1,0,0,3,0,0,0,0,0,60.0,0,0,0,0
12,SCSB,675.7255859375,0,,0,0,1,0,1,0,0,3,2,0,0,0,0,60.0,0,0,0,2
12,SCSB,680.8017578125,0,,0,0,1,0,1,0,0,3,2,0,0,0,0,60.0,0,0,0,2
12,SCSB,686.1953125,0,,0,0,1,0,1,0,0,3,2,0,0,0,0,60.0,0,0,0,2
12,SCSB,691.48828125,0,,0,0,1,0,1,0,0,3,1,0,0,0,0,60.0,0,0,0,1
12,SCSB,698.451171875,0,,0,0,1,0,1,0,0,3,0,0,0,0,0,60.0,0,0,0,0
12,SCSB,704.796875,0,,0,0,1,0,1,0,0,3,0,0,1,0,0,60.0,0,0,0,0
12,SCSB,711.1591796875,0,,0,0,1,0,1,0,0,3,0,0,1,0,0,60.0,0,0,0,0
12,SCSB,717.1708984375,0,,0,0,1,0,1,0,0,3,1,0,1,1,0,60.0,0,0,0,1
12,SCSB,722.6142578125,0,,0,0,1,0,1,0,0,3,1,0,1,1,0,60.0,0,0,0,1
12,SCSB,728.408203125,0,,0,0,1,0,1,0,0,3,1,1,1,2,0,60.0,0,0,0,2
12,SCSB,734.4697265625,0,,0,0,1,0,1,0,0,3,0,1,1,1,0,60.0,0,0,0,1
12,SCSB,739.8466796875,0,,1,0,1,0,1,0,0,3,0,1,1,1,0,60.0,0,1,0,1
12,SCSB,745.7080078125,0,,0,0,1,0,1,0,0,3,0,1,1,0,0,60.0,0,0,0,1
12,SCSG,31.1396484375,0,,0,0,0,0,1,0,0,0,0,1,0,1,0,60.0,0,0,0,0
12,SCSG,37.41796875,0,,0,0,0,0,1,0,0,1,0,1,0,1,0,60.0,0,0,0,0
12,SCSG,43.98046875,0,,0,0,0,0,1,0,0,2,0,1,1,1,0,60.0,0,0,0,0
12,SCSG,50.0078125,0,,0,0,0,0,1,0,0,3,0,1,1,1,0,60.0,0,0,0,0
12,SCSG,56.7041015625,0,,0,0,0,0,1,0,0,3,0,0,1,0,0,60.0,0,0,0,0
12,SCSG,62.0810546875,0,,1,0,0,0,1,0,0,3,0,0,1,0,0,60.0,0,0,0,0
12,SCSG,68.66015625,0,,0,0,0,0,1,0,0,3,0,0,1,0,0,60.0,0,0,0,0
12,SCSG,73.76953125,0,,0,0,0,0,1,0,0,3,0,0,1,0,0,60.0,0,0,0,0
12,SCSG,80.298828125,0,,0,0,0,0,1,0,0,3,0,0,1,0,0,60.0,0,0,0,0
12,SCSG,86.3603515625,0,,0,0,0,0,1,0,0,3,0,0,1,0,0,60.0,0,0,0,0
12,SCSG,93.33984375,0,,0,0,0,0,1,0,0,3,1,0,1,0,0,60.0,0,0,0,0
12,SCSG,99.3349609375,0,,0,0,0,0,1,0,0,3,1,0,1,0,0,60.0,0,0,0,0
12,SCSG,104.978515625,0,,1,0,0,0,1,0,0,3,3,0,1,0,0,60.0,0,3,0,0
12,SCSG,111.625,0,,0,0,0,0,1,0,0,3,2,0,1,0,0,60.0,0,0,0,0
12,SCSG,117.001953125,0,,0,0,0,0,1,0,0,3,2,0,1,0,0,60.0,0,0,0,0
12,SCSG,124.0146484375,0,,0,0,0,0,1,0,0,3,1,0,1,0,0,60.0,0,0,0,0
12,SCSG,129.158203125,0,,0,0,0,0,1,0,0,3,0,0,1,0,0,60.0,0,0,0,0
12,SCSG,135.119140625,0,,0,0,0,0,1,0,0,3,0,0,1,0,0,60.0,0,0,0,0
12,SCSG,140.86328125,0,,0,0,0,0,1,0,0,3,0,0,1,0,0,60.0,0,0,0,0
12,SCSG,146.7080078125,0,,0,0,0,0,1,0,0,3,0,0,1,0,0,60.0,0,0,0,0
12,SCSG,152.4521484375,0,,0,0,0,0,1,0,0,3,0,0,1,0,0,60.0,0,0,0,0
12,SCSG,159.33203125,0,,0,0,0,0,1,0,0,3,0,0,1,0,0,60.0,0,0,0,0
12,SCSG,165.3095703125,0,,1,0,0,0,1,0,0,3,0,0,1,0,0,60.0,0,0,0,0
12,SCSG,172.33984375,0,,0,0,0,0,1,0,2,3,0,0,1,0,0,6.3291015625,0,0,0,0
12,SCSG,177.8173828125,0,,0,0,0,0,1,0,2,3,0,0,1,0,0,11.806640625,0,0,0,0
12,SCSG,184.044921875,0,,1,0,0,0,1,0,2,3,0,0,1,0,0,18.0341796875,2,0,0,0
12,SCSG,190.0234375,0,,0,0,0,0,1,0,2,3,1,0,1,0,0,5.2763671875,0,0,0,0
12,SCSG,196.552734375,0,,0,0,0,0,1,0,2,3,1,0,1,0,0,11.8056640625,0,0,0,0
12,SCSG,203.21484375,0,,1,0,0,0,1,0,2,3,2,0,1,0,0,18.4677734375,2,2,0,0
12,SCSG,209.4267578125,0,,0,0,0,0,1,0,2,3,2,0,1,0,0,5.5107421875,0,0,0,0
12,SCSG,215.1044921875,0,,0,0,0,0,1,0,2,3,2,0,1,0,0,11.1884765625,0,0,0,0
12,SCSG,221.3330078125,1,0.7841796875,1,0,0,0,1,0,2,3,2,0,1,0,0,17.4169921875,2,2,0,0
12,SCSG,228.2958984375,0,,0,0,0,0,1,0,2,2,0,0,1,0,1,6.2119140625,0,0,0,0
12,SCSG,234.5078125,0,,0,0,0,0,1,0,2,2,0,0,2,0,1,12.423828125,0,0,0,0
12,SCSG,240.1181640625,0,,1,0,0,0,1,0,2,2,1,0,1,0,1,18.0341796875,2,1,0,0
12,SCSG,245.4453125,0,,0,0,0,0,1,0,2,3,2,0,1,0,1,4.642578125,0,0,0,0
12,SCSG,251.22265625,0,,1,0,0,0,1,0,2,3,2,0,1,0,1,10.419921875,2,2,0,0
12,SCSG,257.3173828125,0,,0,0,0,0,1,0,2,3,2,0,1,1,1,16.5146484375,0,0,0,0
12,SCSG,262.443359375,0,,0,0,0,0,1,0,0,3,0,2,1,1,1,21.640625,0,0,0,0
12,SCSG,268.1708984375,0,,0,0,0,0,1,0,0,3,0,2,1,1,1,27.3681640625,0,0,0,0
12,SCSG,274.8671875,0,,0,0,0,0,1,0,0,3,0,2,1,0,1,34.064453125,0,0,0,0
12,SCSG,280.7451171875,0,,0,0,0,0,1,0,0,3,0,0,1,0,1,39.9423828125,0,0,0,0
12,SCSG,286.22265625,0,,0,0,0,0,1,0,0,3,0,0,1,0,0,45.419921875,0,0,0,0
12,SCSG,292.583984375,0,,0,0,0,0,1,0,0,3,0,0,1,0,0,51.78125,0,0,0,0
12,SCSG,297.861328125,0,,0,0,0,0,1,0,0,3,0,0,1,0,0,57.05859375,0,0,0,0
12,SCSG,304.791015625,0,,1,0,0,0,1,0,0,3,0,0,1,0,0,60.0,0,0,0,0
12,SCSG,311.236328125,0,,0,0,0,0,1,0,0,3,0,0,2,0,0,60.0,0,0,0,0
12,SCSG,316.6796875,0,,1,0,0,0,1,0,0,3,1,0,1,1,0,60.0,0,1,0,0
12,SCSG,323.54296875,0,,0,0,0,0,1,0,0,3,1,0,1,1,0,60.0,0,0,0,0
12,SCSG,329.13671875,0,,0,0,0,0,1,0,0,3,1,0,1,1,0,60.0,0,0,0,0
12,SCSG,334.8642578125,0,,1,0,0,0,1,0,0,3,1,0,1,0,0,60.0,0,1,0,0
12,SCSG,340.525390625,0,,0,0,0,0,1,0,0,3,1,0,1,0,0,60.0,0,0,0,0
12,SCSG,346.26953125,0,,0,0,0,0,1,0,0,3,2,0,1,0,0,60.0,0,0,0,0
12,SCSG,352.4638671875,0,,1,0,0,0,1,0,0,3,2,0,1,0,0,60.0,0,2,0,0
12,SCSG,358.4921875,0,,1,0,0,0,1,0,2,2,1,1,1,0,0,4.041015625,2,2,0,0
12,SCSG,363.8525390625,0,,0,0,0,0,1,0,4,2,2,1,1,0,0,4.44140625,0,0,0,0
12,SCSG,370.314453125,0,,0,0,0,0,1,0,5,1,5,1,0,1,0,1.4521484375,0,0,0,0
12,SCSG,376.927734375,0,,0,0,0,0,1,0,3,2,5,0,0,1,0,8.0654296875,0,0,0,0
12,SCSG,383.740234375,0,,0,0,0,0,1,0,1,2,3,0,0,1,0,14.8779296875,0,0,0,0
12,SCSG,390.369140625,0,,0,0,0,0,1,0,0,3,0,0,0,0,0,21.5068359375,0,0,0,0
12,SCSG,396.630859375,0,,0,0,0,0,1,0,0,3,0,0,0,0,0,27.7685546875,0,0,0,0
12,SCSG,401.7744140625,0,,0,0,0,0,1,0,0,3,2,0,0,0,0,32.912109375,0,0,0,0
12,SCSG,407.53515625,0,,0,0,0,0,1,0,0,3,2,0,0,0,0,38.6728515625,0,0,0,0
12,SCSG,412.87890625,0,,0,0,0,0,1,0,0,3,2,0,0,0,0,44.0166015625,0,0,0,0
12,SCSG,418.65625,0,,0,0,0,0,1,0,0,3,2,0,0,0,0,49.7939453125,0,0,0,0
12,SCSG,424.6005859375,0,,0,0,0,0,1,0,0,3,0,0,0,0,0,55.73828125,0,0,0,0
12,SCSG,431.5302734375,0,,0,0,0,0,1,0,0,3,0,0,1,0,0,60.0,0,0,0,0
12,SCSG,437.708984375,0,,1,0,0,0,1,0,0,3,1,0,1,0,0,60.0,0,1,0,0
12,SCSG,444.6884765625,0,,0,0,0,0,1,0,0,3,2,0,1,0,0,60.0,0,0,0,0
12,SCSG,450.6005859375,0,,0,0,0,0,1,0,0,3,2,0,1,0,0,60.0,0,0,0,0
12,SCSG,457.2626953125,0,,0,0,0,0,1,0,0,3,1,0,1,0,0,60.0,0,0,0,0
12,SCSG,462.72265625,0,,1,0,0,0,1,0,0,3,0,0,1,0,0,60.0,0,0,0,0
12,SCSG,467.8662109375,0,,1,0,0,0,1,0,0,3,0,1,1,0,0,60.0,0,1,0,0
12,SCSG,473.693359375,0,,0,0,0,0,1,0,2,3,0,1,1,0,0,5.208984375,0,0,0,0
12,SCSG,479.73828125,0,,1,0,0,0,1,0,2,3,0,1,1,0,0,11.25390625,2,1,0,0
12,SCSG,484.8984375,0,,0,0,0,0,1,0,2,3,1,1,1,0,0,16.4140625,0,0,0,0
12,SCSG,491.126953125,0,,0,0,0,0,1,0,0,3,1,0,1,0,0,22.642578125,0,0,0,0
12,SCSG,496.3701171875,0,,0,0,0,0,1,0,0,3,1,0,1,0,0,27.8857421875,0,0,0,0
12,SCSG,501.580078125,0,,0,0,0,0,1,0,0,3,1,0,1,0,0,33.095703125,0,0,0,0
12,SCSG,508.2255859375,0,,0,0,0,0,1,0,0,3,0,0,1,0,0,39.7412109375,0,0,0,0
12,SCSG,514.521484375,0,,0,0,0,0,1,0,0,3,0,0,1,0,0,46.037109375,0,0,0,0
12,SCSG,520.0478515625,0,,0,0,0,0,1,0,0,3,0,1,1,0,0,51.5634765625,0,0,0,0
12,SCSG,526.34375,0,,0,0,0,0,1,0,0,3,0,1,1,2,0,57.859375,0,0,0,0
12,SCSG,531.8203125,0,,0,0,0,0,1,0,0,3,0,1,2,3,0,60.0,0,0,0,0
12,SCSG,537.9658203125,0,,0,0,0,0,1,0,0,3,0,0,1,3,0,60.0,0,0,0,0
12,SCSG,544.5615234375,0,,0,0,0,0,1,0,0,3,1,0,1,2,0,60.0,0,0,0,0
12,SCSG,550.572265625,0,,0,0,0,0,1,0,0,3,1,0,0,0,0,60.0,0,0,0,0
12,SCSG,556.701171875,0,,1,0,0,0,1,0,0,3,1,0,1,0,0,60.0,0,1,0,0
12,SCSG,562.9462890625,0,,0,0,0,0,1,0,0,3,0,0,1,0,0,60.0,0,0,0,0
12,SCSG,568.8076171875,0,,0,0,0,0,1,0,0,3,0,0,1,0,0,60.0,0,0,0,0
12,SCSG,575.8369140625,0,,0,0,0,0,1,0,0,3,0,0,1,0,0,60.0,0,0,0,0
12,SCSG,581.431640625,0,,0,0,0,0,1,0,0,3,0,0,1,0,0,60.0,0,0,0,0
12,SCSG,588.1435546875,0,,0,0,0,0,1,0,0,3,0,0,1,0,0,60.0,0,0,0,0
12,SCSG,594.9736328125,0,,0,0,0,0,1,0,0,3,0,0,1,0,0,60.0,0,0,0,0
12,SCSG,601.953125,0,,1,0,0,0,1,0,0,3,0,0,1,0,0,60.0,0,0,0,0
12,SCSG,607.0458984375,1,1.0361328125,1,0,0,0,1,0,0,3,0,0,1,0,0,60.0,0,0,0,0
12,SCSG,612.6572265625,0,,0,0,0,0,1,0,2,3,0,0,1,0,1,4.92578125,0,0,0,0
12,SCSG,618.66796875,0,,0,0,0,0,1,0,2,3,1,0,1,0,1,10.9365234375,0,0,0,0
12,SCSG,624.8798828125,0,,0,0,0,0,1,0,4,3,2,0,1,1,1,5.560546875,0,0,0,0
12,SCSG,631.42578125,0,,0,0,0,0,1,0,2,3,2,0,0,1,1,12.1064453125,0,0,0,0
12,SCSG,637.8212890625,0,,0,0,0,0,1,0,2,3,1,0,0,1,1,18.501953125,0,0,0,0
12,SCSG,643.1650390625,0,,0,0,0,0,1,0,0,3,1,0,0,1,1,23.845703125,0,0,0,0
12,SCSG,648.3076171875,0,,0,0,0,0,1,0,0,3,0,0,0,0,1,28.98828125,0,0,0,0
12,SCSG,653.3671875,0,,0,0,0,0,1,0,0,3,0,0,0,0,1,34.0478515625,0,0,0,0
12,SCSG,658.861328125,0,,0,0,0,0,1,0,0,3,0,0,0,0,1,39.5419921875,0,0,0,0
12,SCSG,665.8740234375,0,,0,0,0,0,1,0,0,3,2,1,0,0,1,46.5546875,0,0,0,0
12,SCSG,672.3203125,0,,1,0,0,0,1,0,0,3,2,1,0,0,0,53.0009765625,0,3,0,0
12,SCSG,678.765625,0,,0,0,0,0,1,0,0,3,2,1,0,0,0,59.4462890625,0,0,0,0
12,SCSG,683.9921875,0,,0,0,0,0,1,0,0,3,2,0,0,0,0,60.0,0,0,0,0
12,SCSG,689.7529296875,0,,0,0,0,0,1,0,0,3,0,0,0,0,0,60.0,0,0,0,0
12,SCSG,696.548828125,0,,0,0,0,0,1,0,0,3,0,1,0,0,0,60.0,0,0,0,0
12,SCSG,703.1279296875,0,,0,0,0,0,1,0,0,3,0,1,1,0,0,60.0,0,0,0,0
12,SCSG,709.890625,0,,0,0,0,0,1,0,0,3,0,1,1,0,0,60.0,0,0,0,0
12,SCSG,715.4853515625,0,,0,0,0,0,1,0,0,3,0,0,1,0,0,60.0,0,0,0,0
12,SCSG,720.912109375,0,,0,0,0,0,1,0,0,3,0,0,1,0,0,60.0,0,0,0,0
12,SCSG,726.5556640625,0,,0,0,0,0,1,0,0,3,0,0,1,0,0,60.0,0,0,0,0
12,SCSG,732.951171875,0,,1,0,0,0,1,0,0,3,1,0,1,0,0,60.0,0,1,0,0
12,SCSG,738.9794921875,0,,0,0,0,0,1,0,2,3,1,0,1,0,0,5.3603515625,0,0,0,0
13,SCFB,34.208984375,0,,0,0,1,1,0,0,0,0,0,2,0,0,0,60.0,0,0,0,2
13,SCFB,41.0869140625,0,,0,0,1,1,0,0,1,1,1,4,1,1,0,6.1259765625,0,0,1,5
13,SCFB,47.748046875,0,,0,0,1,1,0,0,1,2,1,4,1,1,0,12.787109375,0,0,1,5
13,SCFB,54.19140625,0,,0,0,1,1,0,0,1,3,1,2,1,1,0,19.23046875,0,0,1,3
13,SCFB,60.1845703125,0,,0,0,1,1,0,0,0,3,1,0,1,0,0,25.2236328125,0,0,0,1
13,SCFB,65.7763671875,0,,0,0,1,1,0,0,0,3,1,0,1,0,0,30.8154296875,0,0,0,1
13,SCFB,71.0185546875,0,,0,0,1,1,0,0,0,3,2,0,1,0,0,36.0576171875,0,0,0,2
13,SCFB,76.84375,0,,0,0,1,1,0,0,0,3,2,0,1,0,0,41.8828125,0,0,0,2
13,SCFB,83.48828125,0,,0,0,1,1,0,0,0,3,2,0,1,0,0,48.52734375,0,0,0,2
13,SCFB,88.8134765625,0,,0,0,1,1,0,0,0,3,0,0,1,0,0,53.8525390625,0,0,0,0
13,SCFB,95.0234375,0,,0,0,1,1,0,0,0,3,2,0,1,0,0,60.0,0,0,0,2
13,SCFB,100.58203125,0,,0,0,1,1,0,0,0,3,4,0,1,1,0,60.0,0,0,0,4
13,SCFB,107.2431640625,0,,0,0,1,1,0,0,0,3,4,0,1,1,0,60.0,0,0,0,4
13,SCFB,113.7861328125,0,,0,0,1,1,0,0,0,3,3,0,1,1,0,60.0,0,0,0,3
13,SCFB,119.26171875,0,,0,0,1,1,0,0,0,3,2,0,1,1,0,60.0,0,0,0,2
13,SCFB,126.2734375,0,,0,0,1,1,0,0,0,3,3,1,1,1,0,60.0,0,0,0,4
13,SCFB,131.9658203125,0,,1,0,1,1,0,0,1,2,2,3,1,2,0,0.6845703125,1,5,1,5
13,SCFB,137.3408203125,0,,0,0,1,1,0,0,3,1,2,4,2,1,0,4.056640625,0,0,3,6
13,SCFB,142.5830078125,0,,1,0,1,1,0,0,3,1,0,4,1,1,0,9.298828125,3,4,3,4
13,SCFB,147.8408203125,0,,0,0,1,1,0,0,3,2,0,2,1,0,0,14.556640625,0,0,3,2
13,SCFB,154.634765625,0,,0,0,1,1,0,0,2,2,0,0,1,0,0,6.0263671875,0,0,2,0
13,SCFB,161.5625,0,,0,0,1,1,0,0,2,2,1,0,1,2,0,12.9541015625,0,0,2,1
13,SCFB,167.572265625,0,,0,0,1,1,0,0,2,2,2,0,1,2,0,18.9638671875,0,0,2,2
13,SCFB,172.697265625,0,,0,0,1,1,0,0,0,3,2,0,1,2,0,24.0888671875,0,0,0,2
13,SCFB,178.923828125,0,,0,0,1,1,0,0,0,3,2,0,1,2,0,30.3154296875,0,0,0,2
13,SCFB,185.05078125,0,,0,0,1,1,0,0,0,3,0,0,1,1,0,36.4423828125,0,0,0,0
13,SCFB,190.6923828125,0,,0,0,1,1,0,0,0,3,1,0,1,1,0,42.083984375,0,0,0,1
13,SCFB,196.5185546875,0,,1,0,1,1,0,0,1,3,1,0,1,1,0,2.2197265625,1,1,1,1
13,SCFB,202.427734375,0,,0,0,1,1,0,0,3,3,1,0,1,1,0,5.291015625,0,0,3,1
13,SCFB,207.787109375,0,,0,0,1,1,0,0,3,3,1,0,1,1,0,10.650390625,0,0,3,1
13,SCFB,214.78125,0,,0,0,1,1,0,0,2,3,0,0,1,0,0,17.64453125,0,0,2,0
13,SCFB,221.8095703125,0,,0,0,1,1,0,0,0,3,0,0,1,0,0,24.6728515625,0,0,0,0
13,SCFB,227.4677734375,0,,0,0,1,1,0,0,0,3,0,0,1,0,0,30.3310546875,0,0,0,0
13,SCFB,233.0107421875,0,,0,0,1,1,0,0,0,3,0,0,1,0,0,35.8740234375,0,0,0,0
13,SCFB,238.919921875,0,,0,0,1,1,0,0,0,3,0,0,1,0,0,41.783203125,0,0,0,0
13,SCFB,245.9306640625,0,,0,0,1,1,0,0,0,3,1,0,1,0,0,48.7939453125,0,0,0,1
13,SCFB,252.3583984375,0,,1,0,1,1,0,0,0,3,1,0,1,1,0,55.2216796875,0,1,0,1
13,SCFB,258.18359375,0,,0,0,1,1,0,0,2,3,1,0,1,1,0,5.341796875,0,0,2,1
13,SCFB,264.6943359375,0,,0,0,1,1,0,0,2,3,0,0,1,1,0,11.8525390625,0,0,2,0
13,SCFB,271.4384765625,0,,0,0,1,1,0,0,2,3,0,0,1,0,0,18.5966796875,0,0,2,0
13,SCFB,277.681640625,0,,0,0,1,1,0,0,0,3,0,0,1,0,0,24.83984375,0,0,0,0
13,SCFB,282.740234375,0,,0,0,1,1,0,0,0,3,0,0,1,0,0,29.8984375,0,0,0,0
13,SCFB,288.8330078125,0,,0,0,1,1,0,0,0,3,0,0,1,1,0,35.9912109375,0,0,0,0
13,SCFB,294.275390625,0,,1,0,1,1,0,0,0,3,0,0,0,1,0,41.43359375,0,0,0,0
13,SCFB,300.6181640625,0,,0,0,1,1,0,0,2,3,0,0,1,1,0,5.826171875,0,0,2,0
13,SCFB,306.2939453125,0,,0,0,1,1,0,0,2,3,0,0,1,0,0,11.501953125,0,0,2,0
13,SCFB,313.2890625,0,,0,0,1,1,0,0,2,3,0,0,1,1,0,18.4970703125,0,0,2,0
13,SCFB,318.880859375,0,,0,0,1,1,0,0,0,3,2,0,1,2,0,24.0888671875,0,0,0,2
13,SCFB,324.490234375,0,,0,0,1,1,0,0,0,3,2,0,1,3,0,29.6982421875,0,0,0,2
13,SCFB,330.08203125,0,,0,0,1,1,0,0,0,3,2,0,1,3,0,35.2900390625,0,0,0,2
13,SCFB,336.3251953125,0,,0,0,1,1,0,0,0,3,1,0,1,1,0,41.533203125,0,0,0,1
13,SCFB,342.5859375,0,,0,0,1,1,0,0,0,3,0,0,1,1,0,47.7939453125,0,0,0,0
13,SCFB,348.76171875,0,,1,0,1,1,0,0,0,3,1,0,1,0,0,53.9697265625,0,1,0,1
13,SCFB,355.7568359375,0,,0,0,1,1,0,0,0,3,1,0,1,0,0,60.0,0,0,0,1
13,SCFB,361.6162109375,0,,0,0,1,1,0,0,0,3,1,0,1,0,0,60.0,0,0,0,1
13,SCFB,367.892578125,0,,0,0,1,1,0,0,0,3,0,0,1,0,0,60.0,0,0,0,0
13,SCFB,374.853515625,0,,0,0,1,1,0,0,0,3,0,0,1,0,0,60.0,0,0,0,0
13,SCFB,380.0615234375,0,,0,0,1,1,0,0,0,3,3,0,1,0,0,60.0,0,0,0,3
13,SCFB,386.5390625,0,,0,0,1,1,0,0,0,3,5,1,1,1,0,60.0,0,0,0,6
13,SCFB,392.8154296875,0,,0,0,1,1,0,0,0,3,6,1,1,1,0,60.0,0,0,0,7
13,SCFB,398.6083984375,0,,0,0,1,1,0,0,0,3,6,1,0,1,0,60.0,0,0,0,7
13,SCFB,404.634765625,0,,0,0,1,1,0,0,0,3,1,0,0,0,0,60.0,0,0,0,1
13,SCFB,410.259765625,0,,0,0,1,1,0,0,0,3,1,0,0,0,0,60.0,0,0,0,1
13,SCFB,416.8544921875,0,,0,0,1,1,0,0,0,3,0,0,0,0,0,60.0,0,0,0,0
13,SCFB,423.765625,0,,1,0,1,1,0,0,0,3,0,0,0,0,0,60.0,0,0,0,0
13,SCFB,430.1416015625,0,,0,0,1,1,0,0,2,3,0,0,0,0,0,5.6923828125,0,0,2,0
13,SCFB,436.2021484375,0,,0,0,1,1,0,0,2,3,0,0,0,0,0,11.7529296875,0,0,2,0
13,SCFB,441.4599609375,0,,0,0,1,1,0,0,2,3,0,0,0,0,0,17.0107421875,0,0,2,0
13,SCFB,447.88671875,0,,1,0,1,1,0,0,0,3,0,0,0,1,0,23.4375,0,0,0,0
13,SCFB,454.5146484375,0,,0,0,1,1,0,0,0,3,0,0,1,1,0,30.0654296875,0,0,0,0
13,SCFB,460.3740234375,0,,0,0,1,1,0,0,0,3,0,0,1,1,0,35.9248046875,0,0,0,0
13,SCFB,465.83203125,0,,0,0,1,1,0,0,0,3,0,0,1,1,0,41.3828125,0,0,0,0
13,SCFB,471.3916015625,0,,0,0,1,1,0,0,0,3,0,0,1,0,0,46.9423828125,0,0,0,0
13,SCFB,476.9833984375,0,,0,0,1,1,0,0,0,3,0,0,1,1,0,52.5341796875,0,0,0,0
13,SCFB,483.0263671875,0,,1,0,1,1,0,0,0,3,0,0,1,1,0,58.5771484375,0,0,0,0
13,SCFB,489.2861328125,0,,0,0,1,1,0,0,0,3,0,0,1,1,0,60.0,0,0,0,0
13,SCFB,495.1962890625,0,,1,0,1,1,0,0,0,3,0,0,1,1,0,60.0,0,0,0,0
13,SCFB,501.7734375,0,,0,0,1,1,0,0,0,3,0,0,1,0,0,60.0,0,0,0,0
13,SCFB,508.3671875,0,,0,0,1,1,0,0,0,3,0,0,1,0,0,60.0,0,0,0,0
13,SCFB,515.0615234375,0,,0,0,1,1,0,0,0,3,0,0,1,0,0,60.0,0,0,0,0
13,SCFB,520.9033203125,0,,0,0,1,1,0,0,0,3,1,0,1,0,0,60.0,0,0,0,1
13,SCFB,526.830078125,0,,0,0,1,1,0,0,0,3,2,0,1,0,0,60.0,0,0,0,2
13,SCFB,532.5390625,0,,0,0,1,1,0,0,0,3,2,0,0,1,0,60.0,0,0,0,2
13,SCFB,537.73046875,0,,0,0,1,1,0,0,0,3,2,0,1,1,0,60.0,0,0,0,2
13,SCFB,544.357421875,0,,0,0,1,1,0,0,0,3,1,0,1,2,0,60.0,0,0,0,1
13,SCFB,550.3671875,0,,0,0,1,1,0,0,0,3,2,0,1,1,0,60.0,0,0,0,2
13,SCFB,556.6943359375,0,,0,0,1,1,0,0,0,3,2,0,1,1,0,60.0,0,0,0,2
13,SCFB,562.3701171875,0,,0,0,1,1,0,0,0,3,1,0,1,0,0,60.0,0,0,0,1
13,SCFB,568.0458984375,0,,0,0,1,1,0,0,0,3,0,0,1,0,0,60.0,0,0,0,0
13,SCFB,574.9404296875,0,,0,0,1,1,0,0,0,3,0,0,1,0,0,60.0,0,0,0,0
13,SCFB,580.3818359375,0,,0,0,1,1,0,0,0,3,0,0,1,0,0,60.0,0,0,0,0
13,SCFB,586.07421875,0,,0,0,1,1,0,0,0,3,0,0,1,0,0,60.0,0,0,0,0
13,SCFB,592.451171875,0,,0,0,1,1,0,0,0,3,0,0,2,0,0,60.0,0,0,0,0
13,SCFB,597.9267578125,0,,0,0,1,1,0,0,0,3,0,0,1,0,0,60.0,0,0,0,0
13,SCFB,603.9365234375,0,,0,0,1,1,0,0,0,3,0,0,1,0,0,60.0,0,0,0,0
13,SCFB,610.8310546875,0,,0,0,1,1,0,0,0,3,0,0,1,0,0,60.0,0,0,0,0
13,SCFB,616.6396484375,0,,0,0,1,1,0,0,0,3,0,0,1,0,0,60.0,0,0,0,0
13,SCFB,622.9501953125,0,,0,0,1,1,0,0,0,3,1,0,1,0,0,60.0,0,0,0,1
13,SCFB,629.9111328125,0,,1,0,1,1,0,0,0,3,1,0,1,1,0,60.0,0,1,0,1
13,SCFB,636.1875,0,,0,0,1,1,0,0,2,3,1,0,1,1,0,5.67578125,0,0,2,1
13,SCFB,641.8134765625,0,,0,0,1,1,0,0,2,3,0,0,1,1,0,11.3017578125,0,0,2,0
13,SCFB,647.95703125,0,,0,0,1,1,0,0,2,3,2,0,1,1,0,17.4453125,0,0,2,2
13,SCFB,654.0,0,,0,0,1,1,0,0,0,3,4,0,0,1,0,23.48828125,0,0,0,4
13,SCFB,660.810546875,0,,0,0,1,1,0,0,0,3,4,0,0,1,0,30.298828125,0,0,0,4
13,SCFB,667.103515625,0,,0,0,1,1,0,0,0,3,2,0,0,0,0,36.591796875,0,0,0,2
13,SCFB,672.5625,0,,0,0,1,1,0,0,0,3,0,0,0,0,0,42.05078125,0,0,0,0
13,SCFB,678.2216796875,0,,0,0,1,1,0,0,0,3,0,0,0,0,0,47.7099609375,0,0,0,0
13,SCFB,683.546875,0,,1,0,1,1,0,0,0,3,0,0,0,0,0,53.03515625,0,0,0,0
13,SCFB,689.95703125,0,,0,0,1,1,0,0,0,3,5,0,0,0,0,59.4453125,0,0,0,5
13,SCFB,695.2158203125,0,,0,0,1,1,0,0,0,3,5,0,0,0,0,60.0,0,0,0,5
13,SCFB,701.7421875,0,,1,0,1,1,0,0,0,3,5,0,0,0,0,60.0,0,5,0,5
13,SCFB,707.7021484375,0,,0,0,1,1,0,0,0,3,3,0,0,0,0,60.0,0,0,0,3
13,SCFB,713.3779296875,0,,0,0,1,1,0,0,0,3,1,0,0,0,0,60.0,0,0,0,1
13,SCFB,718.6865234375,0,,0,0,1,1,0,0,0,3,1,1,0,1,0,60.0,0,0,0,2
13,SCFB,725.6806640625,0,,0,0,1,1,0,0,0,3,1,2,1,1,0,60.0,0,0,0,3
13,SCFB,732.4921875,0,,0,0,1,1,0,0,0,3,3,2,1,2,0,60.0,0,0,0,5
13,SCFB,738.3681640625,0,,0,0,1,1,0,0,3,3,3,1,1,1,0,4.908203125,0,0,3,4
13,SCFB,745.3125,0,,0,0,1,1,0,0,3,3,2,0,1,1,0,11.8525390625,0,0,3,2
13,SCFB,751.8564453125,0,,0,0,1,1,0,0,3,3,0,0,1,1,0,18.396484375,0,0,3,0
13,SCFB,757.732421875,0,,0,0,1,1,0,0,0,3,0,0,1,1,0,24.2724609375,0,0,0,0
13,SCFB,763.3408203125,0,,0,0,1,1,0,0,0,3,1,0,1,1,0,29.880859375,0,0,0,1
13,SCFG,33.271484375,0,,0,0,0,1,0,0,0,0,0,1,0,0,0,60.0,0,0,0,0
13,SCFG,40.166015625,0,,0,0,0,1,0,0,0,1,0,3,1,0,0,60.0,0,0,0,0
13,SCFG,46.8603515625,0,,0,0,0,1,0,0,0,2,1,4,1,1,0,60.0,0,0,0,0
13,SCFG,52.4853515625,0,,0,0,0,1,0,0,1,3,1,3,1,1,0,4.890625,0,0,0,0
13,SCFG,58.2783203125,0,,0,0,0,1,0,0,1,3,1,1,1,1,0,10.68359375,0,0,0,0
13,SCFG,63.5537109375,0,,0,0,0,1,0,0,1,3,1,0,1,1,0,15.958984375,0,0,0,0
13,SCFG,68.6455078125,0,,0,0,0,1,0,0,0,3,1,0,1,0,0,21.05078125,0,0,0,0
13,SCFG,73.6865234375,0,,1,0,0,1,0,0,0,3,2,0,1,0,0,26.091796875,0,2,0,0
13,SCFG,79.37890625,0,,0,0,0,1,0,0,2,3,2,0,1,0,0,5.158203125,0,0,0,0
13,SCFG,85.0048828125,0,,0,0,0,1,0,0,2,3,2,0,1,0,0,10.7841796875,0,0,0,0
13,SCFG,91.798828125,0,,1,0,0,1,0,0,2,3,0,0,1,0,0,17.578125,2,0,0,0
13,SCFG,96.857421875,0,,0,0,0,1,0,0,0,3,0,0,1,0,0,22.63671875,0,0,0,0
13,SCFG,103.66796875,0,,0,0,0,1,0,0,0,3,0,0,1,0,0,29.447265625,0,0,0,0
13,SCFG,110.4453125,0,,1,0,0,1,0,0,0,3,0,0,1,0,0,36.224609375,0,0,0,0
13,SCFG,116.939453125,0,,0,0,0,1,0,0,2,3,0,0,1,0,0,5.859375,0,0,0,0
13,SCFG,123.6669921875,0,,0,0,0,1,0,0,2,3,0,0,1,0,0,12.5869140625,0,0,0,0
13,SCFG,129.4755859375,0,,0,0,0,1,0,0,2,3,2,0,1,0,0,18.3955078125,0,0,0,0
13,SCFG,135.4853515625,0,,0,0,0,1,0,0,0,3,2,0,1,0,0,24.4052734375,0,0,0,0
13,SCFG,142.1298828125,0,,0,0,0,1,0,0,0,3,2,0,1,0,0,31.0498046875,0,0,0,0
13,SCFG,148.95703125,0,,0,0,0,1,0,0,0,3,1,0,1,0,0,37.876953125,0,0,0,0
13,SCFG,154.849609375,0,,0,0,0,1,0,0,0,3,0,0,1,0,0,43.76953125,0,0,0,0
13,SCFG,159.9580078125,0,,0,0,0,1,0,0,0,3,0,0,1,1,0,48.8779296875,0,0,0,0
13,SCFG,166.318359375,0,,0,0,0,1,0,0,0,3,0,0,1,1,0,55.23828125,0,0,0,0
13,SCFG,173.1962890625,0,,0,0,0,1,0,0,0,3,0,0,1,2,0,60.0,0,0,0,0
13,SCFG,179.9404296875,0,,0,0,0,1,0,0,0,3,0,0,1,1,0,60.0,0,0,0,0
13,SCFG,186.43359375,0,,0,0,0,1,0,0,0,3,1,0,1,0,0,60.0,0,0,0,0
13,SCFG,193.4453125,0,,0,0,0,1,0,0,0,3,1,0,1,0,0,60.0,0,0,0,0
13,SCFG,200.3564453125,0,,0,0,0,1,0,0,0,3,1,0,1,0,0,60.0,0,0,0,0
13,SCFG,206.19921875,0,,0,0,0,1,0,0,0,3,0,0,1,0,0,60.0,0,0,0,0
13,SCFG,213.16015625,0,,0,0,0,1,0,0,0,3,0,0,1,0,0,60.0,0,0,0,0
13,SCFG,218.3515625,0,,0,0,0,1,0,0,0,3,0,0,1,0,0,60.0,0,0,0,0
13,SCFG,223.4765625,0,,0,0,0,1,0,0,0,3,1,0,1,0,0,60.0,0,0,0,0
13,SCFG,229.0859375,0,,1,0,0,1,0,0,0,3,2,0,1,0,0,60.0,0,2,0,0
13,SCFG,234.5615234375,0,,0,0,0,1,0,0,0,3,2,0,1,0,0,60.0,0,0,0,0
13,SCFG,241.021484375,0,,1,0,0,1,0,0,0,3,2,0,1,0,0,60.0,0,2,0,0
13,SCFG,247.365234375,0,,0,0,0,1,0,0,0,3,1,0,1,0,0,60.0,0,0,0,0
13,SCFG,253.107421875,0,,0,0,0,1,0,0,0,3,1,0,1,0,0,60.0,0,0,0,0
13,SCFG,259.6015625,0,,0,0,0,1,0,0,0,3,1,0,1,0,0,60.0,0,0,0,0
13,SCFG,266.111328125,0,,0,0,0,1,0,0,0,3,0,0,1,0,0,60.0,0,0,0,0
13,SCFG,272.388671875,0,,1,0,0,1,0,0,0,3,0,0,1,0,0,60.0,0,0,0,0
13,SCFG,277.9970703125,0,,0,0,0,1,0,0,0,3,0,0,1,0,0,60.0,0,0,0,0
13,SCFG,283.4892578125,0,,0,0,0,1,0,0,0,3,0,0,1,0,0,60.0,0,0,0,0
13,SCFG,290.4677734375,0,,1,0,0,1,0,0,0,3,0,0,1,0,0,60.0,0,0,0,0
13,SCFG,297.044921875,0,,0,0,0,1,0,0,0,3,0,0,1,0,0,60.0,0,0,0,0
13,SCFG,302.7705078125,0,,0,0,0,1,0,0,0,3,0,0,1,0,0,60.0,0,0,0,0
13,SCFG,308.5458984375,0,,0,0,0,1,0,0,0,3,0,0,1,0,0,60.0,0,0,0,0
13,SCFG,315.3408203125,0,,0,0,0,1,0,0,0,3,0,0,1,0,0,60.0,0,0,0,0
13,SCFG,321.1328125,0,,0,0,0,1,0,0,0,3,1,0,1,0,0,60.0,0,0,0,0
13,SCFG,326.30859375,0,,1,0,0,1,0,0,0,3,1,0,1,0,0,60.0,0,1,0,0
13,SCFG,332.1005859375,0,,1,0,0,1,0,0,0,3,1,0,1,0,0,60.0,0,1,0,0
13,SCFG,338.27734375,0,,0,0,0,1,0,0,0,3,1,0,1,0,0,60.0,0,0,0,0
13,SCFG,343.3857421875,0,,0,0,0,1,0,0,0,3,0,0,1,0,0,60.0,0,0,0,0
13,SCFG,349.7119140625,0,,0,0,0,1,0,0,0,3,0,0,1,0,0,60.0,0,0,0,0
13,SCFG,355.271484375,0,,0,0,0,1,0,0,0,3,0,0,1,0,0,60.0,0,0,0,0
13,SCFG,361.2646484375,0,,0,0,0,1,0,0,0,3,0,0,1,0,0,60.0,0,0,0,0
13,SCFG,367.08984375,0,,0,0,0,1,0,0,0,3,0,0,1,0,0,60.0,0,0,0,0
13,SCFG,372.482421875,0,,0,0,0,1,0,0,0,3,2,0,0,0,0,60.0,0,0,0,0
13,SCFG,378.0078125,0,,1,0,0,1,0,0,0,3,3,0,0,0,0,60.0,0,3,0,0
13,SCFG,384.017578125,0,,0,0,0,1,0,0,2,3,5,0,0,0,0,5.4091796875,0,0,0,0
13,SCFG,389.826171875,0,,0,0,0,1,0,0,2,3,4,0,0,0,0,11.2177734375,0,0,0,0
13,SCFG,396.0869140625,0,,0,0,0,1,0,0,2,3,3,0,0,0,0,17.478515625,0,0,0,0
13,SCFG,402.8310546875,0,,0,0,0,1,0,0,0,3,2,0,0,0,0,24.22265625,0,0,0,0
13,SCFG,409.2080078125,0,,0,0,0,1,0,0,0,3,3,0,0,1,0,30.599609375,0,0,0,0
13,SCFG,414.8330078125,0,,0,0,0,1,0,0,0,3,4,0,0,1,0,36.224609375,0,0,0,0
13,SCFG,421.0263671875,0,,0,0,0,1,0,0,0,3,4,0,0,1,0,42.41796875,0,0,0,0
13,SCFG,426.3515625,0,,0,0,0,1,0,0,0,3,4,0,0,1,0,47.7431640625,0,0,0,0
13,SCFG,432.294921875,0,,0,0,0,1,0,0,0,3,2,0,0,0,0,53.6865234375,0,0,0,0
13,SCFG,437.919921875,0,,0,0,0,1,0,0,0,3,0,0,0,0,0,59.3115234375,0,0,0,0
13,SCFG,444.681640625,0,,0,0,0,1,0,0,0,3,0,0,1,1,0,60.0,0,0,0,0
13,SCFG,450.908203125,0,,0,0,0,1,0,0,0,3,1,0,1,1,0,60.0,0,0,0,0
13,SCFG,456.900390625,0,,0,0,0,1,0,0,0,3,1,0,1,1,0,60.0,0,0,0,0
13,SCFG,463.578125,0,,0,0,0,1,0,0,0,3,1,0,1,0,0,60.0,0,0,0,0
13,SCFG,470.388671875,0,,1,0,0,1,0,0,0,3,0,0,1,0,0,60.0,0,0,0,0
13,SCFG,475.7978515625,0,,0,0,0,1,0,0,0,3,0,0,1,0,0,60.0,0,0,0,0
13,SCFG,482.408203125,0,,0,0,0,1,0,0,0,3,0,0,1,0,0,60.0,0,0,0,0
13,SCFG,488.318359375,0,,0,0,0,1,0,0,0,3,1,0,1,0,0,60.0,0,0,0,0
13,SCFG,494.728515625,0,,0,0,0,1,0,0,0,3,1,0,1,0,0,60.0,0,0,0,0
13,SCFG,499.9697265625,0,,0,0,0,1,0,0,0,3,1,0,1,1,0,60.0,0,0,0,0
13,SCFG,506.6142578125,0,,0,0,0,1,0,0,0,3,1,0,1,1,0,60.0,0,0,0,0
13,SCFG,512.70703125,0,,0,0,0,1,0,0,0,3,0,0,1,2,0,60.0,0,0,0,0
13,SCFG,519.66796875,0,,0,0,0,1,0,0,0,3,0,0,1,1,0,60.0,0,0,0,0
13,SCFG,525.9453125,0,,0,0,0,1,0,0,0,3,0,0,1,1,0,60.0,0,0,0,0
13,SCFG,532.0380859375,0,,0,0,0,1,0,0,0,3,0,0,1,0,0,60.0,0,0,0,0
13,SCFG,538.09765625,0,,1,0,0,1,0,0,0,3,0,0,1,0,0,60.0,0,0,0,0
13,SCFG,544.4912109375,0,,0,0,0,1,0,0,0,3,0,0,1,0,0,60.0,0,0,0,0
13,SCFG,550.8017578125,0,,0,0,0,1,0,0,0,3,1,0,1,0,0,60.0,0,0,0,0
13,SCFG,557.0947265625,0,,0,0,0,1,0,0,0,3,1,0,1,0,0,60.0,0,0,0,0
13,SCFG,563.7724609375,0,,0,0,0,1,0,0,0,3,1,0,1,0,0,60.0,0,0,0,0
13,SCFG,570.08203125,0,,0,0,0,1,0,0,0,3,0,0,1,0,0,60.0,0,0,0,0
13,SCFG,575.875,0,,0,0,0,1,0,0,0,3,0,0,1,0,0,60.0,0,0,0,0
13,SCFG,582.3681640625,0,,0,0,0,1,0,0,2,3,1,0,1,0,0,5.7587890625,0,0,0,0
13,SCFG,588.2451171875,0,,0,0,0,1,0,0,2,3,2,0,1,0,0,11.6357421875,0,0,0,0
13,SCFG,594.6220703125,0,,0,0,0,1,0,0,2,3,2,0,1,0,0,18.0126953125,0,0,0,0
13,SCFG,601.1650390625,0,,0,0,0,1,0,0,0,3,1,0,1,0,0,24.5556640625,0,0,0,0
13,SCFG,607.2255859375,0,,0,0,0,1,0,0,0,3,1,0,1,0,0,30.6162109375,0,0,0,0
13,SCFG,612.583984375,0,,1,0,0,1,0,0,0,3,1,0,1,0,0,35.974609375,0,1,0,0
13,SCFG,619.177734375,0,,1,0,0,1,0,0,0,3,1,0,1,0,0,42.568359375,0,1,0,0
13,SCFG,625.98828125,0,,0,0,0,1,0,0,2,2,0,0,1,0,0,6.142578125,0,0,0,0
13,SCFG,631.23046875,0,,1,0,0,1,0,0,2,2,0,0,1,0,0,11.384765625,2,0,0,0
13,SCFG,637.4736328125,0,,0,0,0,1,0,0,4,1,1,0,0,1,0,5.458984375,0,0,0,0
13,SCFG,644.267578125,0,,0,0,0,1,0,0,2,2,2,0,0,1,0,12.2529296875,0,0,0,0
13,SCFG,649.8603515625,0,,0,0,0,1,0,0,2,2,2,0,0,1,0,17.845703125,0,0,0,0
13,SCFG,655.4189453125,0,,1,0,0,1,0,0,0,3,2,0,0,0,0,23.404296875,0,2,0,0
13,SCFG,661.74609375,0,,0,0,0,1,0,0,0,3,0,0,0,0,0,29.7314453125,0,0,0,0
13,SCFG,667.8720703125,0,,0,0,0,1,0,0,0,3,0,0,0,0,0,35.857421875,0,0,0,0
13,SCFG,673.2138671875,0,,0,0,0,1,0,0,0,3,0,0,0,0,0,41.19921875,0,0,0,0
13,SCFG,679.8916015625,0,,1,0,0,1,0,0,0,3,0,0,0,0,0,47.876953125,0,0,0,0
13,SCFG,686.318359375,0,,0,0,0,1,0,0,0,3,2,0,0,0,0,54.3037109375,0,0,0,0
13,SCFG,691.9609375,0,,0,0,0,1,0,0,0,3,2,0,0,0,0,59.9462890625,0,0,0,0
13,SCFG,697.904296875,0,,0,0,0,1,0,0,0,3,2,0,0,0,0,60.0,0,0,0,0
13,SCFG,704.8154296875,0,,0,0,0,1,0,0,0,3,0,0,1,0,0,60.0,0,0,0,0
13,SCFG,711.158203125,0,,0,0,0,1,0,0,0,3,0,0,1,1,0,60.0,0,0,0,0
13,SCFG,718.1025390625,0,,0,0,0,1,0,0,0,3,0,0,1,1,0,60.0,0,0,0,0
13,SCFG,723.2109375,0,,0,0,0,1,0,0,0,3,0,0,1,1,0,60.0,0,0,0,0
13,SCFG,729.521484375,0,,0,0,0,1,0,0,0,3,0,0,1,0,0,60.0,0,0,0,0
13,SCFG,735.296875,0,,0,0,0,1,0,0,0,3,0,0,1,0,0,60.0,0,0,0,0
13,SCFG,741.1728515625,0,,0,0,0,1,0,0,0,3,0,0,1,0,0,60.0,0,0,0,0
13,SCFG,747.0498046875,0,,0,0,0,1,0,0,0,3,0,0,1,0,0,60.0,0,0,0,0
13,SCFG,752.2412109375,0,,0,0,0,1,0,0,0,3,0,0,1,0,0,60.0,0,0,0,0
13,SCFG,759.185546875,1,1.068359375,1,0,0,1,0,0,0,3,0,0,1,0,0,60.0,0,0,0,0
13,SCMM,62.1423339844,0,,0,0,0,0,0,1,0,0,0,1,0,0,0,60.0,0,0,0,0
13,SCMM,69.1713867188,0,,0,0,0,0,0,1,0,1,0,2,0,0,0,60.0,0,0,0,0
13,SCMM,75.0817871094,0,,0,0,0,0,0,1,0,2,0,2,1,0,0,60.0,0,0,0,0
13,SCMM,81.3260498047,0,,0,0,0,0,0,1,0,3,0,2,1,0,0,60.0,0,0,0,0
13,SCMM,87.6871337891,0,,0,0,0,0,0,1,0,3,0,0,1,0,0,60.0,0,0,0,0
13,SCMM,92.9631347656,0,,0,0,0,0,0,1,0,3,0,0,1,0,0,60.0,0,0,0,0
13,SCMM,98.7733154297,0,,0,0,0,0,0,1,0,3,1,0,1,0,0,60.0,0,0,0,0
13,SCMM,105.1343994141,0,,0,0,0,0,0,1,0,3,2,0,1,0,0,60.0,0,0,0,0
13,SCMM,111.3453369141,0,,1,0,0,0,0,1,0,3,2,0,1,0,0,60.0,0,2,0,0
13,SCMM,116.6879882812,0,,0,0,0,0,0,1,0,3,2,0,1,0,0,60.0,0,0,0,0
13,SCMM,123.6168212891,0,,0,0,0,0,0,1,1,3,1,0,1,0,0,6.344482421899997,0,0,0,0
13,SCMM,129.5439453125,0,,0,0,0,0,0,1,1,3,1,0,1,0,0,12.271606445299994,0,0,0,0
13,SCMM,135.6879882812,0,,0,0,0,0,0,1,1,3,1,0,1,0,0,18.415649414,0,0,0,0
13,SCMM,141.1141357422,0,,0,0,0,0,0,1,0,3,1,0,1,0,0,23.841796875,0,0,0,0
13,SCMM,147.5755615234,0,,0,0,0,0,0,1,0,3,1,0,1,0,0,30.303222656200006,0,0,0,0
13,SCMM,153.8865966797,0,,0,0,0,0,0,1,0,3,1,0,1,0,0,36.6142578125,0,0,0,0
13,SCMM,160.6484375,0,,0,0,0,0,0,1,0,3,0,0,1,0,0,43.376098632799994,0,0,0,0
13,SCMM,167.5772705078,0,,0,0,0,0,0,1,0,3,0,0,2,0,0,50.30493164059999,0,0,0,0
13,SCMM,174.1721191406,0,,0,0,0,0,0,1,0,3,0,0,1,0,0,56.89978027339998,0,0,0,0
13,SCMM,180.9841308594,0,,0,0,0,0,0,1,0,3,0,0,1,0,0,60.0,0,0,0,0
13,SCMM,186.9611816406,0,,0,0,0,0,0,1,0,3,0,0,1,0,0,60.0,0,0,0,0
13,SCMM,193.6729736328,0,,0,0,0,0,0,1,0,3,1,0,1,0,0,60.0,0,0,0,0
13,SCMM,199.6000976562,0,,0,0,0,0,0,1,0,3,2,1,1,0,0,60.0,0,0,0,0
13,SCMM,205.7108154297,0,,0,0,0,0,0,1,0,3,2,1,2,0,0,60.0,0,0,0,0
13,SCMM,211.2537841797,1,1.068603515599989,1,0,0,0,0,1,0,3,2,1,1,0,0,60.0,0,3,0,0
13,SCMM,216.2960205078,0,,0,0,0,0,0,1,2,2,1,0,1,0,1,4.4744873047000056,0,0,0,0
13,SCMM,222.3732910156,0,,0,0,0,0,0,1,2,2,0,0,1,0,1,10.5517578125,0,0,0,0
13,SCMM,228.5174560547,0,,1,0,0,0,0,1,2,2,0,0,1,0,1,16.695922851600017,2,0,0,0
13,SCMM,235.3795166016,0,,0,0,0,0,0,1,2,3,0,0,1,0,1,6.3779296875,0,0,0,0
13,SCMM,241.9743652344,0,,0,0,0,0,0,1,4,2,0,0,1,0,1,5.960449218800022,0,0,0,0
13,SCMM,248.1853027344,0,,1,0,0,0,0,1,4,2,0,0,1,0,1,12.171386718800022,4,0,0,0
13,SCMM,253.3609619141,0,,0,0,0,0,0,1,4,1,0,0,1,0,1,4.574707031299994,0,0,0,0
13,SCMM,258.8706054688,0,,0,0,0,0,0,1,2,2,0,0,1,0,1,10.084350586000028,0,0,0,0
13,SCMM,265.7661132812,0,,1,0,0,0,0,1,2,2,0,0,1,0,1,16.979858398399983,2,0,0,0
13,SCMM,272.3609619141,0,,0,0,0,0,0,1,2,2,0,0,1,0,0,5.977172851600017,0,0,0,0
13,SCMM,277.5867919922,0,,1,0,0,0,0,1,2,2,1,0,1,0,0,11.203002929700006,2,1,0,0
13,SCMM,282.8126220703,0,,0,0,0,0,0,1,4,2,2,0,1,0,0,4.624755859400011,0,0,0,0
13,SCMM,288.6728515625,0,,0,0,0,0,0,1,2,3,2,0,1,0,0,10.484985351600017,0,0,0,0
13,SCMM,294.9840087891,0,,0,0,0,0,0,1,2,3,2,0,1,0,0,16.796142578200033,0,0,0,0
13,SCMM,301.6790771484,0,,0,0,0,0,0,1,0,3,0,0,1,0,0,23.4912109375,0,0,0,0
13,SCMM,308.0568847656,0,,0,0,0,0,0,1,0,3,0,0,1,0,0,29.869018554700006,0,0,0,0
13,SCMM,315.0024414062,0,,0,0,0,0,0,1,0,3,2,0,1,0,0,36.814575195299994,0,0,0,0
13,SCMM,320.9127197266,0,,0,0,0,0,0,1,0,3,2,0,1,0,0,42.72485351570003,0,0,0,0
13,SCMM,326.2722167969,0,,0,0,0,0,0,1,0,3,2,0,1,0,0,48.08435058600003,0,0,0,0
13,SCMM,332.4329833984,0,,0,0,0,0,0,1,0,3,1,0,1,0,0,54.2451171875,0,0,0,0
13,SCMM,337.5920410156,0,,0,0,0,0,0,1,0,3,0,0,1,0,0,59.404174804700006,0,0,0,0
13,SCMM,343.6860351562,0,,1,0,0,0,0,1,0,3,0,0,2,0,0,60.0,0,0,0,0
13,SCMM,350.3811035156,0,,1,0,0,0,0,1,2,3,0,0,1,0,0,6.144165038999972,2,0,0,0
13,SCMM,355.4399414062,0,,0,0,0,0,0,1,4,3,1,0,1,0,0,4.407714843699978,0,0,0,0
13,SCMM,362.2185058594,0,,0,0,0,0,0,1,4,3,1,0,1,0,0,11.186279296900011,0,0,0,0
13,SCMM,367.7615966797,0,,0,0,0,0,0,1,2,3,1,0,1,0,0,16.729370117200006,0,0,0,0
13,SCMM,374.0393066406,0,,0,0,0,0,0,1,0,3,0,0,1,0,0,23.00708007809999,0,0,0,0
13,SCMM,379.181640625,0,,1,0,0,0,0,1,0,3,0,0,1,0,0,28.1494140625,0,0,0,0
13,SCMM,385.2088623047,0,,1,0,0,0,0,1,2,3,0,0,1,0,0,5.442871093800022,2,0,0,0
13,SCMM,391.8704833984,0,,0,0,0,0,0,1,2,3,2,0,1,0,0,12.1044921875,0,0,0,0
13,SCMM,397.6806640625,0,,0,0,0,0,0,1,2,3,2,0,1,0,0,17.914672851600017,0,0,0,0
13,SCMM,404.3424072266,0,,0,0,0,0,0,1,2,2,2,0,1,0,0,5.943725586000028,0,0,0,0
13,SCMM,409.6850585938,0,,0,0,0,0,0,1,2,2,1,0,1,0,0,11.286376953200033,0,0,0,0
13,SCMM,416.0795898438,0,,0,0,0,0,0,1,2,2,2,0,1,0,0,17.680908203200033,0,0,0,0
13,SCMM,421.1385498047,0,,0,0,0,0,0,1,0,3,3,0,1,0,0,22.739868164100017,0,0,0,0
13,SCMM,427.4495849609,0,,0,0,0,0,0,1,0,3,3,0,0,0,0,29.050903320299994,0,0,0,0
13,SCMM,433.9943847656,0,,0,0,0,0,0,1,0,3,1,0,0,0,0,35.595703125,0,0,0,0
13,SCMM,439.1867675781,0,,0,0,0,0,0,1,0,3,0,0,0,0,0,40.7880859375,0,0,0,0
13,SCMM,444.6130371094,0,,0,0,0,0,0,1,0,3,0,0,0,0,0,46.21435546880002,0,0,0,0
13,SCMM,450.6402587891,0,,0,0,0,0,0,1,0,3,0,0,0,0,0,52.24157714850003,0,0,0,0
13,SCMM,456.4337158203,0,,0,0,0,0,0,1,0,3,3,0,0,0,0,58.035034179700006,0,0,0,0
13,SCMM,463.2457275391,0,,0,0,0,0,0,1,0,3,3,0,0,0,0,60.0,0,0,0,0
13,SCMM,468.8054199219,0,,1,0,0,0,0,1,0,3,3,0,0,0,0,60.0,0,3,0,0
13,SCMM,474.0145263672,0,,0,0,0,0,0,1,0,3,1,0,0,0,0,60.0,0,0,0,0
13,SCMM,479.2905273438,0,,1,0,0,0,0,1,0,3,0,0,0,0,0,60.0,0,0,0,0
13,SCMM,485.6516113281,0,,0,0,0,0,0,1,0,3,0,0,0,0,0,60.0,0,0,0,0
13,SCMM,492.0461425781,0,,0,0,0,0,0,1,0,3,0,0,1,0,0,60.0,0,0,0,0
13,SCMM,497.7395019531,0,,0,0,0,0,0,1,0,3,0,0,1,0,0,60.0,0,0,0,0
13,SCMM,504.5013427734,0,,0,0,0,0,0,1,0,3,0,0,1,0,0,60.0,0,0,0,0
13,SCMM,509.7271728516,0,,1,0,0,0,0,1,0,3,0,0,1,0,0,60.0,0,0,0,0
13,SCMM,516.1217041016,0,,0,0,0,0,0,1,2,3,0,0,1,0,0,5.8602294922000056,0,0,0,0
13,SCMM,522.1322021484,0,,1,0,0,0,0,1,2,3,0,0,1,0,0,11.870727538999972,2,0,0,0
13,SCMM,528.0258789062,0,,0,0,0,0,0,1,4,3,0,0,1,0,0,5.292602538999972,0,0,0,0
13,SCMM,534.1867675781,0,,1,0,0,0,0,1,2,3,0,0,1,0,0,11.453491210899983,2,0,0,0
13,SCMM,540.3308105469,0,,0,0,0,0,0,1,2,3,0,0,1,0,0,17.597534179700006,0,0,0,0
13,SCMM,546.7420654297,0,,0,0,0,0,0,1,1,2,0,0,1,0,0,1.4024658202999944,0,0,0,0
13,SCMM,552.9696044922,0,,0,0,0,0,0,1,1,2,0,2,1,0,0,7.6300048827999944,0,0,0,0
13,SCMM,558.2789306641,0,,0,0,0,0,0,1,2,1,0,2,1,0,0,0.3005371094000111,0,0,0,0
13,SCMM,563.5382080078,0,,0,0,0,0,0,1,2,2,0,2,1,0,0,5.559814453099989,0,0,0,0
13,SCMM,568.7973632812,0,,0,0,0,0,0,1,1,2,0,2,1,0,0,10.818969726499972,0,0,0,0
13,SCMM,575.0083007812,0,,0,0,0,0,0,1,1,3,2,0,1,0,0,17.029907226499972,0,0,0,0
13,SCMM,581.3360595703,0,,0,0,0,0,0,1,0,3,2,0,1,0,0,23.35766601559999,0,0,0,0
13,SCMM,587.7806396484,0,,0,0,0,0,0,1,0,3,2,0,1,0,0,29.802246093699978,0,0,0,0
13,SCMM,593.8580322266,0,,0,0,0,0,0,1,0,3,1,0,1,0,0,35.87963867190001,0,0,0,0
13,SCMM,599.6181640625,0,,0,0,0,0,0,1,0,3,0,0,1,0,0,41.639770507799994,0,0,0,0
13,SCMM,605.14453125,0,,0,0,0,0,0,1,0,3,0,0,1,0,0,47.166137695299994,0,0,0,0
13,SCMM,611.1383056641,0,,0,0,0,0,0,1,0,3,0,0,1,0,0,53.15991210940001,0,0,0,0
13,SCMM,617.2490234375,0,,0,0,0,0,0,1,0,3,0,0,1,0,0,59.270629882799994,0,0,0,0
13,SCMM,623.0258789062,0,,0,0,0,0,0,1,0,3,0,0,2,0,0,60.0,0,0,0,0
13,SCMM,628.134765625,0,,1,0,0,0,0,1,0,3,0,0,1,0,0,60.0,0,0,0,0
13,SCMM,633.6611328125,0,,0,0,0,0,0,1,2,3,0,0,1,0,0,4.9920654297000056,0,0,0,0
13,SCMM,638.9871826172,0,,0,0,0,0,0,1,2,3,0,0,1,0,0,10.318115234400011,0,0,0,0
13,SCMM,644.36328125,0,,1,0,0,0,0,1,2,3,0,0,1,0,0,15.694213867200006,2,0,0,0
13,SCMM,649.6726074219,0,,0,0,0,0,0,1,0,3,0,0,1,0,0,21.003540039100017,0,0,0,0
13,SCMM,655.6163330078,0,,0,0,0,0,0,1,0,3,2,0,1,0,0,26.947265625,0,0,0,0
13,SCMM,660.7419433594,0,,0,0,0,0,0,1,0,3,2,0,1,0,0,32.07287597660002,0,0,0,0
13,SCMM,666.6356201172,0,,0,0,0,0,0,1,0,3,3,0,0,0,0,37.96655273440001,0,0,0,0
13,SCMM,673.3974609375,0,,0,0,0,0,0,1,0,3,2,0,0,0,0,44.728393554700006,0,0,0,0
13,SCMM,680.2094726562,0,,0,0,0,0,0,1,0,3,1,0,0,0,0,51.54040527339998,0,0,0,0
13,SCMM,685.6356201172,0,,0,0,0,0,0,1,0,3,0,0,0,0,0,56.96655273440001,0,0,0,0
13,SCMM,692.3974609375,0,,1,0,0,0,0,1,0,3,0,0,0,0,0,60.0,0,0,0,0
13,SCMM,698.0740966797,0,,0,0,0,0,0,1,0,3,0,0,0,0,0,60.0,0,0,0,0
13,SCMM,703.9510498047,0,,0,0,0,0,0,1,0,3,0,0,0,0,0,60.0,0,0,0,0
13,SCMM,709.3939208984,0,,0,0,0,0,0,1,0,3,2,0,0,0,0,60.0,0,0,0,0
13,SCMM,715.5380859375,0,,0,0,0,0,0,1,0,3,2,0,0,0,0,60.0,0,0,0,0
13,SCMM,720.8640136719,0,,0,0,0,0,0,1,0,3,2,0,0,0,0,60.0,0,0,0,0
13,SCMM,726.9079589844,0,,0,0,0,0,0,1,0,3,1,0,0,0,0,60.0,0,0,0,0
13,SCMM,733.7700195312,0,,1,0,0,0,0,1,0,3,0,0,1,0,0,60.0,0,0,0,0
13,SCMM,738.9958496094,0,,0,0,0,0,0,1,2,3,0,0,1,0,0,4.6414794922000056,0,0,0,0
13,SCMM,745.2901611328,0,,0,0,0,0,0,1,4,3,0,0,1,0,0,5.7266845702999944,0,0,0,0
13,SCMM,751.7515869141,0,,0,0,0,0,0,1,4,3,0,0,1,0,0,12.188110351600017,0,0,0,0
13,SCMM,758.3464355469,0,,1,0,0,0,0,1,2,3,1,0,1,0,0,18.78295898440001,2,1,0,0
13,SCMM,763.8728027344,0,,0,0,0,0,0,1,2,3,1,0,1,0,0,4.9754638672000056,0,0,0,0
13,SCMM,770.9017333984,0,,0,0,0,0,0,1,2,3,1,0,1,0,0,12.004394531199978,0,0,0,0
13,SCMM,775.9439697266,0,,0,0,0,0,0,1,2,3,0,0,1,0,0,17.04663085940001,0,0,0,0
13,SCMM,782.1715087891,0,,0,0,0,0,0,1,0,3,0,0,1,0,0,23.27416992190001,0,0,0,0
13,SCSB,33.1728515625,0,,0,0,1,0,1,0,0,0,0,2,0,1,0,60.0,0,0,0,2
13,SCSB,39.115234375,0,,0,0,1,0,1,0,0,1,0,3,1,1,0,60.0,0,0,0,3
13,SCSB,45.775390625,0,,0,0,1,0,1,0,0,2,2,3,1,1,0,60.0,0,0,0,5
13,SCSB,51.634765625,0,,0,0,1,0,1,0,0,3,2,1,1,0,0,60.0,0,0,0,3
13,SCSB,57.427734375,0,,0,0,1,0,1,0,0,3,2,0,1,0,0,60.0,0,0,0,2
13,SCSB,63.419921875,0,,0,0,1,0,1,0,0,3,1,0,1,0,0,60.0,0,0,0,1
13,SCSB,69.6298828125,0,,1,0,1,0,1,0,0,3,3,0,1,0,0,60.0,0,3,0,3
13,SCSB,75.990234375,0,,0,0,1,0,1,0,2,3,3,0,1,0,0,5.79296875,0,0,2,3
13,SCSB,82.3505859375,0,,0,0,1,0,1,0,2,3,2,0,1,0,0,12.1533203125,0,0,2,2
13,SCSB,88.2763671875,0,,0,0,1,0,1,0,2,3,1,0,1,0,0,18.0791015625,0,0,2,1
13,SCSB,93.9521484375,0,,1,0,1,0,1,0,0,3,2,0,1,0,0,23.7548828125,0,2,0,2
13,SCSB,100.294921875,0,,0,0,1,0,1,0,0,3,2,1,1,1,0,30.09765625,0,0,0,3
13,SCSB,106.1875,0,,0,0,1,0,1,0,0,3,1,1,1,1,0,35.990234375,0,0,0,2
13,SCSB,111.279296875,0,,0,0,1,0,1,0,0,3,0,1,1,1,0,41.08203125,0,0,0,1
13,SCSB,117.7392578125,0,,0,0,1,0,1,0,1,2,1,1,1,2,0,1.4521484375,0,0,1,2
13,SCSB,124.7177734375,0,,0,0,1,0,1,0,1,2,1,0,1,1,0,8.4306640625,0,0,1,1
13,SCSB,130.443359375,0,,0,0,1,0,1,0,1,2,1,0,1,1,0,14.15625,0,0,1,1
13,SCSB,136.3193359375,0,,0,0,1,0,1,0,0,3,0,0,1,0,0,20.0322265625,0,0,0,0
13,SCSB,142.412109375,0,,0,0,1,0,1,0,0,3,0,0,1,0,0,26.125,0,0,0,0
13,SCSB,148.5712890625,0,,1,0,1,0,1,0,0,3,0,0,1,0,0,32.2841796875,0,0,0,0
13,SCSB,155.3662109375,0,,0,0,1,0,1,0,0,3,0,0,1,0,0,39.0791015625,0,0,0,0
13,SCSB,160.908203125,0,,0,0,1,0,1,0,2,2,0,1,1,1,0,4.9248046875,0,0,2,1
13,SCSB,166.1328125,0,,0,0,1,0,1,0,2,2,0,1,1,2,0,10.1494140625,0,0,2,1
13,SCSB,171.2744140625,0,,0,0,1,0,1,0,2,2,0,1,1,2,0,15.291015625,0,0,2,1
13,SCSB,177.3505859375,0,,0,0,1,0,1,0,0,3,0,1,1,1,0,21.3671875,0,0,0,1
13,SCSB,183.8779296875,0,,1,0,1,0,1,0,0,3,2,0,1,1,0,27.89453125,0,2,0,2
13,SCSB,190.5712890625,0,,0,0,1,0,1,0,2,3,2,0,1,0,0,6.142578125,0,0,2,2
13,SCSB,197.08203125,0,,0,0,1,0,1,0,2,3,2,0,1,0,0,12.6533203125,0,0,2,2
13,SCSB,202.7744140625,0,,0,0,1,0,1,0,2,3,0,0,1,0,0,18.345703125,0,0,2,0
13,SCSB,209.16796875,0,,0,0,1,0,1,0,0,3,0,0,1,0,0,24.7392578125,0,0,0,0
13,SCSB,215.1435546875,0,,0,0,1,0,1,0,0,3,0,0,1,0,0,30.71484375,0,0,0,0
13,SCSB,221.6875,0,,0,0,1,0,1,0,0,3,0,0,1,0,0,37.2587890625,0,0,0,0
13,SCSB,227.0126953125,0,,1,0,1,0,1,0,0,3,0,0,1,0,0,42.583984375,0,0,0,0
13,SCSB,233.4892578125,0,,0,0,1,0,1,0,0,3,0,0,1,0,0,49.060546875,0,0,0,0
13,SCSB,238.8984375,0,,0,0,1,0,1,0,0,3,0,0,1,1,0,54.4697265625,0,0,0,0
13,SCSB,244.1396484375,0,,1,0,1,0,1,0,0,3,0,0,1,1,0,59.7109375,0,0,0,0
13,SCSB,249.5478515625,0,,0,0,1,0,1,0,0,3,0,0,1,1,0,60.0,0,0,0,0
13,SCSB,254.9736328125,0,,0,0,1,0,1,0,0,3,0,0,1,2,0,60.0,0,0,0,0
13,SCSB,260.0986328125,0,,0,0,1,0,1,0,0,3,0,0,1,1,0,60.0,0,0,0,0
13,SCSB,265.740234375,0,,0,0,1,0,1,0,0,3,1,0,1,1,0,60.0,0,0,0,1
13,SCSB,270.7822265625,0,,0,0,1,0,1,0,0,3,1,0,1,1,0,60.0,0,0,0,1
13,SCSB,277.17578125,0,,1,0,1,0,1,0,0,3,1,0,1,0,0,60.0,0,1,0,1
13,SCSB,283.134765625,0,,0,0,1,0,1,0,2,3,0,0,1,0,0,5.408203125,0,0,2,0
13,SCSB,288.2265625,0,,0,0,1,0,1,0,2,3,0,0,1,0,0,10.5,0,0,2,0
13,SCSB,294.736328125,0,,0,0,1,0,1,0,2,3,0,0,1,0,0,17.009765625,0,0,2,0
13,SCSB,300.529296875,0,,0,0,1,0,1,0,0,3,0,0,1,0,0,22.802734375,0,0,0,0
13,SCSB,307.373046875,0,,0,0,1,0,1,0,0,3,0,0,1,0,0,29.646484375,0,0,0,0
13,SCSB,314.3173828125,0,,1,0,1,0,1,0,0,3,0,0,1,0,0,36.5908203125,0,0,0,0
13,SCSB,320.6103515625,0,,0,0,1,0,1,0,2,3,0,0,1,0,0,5.7421875,0,0,2,0
13,SCSB,326.7373046875,0,,1,0,1,0,1,0,2,3,0,0,1,0,0,11.869140625,2,0,2,0
13,SCSB,333.197265625,0,,1,0,1,0,1,0,2,3,0,0,1,0,0,18.3291015625,2,0,2,0
13,SCSB,338.255859375,0,,0,0,1,0,1,0,0,3,0,1,1,1,0,23.3876953125,0,0,0,1
13,SCSB,343.4970703125,0,,0,0,1,0,1,0,0,3,0,1,1,2,0,28.62890625,0,0,0,1
13,SCSB,350.474609375,0,,0,0,1,0,1,0,0,3,0,1,1,2,0,35.6064453125,0,0,0,1
13,SCSB,356.818359375,0,,0,0,1,0,1,0,0,3,0,0,1,1,0,41.9501953125,0,0,0,0
13,SCSB,362.8271484375,0,,0,0,1,0,1,0,0,3,0,0,1,0,0,47.958984375,0,0,0,0
13,SCSB,368.720703125,0,,0,0,1,0,1,0,0,3,0,0,1,0,0,53.8525390625,0,0,0,0
13,SCSB,374.529296875,0,,1,0,1,0,1,0,0,3,0,0,1,0,0,59.6611328125,0,0,0,0
13,SCSB,380.205078125,0,,0,0,1,0,1,0,0,3,0,0,1,1,0,60.0,0,0,0,0
13,SCSB,386.6650390625,0,,0,0,1,0,1,0,0,3,0,0,1,1,0,60.0,0,0,0,0
13,SCSB,393.109375,0,,0,0,1,0,1,0,0,3,1,0,0,1,0,60.0,0,0,0,1
13,SCSB,399.501953125,0,,1,0,1,0,1,0,0,3,1,0,0,0,0,60.0,0,1,0,1
13,SCSB,405.26171875,0,,0,0,1,0,1,0,0,3,1,0,0,0,0,60.0,0,0,0,1
13,SCSB,411.888671875,0,,0,0,1,0,1,0,0,3,0,0,0,0,0,60.0,0,0,0,0
13,SCSB,418.599609375,0,,0,0,1,0,1,0,0,3,0,0,0,0,0,60.0,0,0,0,0
13,SCSB,424.44140625,0,,0,0,1,0,1,0,0,3,0,0,0,0,0,60.0,0,0,0,0
13,SCSB,430.0341796875,0,,0,0,1,0,1,0,0,3,0,0,0,0,0,60.0,0,0,0,0
13,SCSB,437.0615234375,0,,0,0,1,0,1,0,0,3,2,0,0,0,0,60.0,0,0,0,2
13,SCSB,442.2705078125,0,,0,0,1,0,1,0,0,3,2,0,0,0,0,60.0,0,0,0,2
13,SCSB,448.5302734375,0,,0,0,1,0,1,0,0,3,2,0,0,0,0,60.0,0,0,0,2
13,SCSB,455.140625,0,,0,0,1,0,1,0,0,3,1,0,0,0,0,60.0,0,0,0,1
13,SCSB,461.7509765625,0,,0,0,1,0,1,0,0,3,0,0,1,1,0,60.0,0,0,0,0
13,SCSB,467.744140625,0,,1,0,1,0,1,0,0,3,0,2,1,2,0,60.0,0,2,0,2
13,SCSB,474.00390625,0,,0,0,1,0,1,0,2,3,0,4,1,2,0,5.6259765625,0,0,2,4
13,SCSB,480.447265625,0,,0,0,1,0,1,0,2,3,0,5,1,1,0,12.0693359375,0,0,2,5
13,SCSB,486.45703125,0,,0,0,1,0,1,0,2,3,0,3,1,2,0,18.0791015625,0,0,2,3
13,SCSB,492.3330078125,0,,0,0,1,0,1,0,0,3,0,1,1,1,0,23.955078125,0,0,0,1
13,SCSB,498.5087890625,0,,0,0,1,0,1,0,0,3,0,0,1,1,0,30.130859375,0,0,0,0
13,SCSB,504.6357421875,0,,0,0,1,0,1,0,0,3,0,0,1,0,0,36.2578125,0,0,0,0
13,SCSB,510.4609375,0,,0,0,1,0,1,0,0,3,0,0,1,0,0,42.0830078125,0,0,0,0
13,SCSB,516.1201171875,0,,0,0,1,0,1,0,0,3,0,0,1,0,0,47.7421875,0,0,0,0
13,SCSB,522.7470703125,0,,0,0,1,0,1,0,0,3,0,1,1,1,0,54.369140625,0,0,0,1
13,SCSB,529.7421875,0,,1,0,1,0,1,0,0,3,0,1,1,2,0,60.0,0,1,0,1
13,SCSB,536.4521484375,0,,0,0,1,0,1,0,2,3,0,1,2,2,0,6.1591796875,0,0,2,1
13,SCSB,542.1787109375,0,,0,0,1,0,1,0,2,3,0,0,1,1,0,11.8857421875,0,0,2,0
13,SCSB,548.4716796875,0,,1,0,1,0,1,0,2,3,0,0,1,0,0,18.1787109375,2,0,2,0
13,SCSB,555.4658203125,0,,1,0,1,0,1,0,2,3,0,0,1,0,0,6.1591796875,2,0,2,0
13,SCSB,560.57421875,0,,0,0,1,0,1,0,2,3,0,1,1,0,0,11.267578125,0,0,2,1
13,SCSB,567.451171875,0,,0,0,1,0,1,0,3,3,0,3,1,1,0,6.2431640625,0,0,3,3
13,SCSB,573.3447265625,0,,0,0,1,0,1,0,1,3,0,4,2,1,0,12.13671875,0,0,1,4
13,SCSB,578.6357421875,0,,0,0,1,0,1,0,1,3,0,4,1,1,0,17.427734375,0,0,1,4
13,SCSB,585.11328125,0,,0,0,1,0,1,0,0,3,0,2,1,0,0,23.9052734375,0,0,0,2
13,SCSB,591.2060546875,0,,1,0,1,0,1,0,0,3,0,0,1,0,0,29.998046875,0,0,0,0
13,SCSB,596.96484375,0,,0,0,1,0,1,0,2,3,0,1,1,1,0,5.0908203125,0,0,2,1
13,SCSB,602.9912109375,0,,0,0,1,0,1,0,2,3,0,3,1,2,0,11.1171875,0,0,2,3
13,SCSB,609.90234375,0,,1,0,1,0,1,0,2,3,0,3,1,3,0,18.0283203125,2,3,2,3
13,SCSB,616.646484375,0,,0,0,1,0,1,0,0,3,0,3,1,2,0,24.7724609375,0,0,0,3
13,SCSB,622.1552734375,0,,1,0,1,0,1,0,0,3,0,1,1,1,0,30.28125,0,1,0,1
13,SCSB,628.681640625,0,,0,0,1,0,1,0,0,3,0,0,1,0,0,36.8076171875,0,0,0,0
13,SCSB,635.125,0,,0,0,1,0,1,0,0,3,0,0,1,1,0,43.2509765625,0,0,0,0
13,SCSB,640.43359375,0,,0,0,1,0,1,0,0,3,0,0,1,1,0,48.5595703125,0,0,0,0
13,SCSB,646.994140625,0,,0,0,1,0,1,0,0,3,0,0,1,1,0,55.1201171875,0,0,0,0
13,SCSB,653.337890625,0,,0,0,1,0,1,0,0,3,0,0,0,0,0,60.0,0,0,0,0
13,SCSB,660.181640625,0,,0,0,1,0,1,0,0,3,0,0,0,0,0,60.0,0,0,0,0
13,SCSB,666.0244140625,0,,0,0,1,0,1,0,0,3,0,0,0,0,0,60.0,0,0,0,0
13,SCSB,672.333984375,0,,0,0,1,0,1,0,0,3,0,0,0,0,0,60.0,0,0,0,0
13,SCSB,679.111328125,0,,1,0,1,0,1,0,0,3,0,0,0,0,0,60.0,0,0,0,0
13,SCSB,684.2861328125,0,,1,0,1,0,1,0,0,3,2,0,0,0,0,60.0,0,2,0,2
13,SCSB,690.6298828125,0,,0,0,1,0,1,0,0,3,2,0,0,0,0,60.0,0,0,0,2
13,SCSB,697.0234375,0,,0,0,1,0,1,0,0,3,2,0,0,0,0,60.0,0,0,0,2
13,SCSB,702.3486328125,0,,0,0,1,0,1,0,0,3,0,0,0,0,0,60.0,0,0,0,0
13,SCSB,707.7236328125,0,,0,0,1,0,1,0,0,3,0,0,0,1,0,60.0,0,0,0,0
13,SCSB,713.9169921875,0,,0,0,1,0,1,0,0,3,0,0,1,1,0,60.0,0,0,0,0
13,SCSB,720.677734375,0,,1,0,1,0,1,0,0,3,0,0,1,1,0,60.0,0,0,0,0
13,SCSB,726.2197265625,0,,0,0,1,0,1,0,0,3,0,0,1,0,0,60.0,0,0,0,0
13,SCSB,731.2939453125,0,,0,0,1,0,1,0,0,3,0,0,1,0,0,60.0,0,0,0,0
13,SCSB,736.76953125,0,,0,0,1,0,1,0,0,3,0,0,1,1,0,60.0,0,0,0,0
13,SCSB,743.2470703125,0,,0,0,1,0,1,0,0,3,0,0,1,1,0,60.0,0,0,0,0
13,SCSB,749.2060546875,0,,0,0,1,0,1,0,0,3,0,0,1,1,0,60.0,0,0,0,0
13,SCSG,30.0146484375,0,,0,0,0,0,1,0,0,0,0,1,0,1,0,60.0,0,0,0,0
13,SCSG,35.572265625,0,,0,0,0,0,1,0,0,1,0,1,0,1,0,60.0,0,0,0,0
13,SCSG,41.09765625,0,,0,0,0,0,1,0,0,2,0,1,1,1,0,60.0,0,0,0,0
13,SCSG,46.72265625,0,,0,0,0,0,1,0,0,3,1,1,1,1,0,60.0,0,0,0,0
13,SCSG,52.5146484375,0,,0,0,0,0,1,0,0,3,2,0,1,0,0,60.0,0,0,0,0
13,SCSG,59.3916015625,0,,0,0,0,0,1,0,0,3,2,0,1,0,0,60.0,0,0,0,0
13,SCSG,65.2333984375,0,,0,0,0,0,1,0,0,3,2,0,1,0,0,60.0,0,0,0,0
13,SCSG,70.3251953125,0,,0,0,0,0,1,0,0,3,3,0,1,0,0,60.0,0,0,0,0
13,SCSG,75.9833984375,0,,0,0,0,0,1,0,0,3,3,0,1,0,0,60.0,0,0,0,0
13,SCSG,82.7265625,0,,0,0,0,0,1,0,0,3,2,0,1,0,0,60.0,0,0,0,0
13,SCSG,88.9189453125,0,,0,0,0,0,1,0,0,3,0,0,1,0,0,60.0,0,0,0,0
13,SCSG,94.9287109375,0,,0,0,0,0,1,0,0,3,0,0,1,0,0,60.0,0,0,0,0
13,SCSG,101.2216796875,0,,0,0,0,0,1,0,0,3,0,0,1,1,0,60.0,0,0,0,0
13,SCSG,107.447265625,0,,0,0,0,0,1,0,0,3,0,0,1,1,0,60.0,0,0,0,0
13,SCSG,112.9052734375,0,,0,0,0,0,1,0,0,3,0,0,1,2,0,60.0,0,0,0,0
13,SCSG,119.3818359375,0,,1,0,0,0,1,0,0,3,0,0,1,1,0,60.0,0,0,0,0
13,SCSG,125.69140625,0,,1,0,0,0,1,0,2,3,2,0,1,1,0,5.841796875,2,2,0,0
13,SCSG,131.43359375,0,,0,0,0,0,1,0,4,3,2,0,1,1,0,5.1748046875,0,0,0,0
13,SCSG,137.759765625,0,,0,0,0,0,1,0,4,3,2,0,1,0,0,11.5009765625,0,0,0,0
13,SCSG,143.90234375,0,,0,0,0,0,1,0,2,3,2,0,1,0,0,17.6435546875,0,0,0,0
13,SCSG,149.861328125,0,,1,0,0,0,1,0,0,3,2,0,1,0,0,23.6025390625,0,2,0,0
13,SCSG,156.771484375,0,,0,0,0,0,1,0,0,3,2,0,1,0,0,30.5126953125,0,0,0,0
13,SCSG,162.3798828125,0,,0,0,0,0,1,0,0,3,2,0,1,0,0,36.12109375,0,0,0,0
13,SCSG,167.8212890625,0,,1,0,0,0,1,0,0,3,1,0,1,0,0,41.5625,0,1,0,0
13,SCSG,173.279296875,0,,0,0,0,0,1,0,0,3,1,0,1,0,0,47.0205078125,0,0,0,0
13,SCSG,179.60546875,0,,0,0,0,0,1,0,0,3,1,0,1,0,0,53.3466796875,0,0,0,0
13,SCSG,185.46484375,0,,0,0,0,0,1,0,0,3,1,0,1,0,0,59.2060546875,0,0,0,0
13,SCSG,190.755859375,0,,1,0,0,0,1,0,0,3,1,0,1,0,0,60.0,0,1,0,0
13,SCSG,195.830078125,0,,0,0,0,0,1,0,0,3,1,0,1,0,0,60.0,0,0,0,0
13,SCSG,202.2392578125,0,,0,0,0,0,1,0,0,3,0,0,1,1,0,60.0,0,0,0,0
13,SCSG,207.4140625,0,,0,0,0,0,1,0,0,3,0,0,1,2,0,60.0,0,0,0,0
13,SCSG,213.6572265625,0,,0,0,0,0,1,0,0,3,0,0,2,2,0,60.0,0,0,0,0
13,SCSG,219.5654296875,0,,0,0,0,0,1,0,0,3,0,0,1,1,0,60.0,0,0,0,0
13,SCSG,225.7412109375,0,,0,0,0,0,1,0,0,3,0,0,1,0,0,60.0,0,0,0,0
13,SCSG,231.984375,0,,0,0,0,0,1,0,0,3,0,0,1,0,0,60.0,0,0,0,0
13,SCSG,238.0439453125,0,,0,0,0,0,1,0,0,3,0,0,1,0,0,60.0,0,0,0,0
13,SCSG,244.51953125,0,,0,0,0,0,1,0,0,3,1,0,1,0,0,60.0,0,0,0,0
13,SCSG,251.4140625,0,,1,0,0,0,1,0,0,3,1,0,1,0,0,60.0,0,1,0,0
13,SCSG,257.0390625,0,,0,0,0,0,1,0,0,3,1,0,1,0,0,60.0,0,0,0,0
13,SCSG,263.9658203125,0,,0,0,0,0,1,0,0,3,0,0,1,0,0,60.0,0,0,0,0
13,SCSG,269.8916015625,0,,0,0,0,0,1,0,0,3,0,0,1,0,0,60.0,0,0,0,0
13,SCSG,275.7998046875,0,,0,0,0,0,1,0,0,3,0,0,1,0,0,60.0,0,0,0,0
13,SCSG,282.0263671875,0,,0,0,0,0,1,0,0,3,2,0,1,0,0,60.0,0,0,0,0
13,SCSG,288.953125,0,,0,0,0,0,1,0,0,3,2,0,1,0,0,60.0,0,0,0,0
13,SCSG,293.994140625,0,,0,0,0,0,1,0,0,3,2,0,1,1,0,60.0,0,0,0,0
13,SCSG,299.3017578125,0,,1,0,0,0,1,0,0,3,1,0,1,1,0,60.0,0,1,0,0
13,SCSG,305.361328125,0,,1,0,0,0,1,0,2,3,0,0,1,1,0,5.5419921875,2,0,0,0
13,SCSG,310.5859375,0,,0,0,0,0,1,0,2,3,0,0,2,2,0,10.7666015625,0,0,0,0
13,SCSG,316.5283203125,0,,1,0,0,0,1,0,2,3,0,0,1,1,0,16.708984375,2,0,0,0
13,SCSG,323.087890625,0,,0,0,0,0,1,0,0,3,0,0,1,1,0,23.2685546875,0,0,0,0
13,SCSG,329.2470703125,0,,0,0,0,0,1,0,0,3,0,0,1,0,0,29.427734375,0,0,0,0
13,SCSG,334.705078125,0,,1,0,0,0,1,0,0,3,0,0,1,0,0,34.8857421875,0,0,0,0
13,SCSG,340.263671875,0,,0,0,0,0,1,0,0,3,1,0,1,0,0,40.4443359375,0,0,0,0
13,SCSG,346.4560546875,0,,0,0,0,0,1,0,0,3,1,0,1,0,0,46.63671875,0,0,0,0
13,SCSG,353.2333984375,0,,1,0,0,0,1,0,0,3,1,0,1,0,0,53.4140625,0,1,0,0
13,SCSG,360.1103515625,0,,0,0,0,0,1,0,0,3,2,0,1,0,0,60.0,0,0,0,0
13,SCSG,365.8525390625,0,,0,0,0,0,1,0,2,3,2,0,1,0,0,4.94140625,0,0,0,0
13,SCSG,371.3271484375,0,,1,0,0,0,1,0,2,3,2,0,1,1,0,10.416015625,2,2,0,0
13,SCSG,378.0869140625,0,,0,0,0,0,1,0,2,3,1,0,1,1,0,17.17578125,0,0,0,0
13,SCSG,383.8623046875,0,,0,0,0,0,1,0,0,3,0,0,1,1,0,22.951171875,0,0,0,0
13,SCSG,389.0537109375,0,,1,0,0,0,1,0,0,3,1,0,0,1,0,28.142578125,0,1,0,0
13,SCSG,395.947265625,0,,0,0,0,0,1,0,0,3,1,0,0,0,0,35.0361328125,0,0,0,0
13,SCSG,401.1884765625,0,,0,0,0,0,1,0,0,3,1,0,0,0,0,40.27734375,0,0,0,0
13,SCSG,407.681640625,0,,0,0,0,0,1,0,0,3,0,0,0,0,0,46.7705078125,0,0,0,0
13,SCSG,413.7578125,0,,0,0,0,0,1,0,0,3,0,0,0,0,0,52.8466796875,0,0,0,0
13,SCSG,420.634765625,0,,0,0,0,0,1,0,0,3,0,0,0,0,0,59.7236328125,0,0,0,0
13,SCSG,427.0771484375,0,,1,0,0,0,1,0,0,3,0,0,0,0,0,60.0,0,0,0,0
13,SCSG,433.904296875,0,,0,0,0,0,1,0,0,3,2,0,0,0,0,60.0,0,0,0,0
13,SCSG,440.2470703125,0,,1,0,0,0,1,0,0,3,2,0,0,0,0,60.0,0,2,0,0
13,SCSG,445.5048828125,0,,0,0,0,0,1,0,0,3,2,0,0,0,0,60.0,0,0,0,0
13,SCSG,452.2490234375,0,,0,0,0,0,1,0,0,3,1,0,0,0,0,60.0,0,0,0,0
13,SCSG,459.17578125,0,,0,0,0,0,1,0,0,3,0,0,0,1,0,60.0,0,0,0,0
13,SCSG,466.0361328125,0,,0,0,0,0,1,0,0,3,0,0,1,1,0,60.0,0,0,0,0
13,SCSG,472.86328125,0,,0,0,0,0,1,0,0,3,1,0,1,1,0,60.0,0,0,0,0
13,SCSG,477.9375,0,,0,0,0,0,1,0,0,3,1,0,1,0,0,60.0,0,0,0,0
13,SCSG,484.73046875,0,,0,0,0,0,1,0,0,3,1,0,1,0,0,60.0,0,0,0,0
13,SCSG,490.8564453125,0,,0,0,0,0,1,0,0,3,0,0,1,0,0,60.0,0,0,0,0
13,SCSG,496.732421875,0,,0,0,0,0,1,0,0,3,2,0,1,0,0,60.0,0,0,0,0
13,SCSG,502.0732421875,0,,0,0,0,0,1,0,0,3,2,0,1,0,0,60.0,0,0,0,0
13,SCSG,507.1142578125,0,,0,0,0,0,1,0,0,3,2,0,1,0,0,60.0,0,0,0,0
13,SCSG,512.95703125,0,,0,0,0,0,1,0,0,3,0,0,1,0,0,60.0,0,0,0,0
13,SCSG,519.6162109375,0,,0,0,0,0,1,0,0,3,0,0,1,0,0,60.0,0,0,0,0
13,SCSG,525.9091796875,0,,0,0,0,0,1,0,0,3,0,0,1,0,0,60.0,0,0,0,0
13,SCSG,532.2685546875,0,,0,0,0,0,1,0,0,3,1,0,1,0,0,60.0,0,0,0,0
13,SCSG,538.478515625,0,,0,0,0,0,1,0,0,3,2,0,1,0,0,60.0,0,0,0,0
13,SCSG,545.3388671875,0,,0,0,0,0,1,0,0,3,2,0,1,0,0,60.0,0,0,0,0
13,SCSG,550.7802734375,0,,0,0,0,0,1,0,0,3,1,0,1,0,0,60.0,0,0,0,0
13,SCSG,556.9892578125,0,,0,0,0,0,1,0,0,3,0,0,1,0,0,60.0,0,0,0,0
13,SCSG,562.7646484375,0,,0,0,0,0,1,0,0,3,0,0,1,0,0,60.0,0,0,0,0
13,SCSG,569.7919921875,0,,0,0,0,0,1,0,0,3,0,0,1,0,0,60.0,0,0,0,0
13,SCSG,576.0849609375,0,,0,0,0,0,1,0,0,3,1,0,1,0,0,60.0,0,0,0,0
13,SCSG,582.3271484375,0,,0,0,0,0,1,0,0,3,1,0,1,0,0,60.0,0,0,0,0
13,SCSG,587.6357421875,0,,0,0,0,0,1,0,0,3,1,0,1,1,0,60.0,0,0,0,0
13,SCSG,594.646484375,0,,0,0,0,0,1,0,0,3,0,0,1,1,0,60.0,0,0,0,0
13,SCSG,600.455078125,0,,0,0,0,0,1,0,0,3,0,0,1,2,0,60.0,0,0,0,0
13,SCSG,607.482421875,0,,0,0,0,0,1,0,0,3,0,0,1,1,0,60.0,0,0,0,0
13,SCSG,613.541015625,0,,0,0,0,0,1,0,0,3,1,0,1,1,0,60.0,0,0,0,0
13,SCSG,619.8505859375,0,,0,0,0,0,1,0,0,3,1,0,1,0,0,60.0,0,0,0,0
13,SCSG,624.9248046875,0,,0,0,0,0,1,0,0,3,1,0,1,0,0,60.0,0,0,0,0
13,SCSG,630.232421875,0,,0,0,0,0,1,0,0,3,1,0,1,0,0,60.0,0,0,0,0
13,SCSG,636.275390625,0,,0,0,0,0,1,0,0,3,2,0,1,0,0,60.0,0,0,0,0
13,SCSG,641.7998046875,0,,0,0,0,0,1,0,0,3,2,0,1,0,0,60.0,0,0,0,0
13,SCSG,647.9765625,0,,0,0,0,0,1,0,0,3,4,0,0,1,0,60.0,0,0,0,0
13,SCSG,654.736328125,0,,0,0,0,0,1,0,0,3,2,1,0,1,0,60.0,0,0,0,0
13,SCSG,661.6298828125,0,,1,0,0,0,1,0,0,3,2,1,0,1,0,60.0,0,3,0,0
13,SCSG,667.271484375,0,,0,0,0,0,1,0,0,3,0,1,0,0,0,60.0,0,0,0,0
13,SCSG,673.5810546875,0,,0,0,0,0,1,0,0,3,0,0,0,0,0,60.0,0,0,0,0
13,SCSG,678.7392578125,0,,0,0,0,0,1,0,0,3,0,0,0,0,0,60.0,0,0,0,0
13,SCSG,685.1650390625,0,,0,0,0,0,1,0,0,3,0,0,0,0,0,60.0,0,0,0,0
13,SCSG,691.525390625,0,,0,0,0,0,1,0,0,3,2,0,0,0,0,60.0,0,0,0,0
13,SCSG,697.7177734375,0,,0,0,0,0,1,0,0,3,2,0,0,0,0,60.0,0,0,0,0
13,SCSG,702.841796875,0,,0,0,0,0,1,0,0,3,2,0,0,0,0,60.0,0,0,0,0
13,SCSG,708.8505859375,0,,0,0,0,0,1,0,0,3,0,0,0,0,0,60.0,0,0,0,0
13,SCSG,715.2275390625,0,,0,0,0,0,1,0,0,3,0,0,1,1,0,60.0,0,0,0,0
13,SCSG,720.802734375,0,,0,0,0,0,1,0,0,3,0,0,1,1,0,60.0,0,0,0,0
13,SCSG,726.0439453125,0,,0,0,0,0,1,0,0,3,0,0,1,1,0,60.0,0,0,0,0
13,SCSG,731.71875,0,,0,0,0,0,1,0,0,3,0,0,1,0,0,60.0,0,0,0,0
13,SCSG,738.478515625,0,,0,0,0,0,1,0,0,3,1,0,1,0,0,60.0,0,0,0,0
13,SCSG,743.5361328125,0,,0,0,0,0,1,0,0,3,1,0,1,0,0,60.0,0,0,0,0
13,SCSG,750.263671875,0,,0,0,0,0,1,0,0,3,1,0,1,0,0,60.0,0,0,0,0
13,SCSG,756.0380859375,0,,0,0,0,0,1,0,0,3,1,0,1,0,0,60.0,0,0,0,0
13,SCSG,762.1142578125,0,,0,0,0,0,1,0,0,3,1,0,1,0,0,60.0,0,0,0,0
14,SCFB,26.033203125,0,,0,0,1,1,0,0,0,0,0,1,0,1,0,60.0,0,0,0,1
14,SCFB,32.8623046875,0,,0,0,1,1,0,0,0,1,0,1,1,1,0,60.0,0,0,0,1
14,SCFB,39.541015625,0,,0,0,1,1,0,0,0,2,1,1,1,2,0,60.0,0,0,0,2
14,SCFB,45.9521484375,0,,0,0,1,1,0,0,0,3,1,0,1,2,0,60.0,0,0,0,1
14,SCFB,51.5126953125,0,,1,0,1,1,0,0,0,3,1,0,1,2,0,60.0,0,1,0,1
14,SCFB,57.45703125,0,,0,0,1,1,0,0,0,3,2,0,1,3,0,60.0,0,0,0,2
14,SCFB,64.369140625,0,,0,0,1,1,0,0,0,3,3,0,1,2,0,60.0,0,0,0,3
14,SCFB,71.1650390625,0,,0,0,1,1,0,0,0,3,3,0,1,1,0,60.0,0,0,0,3
14,SCFB,78.1103515625,0,,0,0,1,1,0,0,0,3,2,0,1,0,0,60.0,0,0,0,2
14,SCFB,84.205078125,0,,0,0,1,1,0,0,0,3,1,0,1,2,0,60.0,0,0,0,1
14,SCFB,91.134765625,0,,0,0,1,1,0,0,0,3,1,0,1,2,0,60.0,0,0,0,1
14,SCFB,96.611328125,0,,0,0,1,1,0,0,0,3,1,0,1,2,0,60.0,0,0,0,1
14,SCFB,101.669921875,0,,0,0,1,1,0,0,0,3,0,0,1,0,0,60.0,0,0,0,0
14,SCFB,108.416015625,0,,0,0,1,1,0,0,0,3,0,0,0,2,0,60.0,0,0,0,0
14,SCFB,115.078125,0,,0,0,1,1,0,0,0,3,0,0,1,2,0,60.0,0,0,0,0
14,SCFB,120.337890625,0,,0,0,1,1,0,0,0,3,0,0,1,2,0,60.0,0,0,0,0
14,SCFB,125.9638671875,0,,0,0,1,1,0,0,0,3,0,0,1,2,0,60.0,0,0,0,0
14,SCFB,131.9248046875,0,,0,0,1,1,0,0,0,3,0,1,1,2,0,60.0,0,0,0,1
14,SCFB,138.9375,0,,0,0,1,1,0,0,0,3,0,1,1,2,0,60.0,0,0,0,1
14,SCFB,144.2646484375,0,,0,0,1,1,0,0,0,3,0,1,1,1,0,60.0,0,0,0,1
14,SCFB,150.224609375,0,,0,0,1,1,0,0,0,3,0,1,1,1,0,60.0,0,0,0,1
14,SCFB,156.787109375,0,,0,0,1,1,0,0,0,3,1,0,1,2,0,60.0,0,0,0,1
14,SCFB,162.931640625,0,,0,0,1,1,0,0,0,3,1,0,1,2,0,60.0,0,0,0,1
14,SCFB,168.32421875,0,,0,0,1,1,0,0,0,3,2,0,1,4,0,60.0,0,0,0,2
14,SCFB,174.2353515625,0,,0,0,1,1,0,0,0,3,2,0,1,3,0,60.0,0,0,0,2
14,SCFB,180.029296875,0,,0,0,1,1,0,0,0,3,1,0,1,2,0,60.0,0,0,0,1
14,SCFB,186.3740234375,0,,0,0,1,1,0,0,0,3,1,0,1,2,0,60.0,0,0,0,1
14,SCFB,192.1015625,0,,0,0,1,1,0,0,0,3,1,0,1,2,0,60.0,0,0,0,1
14,SCFB,198.279296875,0,,0,0,1,1,0,0,0,3,2,0,1,2,0,60.0,0,0,0,2
14,SCFB,204.123046875,0,,0,0,1,1,0,0,0,3,2,0,1,2,0,60.0,0,0,0,2
14,SCFB,209.298828125,0,,0,0,1,1,0,0,0,3,2,0,1,1,0,60.0,0,0,0,2
14,SCFB,214.3916015625,0,,0,0,1,1,0,0,0,3,0,0,1,0,0,60.0,0,0,0,0
14,SCFB,219.55078125,0,,0,0,1,1,0,0,0,3,1,0,1,0,0,60.0,0,0,0,1
14,SCFB,226.146484375,0,,0,0,1,1,0,0,0,3,1,0,1,0,0,60.0,0,0,0,1
14,SCFB,232.056640625,0,,0,0,1,1,0,0,0,3,1,0,1,0,0,60.0,0,0,0,1
14,SCFB,238.8193359375,0,,0,0,1,1,0,0,0,3,0,0,1,0,0,60.0,0,0,0,0
14,SCFB,243.9619140625,0,,0,0,1,1,0,0,0,3,0,0,1,1,0,60.0,0,0,0,0
14,SCFB,250.724609375,0,,0,0,1,1,0,0,0,3,0,0,1,2,0,60.0,0,0,0,0
14,SCFB,257.4697265625,0,,1,0,1,1,0,0,0,3,0,0,1,2,0,60.0,0,0,0,0
14,SCFB,264.3994140625,0,,0,0,1,1,0,0,0,3,0,0,1,1,0,60.0,0,0,0,0
14,SCFB,271.044921875,0,,0,0,1,1,0,0,0,3,0,0,1,0,0,60.0,0,0,0,0
14,SCFB,277.923828125,0,,0,0,1,1,0,0,0,3,0,0,1,0,0,60.0,0,0,0,0
14,SCFB,283.91796875,0,,0,0,1,1,0,0,0,3,0,0,1,0,0,60.0,0,0,0,0
14,SCFB,290.2958984375,0,,0,0,1,1,0,0,0,3,0,0,1,0,0,60.0,0,0,0,0
14,SCFB,296.7080078125,0,,0,0,1,1,0,0,0,3,0,0,1,0,0,60.0,0,0,0,0
14,SCFB,302.5849609375,0,,1,0,1,1,0,0,0,3,0,0,1,1,0,60.0,0,0,0,0
14,SCFB,308.1953125,0,,0,0,1,1,0,0,2,3,0,0,1,2,0,4.9423828125,0,0,2,0
14,SCFB,314.45703125,0,,0,0,1,1,0,0,2,3,1,0,1,2,0,11.2041015625,0,0,2,1
14,SCFB,319.732421875,0,,0,0,1,1,0,0,2,3,1,0,1,2,0,16.4794921875,0,0,2,1
14,SCFB,325.17578125,0,,0,0,1,1,0,0,0,3,1,0,1,1,0,21.9228515625,0,0,0,1
14,SCFB,331.3876953125,0,,0,0,1,1,0,0,0,3,1,0,1,0,0,28.134765625,0,0,0,1
14,SCFB,336.5966796875,0,,1,0,1,1,0,0,0,3,0,0,1,0,0,33.34375,0,0,0,0
14,SCFB,342.724609375,0,,0,0,1,1,0,0,0,3,0,0,1,0,0,39.4716796875,0,0,0,0
14,SCFB,347.93359375,0,,0,0,1,1,0,0,0,3,0,0,1,0,0,44.6806640625,0,0,0,0
14,SCFB,354.462890625,0,,0,0,1,1,0,0,0,3,0,0,1,0,0,51.2099609375,0,0,0,0
14,SCFB,361.375,0,,0,0,1,1,0,0,0,3,0,0,1,0,0,58.1220703125,0,0,0,0
14,SCFB,368.037109375,0,,0,0,1,1,0,0,0,3,1,0,0,0,0,60.0,0,0,0,1
14,SCFB,374.0478515625,0,,0,0,1,1,0,0,0,3,1,0,0,0,0,60.0,0,0,0,1
14,SCFB,379.44140625,0,,0,0,1,1,0,0,0,3,1,0,0,0,0,60.0,0,0,0,1
14,SCFB,385.318359375,0,,0,0,1,1,0,0,0,3,1,0,0,0,0,60.0,0,0,0,1
14,SCFB,391.36328125,0,,0,0,1,1,0,0,0,3,0,0,0,0,0,60.0,0,0,0,0
14,SCFB,396.4384765625,0,,0,0,1,1,0,0,0,3,0,0,0,0,0,60.0,0,0,0,0
14,SCFB,402.1494140625,0,,0,0,1,1,0,0,0,3,0,0,0,0,0,60.0,0,0,0,0
14,SCFB,408.64453125,0,,0,0,1,1,0,0,0,3,2,0,0,0,0,60.0,0,0,0,2
14,SCFB,415.2734375,0,,1,0,1,1,0,0,0,3,2,0,0,0,0,60.0,0,2,0,2
14,SCFB,421.634765625,0,,1,0,1,1,0,0,0,3,2,0,0,0,0,60.0,0,2,0,2
14,SCFB,427.845703125,0,,0,0,1,1,0,0,0,3,0,0,0,0,0,60.0,0,0,0,0
14,SCFB,433.47265625,0,,0,0,1,1,0,0,0,3,0,0,1,2,0,60.0,0,0,0,0
14,SCFB,440.16796875,0,,0,0,1,1,0,0,0,3,1,0,1,3,0,60.0,0,0,0,1
14,SCFB,446.9306640625,1,1.0849609375,1,0,1,1,0,0,0,3,2,0,1,4,0,60.0,0,2,0,2
14,SCFB,452.2900390625,0,,0,0,1,1,0,0,2,3,2,0,1,3,1,4.658203125,0,0,2,2
14,SCFB,459.2529296875,0,,0,0,1,1,0,0,2,3,1,0,1,1,1,11.62109375,0,0,2,1
14,SCFB,464.9794921875,0,,0,0,1,1,0,0,2,3,0,0,1,0,1,17.34765625,0,0,2,0
14,SCFB,471.4580078125,0,,0,0,1,1,0,0,0,3,0,0,1,0,1,23.826171875,0,0,0,0
14,SCFB,477.51953125,0,,1,0,1,1,0,0,0,3,0,0,1,0,1,29.8876953125,0,0,0,0
14,SCFB,483.5634765625,0,,0,0,1,1,0,0,0,3,0,0,1,0,1,35.931640625,0,0,0,0
14,SCFB,489.474609375,0,,0,0,1,1,0,0,0,3,0,0,1,0,1,41.8427734375,0,0,0,0
14,SCFB,494.5673828125,0,,0,0,1,1,0,0,0,3,0,0,1,0,1,46.935546875,0,0,0,0
14,SCFB,501.345703125,0,,0,0,1,1,0,0,0,3,0,0,1,0,1,53.7138671875,0,0,0,0
14,SCFB,506.939453125,0,,0,0,1,1,0,0,0,3,0,0,1,0,1,59.3076171875,0,0,0,0
14,SCFB,512.0322265625,0,,0,0,1,1,0,0,0,3,0,0,1,0,0,60.0,0,0,0,0
14,SCFB,517.224609375,0,,0,0,1,1,0,0,1,2,0,0,1,0,0,0.18359375,0,0,1,0
14,SCFB,524.103515625,0,,0,0,1,1,0,0,1,2,0,0,1,0,0,7.0625,0,0,1,0
14,SCFB,530.783203125,0,,0,0,1,1,0,0,1,2,0,0,1,0,0,13.7421875,0,0,1,0
14,SCFB,537.2607421875,0,,0,0,1,1,0,0,0,3,0,0,1,0,0,20.2197265625,0,0,0,0
14,SCFB,543.4892578125,0,,0,0,1,1,0,0,0,3,0,0,1,0,0,26.4482421875,0,0,0,0
14,SCFB,549.767578125,0,,1,0,1,1,0,0,0,3,0,0,1,0,0,32.7265625,0,0,0,0
14,SCFB,556.5458984375,0,,0,0,1,1,0,0,0,3,0,2,1,0,0,39.5048828125,0,0,0,2
14,SCFB,563.125,0,,0,0,1,1,0,0,0,3,0,2,1,0,0,46.083984375,0,0,0,2
14,SCFB,569.9541015625,0,,0,0,1,1,0,0,0,3,0,2,1,0,0,52.9130859375,0,0,0,2
14,SCFB,575.6640625,0,,0,0,1,1,0,0,0,3,0,0,1,0,0,58.623046875,0,0,0,0
14,SCFB,581.9423828125,0,,0,0,1,1,0,0,0,3,0,0,1,0,0,60.0,0,0,0,0
14,SCFB,588.4208984375,0,,0,0,1,1,0,0,0,3,0,0,1,0,0,60.0,0,0,0,0
14,SCFB,594.0478515625,0,,0,0,1,1,0,0,0,3,0,0,1,0,0,60.0,0,0,0,0
14,SCFB,599.2900390625,0,,0,0,1,1,0,0,0,3,0,0,1,0,0,60.0,0,0,0,0
14,SCFB,605.78515625,0,,1,0,1,1,0,0,0,3,2,0,1,0,0,60.0,0,2,0,2
14,SCFB,612.564453125,0,,1,0,1,1,0,0,2,3,2,0,0,0,0,6.2607421875,2,2,2,2
14,SCFB,618.0244140625,0,,0,0,1,1,0,0,4,3,2,0,0,0,0,4.9423828125,0,0,4,2
14,SCFB,623.5849609375,0,,0,0,1,1,0,0,4,3,1,0,0,0,0,10.5029296875,0,0,4,1
14,SCFB,630.3798828125,0,,1,0,1,1,0,0,2,3,0,0,0,0,0,17.2978515625,2,0,2,0
14,SCFB,637.17578125,0,,0,0,1,1,0,0,0,3,0,0,0,0,0,24.09375,0,0,0,0
14,SCFB,643.537109375,0,,0,0,1,1,0,0,0,3,0,0,0,0,0,30.455078125,0,0,0,0
14,SCFB,649.013671875,0,,0,0,1,1,0,0,0,3,1,0,0,0,0,35.931640625,0,0,0,1
14,SCFB,654.1064453125,0,,0,0,1,1,0,0,0,3,1,0,0,0,0,41.0244140625,0,0,0,1
14,SCFB,659.650390625,0,,1,0,1,1,0,0,0,3,1,0,0,0,0,46.568359375,0,1,0,1
14,SCFB,665.009765625,0,,0,0,1,1,0,0,0,3,0,0,0,0,0,51.927734375,0,0,0,0
14,SCFB,671.7216796875,0,,0,0,1,1,0,0,0,3,0,0,1,0,0,58.6396484375,0,0,0,0
14,SCFB,677.298828125,0,,0,0,1,1,0,0,0,3,0,0,1,0,0,60.0,0,0,0,0
14,SCFB,684.0439453125,0,,0,0,1,1,0,0,0,3,0,0,1,0,0,60.0,0,0,0,0
14,SCFB,690.255859375,0,,1,0,1,1,0,0,0,3,0,0,1,0,0,60.0,0,0,0,0
14,SCFB,696.6669921875,0,,0,0,1,1,0,0,0,3,0,0,1,0,0,60.0,0,0,0,0
14,SCFB,701.8095703125,0,,0,0,1,1,0,0,0,3,1,0,1,0,0,60.0,0,0,0,1
14,SCFB,708.455078125,0,,1,0,1,1,0,0,0,3,1,0,1,0,0,60.0,0,1,0,1
14,SCFB,714.7666015625,0,,0,0,1,1,0,0,0,3,1,0,1,0,0,60.0,0,0,0,1
14,SCFB,720.376953125,0,,0,0,1,1,0,0,0,3,0,0,1,0,0,60.0,0,0,0,0
14,SCMM,45.9033203125,0,,0,0,0,0,0,1,0,0,0,1,0,0,0,60.0,0,0,0,0
14,SCMM,52.232421875,0,,1,0,0,0,0,1,0,1,0,2,0,0,0,60.0,0,2,0,0
14,SCMM,59.1630859375,0,,0,0,0,0,0,1,2,1,0,2,1,0,0,6.1953125,0,0,0,0
14,SCMM,65.5263671875,0,,0,0,0,0,0,1,2,2,1,1,1,0,0,12.55859375,0,0,0,0
14,SCMM,72.15625,0,,0,0,0,0,0,1,2,2,1,0,1,0,0,19.1884765625,0,0,0,0
14,SCMM,78.669921875,0,,0,0,0,0,0,1,0,3,1,0,1,0,0,25.7021484375,0,0,0,0
14,SCMM,85.3330078125,0,,0,0,0,0,0,1,0,3,0,0,1,0,0,32.365234375,0,0,0,0
14,SCMM,91.162109375,0,,0,0,0,0,0,1,0,3,0,0,2,0,0,38.1943359375,0,0,0,0
14,SCMM,96.3388671875,0,,0,0,0,0,0,1,0,3,0,0,1,0,0,43.37109375,0,0,0,0
14,SCMM,101.482421875,0,,0,0,0,0,0,1,0,3,0,0,1,0,0,48.5146484375,0,0,0,0
14,SCMM,107.8955078125,0,,0,0,0,0,0,1,0,3,1,0,1,0,0,54.927734375,0,0,0,0
14,SCMM,113.306640625,0,,0,0,0,0,0,1,0,3,1,0,1,0,0,60.0,0,0,0,0
14,SCMM,118.6005859375,0,,0,0,0,0,0,1,0,3,1,0,1,0,0,60.0,0,0,0,0
14,SCMM,125.615234375,0,,0,0,0,0,0,1,0,3,0,0,1,0,0,60.0,0,0,0,0
14,SCMM,132.228515625,0,,0,0,0,0,0,1,0,3,0,0,1,0,0,60.0,0,0,0,0
14,SCMM,138.7421875,0,,0,0,0,0,0,1,0,3,0,0,1,0,0,60.0,0,0,0,0
14,SCMM,144.3701171875,0,,0,0,0,0,0,1,0,3,0,0,1,0,0,60.0,0,0,0,0
14,SCMM,150.3818359375,0,,0,0,0,0,0,1,0,3,0,0,0,0,0,60.0,0,0,0,0
14,SCMM,155.9765625,0,,0,0,0,0,0,1,0,3,0,1,1,0,0,60.0,0,0,0,0
14,SCMM,162.7734375,0,,0,0,0,0,0,1,0,3,0,3,1,0,0,60.0,0,0,0,0
14,SCMM,168.7529296875,0,,0,0,0,0,0,1,0,3,0,3,2,0,0,60.0,0,0,0,0
14,SCMM,174.013671875,0,,0,0,0,0,0,1,0,3,0,2,1,0,0,60.0,0,0,0,0
14,SCMM,179.841796875,0,,0,0,0,0,0,1,0,3,0,1,1,0,0,60.0,0,0,0,0
14,SCMM,185.787109375,0,,0,0,0,0,0,1,0,3,0,0,1,0,0,60.0,0,0,0,0
14,SCMM,191.0146484375,0,,0,0,0,0,0,1,0,3,0,0,1,0,0,60.0,0,0,0,0
14,SCMM,197.64453125,0,,0,0,0,0,0,1,0,3,1,0,1,0,0,60.0,0,0,0,0
14,SCMM,203.673828125,0,,0,0,0,0,0,1,0,3,2,0,1,0,0,60.0,0,0,0,0
14,SCMM,208.984375,0,,0,0,0,0,0,1,0,3,2,0,2,0,0,60.0,0,0,0,0
14,SCMM,214.896484375,0,,0,0,0,0,0,1,0,3,2,0,1,0,0,60.0,0,0,0,0
14,SCMM,221.84375,0,,0,0,0,0,0,1,0,3,0,0,1,0,0,60.0,0,0,0,0
14,SCMM,227.9892578125,0,,0,0,0,0,0,1,0,3,0,0,1,0,0,60.0,0,0,0,0
14,SCMM,234.8037109375,0,,0,0,0,0,0,1,0,3,0,0,1,0,0,60.0,0,0,0,0
14,SCMM,240.6318359375,0,,0,0,0,0,0,1,0,3,0,0,1,0,0,60.0,0,0,0,0
14,SCMM,246.2431640625,0,,0,0,0,0,0,1,0,3,0,0,1,0,0,60.0,0,0,0,0
14,SCMM,252.3720703125,0,,0,0,0,0,0,1,0,3,0,0,1,0,0,60.0,0,0,0,0
14,SCMM,258.1005859375,0,,0,0,0,0,0,1,0,3,0,0,1,0,0,60.0,0,0,0,0
14,SCMM,264.330078125,0,,0,0,0,0,0,1,0,3,0,0,1,0,0,60.0,0,0,0,0
14,SCMM,271.3447265625,0,,1,0,0,0,0,1,0,3,0,0,1,0,0,60.0,0,0,0,0
14,SCMM,276.8720703125,0,,0,0,0,0,0,1,0,3,0,0,1,0,0,60.0,0,0,0,0
14,SCMM,283.552734375,0,,1,0,0,0,0,1,0,3,0,0,1,0,0,60.0,0,0,0,0
14,SCMM,290.56640625,0,,0,0,0,0,0,1,2,3,0,0,1,0,0,6.61328125,0,0,0,0
14,SCMM,296.8798828125,0,,0,0,0,0,0,1,2,3,0,0,1,0,0,12.9267578125,0,0,0,0
14,SCMM,303.759765625,0,,1,0,0,0,0,1,2,3,0,0,1,0,0,19.806640625,2,0,0,0
14,SCMM,309.48828125,0,,0,0,0,0,0,1,0,3,0,0,1,0,0,25.53515625,0,0,0,0
14,SCMM,316.1015625,0,,0,0,0,0,0,1,0,3,0,0,1,0,0,32.1484375,0,0,0,0
14,SCMM,321.98046875,0,,0,0,0,0,0,1,0,3,0,0,1,0,0,38.02734375,0,0,0,0
14,SCMM,327.8759765625,0,,0,0,0,0,0,1,0,3,0,0,1,0,0,43.9228515625,0,0,0,0
14,SCMM,333.1865234375,0,,0,0,0,0,0,1,0,3,0,0,1,0,0,49.2333984375,0,0,0,0
14,SCMM,340.0673828125,0,,0,0,0,0,0,1,0,3,0,0,1,0,0,56.1142578125,0,0,0,0
14,SCMM,345.39453125,0,,1,0,0,0,0,1,0,3,0,0,1,0,0,60.0,0,0,0,0
14,SCMM,351.0390625,0,,0,0,0,0,0,1,0,3,0,0,1,0,0,60.0,0,0,0,0
14,SCMM,356.6171875,0,,0,0,0,0,0,1,0,3,0,0,1,0,0,60.0,0,0,0,0
14,SCMM,363.080078125,0,,0,0,0,0,0,1,0,3,0,0,1,0,0,60.0,0,0,0,0
14,SCMM,369.1591796875,0,,0,0,0,0,0,1,0,3,0,0,1,0,0,60.0,0,0,0,0
14,SCMM,374.453125,0,,0,0,0,0,0,1,0,3,0,0,1,0,0,60.0,0,0,0,0
14,SCMM,380.9169921875,0,,0,0,0,0,0,1,0,3,1,0,1,0,0,60.0,0,0,0,0
14,SCMM,386.3779296875,0,,0,0,0,0,0,1,0,3,2,0,0,0,0,60.0,0,0,0,0
14,SCMM,391.822265625,0,,0,0,0,0,0,1,0,3,2,0,0,0,0,60.0,0,0,0,0
14,SCMM,398.6689453125,0,,0,0,0,0,0,1,0,3,4,0,0,0,0,60.0,0,0,0,0
14,SCMM,404.798828125,0,,0,0,0,0,0,1,0,3,3,0,0,0,0,60.0,0,0,0,0
14,SCMM,411.228515625,0,,0,0,0,0,0,1,0,3,3,0,0,0,0,60.0,0,0,0,0
14,SCMM,416.689453125,0,,1,0,0,0,0,1,0,3,1,0,0,0,0,60.0,0,1,0,0
14,SCMM,423.38671875,0,,1,0,0,0,0,1,0,3,1,0,0,0,0,60.0,0,1,0,0
14,SCMM,429.6318359375,0,,0,0,0,0,0,1,0,3,1,0,0,0,0,60.0,0,0,0,0
14,SCMM,436.2626953125,0,,0,0,0,0,0,1,0,3,1,0,0,0,0,60.0,0,0,0,0
14,SCMM,443.29296875,0,,0,0,0,0,0,1,0,3,1,0,0,0,0,60.0,0,0,0,0
14,SCMM,450.140625,0,,1,0,0,0,0,1,0,3,0,0,0,0,0,60.0,0,0,0,0
14,SCMM,455.568359375,0,,0,0,0,0,0,1,0,3,0,0,1,0,0,60.0,0,0,0,0
14,SCMM,462.21484375,0,,0,0,0,0,0,1,0,3,0,2,1,0,0,60.0,0,0,0,0
14,SCMM,469.12890625,0,,0,0,0,0,0,1,0,3,0,2,1,0,0,60.0,0,0,0,0
14,SCMM,474.3564453125,0,,0,0,0,0,0,1,0,3,0,2,2,0,0,60.0,0,0,0,0
14,SCMM,480.21875,0,,0,0,0,0,0,1,0,3,0,1,1,0,0,60.0,0,0,0,0
14,SCMM,486.59765625,0,,0,0,0,0,0,1,0,3,1,0,1,0,0,60.0,0,0,0,0
14,SCMM,492.6103515625,0,,0,0,0,0,0,1,0,3,1,0,1,0,0,60.0,0,0,0,0
14,SCMM,498.1044921875,0,,0,0,0,0,0,1,0,3,1,0,1,0,0,60.0,0,0,0,0
14,SCMM,503.849609375,0,,1,0,0,0,0,1,0,3,0,0,1,0,0,60.0,0,0,0,0
14,SCMM,509.09375,0,,1,0,0,0,0,1,2,3,0,0,1,0,0,4.6767578125,2,0,0,0
14,SCMM,515.58984375,0,,1,0,0,0,0,1,2,3,0,0,1,0,0,11.1728515625,2,0,0,0
14,SCMM,521.53515625,0,,1,0,0,0,0,1,2,3,0,0,1,0,0,17.1181640625,2,0,0,0
14,SCMM,528.5498046875,0,,0,0,0,0,0,1,0,3,0,0,1,0,0,24.1328125,0,0,0,0
14,SCMM,534.3447265625,0,,0,0,0,0,0,1,0,3,0,0,2,0,0,29.927734375,0,0,0,0
14,SCMM,540.640625,0,,0,0,0,0,0,1,0,3,0,0,1,0,0,36.2236328125,0,0,0,0
14,SCMM,546.736328125,0,,0,0,0,0,0,1,0,3,0,0,1,0,0,42.3193359375,0,0,0,0
14,SCMM,551.8466796875,0,,0,0,0,0,0,1,0,3,0,0,1,0,0,47.4296875,0,0,0,0
14,SCMM,557.44140625,0,,0,0,0,0,0,1,0,3,0,0,1,0,0,53.0244140625,0,0,0,0
14,SCMM,563.654296875,0,,1,0,0,0,0,1,0,3,0,0,1,0,0,59.2373046875,0,0,0,0
14,SCMM,569.75,0,,0,0,0,0,0,1,0,3,0,0,1,0,0,60.0,0,0,0,0
14,SCMM,575.4111328125,0,,0,0,0,0,0,1,0,3,0,0,1,0,0,60.0,0,0,0,0
14,SCMM,581.8408203125,0,,1,0,0,0,0,1,0,3,0,0,1,0,0,60.0,0,0,0,0
14,SCMM,588.5380859375,0,,0,0,0,0,0,1,0,3,0,0,1,0,0,60.0,0,0,0,0
14,SCMM,594.5341796875,0,,0,0,0,0,0,1,0,3,0,0,1,0,0,60.0,0,0,0,0
14,SCMM,599.9951171875,0,,0,0,0,0,0,1,0,3,0,0,1,0,0,60.0,0,0,0,0
14,SCMM,605.8564453125,0,,0,0,0,0,0,1,0,3,0,0,1,0,0,60.0,0,0,0,0
14,SCMM,610.93359375,0,,0,0,0,0,0,1,0,3,0,0,1,0,0,60.0,0,0,0,0
14,SCMM,616.7451171875,0,,0,0,0,0,0,1,0,3,0,0,1,0,0,60.0,0,0,0,0
14,SCMM,623.091796875,0,,0,0,0,0,0,1,0,3,0,0,1,0,0,60.0,0,0,0,0
14,SCMM,629.2041015625,0,,0,0,0,0,0,1,0,3,0,0,1,0,0,60.0,0,0,0,0
14,SCMM,635.6337890625,0,,0,0,0,0,0,1,0,3,2,0,0,0,1,60.0,0,0,0,0
14,SCMM,641.111328125,0,,0,0,0,0,0,1,0,3,2,0,0,0,1,60.0,0,0,0,0
14,SCMM,646.2890625,0,,0,0,0,0,0,1,0,3,4,0,0,0,1,60.0,0,0,0,0
14,SCMM,651.44921875,0,,0,0,0,0,0,1,0,3,5,0,0,0,1,60.0,0,0,0,0
14,SCMM,658.4130859375,0,,0,0,0,0,0,1,0,3,3,0,0,0,1,60.0,0,0,0,0
14,SCMM,663.8408203125,0,,0,0,0,0,0,1,0,3,1,0,0,0,1,60.0,0,0,0,0
14,SCMM,670.822265625,0,,1,0,0,0,0,1,0,3,0,0,0,0,1,60.0,0,0,0,0
14,SCMM,676.1826171875,0,,0,0,0,0,0,1,0,3,2,0,0,0,1,60.0,0,0,0,0
14,SCMM,683.1806640625,0,,0,0,0,0,0,1,0,3,2,0,0,0,1,60.0,0,0,0,0
14,SCMM,688.4912109375,0,,1,0,0,0,0,1,0,3,2,0,0,0,1,60.0,0,2,0,0
14,SCMM,694.5703125,0,,1,0,0,0,0,1,0,3,1,0,0,0,0,60.0,0,1,0,0
14,SCMM,700.7158203125,0,,0,0,0,0,0,1,0,3,0,0,1,0,0,60.0,0,0,0,0
14,SCMM,707.3291015625,1,0.8017578125,1,0,0,0,0,1,2,2,0,1,1,0,0,5.8779296875,2,1,0,0
14,SCMM,712.5234375,0,,0,0,0,0,0,1,2,2,0,1,1,0,1,11.072265625,0,0,0,0
14,SCMM,718.7529296875,0,,0,0,0,0,0,1,2,2,0,1,1,0,1,17.3017578125,0,0,0,0
14,SCMM,725.015625,0,,0,0,0,0,0,1,0,3,0,0,1,0,1,23.564453125,0,0,0,0
14,SCMM,731.662109375,0,,0,0,0,0,0,1,0,3,0,0,1,0,1,30.2109375,0,0,0,0
14,SCMM,738.458984375,0,,0,0,0,0,0,1,0,3,0,0,1,0,1,37.0078125,0,0,0,0
14,SCMM,743.51953125,0,,0,0,0,0,0,1,0,3,0,1,1,0,1,42.068359375,0,0,0,0
14,SCSB,31.0625,0,,0,0,1,0,1,0,0,0,0,1,0,0,0,60.0,0,0,0,1
14,SCSB,37.7236328125,0,,0,0,1,0,1,0,0,1,0,1,0,1,0,60.0,0,0,0,1
14,SCSB,42.94921875,0,,0,0,1,0,1,0,0,2,0,1,1,1,0,60.0,0,0,0,1
14,SCSB,48.6767578125,0,,0,0,1,0,1,0,0,3,0,1,1,1,0,60.0,0,0,0,1
14,SCSB,53.7685546875,0,,0,0,1,0,1,0,0,3,0,0,1,0,0,60.0,0,0,0,0
14,SCSB,59.9130859375,0,,0,0,1,0,1,0,0,3,0,0,1,0,0,60.0,0,0,0,0
14,SCSB,66.791015625,0,,0,0,1,0,1,0,0,3,0,0,1,0,0,60.0,0,0,0,0
14,SCSB,73.6865234375,0,,1,0,1,0,1,0,0,3,0,0,1,0,0,60.0,0,0,0,0
14,SCSB,78.728515625,0,,0,0,1,0,1,0,2,3,0,0,1,0,0,4.4580078125,0,0,2,0
14,SCSB,85.2236328125,0,,0,0,1,0,1,0,2,3,0,0,1,0,0,10.953125,0,0,2,0
14,SCSB,92.068359375,0,,1,0,1,0,1,0,2,3,2,0,1,0,0,17.7978515625,2,2,2,2
14,SCSB,98.9306640625,0,,0,0,1,0,1,0,0,3,2,0,1,0,0,24.66015625,0,0,0,2
14,SCSB,105.826171875,0,,1,0,1,0,1,0,0,2,1,0,1,0,0,31.5556640625,0,1,0,1
14,SCSB,111.185546875,0,,1,0,1,0,1,0,0,3,2,0,1,0,0,36.9150390625,0,2,0,2
14,SCSB,118.046875,0,,0,0,1,0,1,0,0,3,2,0,1,0,0,43.7763671875,0,0,0,2
14,SCSB,123.33984375,0,,0,0,1,0,1,0,0,3,2,0,1,0,0,49.0693359375,0,0,0,2
14,SCSB,129.333984375,0,,0,0,1,0,1,0,0,3,1,2,1,1,0,55.0634765625,0,0,0,3
14,SCSB,135.7783203125,0,,0,0,1,0,1,0,0,3,0,3,1,1,0,60.0,0,0,0,3
14,SCSB,142.373046875,0,,0,0,1,0,1,0,0,3,0,3,1,2,0,60.0,0,0,0,3
14,SCSB,148.951171875,0,,0,0,1,0,1,0,0,3,0,1,1,1,0,60.0,0,0,0,1
14,SCSB,155.228515625,0,,0,0,1,0,1,0,0,3,0,0,1,1,0,60.0,0,0,0,0
14,SCSB,161.40625,0,,0,0,1,0,1,0,0,3,0,0,1,0,0,60.0,0,0,0,0
14,SCSB,167.1328125,0,,0,0,1,0,1,0,0,3,0,0,1,0,0,60.0,0,0,0,0
14,SCSB,173.927734375,0,,0,0,1,0,1,0,0,3,0,0,1,0,0,60.0,0,0,0,0
14,SCSB,179.771484375,0,,0,0,1,0,1,0,0,3,0,0,1,0,0,60.0,0,0,0,0
14,SCSB,185.46484375,0,,0,0,1,0,1,0,0,3,0,0,1,2,0,60.0,0,0,0,0
14,SCSB,192.1103515625,0,,0,0,1,0,1,0,0,3,0,0,1,2,0,60.0,0,0,0,0
14,SCSB,198.5546875,0,,1,0,1,0,1,0,0,3,0,0,2,4,0,60.0,0,0,0,0
14,SCSB,205.2666015625,0,,0,0,1,0,1,0,2,3,0,0,1,2,0,6.111328125,0,0,2,0
14,SCSB,211.6943359375,0,,1,0,1,0,1,0,2,3,0,0,1,2,0,12.5390625,2,0,2,0
14,SCSB,218.6064453125,0,,0,0,1,0,1,0,2,3,0,0,1,0,0,19.451171875,0,0,2,0
14,SCSB,224.650390625,0,,0,0,1,0,1,0,0,3,0,0,1,0,0,25.4951171875,0,0,0,0
14,SCSB,231.111328125,0,,0,0,1,0,1,0,0,3,0,0,1,0,0,31.9560546875,0,0,0,0
14,SCSB,236.169921875,0,,0,0,1,0,1,0,0,3,0,0,1,0,0,37.0146484375,0,0,0,0
14,SCSB,241.9130859375,0,,0,0,1,0,1,0,0,3,0,0,1,0,0,42.7578125,0,0,0,0
14,SCSB,248.92578125,0,,0,0,1,0,1,0,0,3,0,0,1,0,0,49.7705078125,0,0,0,0
14,SCSB,255.103515625,0,,0,0,1,0,1,0,0,3,0,0,1,0,0,55.9482421875,0,0,0,0
14,SCSB,261.314453125,0,,0,0,1,0,1,0,0,3,0,1,1,1,0,60.0,0,0,0,1
14,SCSB,266.7900390625,0,,0,0,1,0,1,0,0,3,0,1,1,1,0,60.0,0,0,0,1
14,SCSB,273.3515625,0,,0,0,1,0,1,0,0,3,0,1,1,2,0,60.0,0,0,0,1
14,SCSB,279.49609375,0,,0,0,1,0,1,0,0,3,0,1,1,1,0,60.0,0,0,0,1
14,SCSB,285.9404296875,0,,0,0,1,0,1,0,0,3,0,0,1,1,0,60.0,0,0,0,0
14,SCSB,291.6005859375,0,,0,0,1,0,1,0,0,3,0,0,1,1,0,60.0,0,0,0,0
14,SCSB,296.7587890625,0,,0,0,1,0,1,0,0,3,0,0,1,0,0,60.0,0,0,0,0
14,SCSB,302.134765625,0,,0,0,1,0,1,0,0,3,0,0,1,1,0,60.0,0,0,0,0
14,SCSB,308.9306640625,0,,0,0,1,0,1,0,0,3,0,0,1,1,0,60.0,0,0,0,0
14,SCSB,314.9072265625,0,,0,0,1,0,1,0,0,3,0,0,2,2,0,60.0,0,0,0,0
14,SCSB,321.501953125,0,,0,0,1,0,1,0,0,3,0,0,1,1,0,60.0,0,0,0,0
14,SCSB,328.28125,0,,1,0,1,0,1,0,0,3,0,0,1,1,0,60.0,0,0,0,0
14,SCSB,333.58984375,0,,0,0,1,0,1,0,0,3,0,0,1,0,0,60.0,0,0,0,0
14,SCSB,340.16796875,0,,1,0,1,0,1,0,0,3,0,1,1,1,0,60.0,0,1,0,1
14,SCSB,346.8466796875,0,,0,0,1,0,1,0,0,3,0,1,1,1,0,60.0,0,0,0,1
14,SCSB,352.857421875,0,,0,0,1,0,1,0,0,3,0,1,2,2,0,60.0,0,0,0,1
14,SCSB,359.318359375,0,,0,0,1,0,1,0,0,3,0,0,1,1,0,60.0,0,0,0,0
14,SCSB,366.330078125,0,,0,0,1,0,1,0,0,3,0,0,1,1,0,60.0,0,0,0,0
14,SCSB,372.625,0,,0,0,1,0,1,0,0,3,0,0,1,0,0,60.0,0,0,0,0
14,SCSB,379.50390625,0,,0,0,1,0,1,0,0,3,0,1,1,1,0,60.0,0,0,0,1
14,SCSB,385.4306640625,0,,0,0,1,0,1,0,0,3,2,2,1,1,0,60.0,0,0,0,4
14,SCSB,390.740234375,0,,0,0,1,0,1,0,0,3,3,3,1,1,0,60.0,0,0,0,6
14,SCSB,396.56640625,0,,0,0,1,0,1,0,0,3,3,3,0,1,0,60.0,0,0,0,6
14,SCSB,402.8271484375,0,,0,0,1,0,1,0,0,3,3,1,0,0,0,60.0,0,0,0,4
14,SCSB,408.921875,0,,0,0,1,0,1,0,0,3,1,0,0,0,0,60.0,0,0,0,1
14,SCSB,415.81640625,0,,0,0,1,0,1,0,0,3,0,0,0,0,0,60.0,0,0,0,0
14,SCSB,421.4267578125,0,,0,0,1,0,1,0,0,3,2,0,0,0,0,60.0,0,0,0,2
14,SCSB,427.4375,0,,0,0,1,0,1,0,0,3,2,0,0,0,0,60.0,0,0,0,2
14,SCSB,433.2802734375,0,,0,0,1,0,1,0,0,3,2,0,0,0,0,60.0,0,0,0,2
14,SCSB,440.29296875,0,,1,0,1,0,1,0,0,3,1,0,0,0,0,60.0,0,1,0,1
14,SCSB,446.236328125,0,,1,0,1,0,1,0,0,3,0,0,0,0,0,60.0,0,0,0,0
14,SCSB,451.3291015625,0,,0,0,1,0,1,0,0,3,0,0,0,1,0,60.0,0,0,0,0
14,SCSB,457.2392578125,0,,0,0,1,0,1,0,2,2,0,0,1,1,0,5.2255859375,0,0,2,0
14,SCSB,462.5986328125,0,,0,0,1,0,1,0,2,2,0,0,1,1,0,10.5849609375,0,0,2,0
14,SCSB,467.94140625,0,,0,0,1,0,1,0,2,2,0,0,1,0,0,15.927734375,0,0,2,0
14,SCSB,474.2021484375,0,,1,0,1,0,1,0,0,3,0,0,1,0,0,22.1884765625,0,0,0,0
14,SCSB,480.580078125,0,,0,0,1,0,1,0,0,3,0,0,1,0,0,28.56640625,0,0,0,0
14,SCSB,485.9228515625,0,,1,0,1,0,1,0,0,3,0,0,1,0,0,33.9091796875,0,0,0,0
14,SCSB,491.298828125,0,,0,0,1,0,1,0,0,3,0,0,1,0,0,39.28515625,0,0,0,0
14,SCSB,497.2587890625,0,,0,0,1,0,1,0,0,3,0,0,1,0,0,45.2451171875,0,0,0,0
14,SCSB,502.333984375,0,,0,0,1,0,1,0,0,3,1,0,1,0,0,50.3203125,0,0,0,1
14,SCSB,508.962890625,0,,0,0,1,0,1,0,0,3,1,0,1,0,0,56.94921875,0,0,0,1
14,SCSB,515.45703125,0,,0,0,1,0,1,0,0,3,1,0,1,0,0,60.0,0,0,0,1
14,SCSB,522.302734375,0,,0,0,1,0,1,0,0,3,0,0,1,0,0,60.0,0,0,0,0
14,SCSB,528.095703125,0,,0,0,1,0,1,0,0,3,0,0,1,0,0,60.0,0,0,0,0
14,SCSB,535.091796875,0,,1,0,1,0,1,0,0,3,0,0,1,1,0,60.0,0,0,0,0
14,SCSB,541.21875,0,,1,0,1,0,1,0,2,3,0,0,1,1,0,5.4755859375,2,0,2,0
14,SCSB,546.544921875,0,,0,0,1,0,1,0,2,3,0,0,1,1,0,10.8017578125,0,0,2,0
14,SCSB,552.4052734375,0,,0,0,1,0,1,0,2,3,0,0,2,2,0,16.662109375,0,0,2,0
14,SCSB,558.783203125,0,,1,0,1,0,1,0,0,3,0,0,1,1,0,23.0400390625,0,0,0,0
14,SCSB,564.9599609375,0,,0,0,1,0,1,0,0,3,0,0,1,1,0,29.216796875,0,0,0,0
14,SCSB,571.1044921875,0,,0,0,1,0,1,0,0,3,0,0,1,0,0,35.361328125,0,0,0,0
14,SCSB,577.33203125,0,,0,0,1,0,1,0,0,3,0,0,1,0,0,41.5888671875,0,0,0,0
14,SCSB,583.509765625,0,,0,0,1,0,1,0,0,3,0,0,1,0,0,47.7666015625,0,0,0,0
14,SCSB,589.8369140625,0,,0,0,1,0,1,0,0,3,0,0,1,0,0,54.09375,0,0,0,0
14,SCSB,595.546875,0,,0,0,1,0,1,0,0,3,0,0,1,0,0,59.8037109375,0,0,0,0
14,SCSB,601.45703125,0,,0,0,1,0,1,0,0,3,0,0,1,0,0,60.0,0,0,0,0
14,SCSB,607.71875,0,,0,0,1,0,1,0,0,3,0,0,1,0,0,60.0,0,0,0,0
14,SCSB,612.810546875,0,,0,0,1,0,1,0,0,3,0,0,1,0,0,60.0,0,0,0,0
14,SCSB,618.8544921875,0,,0,0,1,0,1,0,0,3,0,1,1,1,0,60.0,0,0,0,1
14,SCSB,625.2490234375,0,,1,0,1,0,1,0,0,3,0,1,1,1,0,60.0,0,1,0,1
14,SCSB,630.841796875,0,,0,0,1,0,1,0,0,3,0,1,1,3,0,60.0,0,0,0,1
14,SCSB,636.41796875,0,,0,0,1,0,1,0,0,3,1,1,0,2,0,60.0,0,0,0,2
14,SCSB,642.2451171875,0,,0,0,1,0,1,0,0,3,1,0,0,2,0,60.0,0,0,0,1
14,SCSB,649.2744140625,0,,0,0,1,0,1,0,0,3,1,0,0,1,0,60.0,0,0,0,1
14,SCSB,655.134765625,0,,0,0,1,0,1,0,0,3,1,0,0,0,0,60.0,0,0,0,1
14,SCSB,661.74609375,0,,0,0,1,0,1,0,0,3,0,0,0,0,0,60.0,0,0,0,0
14,SCSB,668.4404296875,0,,0,0,1,0,1,0,0,3,0,0,0,0,0,60.0,0,0,0,0
14,SCSB,674.869140625,0,,1,0,1,0,1,0,0,3,0,0,0,0,0,60.0,0,0,0,0
14,SCSB,680.5791015625,0,,0,0,1,0,1,0,0,3,2,0,0,0,0,60.0,0,0,0,2
14,SCSB,685.9384765625,0,,0,0,1,0,1,0,0,3,2,0,0,0,0,60.0,0,0,0,2
14,SCSB,692.1494140625,0,,0,0,1,0,1,0,0,3,3,0,0,0,0,60.0,0,0,0,3
14,SCSB,697.9921875,0,,0,0,1,0,1,0,0,3,1,0,0,0,0,60.0,0,0,0,1
14,SCSB,704.8212890625,0,,0,0,1,0,1,0,0,3,1,0,1,1,0,60.0,0,0,0,1
14,SCSB,709.9130859375,0,,1,0,1,0,1,0,0,3,0,0,1,3,0,60.0,0,0,0,0
14,SCSB,715.9072265625,0,,0,0,1,0,1,0,0,3,0,0,1,3,0,60.0,0,0,0,0
14,SCSB,720.94921875,0,,0,0,1,0,1,0,0,3,0,0,1,3,0,60.0,0,0,0,0
14,SCSB,726.4091796875,0,,0,0,1,0,1,0,0,3,0,0,1,1,0,60.0,0,0,0,0
14,SCSB,733.0205078125,0,,0,0,1,0,1,0,0,3,0,0,1,0,0,60.0,0,0,0,0
14,SCSB,739.8984375,0,,0,0,1,0,1,0,0,3,0,0,2,0,0,60.0,0,0,0,0
14,SCSG,27.3046875,0,,0,0,0,0,1,0,0,0,0,1,0,1,0,60.0,0,0,0,0
14,SCSG,32.798828125,0,,1,0,0,0,1,0,0,1,0,1,1,1,0,60.0,0,1,0,0
14,SCSG,37.908203125,0,,0,0,0,0,1,0,0,2,0,1,1,1,0,60.0,0,0,0,0
14,SCSG,44.5205078125,0,,1,0,0,0,1,0,0,3,1,0,1,1,0,60.0,0,1,0,0
14,SCSG,51.2001953125,0,,0,0,0,0,1,0,0,3,1,0,1,0,0,60.0,0,0,0,0
14,SCSG,57.0107421875,0,,0,0,0,0,1,0,0,3,1,0,1,0,0,60.0,0,0,0,0
14,SCSG,62.103515625,0,,0,0,0,0,1,0,0,3,2,0,1,0,0,60.0,0,0,0,0
14,SCSG,68.6826171875,0,,0,0,0,0,1,0,0,3,2,0,1,0,0,60.0,0,0,0,0
14,SCSG,73.7255859375,0,,0,0,0,0,1,0,0,3,2,0,1,1,0,60.0,0,0,0,0
14,SCSG,80.455078125,0,,0,0,0,0,1,0,0,3,1,0,1,1,0,60.0,0,0,0,0
14,SCSG,87.2509765625,0,,0,0,0,0,1,0,0,3,0,0,1,1,0,60.0,0,0,0,0
14,SCSG,94.0966796875,0,,0,0,0,0,1,0,0,3,0,0,1,0,0,60.0,0,0,0,0
14,SCSG,99.5068359375,0,,0,0,0,0,1,0,0,3,0,0,1,0,0,60.0,0,0,0,0
14,SCSG,104.6162109375,0,,0,0,0,0,1,0,0,3,0,0,1,0,0,60.0,0,0,0,0
14,SCSG,111.2626953125,0,,0,0,0,0,1,0,0,3,0,0,1,0,0,60.0,0,0,0,0
14,SCSG,117.724609375,0,,0,0,0,0,1,0,0,3,1,0,1,1,0,60.0,0,0,0,0
14,SCSG,124.4033203125,0,,0,0,0,0,1,0,0,3,2,0,1,1,0,60.0,0,0,0,0
14,SCSG,131.18359375,0,,0,0,0,0,1,0,0,3,2,0,1,1,0,60.0,0,0,0,0
14,SCSG,136.4267578125,0,,0,0,0,0,1,0,0,3,1,0,1,0,0,60.0,0,0,0,0
14,SCSG,142.98828125,0,,0,0,0,0,1,0,0,3,0,0,1,0,0,60.0,0,0,0,0
14,SCSG,149.400390625,0,,1,0,0,0,1,0,0,3,0,0,2,0,0,60.0,0,0,0,0
14,SCSG,155.3115234375,0,,0,0,0,0,1,0,2,2,0,0,1,0,0,5.3095703125,0,0,0,0
14,SCSG,160.921875,0,,0,0,0,0,1,0,2,2,0,0,1,0,0,10.919921875,0,0,0,0
14,SCSG,167.451171875,0,,0,0,0,0,1,0,2,2,0,0,1,0,0,17.44921875,0,0,0,0
14,SCSG,173.6796875,0,,0,0,0,0,1,0,0,3,0,0,1,0,0,23.677734375,0,0,0,0
14,SCSG,178.7890625,0,,0,0,0,0,1,0,0,3,0,0,1,0,0,28.787109375,0,0,0,0
14,SCSG,183.9150390625,0,,0,0,0,0,1,0,0,3,0,0,1,0,0,33.9130859375,0,0,0,0
14,SCSG,189.158203125,0,,0,0,0,0,1,0,0,3,0,0,1,0,0,39.15625,0,0,0,0
14,SCSG,194.7861328125,0,,0,0,0,0,1,0,0,3,0,0,1,0,0,44.7841796875,0,0,0,0
14,SCSG,201.798828125,0,,0,0,0,0,1,0,0,3,0,0,1,0,0,51.796875,0,0,0,0
14,SCSG,208.126953125,0,,0,0,0,0,1,0,0,3,0,0,1,0,0,58.125,0,0,0,0
14,SCSG,214.505859375,0,,0,0,0,0,1,0,0,3,0,0,1,0,0,60.0,0,0,0,0
14,SCSG,219.5654296875,0,,0,0,0,0,1,0,0,3,1,0,1,0,0,60.0,0,0,0,0
14,SCSG,226.1611328125,0,,0,0,0,0,1,0,0,3,1,0,2,0,0,60.0,0,0,0,0
14,SCSG,231.7880859375,1,1.052734375,1,0,0,0,1,0,0,3,1,0,1,0,0,60.0,0,1,0,0
14,SCSG,238.6181640625,0,,1,0,0,0,1,0,2,2,1,0,1,0,1,6.294921875,2,1,0,0
14,SCSG,244.078125,0,,0,0,0,0,1,0,2,2,1,0,1,0,1,11.7548828125,0,0,0,0
14,SCSG,251.07421875,0,,0,0,0,0,1,0,2,2,1,0,1,0,1,18.7509765625,0,0,0,0
14,SCSG,257.9375,0,,0,0,0,0,1,0,0,3,0,0,1,0,1,25.6142578125,0,0,0,0
14,SCSG,263.1640625,0,,0,0,0,0,1,0,0,3,0,0,1,0,1,30.8408203125,0,0,0,0
14,SCSG,268.20703125,0,,0,0,0,0,1,0,0,3,0,0,1,0,1,35.8837890625,0,0,0,0
14,SCSG,274.1513671875,0,,1,0,0,0,1,0,0,3,0,0,1,0,1,41.828125,0,0,0,0
14,SCSG,280.7802734375,0,,0,0,0,0,1,0,2,3,0,0,1,0,1,5.9609375,0,0,0,0
14,SCSG,286.4072265625,0,,0,0,0,0,1,0,2,3,0,0,1,0,1,11.587890625,0,0,0,0
14,SCSG,292.9697265625,0,,0,0,0,0,1,0,2,3,0,0,1,0,0,18.150390625,0,0,0,0
14,SCSG,298.8310546875,0,,0,0,0,0,1,0,0,3,0,0,1,0,0,24.01171875,0,0,0,0
14,SCSG,305.3759765625,0,,0,0,0,0,1,0,0,3,0,0,1,0,0,30.556640625,0,0,0,0
14,SCSG,310.5361328125,0,,0,0,0,0,1,0,0,3,0,0,1,0,0,35.716796875,0,0,0,0
14,SCSG,316.23046875,0,,0,0,0,0,1,0,0,3,0,0,1,0,0,41.4111328125,0,0,0,0
14,SCSG,322.7255859375,0,,0,0,0,0,1,0,0,3,0,0,1,0,0,47.90625,0,0,0,0
14,SCSG,328.0859375,0,,0,0,0,0,1,0,0,3,0,0,1,0,0,53.2666015625,0,0,0,0
14,SCSG,335.015625,0,,1,0,0,0,1,0,0,3,0,0,1,0,0,60.0,0,0,0,0
14,SCSG,341.1435546875,0,,0,0,0,0,1,0,0,3,0,0,1,0,0,60.0,0,0,0,0
14,SCSG,346.3369140625,0,,0,0,0,0,1,0,0,3,0,0,1,0,0,60.0,0,0,0,0
14,SCSG,352.197265625,0,,0,0,0,0,1,0,0,3,0,0,1,0,0,60.0,0,0,0,0
14,SCSG,359.09375,0,,0,0,0,0,1,0,0,3,0,0,1,0,0,60.0,0,0,0,0
14,SCSG,364.7373046875,0,,0,0,0,0,1,0,0,3,1,0,0,1,0,60.0,0,0,0,0
14,SCSG,370.46484375,0,,0,0,0,0,1,0,0,3,1,0,0,1,0,60.0,0,0,0,0
14,SCSG,376.142578125,0,,0,0,0,0,1,0,0,3,1,0,0,1,0,60.0,0,0,0,0
14,SCSG,382.0703125,0,,0,0,0,0,1,0,0,3,1,0,0,1,0,60.0,0,0,0,0
14,SCSG,388.8662109375,0,,1,0,0,0,1,0,0,3,1,0,0,0,0,60.0,0,1,0,0
14,SCSG,395.662109375,0,,1,0,0,0,1,0,0,3,1,0,0,0,0,60.0,0,1,0,0
14,SCSG,402.5751953125,0,,0,0,0,0,1,0,0,3,1,0,0,0,0,60.0,0,0,0,0
14,SCSG,408.5361328125,0,,0,0,0,0,1,0,0,3,1,0,0,0,0,60.0,0,0,0,0
14,SCSG,415.349609375,0,,0,0,0,0,1,0,0,3,1,0,0,0,0,60.0,0,0,0,0
14,SCSG,420.4091796875,0,,0,0,0,0,1,0,0,3,1,0,0,0,0,60.0,0,0,0,0
14,SCSG,426.0859375,0,,0,0,0,0,1,0,0,3,1,0,0,0,0,60.0,0,0,0,0
14,SCSG,431.3291015625,0,,1,0,0,0,1,0,0,3,0,0,1,0,0,60.0,0,0,0,0
14,SCSG,437.240234375,1,0.751953125,1,0,0,0,1,0,2,2,0,1,1,0,0,5.2099609375,2,1,0,0
14,SCSG,443.05078125,0,,0,0,0,0,1,0,2,2,0,1,1,0,1,11.0205078125,0,0,0,0
14,SCSG,449.4296875,0,,0,0,0,0,1,0,2,2,0,1,1,1,1,17.3994140625,0,0,0,0
14,SCSG,455.056640625,0,,0,0,0,0,1,0,0,3,0,0,1,1,1,23.0263671875,0,0,0,0
14,SCSG,461.9697265625,0,,0,0,0,0,1,0,0,3,1,0,1,1,1,29.939453125,0,0,0,0
14,SCSG,468.21484375,0,,0,0,0,0,1,0,0,3,1,0,1,0,1,36.1845703125,0,0,0,0
14,SCSG,474.1591796875,0,,1,0,0,0,1,0,0,3,1,0,1,0,1,42.12890625,0,1,0,0
14,SCSG,481.189453125,0,,0,0,0,0,1,0,0,3,1,0,1,0,1,49.1591796875,0,0,0,0
14,SCSG,486.4990234375,0,,1,0,0,0,1,0,0,3,1,0,1,0,1,54.46875,0,1,0,0
14,SCSG,492.8115234375,0,,0,0,0,0,1,0,0,3,1,0,1,0,1,60.0,0,0,0,0
14,SCSG,499.724609375,0,,0,0,0,0,1,0,0,3,1,0,1,0,0,60.0,0,0,0,0
14,SCSG,505.71875,0,,0,0,0,0,1,0,0,3,0,0,2,0,0,60.0,0,0,0,0
14,SCSG,512.2646484375,0,,0,0,0,0,1,0,0,3,1,0,1,0,0,60.0,0,0,0,0
14,SCSG,518.5263671875,0,,0,0,0,0,1,0,0,3,3,0,1,0,0,60.0,0,0,0,0
14,SCSG,524.7880859375,0,,1,0,0,0,1,0,0,3,3,0,1,0,0,60.0,0,3,0,0
14,SCSG,530.1142578125,0,,0,0,0,0,1,0,0,3,2,0,1,0,0,60.0,0,0,0,0
14,SCSG,535.8583984375,0,,0,0,0,0,1,0,0,3,0,0,1,0,0,60.0,0,0,0,0
14,SCSG,541.4189453125,0,,0,0,0,0,1,0,0,3,0,0,1,0,0,60.0,0,0,0,0
14,SCSG,546.6123046875,0,,0,0,0,0,1,0,0,3,0,0,1,0,0,60.0,0,0,0,0
14,SCSG,552.4560546875,0,,0,0,0,0,1,0,0,3,0,0,1,0,0,60.0,0,0,0,0
14,SCSG,559.2529296875,0,,1,0,0,0,1,0,0,3,0,0,1,0,0,60.0,0,0,0,0
14,SCSG,565.9814453125,0,,0,0,0,0,1,0,0,3,0,0,1,0,0,60.0,0,0,0,0
14,SCSG,572.7275390625,0,,1,0,0,0,1,0,0,3,1,0,1,0,0,60.0,0,1,0,0
14,SCSG,577.9208984375,0,,0,0,0,0,1,0,0,3,2,0,1,0,0,60.0,0,0,0,0
14,SCSG,583.5810546875,0,,0,0,0,0,1,0,0,3,2,0,1,0,0,60.0,0,0,0,0
14,SCSG,590.0771484375,0,,0,0,0,0,1,0,0,3,2,0,1,0,0,60.0,0,0,0,0
14,SCSG,596.322265625,0,,0,0,0,0,1,0,0,3,0,0,1,0,0,60.0,0,0,0,0
14,SCSG,603.1845703125,0,,0,0,0,0,1,0,0,3,0,0,1,1,0,60.0,0,0,0,0
14,SCSG,608.427734375,0,,0,0,0,0,1,0,0,3,0,0,0,1,0,60.0,0,0,0,0
14,SCSG,614.171875,0,,0,0,0,0,1,0,0,3,0,0,0,1,0,60.0,0,0,0,0
14,SCSG,619.765625,0,,0,0,0,0,1,0,0,3,0,0,0,1,0,60.0,0,0,0,0
14,SCSG,625.927734375,0,,0,0,0,0,1,0,0,3,0,0,0,0,0,60.0,0,0,0,0
14,SCSG,632.3896484375,0,,1,0,0,0,1,0,0,3,0,0,0,0,0,60.0,0,0,0,0
14,SCSG,639.3359375,0,,0,0,0,0,1,0,0,3,0,0,0,0,0,60.0,0,0,0,0
14,SCSG,645.7978515625,0,,0,0,0,0,1,0,0,3,0,0,0,0,0,60.0,0,0,0,0
14,SCSG,652.2431640625,0,,0,0,0,0,1,0,0,3,2,0,0,0,0,60.0,0,0,0,0
14,SCSG,658.8896484375,0,,0,0,0,0,1,0,0,3,2,0,0,0,0,60.0,0,0,0,0
14,SCSG,665.1845703125,0,,0,0,0,0,1,0,0,3,2,0,0,0,0,60.0,0,0,0,0
14,SCSG,670.4443359375,0,,0,0,0,0,1,0,0,3,1,0,0,0,0,60.0,0,0,0,0
14,SCSG,676.72265625,0,,0,0,0,0,1,0,0,3,0,0,1,0,0,60.0,0,0,0,0
14,SCSG,683.134765625,0,,0,0,0,0,1,0,0,3,0,0,1,1,0,60.0,0,0,0,0
14,SCSG,688.4443359375,1,0.9853515625,1,0,0,0,1,0,0,3,0,0,1,1,0,60.0,0,0,0,0
14,SCSG,693.4873046875,0,,0,0,0,0,1,0,2,2,0,0,1,1,1,4.4580078125,0,0,0,0
14,SCSG,700.3837890625,0,,0,0,0,0,1,0,2,2,0,0,1,0,1,11.3544921875,0,0,0,0
14,SCSG,706.2275390625,0,,0,0,0,0,1,0,2,2,1,0,1,0,1,17.1982421875,0,0,0,0
14,SCSG,711.3876953125,0,,1,0,0,0,1,0,0,3,1,0,1,0,1,22.3583984375,0,1,0,0
14,SCSG,716.5810546875,0,,0,0,0,0,1,0,0,3,1,0,1,0,1,27.5517578125,0,0,0,0
14,SCSG,723.16015625,0,,1,0,0,0,1,0,0,3,1,0,1,0,1,34.130859375,0,1,0,0
15,SCFB,35.9833984375,1,1.0849609375,1,0,1,1,0,0,0,0,1,1,0,1,0,60.0,0,2,0,2
15,SCFB,42.7275390625,0,,0,0,1,1,0,0,2,1,1,1,1,1,1,5.9267578125,0,0,2,2
15,SCFB,48.5029296875,0,,0,0,1,1,0,0,2,2,1,1,1,1,1,11.7021484375,0,0,2,2
15,SCFB,55.0302734375,0,,0,0,1,1,0,0,2,3,1,0,1,0,1,18.2294921875,0,0,2,1
15,SCFB,60.6884765625,0,,0,0,1,1,0,0,0,3,1,0,1,0,1,23.8876953125,0,0,0,1
15,SCFB,67.0986328125,0,,0,0,1,1,0,0,0,3,1,0,1,0,1,30.2978515625,0,0,0,1
15,SCFB,73.9267578125,0,,0,0,1,1,0,0,0,3,3,0,1,0,1,37.1259765625,0,0,0,3
15,SCFB,80.6533203125,0,,0,0,1,1,0,0,0,3,2,0,1,0,1,43.8525390625,0,0,0,2
15,SCFB,86.796875,0,,0,0,1,1,0,0,0,3,3,0,1,0,1,49.99609375,0,0,0,3
15,SCFB,91.8544921875,0,,0,0,1,1,0,0,0,3,4,0,1,0,1,55.0537109375,0,0,0,4
15,SCFB,98.798828125,0,,0,0,1,1,0,0,0,3,3,0,1,1,0,60.0,0,0,0,3
15,SCFB,105.3759765625,0,,1,0,1,1,0,0,0,3,4,0,1,1,0,60.0,0,4,0,4
15,SCFB,111.5693359375,0,,0,0,1,1,0,0,0,3,2,0,1,1,0,60.0,0,0,0,2
15,SCFB,116.66015625,0,,0,0,1,1,0,0,0,3,3,0,1,1,0,60.0,0,0,0,3
15,SCFB,122.26953125,0,,0,0,1,1,0,0,0,3,2,0,1,0,0,60.0,0,0,0,2
15,SCFB,128.5126953125,0,,0,0,1,1,0,0,0,3,2,0,1,1,0,60.0,0,0,0,2
15,SCFB,135.2392578125,0,,0,0,1,1,0,0,0,3,0,0,1,1,0,60.0,0,0,0,0
15,SCFB,140.6982421875,0,,0,0,1,1,0,0,0,3,1,0,2,2,0,60.0,0,0,0,1
15,SCFB,146.5908203125,0,,0,0,1,1,0,0,0,3,1,0,1,1,0,60.0,0,0,0,1
15,SCFB,151.6318359375,0,,0,0,1,1,0,0,0,3,1,0,1,1,0,60.0,0,0,0,1
15,SCFB,158.5927734375,0,,0,0,1,1,0,0,0,3,1,0,1,1,0,60.0,0,0,0,1
15,SCFB,164.435546875,0,,0,0,1,1,0,0,0,3,0,0,1,0,0,60.0,0,0,0,0
15,SCFB,169.9609375,0,,0,0,1,1,0,0,0,3,1,0,1,0,0,60.0,0,0,0,1
15,SCFB,175.9873046875,0,,0,0,1,1,0,0,0,3,1,0,1,1,0,60.0,0,0,0,1
15,SCFB,182.4140625,0,,0,0,1,1,0,0,0,3,1,1,1,2,0,60.0,0,0,0,2
15,SCFB,189.1748046875,0,,0,0,1,1,0,0,0,3,0,1,1,2,0,60.0,0,0,0,1
15,SCFB,195.0166015625,0,,0,0,1,1,0,0,0,3,0,1,1,1,0,60.0,0,0,0,1
15,SCFB,200.1748046875,0,,1,0,1,1,0,0,0,3,0,1,1,1,0,60.0,0,1,0,1
15,SCFB,205.25,0,,0,0,1,1,0,0,2,3,0,0,1,0,0,4.45703125,0,0,2,0
15,SCFB,211.025390625,0,,0,0,1,1,0,0,2,3,0,0,1,0,0,10.232421875,0,0,2,0
15,SCFB,217.8525390625,0,,0,0,1,1,0,0,2,3,0,0,1,0,0,17.0595703125,0,0,2,0
15,SCFB,223.6123046875,0,,0,0,1,1,0,0,0,3,0,0,1,0,0,22.8193359375,0,0,0,0
15,SCFB,229.2041015625,0,,1,0,1,1,0,0,0,3,0,0,1,0,0,28.4111328125,0,0,0,0
15,SCFB,234.3955078125,0,,0,0,1,1,0,0,0,3,0,0,1,0,0,33.6025390625,0,0,0,0
15,SCFB,240.12109375,0,,0,0,1,1,0,0,0,3,0,0,1,0,0,39.328125,0,0,0,0
15,SCFB,245.212890625,0,,0,0,1,1,0,0,0,3,1,0,1,0,0,44.419921875,0,0,0,1
15,SCFB,250.5380859375,0,,1,0,1,1,0,0,0,3,1,0,1,0,0,49.7451171875,0,1,0,1
15,SCFB,257.248046875,0,,0,0,1,1,0,0,2,3,1,0,1,0,0,6.0263671875,0,0,2,1
15,SCFB,264.0927734375,0,,0,0,1,1,0,0,2,3,1,0,1,0,0,12.87109375,0,0,2,1
15,SCFB,270.318359375,0,,0,0,1,1,0,0,2,3,0,0,1,0,0,19.0966796875,0,0,2,0
15,SCFB,275.8271484375,0,,0,0,1,1,0,0,0,3,0,0,1,0,0,24.60546875,0,0,0,0
15,SCFB,281.302734375,0,,0,0,1,1,0,0,0,3,0,0,1,0,0,30.0810546875,0,0,0,0
15,SCFB,287.279296875,0,,0,0,1,1,0,0,0,3,0,0,1,0,0,36.0576171875,0,0,0,0
15,SCFB,293.0712890625,0,,0,0,1,1,0,0,0,3,0,0,1,0,0,41.849609375,0,0,0,0
15,SCFB,300.0986328125,0,,0,0,1,1,0,0,0,3,0,1,1,0,0,48.876953125,0,0,0,1
15,SCFB,306.5419921875,0,,0,0,1,1,0,0,0,3,0,3,1,0,0,55.3203125,0,0,0,3
15,SCFB,313.3369140625,0,,0,0,1,1,0,0,0,3,0,4,1,0,0,60.0,0,0,0,4
15,SCFB,319.095703125,0,,0,0,1,1,0,0,0,3,0,3,1,0,0,60.0,0,0,0,3
15,SCFB,325.7060546875,0,,0,0,1,1,0,0,0,3,1,1,1,1,0,60.0,0,0,0,2
15,SCFB,330.8310546875,0,,0,0,1,1,0,0,0,3,1,0,1,1,0,60.0,0,0,0,1
15,SCFB,336.005859375,0,,0,0,1,1,0,0,0,3,1,0,1,1,0,60.0,0,0,0,1
15,SCFB,341.263671875,0,,0,0,1,1,0,0,0,3,1,0,1,0,0,60.0,0,0,0,1
15,SCFB,347.5068359375,0,,0,0,1,1,0,0,0,3,0,0,1,0,0,60.0,0,0,0,0
15,SCFB,352.8818359375,0,,1,0,1,1,0,0,0,3,0,0,1,0,0,60.0,0,0,0,0
15,SCFB,358.4404296875,0,,1,0,1,1,0,0,2,3,0,0,1,0,0,5.041015625,2,0,2,0
15,SCFB,364.3505859375,0,,0,0,1,1,0,0,4,3,0,0,1,0,0,5.158203125,0,0,4,0
15,SCFB,371.0439453125,0,,0,0,1,1,0,0,4,3,2,0,1,1,0,11.8515625,0,0,4,2
15,SCFB,377.5205078125,0,,0,0,1,1,0,0,2,3,2,0,1,1,0,18.328125,0,0,2,2
15,SCFB,383.8310546875,0,,0,0,1,1,0,0,0,3,2,0,1,1,0,24.638671875,0,0,0,2
15,SCFB,389.990234375,0,,0,0,1,1,0,0,0,3,1,0,1,0,0,30.7978515625,0,0,0,1
15,SCFB,396.7841796875,0,,0,0,1,1,0,0,0,3,0,0,0,0,0,37.591796875,0,0,0,0
15,SCFB,402.927734375,0,,1,0,1,1,0,0,0,3,1,1,0,0,0,43.7353515625,0,2,0,2
15,SCFB,409.6376953125,0,,0,0,1,1,0,0,0,3,1,1,0,0,0,50.4453125,0,0,0,2
15,SCFB,416.482421875,0,,0,0,1,1,0,0,0,3,1,1,0,0,0,57.2900390625,0,0,0,2
15,SCFB,422.375,0,,0,0,1,1,0,0,0,3,0,0,0,0,0,60.0,0,0,0,0
15,SCFB,427.9501953125,0,,0,0,1,1,0,0,0,3,0,0,0,0,0,60.0,0,0,0,0
15,SCFB,434.7109375,0,,0,0,1,1,0,0,0,3,0,0,0,0,1,60.0,0,0,0,0
15,SCFB,441.0205078125,0,,0,0,1,1,0,0,0,3,1,0,0,0,1,60.0,0,0,0,1
15,SCFB,446.98046875,0,,1,0,1,1,0,0,0,3,1,0,0,0,1,60.0,0,1,0,1
15,SCFB,453.3232421875,0,,0,0,1,1,0,0,0,3,1,0,0,0,1,60.0,0,0,0,1
15,SCFB,459.2666015625,0,,0,0,1,1,0,0,0,3,0,0,0,0,1,60.0,0,0,0,0
15,SCFB,466.060546875,0,,0,0,1,1,0,0,0,3,0,0,1,0,1,60.0,0,0,0,0
15,SCFB,473.087890625,0,,0,0,1,1,0,0,0,3,0,0,1,0,1,60.0,0,0,0,0
15,SCFB,478.4130859375,0,,0,0,1,1,0,0,0,3,0,0,1,0,1,60.0,0,0,0,0
15,SCFB,483.955078125,0,,0,0,1,1,0,0,0,3,0,0,1,0,1,60.0,0,0,0,0
15,SCFB,489.96484375,0,,0,0,1,1,0,0,0,3,0,0,1,0,1,60.0,0,0,0,0
15,SCFB,496.07421875,0,,0,0,1,1,0,0,0,3,1,0,1,0,0,60.0,0,0,0,1
15,SCFB,501.2822265625,0,,0,0,1,1,0,0,0,3,1,0,1,0,0,60.0,0,0,0,1
15,SCFB,507.9931640625,0,,1,0,1,1,0,0,0,3,1,0,1,0,0,60.0,0,1,0,1
15,SCFB,514.2861328125,0,,0,0,1,1,0,0,0,3,0,0,1,0,0,60.0,0,0,0,0
15,SCFB,520.5126953125,0,,0,0,1,1,0,0,0,3,0,0,2,0,0,60.0,0,0,0,0
15,SCFB,527.5068359375,0,,1,0,1,1,0,0,1,3,1,0,1,0,0,6.1591796875,1,1,1,1
15,SCFB,533.166015625,0,,0,0,1,1,0,0,1,3,2,0,1,0,0,11.818359375,0,0,1,2
15,SCFB,539.341796875,0,,0,0,1,1,0,0,1,3,2,0,0,0,0,17.994140625,0,0,1,2
15,SCFB,545.8193359375,0,,0,0,1,1,0,0,0,3,1,0,1,0,0,24.4716796875,0,0,0,1
15,SCFB,551.7783203125,0,,0,0,1,1,0,0,0,3,0,0,1,0,0,30.4306640625,0,0,0,0
15,SCFB,557.3701171875,0,,0,0,1,1,0,0,0,3,0,0,1,0,0,36.0224609375,0,0,0,0
15,SCFB,563.73046875,0,,0,0,1,1,0,0,0,3,0,0,1,0,0,42.3828125,0,0,0,0
15,SCFB,568.9052734375,0,,0,0,1,1,0,0,0,3,1,0,1,0,0,47.5576171875,0,0,0,1
15,SCFB,574.6982421875,0,,0,0,1,1,0,0,0,3,1,0,1,0,0,53.3505859375,0,0,0,1
15,SCFB,581.19140625,0,,0,0,1,1,0,0,0,3,1,0,1,0,0,59.84375,0,0,0,1
15,SCFB,587.0673828125,0,,0,0,1,1,0,0,0,3,1,1,1,0,0,60.0,0,0,0,2
15,SCFB,593.8115234375,0,,1,0,1,1,0,0,0,3,3,3,1,0,0,60.0,0,6,0,6
15,SCFB,600.7216796875,0,,1,0,1,1,0,0,2,3,4,3,1,0,0,6.259765625,2,7,2,7
15,SCFB,606.046875,0,,0,0,1,1,0,0,2,3,4,2,1,0,0,11.5849609375,0,0,2,6
15,SCFB,611.4892578125,0,,0,0,1,1,0,0,2,3,2,0,1,0,0,17.02734375,0,0,2,2
15,SCFB,617.6318359375,0,,0,0,1,1,0,0,0,3,0,0,1,0,0,23.169921875,0,0,0,0
15,SCFB,624.17578125,0,,0,0,1,1,0,0,0,3,0,0,1,0,0,29.7138671875,0,0,0,0
15,SCFB,629.216796875,0,,0,0,1,1,0,0,0,3,0,0,1,0,0,34.7548828125,0,0,0,0
15,SCFB,634.775390625,0,,0,0,1,1,0,0,0,3,0,0,1,0,0,40.3134765625,0,0,0,0
15,SCFB,641.7705078125,0,,1,0,1,1,0,0,0,3,0,1,1,0,0,47.30859375,0,1,0,1
15,SCFB,648.78125,0,,0,0,1,1,0,0,0,3,1,2,1,0,0,54.3193359375,0,0,0,3
15,SCFB,654.373046875,0,,0,0,1,1,0,0,0,3,3,2,1,0,0,59.9111328125,0,0,0,5
15,SCFB,659.798828125,0,,0,0,1,1,0,0,0,3,5,2,0,0,0,60.0,0,0,0,7
15,SCFB,666.525390625,0,,0,0,1,1,0,0,0,3,5,0,0,0,0,60.0,0,0,0,5
15,SCFB,673.5029296875,0,,0,0,1,1,0,0,0,3,3,0,0,0,0,60.0,0,0,0,3
15,SCFB,678.578125,0,,0,0,1,1,0,0,0,3,0,0,0,0,0,60.0,0,0,0,0
15,SCFB,685.5888671875,0,,0,0,1,1,0,0,0,3,1,0,0,0,0,60.0,0,0,0,1
15,SCFB,692.533203125,0,,0,0,1,1,0,0,0,3,2,0,0,0,0,60.0,0,0,0,2
15,SCFB,698.0087890625,0,,1,0,1,1,0,0,0,3,2,0,0,0,0,60.0,0,2,0,2
15,SCFB,703.91796875,0,,0,0,1,1,0,0,0,3,2,0,0,0,0,60.0,0,0,0,2
15,SCFB,709.9443359375,0,,0,0,1,1,0,0,0,3,1,0,0,0,0,60.0,0,0,0,1
15,SCFB,716.37109375,0,,0,0,1,1,0,0,0,3,1,0,0,0,0,60.0,0,0,0,1
15,SCFB,722.73046875,0,,0,0,1,1,0,0,0,3,0,0,1,0,0,60.0,0,0,0,0
15,SCFB,729.107421875,0,,1,0,1,1,0,0,0,3,2,0,1,0,0,60.0,0,2,0,2
15,SCFB,735.9013671875,0,,0,0,1,1,0,0,2,3,2,0,1,0,0,6.076171875,0,0,2,2
15,SCFB,741.5439453125,0,,0,0,1,1,0,0,2,3,2,0,1,0,0,11.71875,0,0,2,2
15,SCFB,748.25390625,0,,0,0,1,1,0,0,2,3,1,0,1,0,0,18.4287109375,0,0,2,1
15,SCFB,754.84765625,0,,0,0,1,1,0,0,0,3,0,0,1,0,0,25.0224609375,0,0,0,0
15,SCFB,761.107421875,0,,0,0,1,1,0,0,0,3,0,0,1,0,0,31.2822265625,0,0,0,0
15,SCFG,35.7490234375,0,,0,0,0,1,0,0,0,0,0,1,1,0,0,60.0,0,0,0,0
15,SCFG,42.126953125,0,,0,0,0,1,0,0,0,1,0,1,1,0,0,60.0,0,0,0,0
15,SCFG,47.4697265625,0,,0,0,0,1,0,0,0,2,2,0,1,0,0,60.0,0,0,0,0
15,SCFG,53.447265625,0,,0,0,0,1,0,0,0,3,2,0,1,0,0,60.0,0,0,0,0
15,SCFG,58.7900390625,0,,0,0,0,1,0,0,0,3,2,0,1,0,0,60.0,0,0,0,0
15,SCFG,64.2666015625,0,,0,0,0,1,0,0,0,3,1,0,1,0,0,60.0,0,0,0,0
15,SCFG,69.7255859375,0,,0,0,0,1,0,0,0,3,0,0,1,0,0,60.0,0,0,0,0
15,SCFG,76.7216796875,0,,1,0,0,1,0,0,0,3,0,0,1,0,0,60.0,0,0,0,0
15,SCFG,83.25,0,,0,0,0,1,0,0,0,3,0,0,1,0,0,60.0,0,0,0,0
15,SCFG,88.8935546875,0,,0,0,0,1,0,0,0,3,0,0,1,0,0,60.0,0,0,0,0
15,SCFG,94.9033203125,0,,0,0,0,1,0,0,0,3,0,0,1,1,0,60.0,0,0,0,0
15,SCFG,101.69921875,0,,1,0,0,1,0,0,0,3,1,0,1,2,0,60.0,0,1,0,0
15,SCFG,107.359375,0,,0,0,0,1,0,0,0,3,1,0,1,2,0,60.0,0,0,0,0
15,SCFG,113.6201171875,0,,0,0,0,1,0,0,0,3,1,0,1,1,0,60.0,0,0,0,0
15,SCFG,119.0966796875,0,,0,0,0,1,0,0,0,3,0,0,1,1,0,60.0,0,0,0,0
15,SCFG,124.873046875,0,,0,0,0,1,0,0,0,3,0,0,1,0,0,60.0,0,0,0,0
15,SCFG,130.048828125,0,,0,0,0,1,0,0,0,3,0,0,1,0,0,60.0,0,0,0,0
15,SCFG,135.9599609375,0,,1,0,0,1,0,0,0,3,0,0,1,0,0,60.0,0,0,0,0
15,SCFG,142.7880859375,0,,1,0,0,1,0,0,0,3,0,0,1,0,0,60.0,0,0,0,0
15,SCFG,148.28125,0,,0,0,0,1,0,0,0,3,0,0,1,0,0,60.0,0,0,0,0
15,SCFG,155.1435546875,0,,0,0,0,1,0,0,0,3,0,0,1,0,0,60.0,0,0,0,0
15,SCFG,161.939453125,0,,1,0,0,1,0,0,0,3,0,0,1,0,0,60.0,0,0,0,0
15,SCFG,168.0,0,,1,0,0,1,0,0,2,3,1,0,1,0,0,5.3427734375,2,1,0,0
15,SCFG,174.6953125,0,,0,0,0,1,0,0,2,3,1,0,1,0,0,12.0380859375,0,0,0,0
15,SCFG,181.423828125,0,,1,0,0,1,0,0,2,3,1,0,1,0,0,18.7666015625,2,1,0,0
15,SCFG,187.1669921875,0,,0,0,0,1,0,0,0,3,0,0,1,0,0,24.509765625,0,0,0,0
15,SCFG,193.845703125,0,,0,0,0,1,0,0,0,3,0,0,2,0,0,31.1884765625,0,0,0,0
15,SCFG,200.4404296875,0,,0,0,0,1,0,0,0,3,0,0,1,0,0,37.783203125,0,0,0,0
15,SCFG,206.71875,0,,0,0,0,1,0,0,0,3,1,0,1,0,0,44.0615234375,0,0,0,0
15,SCFG,213.546875,0,,0,0,0,1,0,0,0,3,1,0,1,0,0,50.8896484375,0,0,0,0
15,SCFG,220.576171875,0,,0,0,0,1,0,0,0,3,1,0,1,0,0,57.9189453125,0,0,0,0
15,SCFG,226.7373046875,0,,0,0,0,1,0,0,0,3,0,0,1,0,0,60.0,0,0,0,0
15,SCFG,231.8798828125,0,,1,0,0,1,0,0,0,3,0,0,1,0,0,60.0,0,0,0,0
15,SCFG,238.5244140625,0,,0,0,0,1,0,0,2,3,0,0,1,0,0,5.9599609375,0,0,0,0
15,SCFG,243.9677734375,0,,0,0,0,1,0,0,2,3,0,0,1,0,0,11.4033203125,0,0,0,0
15,SCFG,250.4794921875,0,,0,0,0,1,0,0,2,3,0,0,2,0,0,17.9150390625,0,0,0,0
15,SCFG,256.5234375,0,,0,0,0,1,0,0,0,3,0,0,1,0,0,23.958984375,0,0,0,0
15,SCFG,261.6826171875,0,,0,0,0,1,0,0,0,3,1,0,1,0,0,29.1181640625,0,0,0,0
15,SCFG,267.943359375,0,,0,0,0,1,0,0,0,3,1,0,1,0,0,35.37890625,0,0,0,0
15,SCFG,273.353515625,0,,1,0,0,1,0,0,0,3,1,0,1,0,0,40.7890625,0,1,0,0
15,SCFG,278.412109375,0,,0,0,0,1,0,0,0,3,1,0,1,0,0,45.84765625,0,0,0,0
15,SCFG,283.470703125,0,,1,0,0,1,0,0,0,3,0,0,1,0,0,50.90625,0,0,0,0
15,SCFG,289.1474609375,0,,1,0,0,1,0,0,0,3,0,0,2,0,0,56.5830078125,0,0,0,0
15,SCFG,296.1103515625,0,,0,0,0,1,0,0,0,3,0,0,1,1,0,60.0,0,0,0,0
15,SCFG,302.521484375,0,,0,0,0,1,0,0,0,3,2,0,1,2,0,60.0,0,0,0,0
15,SCFG,309.4169921875,0,,0,0,0,1,0,0,0,3,2,0,1,2,0,60.0,0,0,0,0
15,SCFG,315.978515625,0,,0,0,0,1,0,0,0,3,2,0,1,1,0,60.0,0,0,0,0
15,SCFG,321.2041015625,0,,0,0,0,1,0,0,0,3,2,0,1,1,0,60.0,0,0,0,0
15,SCFG,327.5654296875,0,,0,0,0,1,0,0,0,3,1,0,1,0,0,60.0,0,0,0,0
15,SCFG,334.2109375,0,,0,0,0,1,0,0,0,3,1,0,1,0,0,60.0,0,0,0,0
15,SCFG,341.0732421875,0,,0,0,0,1,0,0,0,3,0,0,1,0,0,60.0,0,0,0,0
15,SCFG,346.1650390625,0,,0,0,0,1,0,0,0,3,0,0,1,0,0,60.0,0,0,0,0
15,SCFG,351.80859375,0,,0,0,0,1,0,0,0,3,0,0,1,0,0,60.0,0,0,0,0
15,SCFG,358.837890625,0,,1,0,0,1,0,0,0,3,1,0,1,0,0,60.0,0,1,0,0
15,SCFG,364.046875,0,,0,0,0,1,0,0,2,3,1,0,1,0,0,4.5576171875,0,0,0,0
15,SCFG,369.255859375,0,,0,0,0,1,0,0,2,3,1,0,1,0,0,9.7666015625,0,0,0,0
15,SCFG,374.4658203125,0,,0,0,0,1,0,0,2,3,1,0,1,0,0,14.9765625,0,0,0,0
15,SCFG,379.724609375,0,,0,0,0,1,0,0,0,4,1,1,1,1,0,20.2353515625,0,0,0,0
15,SCFG,385.78515625,0,,0,0,0,1,0,0,0,3,2,1,1,1,0,26.2958984375,0,0,0,0
15,SCFG,391.712890625,0,,1,0,0,1,0,0,0,3,2,1,0,1,0,32.2236328125,0,3,0,0
15,SCFG,397.9736328125,0,,1,0,0,1,0,0,0,3,2,0,0,1,0,38.484375,0,2,0,0
15,SCFG,404.5517578125,0,,0,0,0,1,0,0,0,3,0,0,0,0,0,45.0625,0,0,0,0
15,SCFG,410.4287109375,0,,0,0,0,1,0,0,0,3,0,0,0,0,0,50.939453125,0,0,0,0
15,SCFG,415.97265625,0,,0,0,0,1,0,0,0,3,0,0,0,0,0,56.4833984375,0,0,0,0
15,SCFG,421.6494140625,0,,0,0,0,1,0,0,0,3,2,0,0,0,0,60.0,0,0,0,0
15,SCFG,427.8935546875,0,,0,0,0,1,0,0,0,3,2,0,0,0,0,60.0,0,0,0,0
15,SCFG,433.01953125,0,,0,0,0,1,0,0,0,3,2,0,0,0,0,60.0,0,0,0,0
15,SCFG,438.412109375,0,,0,0,0,1,0,0,0,3,2,0,0,0,0,60.0,0,0,0,0
15,SCFG,444.2724609375,0,,0,0,0,1,0,0,0,3,0,0,0,1,0,60.0,0,0,0,0
15,SCFG,449.498046875,0,,0,0,0,1,0,0,0,3,0,0,0,1,0,60.0,0,0,0,0
15,SCFG,454.541015625,0,,0,0,0,1,0,0,0,3,0,0,1,1,0,60.0,0,0,0,0
15,SCFG,459.81640625,0,,0,0,0,1,0,0,0,3,0,0,1,1,0,60.0,0,0,0,0
15,SCFG,465.59375,0,,1,0,0,1,0,0,0,3,0,0,1,0,0,60.0,0,0,0,0
15,SCFG,472.0048828125,0,,0,0,0,1,0,0,0,3,0,0,1,0,0,60.0,0,0,0,0
15,SCFG,478.3994140625,0,,0,0,0,1,0,0,0,3,0,0,1,0,0,60.0,0,0,0,0
15,SCFG,484.2265625,0,,0,0,0,1,0,0,1,2,0,0,1,0,0,0.818359375,0,0,0,0
15,SCFG,490.7548828125,0,,1,0,0,1,0,0,2,2,0,0,2,0,0,5.0087890625,2,0,0,0
15,SCFG,497.25,0,,0,0,0,1,0,0,4,2,0,0,1,0,0,5.9609375,0,0,0,0
15,SCFG,504.1953125,0,,0,0,0,1,0,0,3,3,0,0,1,0,0,12.90625,0,0,0,0
15,SCFG,509.2373046875,0,,0,0,0,1,0,0,2,3,0,0,1,0,0,17.9482421875,0,0,0,0
15,SCFG,515.3154296875,1,0.767578125,1,0,0,1,0,0,0,3,0,0,1,0,0,24.0263671875,0,0,0,0
15,SCFG,521.67578125,0,,0,0,0,1,0,0,2,3,1,0,1,0,1,5.642578125,0,0,0,0
15,SCFG,528.5888671875,0,,0,0,0,1,0,0,2,3,1,0,2,1,1,12.5556640625,0,0,0,0
15,SCFG,534.5322265625,0,,0,0,0,1,0,0,2,3,1,0,1,1,1,18.4990234375,0,0,0,0
15,SCFG,541.09375,0,,0,0,0,1,0,0,0,3,1,0,1,1,1,25.060546875,0,0,0,0
15,SCFG,546.3701171875,0,,1,0,0,1,0,0,0,3,1,0,1,0,1,30.3369140625,0,1,0,0
15,SCFG,551.4619140625,0,,0,0,0,1,0,0,0,3,1,0,1,0,1,35.4287109375,0,0,0,0
15,SCFG,557.7734375,0,,0,0,0,1,0,0,0,3,2,0,1,1,1,41.740234375,0,0,0,0
15,SCFG,564.4853515625,0,,0,0,0,1,0,0,0,3,1,0,1,1,1,48.4521484375,0,0,0,0
15,SCFG,569.8779296875,0,,0,0,0,1,0,0,0,3,1,0,1,1,1,53.8447265625,0,0,0,0
15,SCFG,574.9541015625,0,,0,0,0,1,0,0,0,3,1,0,1,1,1,58.9208984375,0,0,0,0
15,SCFG,580.4130859375,0,,0,0,0,1,0,0,0,3,2,0,1,0,0,60.0,0,0,0,0
15,SCFG,587.2587890625,0,,0,0,0,1,0,0,0,3,2,0,1,0,0,60.0,0,0,0,0
15,SCFG,593.353515625,0,,0,0,0,1,0,0,0,3,2,0,1,0,0,60.0,0,0,0,0
15,SCFG,599.4638671875,0,,0,0,0,1,0,0,0,3,0,0,1,0,0,60.0,0,0,0,0
15,SCFG,604.6728515625,0,,0,0,0,1,0,0,0,3,0,0,1,0,0,60.0,0,0,0,0
15,SCFG,611.685546875,0,,1,0,0,1,0,0,0,3,0,0,1,0,0,60.0,0,0,0,0
15,SCFG,618.53125,0,,0,0,0,1,0,0,2,3,0,1,1,1,0,6.1611328125,0,0,0,0
15,SCFG,624.44140625,0,,0,0,0,1,0,0,4,3,3,3,1,1,0,5.1591796875,0,0,0,0
15,SCFG,630.40234375,0,,0,0,0,1,0,0,4,3,4,4,0,1,0,11.1201171875,0,0,0,0
15,SCFG,636.0458984375,0,,0,0,0,1,0,0,2,3,6,4,0,2,0,16.763671875,0,0,0,0
15,SCFG,641.6884765625,0,,0,0,0,1,0,0,0,3,6,2,0,1,0,22.40625,0,0,0,0
15,SCFG,647.966796875,0,,0,0,0,1,0,0,0,3,5,0,0,1,0,28.6845703125,0,0,0,0
15,SCFG,654.7119140625,0,,0,0,0,1,0,0,0,3,4,0,0,0,0,35.4296875,0,0,0,0
15,SCFG,660.23828125,0,,0,0,0,1,0,0,0,3,3,0,0,0,0,40.9560546875,0,0,0,0
15,SCFG,666.3154296875,0,,1,0,0,1,0,0,0,3,3,0,0,0,0,47.033203125,0,3,0,0
15,SCFG,672.9775390625,0,,0,0,0,1,0,0,0,3,4,0,0,1,0,53.6953125,0,0,0,0
15,SCFG,679.505859375,0,,0,0,0,1,0,0,0,3,3,0,0,1,0,60.0,0,0,0,0
15,SCFG,685.5,0,,0,0,0,1,0,0,0,3,2,0,0,2,0,60.0,0,0,0,0
15,SCFG,691.4931640625,0,,0,0,0,1,0,0,0,3,0,0,0,1,0,60.0,0,0,0,0
15,SCFG,697.9384765625,0,,0,0,0,1,0,0,0,3,0,0,1,1,0,60.0,0,0,0,0
15,SCFG,703.46484375,0,,0,0,0,1,0,0,0,3,0,0,1,0,0,60.0,0,0,0,0
15,SCFG,710.126953125,0,,0,0,0,1,0,0,0,3,0,0,1,0,0,60.0,0,0,0,0
15,SCFG,716.8720703125,0,,0,0,0,1,0,0,0,3,0,0,1,0,0,60.0,0,0,0,0
15,SCFG,721.98046875,0,,0,0,0,1,0,0,0,3,0,0,1,0,0,60.0,0,0,0,0
15,SCFG,727.640625,0,,0,0,0,1,0,0,0,3,0,0,1,0,0,60.0,0,0,0,0
15,SCFG,733.0341796875,0,,1,0,0,1,0,0,0,3,0,0,1,0,0,60.0,0,0,0,0
15,SCMM,35.23046875,0,,0,0,0,0,0,1,0,0,0,1,0,0,0,60.0,0,0,0,0
15,SCMM,42.259765625,0,,0,0,0,0,0,1,0,1,0,1,0,0,0,60.0,0,0,0,0
15,SCMM,47.63671875,0,,0,0,0,0,0,1,0,2,0,1,1,0,0,60.0,0,0,0,0
15,SCMM,53.7314453125,0,,0,0,0,0,0,1,0,3,0,1,1,0,0,60.0,0,0,0,0
15,SCMM,60.126953125,0,,0,0,0,0,0,1,0,3,0,0,1,0,0,60.0,0,0,0,0
15,SCMM,65.8544921875,0,,0,0,0,0,0,1,0,3,0,0,1,0,0,60.0,0,0,0,0
15,SCMM,71.6650390625,0,,0,0,0,0,0,1,0,3,0,0,1,0,0,60.0,0,0,0,0
15,SCMM,78.361328125,0,,0,0,0,0,0,1,0,3,0,0,1,0,0,60.0,0,0,0,0
15,SCMM,83.6875,0,,0,0,0,0,0,1,0,3,0,0,0,0,0,60.0,0,0,0,0
15,SCMM,89.1640625,0,,0,0,0,0,0,1,0,3,0,0,1,0,0,60.0,0,0,0,0
15,SCMM,95.42578125,0,,0,0,0,0,0,1,0,3,0,0,1,0,0,60.0,0,0,0,0
15,SCMM,101.6875,0,,0,0,0,0,0,1,0,3,0,0,1,0,0,60.0,0,0,0,0
15,SCMM,107.4990234375,0,,0,0,0,0,0,1,0,3,0,0,1,0,0,60.0,0,0,0,0
15,SCMM,114.0107421875,0,,0,0,0,0,0,1,0,3,0,0,1,0,0,60.0,0,0,0,0
15,SCMM,120.1220703125,0,,0,0,0,0,0,1,0,3,0,0,1,0,0,60.0,0,0,0,0
15,SCMM,126.583984375,0,,0,0,0,0,0,1,0,3,0,0,1,0,0,60.0,0,0,0,0
15,SCMM,132.86328125,0,,0,0,0,0,0,1,0,3,1,0,1,0,0,60.0,0,0,0,0
15,SCMM,137.9892578125,0,,0,0,0,0,0,1,0,3,1,0,1,0,0,60.0,0,0,0,0
15,SCMM,144.6015625,0,,0,0,0,0,0,1,0,3,1,0,1,0,0,60.0,0,0,0,0
15,SCMM,150.5791015625,0,,0,0,0,0,0,1,0,3,1,0,1,0,0,60.0,0,0,0,0
15,SCMM,156.8740234375,0,,0,0,0,0,0,1,0,3,1,0,1,0,0,60.0,0,0,0,0
15,SCMM,162.96875,0,,0,0,0,0,0,1,0,3,1,0,1,0,0,60.0,0,0,0,0
15,SCMM,169.498046875,0,,0,0,0,0,0,1,0,3,1,0,1,0,0,60.0,0,0,0,0
15,SCMM,176.4609375,0,,1,0,0,0,0,1,0,3,0,0,1,0,0,60.0,0,0,0,0
15,SCMM,182.0048828125,0,,0,0,0,0,0,1,0,3,0,0,1,0,0,60.0,0,0,0,0
15,SCMM,187.498046875,0,,0,0,0,0,0,1,0,3,0,1,1,0,0,60.0,0,0,0,0
15,SCMM,194.09375,0,,0,0,0,0,0,1,0,3,0,3,1,0,0,60.0,0,0,0,0
15,SCMM,200.806640625,0,,0,0,0,0,0,1,0,3,0,3,2,0,0,60.0,0,0,0,0
15,SCMM,206.884765625,0,,0,0,0,0,0,1,0,3,0,2,1,0,0,60.0,0,0,0,0
15,SCMM,212.294921875,0,,0,0,0,0,0,1,0,3,0,0,1,0,0,60.0,0,0,0,0
15,SCMM,218.3056640625,0,,0,0,0,0,0,1,0,3,0,0,1,0,0,60.0,0,0,0,0
15,SCMM,223.783203125,0,,0,0,0,0,0,1,0,3,0,0,1,0,0,60.0,0,0,0,0
15,SCMM,228.9091796875,1,0.9013671875,1,0,0,0,0,1,0,3,0,1,1,0,0,60.0,0,1,0,0
15,SCMM,234.0185546875,0,,0,0,0,0,0,1,2,2,1,1,1,0,1,4.4580078125,0,0,0,0
15,SCMM,239.6796875,0,,0,0,0,0,0,1,2,2,1,1,2,0,1,10.119140625,0,0,0,0
15,SCMM,245.0732421875,0,,0,0,0,0,0,1,2,2,1,0,1,0,1,15.5126953125,0,0,0,0
15,SCMM,250.2158203125,0,,0,0,0,0,0,1,0,3,1,0,1,0,1,20.6552734375,0,0,0,0
15,SCMM,256.1103515625,0,,0,0,0,0,0,1,0,3,0,0,1,0,1,26.5498046875,0,0,0,0
15,SCMM,261.419921875,0,,0,0,0,0,0,1,0,3,0,0,1,0,1,31.859375,0,0,0,0
15,SCMM,266.830078125,0,,0,0,0,0,0,1,0,3,0,0,1,0,1,37.26953125,0,0,0,0
15,SCMM,273.1923828125,0,,0,0,0,0,0,1,0,3,0,0,1,0,1,43.6318359375,0,0,0,0
15,SCMM,279.8046875,0,,1,0,0,0,0,1,0,3,0,0,1,0,1,50.244140625,0,0,0,0
15,SCMM,285.498046875,1,0.8525390625,1,0,0,0,0,1,0,3,0,1,1,0,1,55.9375,0,1,0,0
15,SCMM,291.1591796875,0,,0,0,0,0,0,1,2,2,1,2,1,0,1,4.9931640625,0,0,0,0
15,SCMM,297.7216796875,0,,0,0,0,0,0,1,2,2,2,2,2,0,1,11.5556640625,0,0,0,0
15,SCMM,304.484375,0,,0,0,0,0,0,1,4,2,2,1,1,0,1,5.9111328125,0,0,0,0
15,SCMM,310.87890625,0,,1,0,0,0,0,1,2,3,2,0,1,0,1,12.3056640625,2,2,0,0
15,SCMM,316.4560546875,0,,0,0,0,0,0,1,2,3,1,0,1,0,1,17.8828125,0,0,0,0
15,SCMM,321.9169921875,0,,0,0,0,0,0,1,0,3,1,1,1,0,1,23.34375,0,0,0,0
15,SCMM,328.1953125,0,,0,0,0,0,0,1,0,3,0,1,1,0,1,29.6220703125,0,0,0,0
15,SCMM,334.9072265625,0,,0,0,0,0,0,1,0,3,0,1,1,0,1,36.333984375,0,0,0,0
15,SCMM,340.4345703125,0,,0,0,0,0,0,1,0,3,0,1,1,0,1,41.861328125,0,0,0,0
15,SCMM,346.6630859375,0,,0,0,0,0,0,1,0,3,0,0,1,0,0,48.08984375,0,0,0,0
15,SCMM,353.576171875,0,,1,0,0,0,0,1,0,3,0,0,1,0,0,55.0029296875,0,0,0,0
15,SCMM,359.904296875,0,,0,0,0,0,0,1,0,3,0,1,1,0,0,60.0,0,0,0,0
15,SCMM,366.1494140625,0,,0,0,0,0,0,1,0,3,1,3,1,0,0,60.0,0,0,0,0
15,SCMM,371.7265625,0,,1,0,0,0,0,1,0,3,5,4,1,0,0,60.0,0,9,0,0
15,SCMM,377.921875,0,,0,0,0,0,0,1,0,3,7,4,0,0,0,60.0,0,0,0,0
15,SCMM,384.8515625,0,,1,0,0,0,0,1,0,3,7,2,0,0,0,60.0,0,9,0,0
15,SCMM,390.478515625,0,,0,0,0,0,0,1,0,3,2,1,0,0,0,60.0,0,0,0,0
15,SCMM,395.6044921875,0,,0,0,0,0,0,1,0,3,1,1,0,0,0,60.0,0,0,0,0
15,SCMM,400.7978515625,0,,0,0,0,0,0,1,0,3,0,1,0,0,0,60.0,0,0,0,0
15,SCMM,406.44140625,0,,0,0,0,0,0,1,0,3,0,1,0,0,0,60.0,0,0,0,0
15,SCMM,412.001953125,0,,0,0,0,0,0,1,0,3,2,0,0,0,0,60.0,0,0,0,0
15,SCMM,417.2451171875,0,,0,0,0,0,0,1,0,3,2,0,0,0,0,60.0,0,0,0,0
15,SCMM,423.974609375,0,,0,0,0,0,0,1,0,3,2,0,0,0,0,60.0,0,0,0,0
15,SCMM,429.41796875,0,,1,0,0,0,0,1,0,3,2,0,0,0,0,60.0,0,2,0,0
15,SCMM,435.2958984375,0,,0,0,0,0,0,1,2,3,0,0,1,0,0,5.16015625,0,0,0,0
15,SCMM,441.423828125,0,,0,0,0,0,0,1,2,3,0,0,1,0,0,11.2880859375,0,0,0,0
15,SCMM,446.716796875,0,,0,0,0,0,0,1,3,3,0,0,1,0,0,3.189453125,0,0,0,0
15,SCMM,452.0263671875,0,,0,0,0,0,0,1,1,3,0,0,1,0,0,8.4990234375,0,0,0,0
15,SCMM,458.5556640625,0,,0,0,0,0,0,1,1,3,0,0,1,0,0,15.0283203125,0,0,0,0
15,SCMM,463.9990234375,0,,0,0,0,0,0,1,0,3,0,0,1,0,0,20.4716796875,0,0,0,0
15,SCMM,469.66015625,0,,0,0,0,0,0,1,0,3,0,0,1,0,0,26.1328125,0,0,0,0
15,SCMM,475.0537109375,0,,0,0,0,0,0,1,0,3,0,0,1,0,0,31.5263671875,0,0,0,0
15,SCMM,481.7822265625,0,,0,0,0,0,0,1,0,3,0,0,1,0,0,38.2548828125,0,0,0,0
15,SCMM,486.9921875,0,,0,0,0,0,0,1,0,3,0,0,1,0,0,43.46484375,0,0,0,0
15,SCMM,494.0048828125,0,,0,0,0,0,0,1,0,3,0,0,1,0,0,50.4775390625,0,0,0,0
15,SCMM,500.0166015625,0,,1,0,0,0,0,1,0,3,0,0,1,0,0,56.4892578125,0,0,0,0
15,SCMM,506.4619140625,0,,0,0,0,0,0,1,0,3,0,0,1,0,0,60.0,0,0,0,0
15,SCMM,511.587890625,0,,0,0,0,0,0,1,0,3,0,0,1,0,0,60.0,0,0,0,0
15,SCMM,517.3828125,0,,0,0,0,0,0,1,0,3,0,0,1,0,0,60.0,0,0,0,0
15,SCMM,522.92578125,0,,0,0,0,0,0,1,0,3,0,0,1,0,0,60.0,0,0,0,0
15,SCMM,529.755859375,0,,0,0,0,0,0,1,0,3,0,0,1,0,0,60.0,0,0,0,0
15,SCMM,535.015625,0,,0,0,0,0,0,1,0,3,0,0,2,0,0,60.0,0,0,0,0
15,SCMM,541.16015625,0,,0,0,0,0,0,1,0,3,0,0,1,0,0,60.0,0,0,0,0
15,SCMM,547.322265625,0,,1,0,0,0,0,1,0,3,1,0,1,0,0,60.0,0,1,0,0
15,SCMM,554.2177734375,0,,0,0,0,0,0,1,0,3,1,0,1,0,0,60.0,0,0,0,0
15,SCMM,559.39453125,0,,0,0,0,0,0,1,0,3,1,0,1,0,0,60.0,0,0,0,0
15,SCMM,566.390625,0,,0,0,0,0,0,1,0,3,0,0,1,0,0,60.0,0,0,0,0
15,SCMM,572.9033203125,0,,1,0,0,0,0,1,0,3,0,0,1,0,0,60.0,0,0,0,0
15,SCMM,578.146484375,0,,0,0,0,0,0,1,0,3,0,0,1,0,0,60.0,0,0,0,0
15,SCMM,584.4912109375,0,,0,0,0,0,0,1,0,3,0,0,1,0,0,60.0,0,0,0,0
15,SCMM,591.25390625,0,,1,0,0,0,0,1,0,3,0,0,1,0,0,60.0,0,0,0,0
15,SCMM,597.4658203125,0,,0,0,0,0,0,1,0,3,0,1,1,0,0,60.0,0,0,0,0
15,SCMM,603.560546875,0,,0,0,0,0,0,1,0,3,0,2,1,0,0,60.0,0,0,0,0
15,SCMM,610.58984375,0,,0,0,0,0,0,1,0,3,0,2,1,0,0,60.0,0,0,0,0
15,SCMM,617.3525390625,0,,0,0,0,0,0,1,0,3,0,1,1,0,0,60.0,0,0,0,0
15,SCMM,622.646484375,0,,0,0,0,0,0,1,0,3,1,0,1,0,0,60.0,0,0,0,0
15,SCMM,628.8408203125,0,,0,0,0,0,0,1,0,3,2,0,1,0,0,60.0,0,0,0,0
15,SCMM,635.302734375,0,,0,0,0,0,0,1,0,3,2,0,0,0,0,60.0,0,0,0,0
15,SCMM,641.380859375,0,,0,0,0,0,0,1,0,3,1,0,0,0,0,60.0,0,0,0,0
15,SCMM,646.9248046875,0,,0,0,0,0,0,1,0,3,0,0,0,0,0,60.0,0,0,0,0
15,SCMM,652.953125,0,,0,0,0,0,0,1,0,3,0,0,0,0,0,60.0,0,0,0,0
15,SCMM,658.513671875,0,,1,0,0,0,0,1,0,3,0,0,0,0,0,60.0,0,0,0,0
15,SCMM,663.83984375,0,,0,0,0,0,0,1,0,3,1,0,0,0,0,60.0,0,0,0,0
15,SCMM,670.40234375,0,,0,0,0,0,0,1,0,3,3,0,0,0,0,60.0,0,0,0,0
15,SCMM,676.580078125,0,,1,0,0,0,0,1,0,3,3,0,0,0,0,60.0,0,3,0,0
15,SCMM,683.3935546875,0,,0,0,0,0,0,1,0,3,2,0,0,0,0,60.0,0,0,0,0
15,SCMM,689.154296875,0,,0,0,0,0,0,1,0,3,0,0,0,0,0,60.0,0,0,0,0
15,SCMM,695.0986328125,0,,0,0,0,0,0,1,0,3,0,0,0,0,0,60.0,0,0,0,0
15,SCMM,700.80859375,0,,0,0,0,0,0,1,0,3,0,0,1,0,0,60.0,0,0,0,0
15,SCMM,707.521484375,0,,1,0,0,0,0,1,0,3,0,0,1,0,0,60.0,0,0,0,0
15,SCMM,712.78125,0,,0,0,0,0,0,1,0,3,0,0,1,0,0,60.0,0,0,0,0
15,SCMM,718.92578125,0,,0,0,0,0,0,1,0,3,0,0,1,0,0,60.0,0,0,0,0
15,SCMM,724.6875,0,,0,0,0,0,0,1,0,3,0,0,1,0,0,60.0,0,0,0,0
15,SCMM,730.23046875,0,,1,0,0,0,0,1,0,3,0,0,1,0,0,60.0,0,0,0,0
15,SCMM,736.0078125,0,,1,0,0,0,0,1,0,3,0,0,1,0,0,60.0,0,0,0,0
15,SCSB,38.59765625,0,,0,0,1,0,1,0,0,0,0,1,0,0,0,60.0,0,0,0,1
15,SCSB,44.3564453125,0,,0,0,1,0,1,0,0,1,0,1,1,0,0,60.0,0,0,0,1
15,SCSB,50.431640625,0,,0,0,1,0,1,0,0,2,0,1,1,0,0,60.0,0,0,0,1
15,SCSB,55.6396484375,0,,0,0,1,0,1,0,0,3,0,0,1,0,0,60.0,0,0,0,0
15,SCSB,60.84765625,0,,0,0,1,0,1,0,0,3,0,0,1,0,0,60.0,0,0,0,0
15,SCSB,66.3720703125,0,,0,0,1,0,1,0,0,3,0,0,1,0,0,60.0,0,0,0,0
15,SCSB,71.6640625,0,,1,0,1,0,1,0,0,3,1,0,1,0,0,60.0,0,1,0,1
15,SCSB,78.240234375,0,,1,0,1,0,1,0,2,3,1,0,1,0,0,5.9755859375,2,1,2,1
15,SCSB,85.0009765625,0,,0,0,1,0,1,0,4,3,1,0,1,0,0,5.8427734375,0,0,4,1
15,SCSB,91.3935546875,0,,0,0,1,0,1,0,4,3,1,0,1,0,0,12.2353515625,0,0,4,1
15,SCSB,98.1533203125,0,,1,0,1,0,1,0,2,3,1,0,1,0,0,18.9951171875,2,1,2,1
15,SCSB,104.9140625,0,,0,0,1,0,1,0,0,3,1,1,1,1,0,25.755859375,0,0,0,2
15,SCSB,110.755859375,0,,1,0,1,0,1,0,0,3,0,1,1,1,0,31.59765625,0,1,0,1
15,SCSB,116.798828125,0,,0,0,1,0,1,0,0,3,0,1,1,1,0,37.640625,0,0,0,1
15,SCSB,122.9912109375,0,,0,0,1,0,1,0,0,3,0,0,1,0,0,43.8330078125,0,0,0,0
15,SCSB,130.0185546875,0,,0,0,1,0,1,0,0,3,0,0,1,1,0,50.8603515625,0,0,0,0
15,SCSB,135.2431640625,0,,0,0,1,0,1,0,0,3,0,0,1,1,0,56.0849609375,0,0,0,0
15,SCSB,141.953125,0,,1,0,1,0,1,0,0,3,0,0,1,1,0,60.0,0,0,0,0
15,SCSB,147.0439453125,0,,0,0,1,0,1,0,0,3,0,2,1,2,0,60.0,0,0,0,2
15,SCSB,152.4189453125,0,,0,0,1,0,1,0,0,3,0,4,1,1,0,60.0,0,0,0,4
15,SCSB,158.6279296875,0,,0,0,1,0,1,0,0,3,0,4,1,1,0,60.0,0,0,0,4
15,SCSB,165.6552734375,0,,0,0,1,0,1,0,0,3,0,3,1,0,0,60.0,0,0,0,3
15,SCSB,171.5146484375,0,,0,0,1,0,1,0,0,3,0,1,1,0,0,60.0,0,0,0,1
15,SCSB,177.923828125,0,,1,0,1,0,1,0,0,3,0,0,1,0,0,60.0,0,0,0,0
15,SCSB,184.6669921875,0,,0,0,1,0,1,0,0,3,0,0,1,0,0,60.0,0,0,0,0
15,SCSB,190.1259765625,0,,0,0,1,0,1,0,0,3,0,0,1,0,0,60.0,0,0,0,0
15,SCSB,195.4501953125,0,,0,0,1,0,1,0,0,3,0,0,1,0,0,60.0,0,0,0,0
15,SCSB,200.541015625,0,,0,0,1,0,1,0,0,3,0,0,1,0,0,60.0,0,0,0,0
15,SCSB,206.833984375,0,,0,0,1,0,1,0,0,3,0,0,1,0,0,60.0,0,0,0,0
15,SCSB,212.79296875,0,,0,0,1,0,1,0,0,3,0,0,1,0,0,60.0,0,0,0,0
15,SCSB,219.0859375,0,,0,0,1,0,1,0,0,3,0,0,1,0,0,60.0,0,0,0,0
15,SCSB,226.0126953125,0,,0,0,1,0,1,0,0,3,0,0,1,0,0,60.0,0,0,0,0
15,SCSB,231.103515625,0,,0,0,1,0,1,0,0,3,0,0,1,0,0,60.0,0,0,0,0
15,SCSB,236.7294921875,0,,0,0,1,0,1,0,0,3,0,0,1,0,0,60.0,0,0,0,0
15,SCSB,242.7216796875,0,,1,0,1,0,1,0,0,3,0,0,1,0,0,60.0,0,0,0,0
15,SCSB,249.0478515625,0,,0,0,1,0,1,0,0,3,1,0,1,0,0,60.0,0,0,0,1
15,SCSB,255.8583984375,0,,0,0,1,0,1,0,0,3,1,0,1,0,0,60.0,0,0,0,1
15,SCSB,262.66796875,0,,0,0,1,0,1,0,0,3,2,0,1,1,0,60.0,0,0,0,2
15,SCSB,269.294921875,0,,0,0,1,0,1,0,0,3,2,0,1,1,0,60.0,0,0,0,2
15,SCSB,276.3056640625,0,,0,0,1,0,1,0,0,3,2,0,1,1,0,60.0,0,0,0,2
15,SCSB,281.646484375,0,,1,0,1,0,1,0,0,3,2,0,1,0,0,60.0,0,2,0,2
15,SCSB,288.5576171875,0,,0,0,1,0,1,0,2,3,0,0,1,0,0,6.142578125,0,0,2,0
15,SCSB,294.75,0,,0,0,1,0,1,0,2,3,0,0,1,1,0,12.3349609375,0,0,2,0
15,SCSB,300.7421875,0,,0,0,1,0,1,0,2,3,1,1,1,1,0,18.3271484375,0,0,2,2
15,SCSB,307.51953125,0,,0,0,1,0,1,0,0,3,2,3,1,1,0,25.1044921875,0,0,0,5
15,SCSB,312.59375,0,,0,0,1,0,1,0,0,3,2,3,1,1,0,30.1787109375,0,0,0,5
15,SCSB,319.2705078125,0,,0,0,1,0,1,0,0,3,1,4,1,0,0,36.85546875,0,0,0,5
15,SCSB,325.0283203125,0,,1,0,1,0,1,0,0,3,1,2,1,0,0,42.61328125,0,3,0,3
15,SCSB,331.4384765625,0,,0,0,1,0,1,0,0,3,0,1,1,0,0,49.0234375,0,0,0,1
15,SCSB,337.3974609375,0,,0,0,1,0,1,0,0,3,0,0,1,0,0,54.982421875,0,0,0,0
15,SCSB,342.888671875,0,,0,0,1,0,1,0,0,3,1,0,1,0,0,60.0,0,0,0,1
15,SCSB,349.849609375,0,,0,0,1,0,1,0,0,3,2,0,1,0,0,60.0,0,0,0,2
15,SCSB,356.84375,0,,0,0,1,0,1,0,0,3,2,0,1,0,0,60.0,0,0,0,2
15,SCSB,363.5205078125,0,,0,0,1,0,1,0,0,3,1,0,1,0,0,60.0,0,0,0,1
15,SCSB,369.962890625,0,,0,0,1,0,1,0,0,3,1,0,1,0,0,60.0,0,0,0,1
15,SCSB,376.923828125,0,,0,0,1,0,1,0,0,3,2,0,0,0,0,60.0,0,0,0,2
15,SCSB,382.365234375,0,,0,0,1,0,1,0,0,3,3,0,0,0,0,60.0,0,0,0,3
15,SCSB,388.69140625,0,,0,0,1,0,1,0,0,3,2,0,0,0,0,60.0,0,0,0,2
15,SCSB,394.4169921875,0,,0,0,1,0,1,0,0,3,2,0,0,0,0,60.0,0,0,0,2
15,SCSB,399.908203125,0,,1,0,1,0,1,0,0,3,0,0,0,0,0,60.0,0,0,0,0
15,SCSB,406.4677734375,0,,0,0,1,0,1,0,0,3,1,0,0,0,0,60.0,0,0,0,1
15,SCSB,413.228515625,0,,0,0,1,0,1,0,0,3,1,0,0,0,0,60.0,0,0,0,1
15,SCSB,419.6884765625,0,,0,0,1,0,1,0,0,3,2,0,0,0,0,60.0,0,0,0,2
15,SCSB,424.728515625,0,,1,0,1,0,1,0,0,3,2,0,0,0,0,60.0,0,2,0,2
15,SCSB,431.4560546875,0,,0,0,1,0,1,0,2,3,2,0,0,0,0,5.5087890625,0,0,2,2
15,SCSB,437.798828125,0,,0,0,1,0,1,0,2,3,2,0,0,0,0,11.8515625,0,0,2,2
15,SCSB,444.6923828125,0,,0,0,1,0,1,0,2,3,0,0,1,0,0,18.7451171875,0,0,2,0
15,SCSB,450.9853515625,0,,0,0,1,0,1,0,0,3,0,2,1,0,0,25.0380859375,0,0,0,2
15,SCSB,457.1611328125,0,,0,0,1,0,1,0,0,3,0,3,1,0,0,31.2138671875,0,0,0,3
15,SCSB,463.7880859375,0,,0,0,1,0,1,0,0,3,0,3,1,0,0,37.8408203125,0,0,0,3
15,SCSB,470.8154296875,0,,0,0,1,0,1,0,0,3,1,1,1,0,0,44.8681640625,0,0,0,2
15,SCSB,477.0576171875,0,,0,0,1,0,1,0,0,3,1,0,1,0,0,51.1103515625,0,0,0,1
15,SCSB,483.583984375,0,,0,0,1,0,1,0,0,3,2,0,1,0,0,57.63671875,0,0,0,2
15,SCSB,489.5595703125,0,,0,0,1,0,1,0,0,3,1,0,1,0,0,60.0,0,0,0,1
15,SCSB,495.2353515625,0,,0,0,1,0,1,0,0,3,1,0,1,0,0,60.0,0,0,0,1
15,SCSB,502.1787109375,0,,0,0,1,0,1,0,0,3,0,0,1,0,0,60.0,0,0,0,0
15,SCSB,508.5380859375,0,,0,0,1,0,1,0,0,3,0,0,1,0,0,60.0,0,0,0,0
15,SCSB,515.2822265625,0,,0,0,1,0,1,0,0,3,0,0,1,0,0,60.0,0,0,0,0
15,SCSB,520.7900390625,0,,0,0,1,0,1,0,0,3,0,0,1,0,0,60.0,0,0,0,0
15,SCSB,526.6328125,0,,0,0,1,0,1,0,0,3,0,0,1,0,0,60.0,0,0,0,0
15,SCSB,532.3916015625,0,,0,0,1,0,1,0,0,3,3,0,1,0,0,60.0,0,0,0,3
15,SCSB,537.431640625,0,,1,0,1,0,1,0,0,3,3,0,1,0,0,60.0,0,3,0,3
15,SCSB,543.07421875,0,,0,0,1,0,1,0,0,3,3,0,1,0,0,60.0,0,0,0,3
15,SCSB,548.21484375,0,,0,0,1,0,1,0,0,3,4,0,1,0,0,60.0,0,0,0,4
15,SCSB,555.1083984375,0,,0,0,1,0,1,0,0,3,3,0,1,0,0,60.0,0,0,0,3
15,SCSB,561.4345703125,0,,1,0,1,0,1,0,0,3,3,0,1,0,0,60.0,0,3,0,3
15,SCSB,567.927734375,0,,0,0,1,0,1,0,0,3,4,0,1,0,0,60.0,0,0,0,4
15,SCSB,574.48828125,0,,0,0,1,0,1,0,0,3,4,0,1,0,0,60.0,0,0,0,4
15,SCSB,581.3818359375,0,,0,0,1,0,1,0,0,3,4,0,1,0,0,60.0,0,0,0,4
15,SCSB,586.4560546875,0,,0,0,1,0,1,0,0,3,3,0,1,0,0,60.0,0,0,0,3
15,SCSB,592.2314453125,0,,1,0,1,0,1,0,0,3,0,0,1,0,0,60.0,0,0,0,0
15,SCSB,598.390625,0,,0,0,1,0,1,0,0,3,0,0,1,0,0,60.0,0,0,0,0
15,SCSB,604.166015625,0,,0,0,1,0,1,0,0,3,0,0,1,0,0,60.0,0,0,0,0
15,SCSB,610.30859375,0,,0,0,1,0,1,0,0,3,0,0,1,0,0,60.0,0,0,0,0
15,SCSB,615.7001953125,0,,0,0,1,0,1,0,0,3,0,0,1,0,0,60.0,0,0,0,0
15,SCSB,620.791015625,0,,0,0,1,0,1,0,0,3,0,0,0,0,0,60.0,0,0,0,0
15,SCSB,626.7001953125,0,,1,0,1,0,1,0,0,3,2,0,0,0,0,60.0,0,2,0,2
15,SCSB,633.142578125,0,,0,0,1,0,1,0,0,3,2,0,0,0,0,60.0,0,0,0,2
15,SCSB,639.9033203125,0,,0,0,1,0,1,0,0,3,2,0,0,0,0,60.0,0,0,0,2
15,SCSB,645.328125,0,,0,0,1,0,1,0,0,3,0,0,0,0,0,60.0,0,0,0,0
15,SCSB,650.5693359375,0,,1,0,1,0,1,0,0,3,0,0,0,0,0,60.0,0,0,0,0
15,SCSB,655.77734375,0,,0,0,1,0,1,0,0,3,0,0,0,0,0,60.0,0,0,0,0
15,SCSB,662.3037109375,0,,0,0,1,0,1,0,0,3,0,0,0,0,0,60.0,0,0,0,0
15,SCSB,667.611328125,0,,0,0,1,0,1,0,0,3,2,0,0,0,0,60.0,0,0,0,2
15,SCSB,674.0048828125,0,,0,0,1,0,1,0,0,3,2,0,0,0,0,60.0,0,0,0,2
15,SCSB,679.1953125,0,,0,0,1,0,1,0,0,3,2,0,0,0,0,60.0,0,0,0,2
15,SCSB,685.755859375,0,,1,0,1,0,1,0,0,3,0,0,0,0,0,60.0,0,0,0,0
15,SCSB,692.732421875,0,,1,0,1,0,1,0,0,3,0,0,1,0,0,60.0,0,0,0,0
15,SCSB,698.291015625,0,,0,0,1,0,1,0,0,3,0,0,1,0,0,60.0,0,0,0,0
15,SCSB,703.69921875,0,,0,0,1,0,1,0,0,3,0,0,1,0,0,60.0,0,0,0,0
15,SCSB,709.173828125,0,,0,0,1,0,1,0,0,3,0,0,1,0,0,60.0,0,0,0,0
15,SCSB,715.5341796875,0,,0,0,1,0,1,0,0,3,0,0,1,0,0,60.0,0,0,0,0
15,SCSB,722.1435546875,0,,0,0,1,0,1,0,0,3,1,0,1,1,0,60.0,0,0,0,1
15,SCSB,728.5029296875,0,,1,0,1,0,1,0,0,3,1,0,1,1,0,60.0,0,1,0,1
15,SCSG,39.5107421875,0,,0,0,0,0,1,0,0,0,0,1,0,0,0,60.0,0,0,0,0
15,SCSG,46.171875,0,,0,0,0,0,1,0,0,1,0,1,1,1,0,60.0,0,0,0,0
15,SCSG,52.3662109375,0,,0,0,0,0,1,0,0,2,0,1,1,1,0,60.0,0,0,0,0
15,SCSG,59.02734375,0,,0,0,0,0,1,0,0,3,0,0,1,1,0,60.0,0,0,0,0
15,SCSG,65.638671875,0,,0,0,0,0,1,0,0,3,0,0,1,0,0,60.0,0,0,0,0
15,SCSG,72.099609375,0,,0,0,0,0,1,0,0,3,1,0,1,0,0,60.0,0,0,0,0
15,SCSG,77.6259765625,0,,1,0,0,0,1,0,0,3,1,0,1,0,0,60.0,0,1,0,0
15,SCSG,82.9345703125,0,,0,0,0,0,1,0,2,3,1,0,1,0,0,4.4736328125,0,0,0,0
15,SCSG,89.5458984375,0,,0,0,0,0,1,0,2,3,0,0,1,1,0,11.0849609375,0,0,0,0
15,SCSG,95.0224609375,0,,0,0,0,0,1,0,2,3,0,0,1,1,0,16.5615234375,0,0,0,0
15,SCSG,100.6650390625,0,,1,0,0,0,1,0,0,3,1,0,2,1,0,22.2041015625,0,1,0,0
15,SCSG,106.6083984375,0,,0,0,0,0,1,0,0,3,1,0,1,0,0,28.1474609375,0,0,0,0
15,SCSG,111.8505859375,0,,0,0,0,0,1,0,0,3,2,0,1,0,0,33.3896484375,0,0,0,0
15,SCSG,117.0595703125,0,,0,0,0,0,1,0,0,3,2,0,1,0,0,38.5986328125,0,0,0,0
15,SCSG,123.955078125,0,,0,0,0,0,1,0,0,3,1,0,1,0,0,45.494140625,0,0,0,0
15,SCSG,130.0654296875,0,,1,0,0,0,1,0,0,3,1,0,1,0,0,51.6044921875,0,1,0,0
15,SCSG,135.3076171875,0,,0,0,0,0,1,0,0,3,1,0,1,1,0,56.8466796875,0,0,0,0
15,SCSG,141.2509765625,0,,0,0,0,0,1,0,0,3,1,0,1,1,0,60.0,0,0,0,0
15,SCSG,148.1796875,0,,0,0,0,0,1,0,0,3,1,0,1,1,0,60.0,0,0,0,0
15,SCSG,154.640625,0,,0,0,0,0,1,0,0,3,1,0,1,0,0,60.0,0,0,0,0
15,SCSG,160.18359375,0,,0,0,0,0,1,0,0,3,1,0,1,0,0,60.0,0,0,0,0
15,SCSG,165.9267578125,0,,0,0,0,0,1,0,0,3,1,0,1,0,0,60.0,0,0,0,0
15,SCSG,172.3544921875,0,,0,0,0,0,1,0,0,3,2,0,1,0,0,60.0,0,0,0,0
15,SCSG,177.73046875,0,,0,0,0,0,1,0,0,3,2,0,1,0,0,60.0,0,0,0,0
15,SCSG,183.189453125,0,,0,0,0,0,1,0,0,3,2,0,1,0,0,60.0,0,0,0,0
15,SCSG,189.43359375,0,,1,0,0,0,1,0,0,3,1,0,1,1,0,60.0,0,1,0,0
15,SCSG,196.3115234375,0,,0,0,0,0,1,0,0,3,0,0,1,1,0,60.0,0,0,0,0
15,SCSG,201.353515625,0,,0,0,0,0,1,0,0,3,0,0,2,2,0,60.0,0,0,0,0
15,SCSG,206.5458984375,0,,0,0,0,0,1,0,0,3,0,0,1,1,0,60.0,0,0,0,0
15,SCSG,212.65625,0,,0,0,0,0,1,0,0,3,0,0,1,1,0,60.0,0,0,0,0
15,SCSG,217.798828125,0,,0,0,0,0,1,0,0,3,0,0,1,1,0,60.0,0,0,0,0
15,SCSG,223.375,0,,0,0,0,0,1,0,0,3,0,0,1,0,0,60.0,0,0,0,0
15,SCSG,229.267578125,0,,0,0,0,0,1,0,0,3,0,0,1,0,0,60.0,0,0,0,0
15,SCSG,234.509765625,0,,1,0,0,0,1,0,0,3,0,0,1,0,0,60.0,0,0,0,0
15,SCSG,240.7373046875,0,,0,0,0,0,1,0,0,3,0,0,1,0,0,60.0,0,0,0,0
15,SCSG,247.2490234375,0,,0,0,0,0,1,0,0,3,1,0,1,0,0,60.0,0,0,0,0
15,SCSG,253.4423828125,1,0.91796875,1,0,0,0,1,0,0,3,3,0,1,0,0,60.0,0,3,0,0
15,SCSG,260.0869140625,0,,0,0,0,0,1,0,2,3,3,0,2,0,1,5.9765625,0,0,0,0
15,SCSG,266.8984375,0,,0,0,0,0,1,0,2,3,2,0,1,0,1,12.7880859375,0,0,0,0
15,SCSG,273.359375,0,,0,0,0,0,1,0,2,3,0,0,1,0,1,19.2490234375,0,0,0,0
15,SCSG,279.5703125,0,,0,0,0,0,1,0,0,3,0,0,1,0,1,25.4599609375,0,0,0,0
15,SCSG,284.712890625,0,,0,0,0,0,1,0,0,3,0,0,1,0,1,30.6025390625,0,0,0,0
15,SCSG,291.7080078125,0,,0,0,0,0,1,0,0,3,0,0,1,0,1,37.59765625,0,0,0,0
15,SCSG,297.66796875,0,,0,0,0,0,1,0,0,3,1,0,2,1,1,43.5576171875,0,0,0,0
15,SCSG,303.6953125,0,,0,0,0,0,1,0,0,3,2,0,1,2,1,49.5849609375,0,0,0,0
15,SCSG,309.4208984375,0,,0,0,0,0,1,0,0,3,2,0,1,2,1,55.310546875,0,0,0,0
15,SCSG,316.1328125,0,,0,0,0,0,1,0,0,3,2,0,1,1,0,60.0,0,0,0,0
15,SCSG,322.7939453125,0,,0,0,0,0,1,0,0,3,0,0,1,0,0,60.0,0,0,0,0
15,SCSG,328.38671875,0,,0,0,0,0,1,0,0,3,0,0,1,0,0,60.0,0,0,0,0
15,SCSG,335.03125,0,,0,0,0,0,1,0,0,3,0,0,1,0,0,60.0,0,0,0,0
15,SCSG,341.5263671875,0,,0,0,0,0,1,0,0,3,0,0,1,0,0,60.0,0,0,0,0
15,SCSG,347.0859375,0,,0,0,0,0,1,0,0,3,0,0,1,0,0,60.0,0,0,0,0
15,SCSG,352.328125,0,,0,0,0,0,1,0,0,3,0,0,1,0,0,60.0,0,0,0,0
15,SCSG,358.6220703125,0,,0,0,0,0,1,0,0,3,0,0,1,0,0,60.0,0,0,0,0
15,SCSG,365.466796875,0,,0,0,0,0,1,0,0,3,0,0,1,0,0,60.0,0,0,0,0
15,SCSG,371.1435546875,0,,0,0,0,0,1,0,0,3,0,0,1,0,0,60.0,0,0,0,0
15,SCSG,376.619140625,0,,0,0,0,0,1,0,0,3,0,0,1,0,0,60.0,0,0,0,0
15,SCSG,383.2802734375,0,,0,0,0,0,1,0,0,3,3,0,0,1,0,60.0,0,0,0,0
15,SCSG,389.140625,0,,1,0,0,0,1,0,0,3,3,0,0,1,0,60.0,0,3,0,0
15,SCSG,394.9501953125,0,,0,0,0,0,1,0,2,3,3,0,0,1,0,5.158203125,0,0,0,0
15,SCSG,400.4599609375,0,,0,0,0,0,1,0,2,3,1,0,0,0,0,10.66796875,0,0,0,0
15,SCSG,407.1884765625,0,,0,0,0,0,1,0,2,3,0,0,0,0,0,17.396484375,0,0,0,0
15,SCSG,412.84765625,0,,0,0,0,0,1,0,0,3,0,0,0,0,0,23.0556640625,0,0,0,0
15,SCSG,419.341796875,0,,0,0,0,0,1,0,0,3,0,0,0,0,0,29.5498046875,0,0,0,0
15,SCSG,426.3037109375,0,,0,0,0,0,1,0,0,3,2,0,0,0,0,36.51171875,0,0,0,0
15,SCSG,432.6982421875,0,,0,0,0,0,1,0,0,3,2,0,0,0,0,42.90625,0,0,0,0
15,SCSG,439.626953125,0,,0,0,0,0,1,0,0,3,2,0,0,0,0,49.8349609375,0,0,0,0
15,SCSG,444.986328125,0,,1,0,0,0,1,0,0,3,0,0,0,0,0,55.1943359375,0,0,0,0
15,SCSG,451.296875,0,,0,0,0,0,1,0,0,3,0,1,1,2,0,60.0,0,0,0,0
15,SCSG,457.57421875,0,,0,0,0,0,1,0,0,3,0,3,1,2,0,60.0,0,0,0,0
15,SCSG,463.8681640625,0,,1,0,0,0,1,0,0,3,0,4,1,3,0,60.0,0,4,0,0
15,SCSG,470.3955078125,0,,0,0,0,0,1,0,0,3,1,3,1,2,0,60.0,0,0,0,0
15,SCSG,477.041015625,0,,1,0,0,0,1,0,0,3,2,1,1,1,0,60.0,0,3,0,0
15,SCSG,483.1337890625,0,,0,0,0,0,1,0,0,3,2,0,1,0,0,60.0,0,0,0,0
15,SCSG,488.927734375,0,,0,0,0,0,1,0,0,3,1,0,1,0,0,60.0,0,0,0,0
15,SCSG,494.2529296875,0,,0,0,0,0,1,0,0,3,1,0,1,0,0,60.0,0,0,0,0
15,SCSG,500.23046875,0,,0,0,0,0,1,0,0,3,1,0,1,0,0,60.0,0,0,0,0
15,SCSG,507.1748046875,0,,1,0,0,0,1,0,0,3,1,0,1,0,0,60.0,0,1,0,0
15,SCSG,512.451171875,0,,0,0,0,0,1,0,0,3,1,0,1,0,0,60.0,0,0,0,0
15,SCSG,517.693359375,0,,0,0,0,0,1,0,0,3,0,0,1,0,0,60.0,0,0,0,0
15,SCSG,524.671875,0,,0,0,0,0,1,0,0,3,0,0,1,0,0,60.0,0,0,0,0
15,SCSG,530.83203125,0,,0,0,0,0,1,0,0,3,0,0,1,0,0,60.0,0,0,0,0
15,SCSG,537.59375,0,,0,0,0,0,1,0,0,3,0,0,1,0,0,60.0,0,0,0,0
15,SCSG,543.6376953125,0,,0,0,0,0,1,0,0,3,1,0,1,0,0,60.0,0,0,0,0
15,SCSG,548.9296875,0,,0,0,0,0,1,0,0,3,1,0,1,0,0,60.0,0,0,0,0
15,SCSG,554.8896484375,0,,0,0,0,0,1,0,0,3,1,0,1,0,0,60.0,0,0,0,0
15,SCSG,560.7001953125,0,,0,0,0,0,1,0,0,3,0,0,1,0,0,60.0,0,0,0,0
15,SCSG,566.876953125,0,,0,0,0,0,1,0,0,3,0,0,1,0,0,60.0,0,0,0,0
15,SCSG,572.01953125,0,,0,0,0,0,1,0,0,3,2,0,1,0,0,60.0,0,0,0,0
15,SCSG,578.84765625,0,,0,0,0,0,1,0,0,3,2,0,1,0,0,60.0,0,0,0,0
15,SCSG,585.67578125,0,,0,0,0,0,1,0,0,3,2,0,1,1,0,60.0,0,0,0,0
15,SCSG,592.037109375,0,,0,0,0,0,1,0,0,3,0,0,1,2,0,60.0,0,0,0,0
15,SCSG,597.6796875,0,,0,0,0,0,1,0,0,3,0,0,1,2,0,60.0,0,0,0,0
15,SCSG,604.291015625,0,,0,0,0,0,1,0,0,3,0,0,1,2,0,60.0,0,0,0,0
15,SCSG,609.716796875,0,,0,0,0,0,1,0,0,3,0,0,1,1,0,60.0,0,0,0,0
15,SCSG,615.142578125,0,,0,0,0,0,1,0,0,3,1,0,1,0,0,60.0,0,0,0,0
15,SCSG,621.5205078125,0,,0,0,0,0,1,0,0,3,1,0,1,0,0,60.0,0,0,0,0
15,SCSG,627.8642578125,0,,0,0,0,0,1,0,0,3,2,0,1,1,0,60.0,0,0,0,0
15,SCSG,634.525390625,0,,0,0,0,0,1,0,0,3,2,1,1,2,0,60.0,0,0,0,0
15,SCSG,639.9345703125,0,,0,0,0,0,1,0,0,3,3,1,1,2,0,60.0,0,0,0,0
15,SCSG,645.5283203125,0,,0,0,0,0,1,0,0,3,3,1,0,1,0,60.0,0,0,0,0
15,SCSG,651.2880859375,0,,0,0,0,0,1,0,0,3,1,0,0,1,0,60.0,0,0,0,0
15,SCSG,657.58203125,0,,0,0,0,0,1,0,0,3,0,0,0,0,0,60.0,0,0,0,0
15,SCSG,664.3603515625,0,,1,0,0,0,1,0,0,3,0,0,0,0,0,60.0,0,0,0,0
15,SCSG,670.203125,0,,0,0,0,0,1,0,0,3,0,0,0,0,0,60.0,0,0,0,0
15,SCSG,675.8291015625,0,,0,0,0,0,1,0,0,3,2,0,0,0,0,60.0,0,0,0,0
15,SCSG,681.8896484375,0,,0,0,0,0,1,0,0,3,2,0,0,0,0,60.0,0,0,0,0
15,SCSG,688.8681640625,0,,0,0,0,0,1,0,0,3,2,0,0,0,0,60.0,0,0,0,0
15,SCSG,694.8623046875,0,,0,0,0,0,1,0,0,3,0,0,0,0,0,60.0,0,0,0,0
15,SCSG,700.5380859375,0,,0,0,0,0,1,0,0,3,0,0,0,0,0,60.0,0,0,0,0
15,SCSG,706.3984375,0,,0,0,0,0,1,0,0,3,0,0,1,0,0,60.0,0,0,0,0
15,SCSG,711.57421875,0,,0,0,0,0,1,0,0,3,1,0,1,0,0,60.0,0,0,0,0
15,SCSG,718.51953125,0,,0,0,0,0,1,0,0,3,2,0,1,0,0,60.0,0,0,0,0
15,SCSG,723.9453125,0,,0,0,0,0,1,0,0,3,2,0,1,0,0,60.0,0,0,0,0
15,SCSG,729.921875,0,,0,0,0,0,1,0,0,3,1,0,1,0,0,60.0,0,0,0,0
15,SCSG,736.1494140625,0,,0,0,0,0,1,0,0,3,2,0,1,0,0,60.0,0,0,0,0
15,SCSG,741.708984375,0,,0,0,0,0,1,0,0,3,2,0,1,0,0,60.0,0,0,0,0
15,SCSG,748.236328125,0,,0,0,0,0,1,0,0,3,2,0,1,0,0,60.0,0,0,0,0
15,SCSG,754.4140625,0,,0,0,0,0,1,0,0,3,1,0,1,1,0,60.0,0,0,0,0
16,SCFB,34.375,0,,0,0,1,1,0,0,0,0,0,1,0,0,0,60.0,0,0,0,1
16,SCFB,40.5693359375,0,,0,0,1,1,0,0,0,1,0,1,0,1,0,60.0,0,0,0,1
16,SCFB,45.9951171875,0,,0,0,1,1,0,0,0,2,1,1,1,1,0,60.0,0,0,0,2
16,SCFB,51.220703125,0,,0,0,1,1,0,0,0,3,1,1,1,1,0,60.0,0,0,0,2
16,SCFB,56.7470703125,0,,1,0,1,1,0,0,0,3,1,0,1,0,0,60.0,0,1,0,1
16,SCFB,61.8388671875,0,,0,0,1,1,0,0,2,3,2,0,1,0,0,4.32421875,0,0,2,2
16,SCFB,67.2314453125,0,,0,0,1,1,0,0,2,3,1,0,1,0,0,9.716796875,0,0,2,1
16,SCFB,74.04296875,0,,1,0,1,1,0,0,2,3,2,0,1,0,0,16.5283203125,2,2,2,2
16,SCFB,79.501953125,0,,0,0,1,1,0,0,2,3,1,0,1,0,0,4.8583984375,0,0,2,1
16,SCFB,85.1787109375,0,,0,0,1,1,0,0,2,3,1,0,1,0,0,10.53515625,0,0,2,1
16,SCFB,91.1220703125,0,,0,0,1,1,0,0,2,3,1,0,1,0,0,16.478515625,0,0,2,1
16,SCFB,96.296875,0,,0,0,1,1,0,0,0,3,0,0,1,1,0,21.6533203125,0,0,0,0
16,SCFB,102.57421875,0,,0,0,1,1,0,0,0,3,0,0,1,1,0,27.9306640625,0,0,0,0
16,SCFB,109.5029296875,0,,1,0,1,1,0,0,0,3,0,1,1,1,0,34.859375,0,1,0,1
16,SCFB,116.064453125,0,,0,0,1,1,0,0,0,3,0,1,1,0,0,41.4208984375,0,0,0,1
16,SCFB,121.6904296875,0,,0,0,1,1,0,0,0,3,1,1,2,0,0,47.046875,0,0,0,2
16,SCFB,128.068359375,0,,0,0,1,1,0,0,0,3,2,0,1,0,0,53.4248046875,0,0,0,2
16,SCFB,133.8115234375,0,,0,0,1,1,0,0,0,3,3,0,1,0,0,59.16796875,0,0,0,3
16,SCFB,140.322265625,0,,0,0,1,1,0,0,0,3,2,0,1,1,0,60.0,0,0,0,2
16,SCFB,146.6826171875,0,,0,0,1,1,0,0,0,3,1,1,1,2,0,60.0,0,0,0,2
16,SCFB,152.91015625,0,,0,0,1,1,0,0,0,3,0,2,1,2,0,60.0,0,0,0,2
16,SCFB,159.6220703125,0,,0,0,1,1,0,0,0,3,0,2,2,2,0,60.0,0,0,0,2
16,SCFB,166.015625,0,,0,0,1,1,0,0,0,3,1,1,1,1,0,60.0,0,0,0,2
16,SCFB,171.9091796875,0,,0,0,1,1,0,0,0,3,2,0,1,1,0,60.0,0,0,0,2
16,SCFB,177.6025390625,0,,0,0,1,1,0,0,0,3,2,0,1,1,0,60.0,0,0,0,2
16,SCFB,184.11328125,0,,0,0,1,1,0,0,0,3,2,0,1,0,0,60.0,0,0,0,2
16,SCFB,190.2236328125,0,,0,0,1,1,0,0,0,3,0,0,1,1,0,60.0,0,0,0,0
16,SCFB,196.751953125,0,,1,0,1,1,0,0,0,3,0,0,1,1,0,60.0,0,0,0,0
16,SCFB,202.177734375,0,,0,0,1,1,0,0,2,3,0,0,1,1,0,4.6083984375,0,0,2,0
16,SCFB,207.453125,0,,0,0,1,1,0,0,2,3,0,0,1,0,0,9.8837890625,0,0,2,0
16,SCFB,212.5947265625,0,,0,0,1,1,0,0,2,3,1,0,1,0,0,15.025390625,0,0,2,1
16,SCFB,218.087890625,0,,0,0,1,1,0,0,0,3,1,0,1,0,0,20.5185546875,0,0,0,1
16,SCFB,224.58203125,0,,0,0,1,1,0,0,0,3,1,0,1,0,0,27.0126953125,0,0,0,1
16,SCFB,229.875,0,,0,0,1,1,0,0,0,3,0,0,1,1,0,32.3056640625,0,0,0,0
16,SCFB,235.30078125,0,,0,0,1,1,0,0,0,3,0,0,1,1,0,37.7314453125,0,0,0,0
16,SCFB,241.677734375,0,,1,0,1,1,0,0,0,3,0,0,1,1,0,44.1083984375,0,0,0,0
16,SCFB,246.76953125,0,,0,0,1,1,0,0,2,3,1,0,1,1,0,4.4072265625,0,0,2,1
16,SCFB,253.28125,0,,1,0,1,1,0,0,2,3,2,0,1,1,0,10.9189453125,2,2,2,2
16,SCFB,258.7734375,0,,0,0,1,1,0,0,2,3,2,0,1,1,0,16.4111328125,0,0,2,2
16,SCFB,265.3681640625,0,,0,0,1,1,0,0,0,3,1,0,1,2,0,23.005859375,0,0,0,1
16,SCFB,270.744140625,0,,1,0,1,1,0,0,0,3,1,0,1,1,0,28.3818359375,0,1,0,1
16,SCFB,277.2548828125,0,,0,0,1,1,0,0,0,3,3,0,1,1,0,34.892578125,0,0,0,3
16,SCFB,284.2841796875,0,,1,0,1,1,0,0,0,3,4,0,1,1,0,41.921875,0,4,0,4
16,SCFB,290.677734375,0,,0,0,1,1,0,0,0,3,3,0,1,1,0,48.3154296875,0,0,0,3
16,SCFB,296.0205078125,0,,0,0,1,1,0,0,0,3,2,0,1,1,0,53.658203125,0,0,0,2
16,SCFB,301.7470703125,0,,0,0,1,1,0,0,0,3,0,0,1,1,0,59.384765625,0,0,0,0
16,SCFB,307.0224609375,0,,0,0,1,1,0,0,0,3,0,0,1,0,0,60.0,0,0,0,0
16,SCFB,313.7001953125,0,,0,0,1,1,0,0,0,3,0,0,1,0,0,60.0,0,0,0,0
16,SCFB,319.9443359375,0,,0,0,1,1,0,0,0,3,0,0,1,0,0,60.0,0,0,0,0
16,SCFB,326.6220703125,0,,0,0,1,1,0,0,0,3,0,0,1,0,0,60.0,0,0,0,0
16,SCFB,332.115234375,0,,0,0,1,1,0,0,0,3,0,0,1,0,0,60.0,0,0,0,0
16,SCFB,338.125,0,,0,0,1,1,0,0,0,3,0,0,1,0,0,60.0,0,0,0,0
16,SCFB,343.267578125,0,,0,0,1,1,0,0,0,3,1,0,1,1,0,60.0,0,0,0,1
16,SCFB,349.14453125,0,,0,0,1,1,0,0,0,3,2,0,1,1,0,60.0,0,0,0,2
16,SCFB,355.521484375,0,,0,0,1,1,0,0,0,3,2,0,1,1,0,60.0,0,0,0,2
16,SCFB,360.8642578125,0,,0,0,1,1,0,0,0,3,2,0,1,0,0,60.0,0,0,0,2
16,SCFB,366.6240234375,0,,0,0,1,1,0,0,0,3,1,0,1,0,0,60.0,0,0,0,1
16,SCFB,372.55078125,0,,0,0,1,1,0,0,0,3,0,0,1,0,0,60.0,0,0,0,0
16,SCFB,378.16015625,0,,0,0,1,1,0,0,0,3,0,0,1,1,0,60.0,0,0,0,0
16,SCFB,383.986328125,0,,0,0,1,1,0,0,0,3,1,0,1,1,0,60.0,0,0,0,1
16,SCFB,390.080078125,0,,0,0,1,1,0,0,0,3,2,0,1,1,0,60.0,0,0,0,2
16,SCFB,396.69140625,0,,0,0,1,1,0,0,0,3,2,0,0,0,0,60.0,0,0,0,2
16,SCFB,402.2841796875,0,,0,0,1,1,0,0,0,3,2,0,0,0,0,60.0,0,0,0,2
16,SCFB,407.3427734375,0,,1,0,1,1,0,0,0,3,2,0,0,0,0,60.0,0,2,0,2
16,SCFB,413.5869140625,0,,0,0,1,1,0,0,3,3,3,0,0,0,0,4.7578125,0,0,3,3
16,SCFB,419.6474609375,0,,0,0,1,1,0,0,3,3,5,0,0,0,0,10.818359375,0,0,3,5
16,SCFB,424.7890625,0,,0,0,1,1,0,0,3,3,4,0,0,0,0,15.9599609375,0,0,3,4
16,SCFB,430.6826171875,0,,0,0,1,1,0,0,0,3,5,0,0,1,0,21.853515625,0,0,0,5
16,SCFB,436.7265625,0,,0,0,1,1,0,0,0,3,6,1,0,1,0,27.8974609375,0,0,0,7
16,SCFB,443.2373046875,0,,0,0,1,1,0,0,0,3,5,2,0,2,0,34.408203125,0,0,0,7
16,SCFB,449.013671875,0,,0,0,1,1,0,0,0,3,4,2,0,3,0,40.1845703125,0,0,0,6
16,SCFB,455.6923828125,0,,0,0,1,1,0,0,0,3,4,3,0,2,0,46.86328125,0,0,0,7
16,SCFB,461.1181640625,0,,0,0,1,1,0,0,2,3,3,2,0,2,0,3.7900390625,0,0,2,5
16,SCFB,466.77734375,0,,0,0,1,1,0,0,2,3,4,2,0,1,0,9.44921875,0,0,2,6
16,SCFB,473.10546875,0,,0,0,1,1,0,0,2,3,3,2,1,1,0,15.77734375,0,0,2,5
16,SCFB,479.93359375,0,,0,0,1,1,0,0,0,3,1,4,1,0,0,22.60546875,0,0,0,5
16,SCFB,485.8603515625,0,,0,0,1,1,0,0,0,3,0,4,2,0,0,28.5322265625,0,0,0,4
16,SCFB,491.3359375,0,,0,0,1,1,0,0,0,3,0,3,1,0,0,34.0078125,0,0,0,3
16,SCFB,496.3779296875,0,,0,0,1,1,0,0,0,3,0,1,1,0,0,39.0498046875,0,0,0,1
16,SCFB,502.97265625,0,,0,0,1,1,0,0,0,3,0,0,1,0,0,45.64453125,0,0,0,0
16,SCFB,509.033203125,0,,0,0,1,1,0,0,0,3,0,0,1,0,0,51.705078125,0,0,0,0
16,SCFB,514.4755859375,0,,0,0,1,1,0,0,0,3,1,0,1,0,0,57.1474609375,0,0,0,1
16,SCFB,520.7861328125,0,,0,0,1,1,0,0,0,3,1,0,1,1,0,60.0,0,0,0,1
16,SCFB,527.0966796875,0,,0,0,1,1,0,0,0,3,1,0,1,1,0,60.0,0,0,0,1
16,SCFB,532.7060546875,0,,0,0,1,1,0,0,0,3,0,1,1,2,0,60.0,0,0,0,1
16,SCFB,537.9658203125,0,,1,0,1,1,0,0,0,3,0,1,1,1,0,60.0,0,1,0,1
16,SCFB,543.9091796875,0,,0,0,1,1,0,0,0,3,0,2,1,1,0,60.0,0,0,0,2
16,SCFB,549.8525390625,0,,0,0,1,1,0,0,0,3,0,1,1,0,0,60.0,0,0,0,1
16,SCFB,555.6953125,0,,0,0,1,1,0,0,0,3,2,1,1,0,0,60.0,0,0,0,3
16,SCFB,561.939453125,0,,0,0,1,1,0,0,0,3,2,0,1,0,0,60.0,0,0,0,2
16,SCFB,568.3671875,0,,0,0,1,1,0,0,0,3,2,1,1,0,0,60.0,0,0,0,3
16,SCFB,575.044921875,0,,0,0,1,1,0,0,1,3,1,3,1,1,0,2.955078125,0,0,1,4
16,SCFB,581.7900390625,0,,0,0,1,1,0,0,1,3,1,5,1,1,0,9.7001953125,0,0,1,6
16,SCFB,587.3828125,0,,0,0,1,1,0,0,1,3,1,4,1,1,0,15.29296875,0,0,1,5
16,SCFB,593.1591796875,0,,0,0,1,1,0,0,0,3,1,3,1,0,0,21.0693359375,0,0,0,4
16,SCFB,599.787109375,0,,0,0,1,1,0,0,0,3,1,0,1,0,0,27.697265625,0,0,0,1
16,SCFB,605.36328125,0,,0,0,1,1,0,0,0,3,1,0,1,0,0,33.2734375,0,0,0,1
16,SCFB,611.7412109375,0,,0,0,1,1,0,0,0,3,1,0,1,0,0,39.6513671875,0,0,0,1
16,SCFB,617.66796875,0,,0,0,1,1,0,0,0,3,0,0,1,0,0,45.578125,0,0,0,0
16,SCFB,623.794921875,0,,1,0,1,1,0,0,0,3,0,0,1,0,0,51.705078125,0,0,0,0
16,SCFB,629.037109375,0,,0,0,1,1,0,0,2,3,1,1,1,1,0,4.6748046875,0,0,2,2
16,SCFB,635.046875,0,,0,0,1,1,0,0,2,3,2,3,1,1,0,10.6845703125,0,0,2,5
16,SCFB,640.8740234375,0,,0,0,1,1,0,0,2,3,2,5,1,1,0,16.51171875,0,0,2,7
16,SCFB,646.7841796875,0,,0,0,1,1,0,0,0,3,3,6,0,2,0,22.421875,0,0,0,9
16,SCFB,652.7275390625,0,,0,0,1,1,0,0,1,2,2,5,0,3,0,0.935546875,0,0,1,7
16,SCFB,658.01953125,0,,1,0,1,1,0,0,1,2,4,3,0,3,0,6.2275390625,1,7,1,7
16,SCFB,663.111328125,0,,0,0,1,1,0,0,3,2,5,2,0,3,0,4.056640625,0,0,3,7
16,SCFB,668.1533203125,0,,0,0,1,1,0,0,5,3,3,1,0,2,0,3.72265625,0,0,5,4
16,SCFB,673.2119140625,0,,0,0,1,1,0,0,4,4,3,0,0,1,0,8.78125,0,0,4,3
16,SCFB,679.3564453125,0,,0,0,1,1,0,0,2,3,1,0,0,1,0,14.92578125,0,0,2,1
16,SCFB,686.318359375,0,,1,0,1,1,0,0,0,3,0,0,0,0,0,21.8876953125,0,0,0,0
16,SCFB,691.7607421875,0,,0,0,1,1,0,0,0,3,1,0,0,0,0,27.330078125,0,0,0,1
16,SCFB,696.9189453125,0,,0,0,1,1,0,0,0,3,1,0,0,0,0,32.48828125,0,0,0,1
16,SCFB,703.7978515625,0,,0,0,1,1,0,0,0,3,1,0,0,0,0,39.3671875,0,0,0,1
16,SCFB,710.392578125,0,,0,0,1,1,0,0,0,3,0,0,0,1,0,45.9619140625,0,0,0,0
16,SCFB,716.21875,0,,0,0,1,1,0,0,0,3,2,0,1,1,0,51.7880859375,0,0,0,2
16,SCFB,721.310546875,0,,0,0,1,1,0,0,0,3,4,0,1,1,0,56.8798828125,0,0,0,4
16,SCFB,728.0556640625,0,,0,0,1,1,0,0,0,3,4,0,1,0,0,60.0,0,0,0,4
16,SCFB,733.09765625,0,,0,0,1,1,0,0,0,3,3,0,1,0,0,60.0,0,0,0,3
16,SCFB,740.109375,0,,1,0,1,1,0,0,0,3,1,0,1,0,0,60.0,0,1,0,1
16,SCFB,746.2197265625,0,,1,0,1,1,0,0,0,3,3,0,1,1,0,60.0,0,3,0,3
16,SCFB,752.6474609375,0,,0,0,1,1,0,0,0,3,3,0,1,1,0,60.0,0,0,0,3
16,SCFB,758.45703125,0,,1,0,1,1,0,0,0,3,2,0,1,1,0,60.0,0,2,0,2
16,SCFG,68.4140625,0,,0,0,0,1,0,0,0,0,0,1,1,1,0,60.0,0,0,0,0
16,SCFG,73.7392578125,0,,1,0,0,1,0,0,0,1,0,1,1,1,0,60.0,0,1,0,0
16,SCFG,79.4326171875,0,,0,0,0,1,0,0,0,2,2,0,1,1,0,60.0,0,0,0,0
16,SCFG,84.94140625,0,,0,0,0,1,0,0,0,3,2,0,1,2,0,60.0,0,0,0,0
16,SCFG,90.3837890625,0,,0,0,0,1,0,0,1,3,2,1,1,1,0,1.46875,0,0,0,0
16,SCFG,95.576171875,0,,0,0,0,1,0,0,1,3,1,1,1,1,0,6.6611328125,0,0,0,0
16,SCFG,101.3193359375,0,,0,0,0,1,0,0,1,3,0,1,1,1,0,12.404296875,0,0,0,0
16,SCFG,107.529296875,0,,0,0,0,1,0,0,1,3,0,3,2,1,0,18.6142578125,0,0,0,0
16,SCFG,113.3388671875,0,,0,0,0,1,0,0,0,3,0,2,1,1,0,24.423828125,0,0,0,0
16,SCFG,120.05078125,0,,0,0,0,1,0,0,0,3,0,2,1,1,0,31.1357421875,0,0,0,0
16,SCFG,126.361328125,0,,0,0,0,1,0,0,0,3,0,0,1,0,0,37.4462890625,0,0,0,0
16,SCFG,131.9873046875,0,,0,0,0,1,0,0,0,3,0,0,1,0,0,43.072265625,0,0,0,0
16,SCFG,137.279296875,0,,0,0,0,1,0,0,0,3,1,0,1,0,0,48.3642578125,0,0,0,0
16,SCFG,143.3896484375,0,,1,0,0,1,0,0,0,3,1,0,1,0,0,54.474609375,0,1,0,0
16,SCFG,149.31640625,0,,0,0,0,1,0,0,2,3,1,0,1,0,0,5.0087890625,0,0,0,0
16,SCFG,154.4755859375,0,,0,0,0,1,0,0,3,2,1,0,1,0,0,0.150390625,0,0,0,0
16,SCFG,160.935546875,0,,1,0,0,1,0,0,5,1,1,0,1,0,0,4.607421875,5,1,0,0
16,SCFG,166.111328125,0,,0,0,0,1,0,0,3,1,1,0,0,1,0,9.783203125,0,0,0,0
16,SCFG,171.470703125,0,,0,0,0,1,0,0,3,2,1,1,1,1,0,15.142578125,0,0,0,0
16,SCFG,176.9462890625,0,,0,0,0,1,0,0,0,3,0,2,1,1,0,20.6181640625,0,0,0,0
16,SCFG,183.857421875,0,,0,0,0,1,0,0,0,3,0,4,1,1,0,27.529296875,0,0,0,0
16,SCFG,190.3525390625,0,,0,0,0,1,0,0,0,3,0,5,1,1,0,34.0244140625,0,0,0,0
16,SCFG,195.7275390625,0,,0,0,0,1,0,0,0,3,0,4,1,1,0,39.3994140625,0,0,0,0
16,SCFG,201.6708984375,0,,0,0,0,1,0,0,0,3,0,3,1,0,0,45.3427734375,0,0,0,0
16,SCFG,207.5810546875,0,,1,0,0,1,0,0,0,3,0,1,1,1,0,51.2529296875,0,1,0,0
16,SCFG,213.9755859375,0,,0,0,0,1,0,0,2,3,2,0,1,1,0,5.759765625,0,0,0,0
16,SCFG,219.4345703125,0,,0,0,0,1,0,0,3,2,2,0,1,1,0,0.451171875,0,0,0,0
16,SCFG,226.01171875,0,,0,0,0,1,0,0,3,2,2,0,1,0,0,7.0283203125,0,0,0,0
16,SCFG,232.6396484375,0,,0,0,0,1,0,0,1,2,1,0,1,0,0,13.65625,0,0,0,0
16,SCFG,239.6513671875,0,,0,0,0,1,0,0,1,3,0,0,1,1,0,4.0400390625,0,0,0,0
16,SCFG,246.49609375,0,,1,0,0,1,0,0,1,3,0,0,1,1,0,10.884765625,1,0,0,0
16,SCFG,251.671875,0,,0,0,0,1,0,0,1,3,0,0,1,2,0,16.060546875,0,0,0,0
16,SCFG,258.6171875,0,,0,0,0,1,0,0,0,3,0,0,1,1,0,23.005859375,0,0,0,0
16,SCFG,264.4931640625,0,,0,0,0,1,0,0,0,3,0,0,2,1,0,28.8818359375,0,0,0,0
16,SCFG,270.837890625,0,,0,0,0,1,0,0,0,3,0,0,1,0,0,35.2265625,0,0,0,0
16,SCFG,277.732421875,0,,0,0,0,1,0,0,0,3,0,0,1,0,0,42.12109375,0,0,0,0
16,SCFG,283.6259765625,0,,0,0,0,1,0,0,0,3,1,0,1,0,0,48.0146484375,0,0,0,0
16,SCFG,290.3203125,0,,0,0,0,1,0,0,0,3,1,0,1,0,0,54.708984375,0,0,0,0
16,SCFG,296.9482421875,0,,0,0,0,1,0,0,0,3,1,0,1,0,0,60.0,0,0,0,0
16,SCFG,302.1572265625,0,,0,0,0,1,0,0,0,3,0,0,1,0,0,60.0,0,0,0,0
16,SCFG,308.8349609375,0,,0,0,0,1,0,0,0,3,0,0,1,0,0,60.0,0,0,0,0
16,SCFG,314.5107421875,0,,0,0,0,1,0,0,0,3,0,0,1,0,0,60.0,0,0,0,0
16,SCFG,319.8203125,0,,0,0,0,1,0,0,1,3,0,0,1,1,0,4.3408203125,0,0,0,0
16,SCFG,324.9453125,0,,0,0,0,1,0,0,1,3,0,0,1,1,0,9.4658203125,0,0,0,0
16,SCFG,330.3037109375,0,,0,0,0,1,0,0,1,3,0,0,1,1,0,14.82421875,0,0,0,0
16,SCFG,337.232421875,0,,0,0,0,1,0,0,0,3,0,0,1,0,0,21.7529296875,0,0,0,0
16,SCFG,343.54296875,0,,0,0,0,1,0,0,0,3,0,0,2,0,0,28.0634765625,0,0,0,0
16,SCFG,349.3525390625,0,,0,0,0,1,0,0,0,3,0,0,1,1,0,33.873046875,0,0,0,0
16,SCFG,355.36328125,0,,0,0,0,1,0,0,0,3,0,0,1,1,0,39.8837890625,0,0,0,0
16,SCFG,360.97265625,0,,0,0,0,1,0,0,0,3,0,0,1,1,0,45.4931640625,0,0,0,0
16,SCFG,367.25,0,,0,0,0,1,0,0,0,3,0,0,1,0,0,51.7705078125,0,0,0,0
16,SCFG,372.80859375,0,,0,0,0,1,0,0,0,3,0,0,1,0,0,57.3291015625,0,0,0,0
16,SCFG,378.41796875,0,,0,0,0,1,0,0,0,3,0,0,1,0,0,60.0,0,0,0,0
16,SCFG,384.328125,0,,0,0,0,1,0,0,0,3,0,0,1,0,0,60.0,0,0,0,0
16,SCFG,389.3701171875,0,,0,0,0,1,0,0,0,3,0,0,1,0,0,60.0,0,0,0,0
16,SCFG,395.4638671875,0,,0,0,0,1,0,0,0,3,0,0,1,1,0,60.0,0,0,0,0
16,SCFG,400.9228515625,0,,0,0,0,1,0,0,0,3,0,0,2,1,0,60.0,0,0,0,0
16,SCFG,407.884765625,0,,0,0,0,1,0,0,0,3,0,0,1,1,0,60.0,0,0,0,0
16,SCFG,413.193359375,0,,0,0,0,1,0,0,0,3,0,0,1,1,0,60.0,0,0,0,0
16,SCFG,418.501953125,0,,0,0,0,1,0,0,0,3,0,0,1,0,0,60.0,0,0,0,0
16,SCFG,424.7294921875,0,,0,0,0,1,0,0,1,2,3,1,0,1,0,1.21875,0,0,0,0
16,SCFG,430.255859375,0,,0,0,0,1,0,0,1,2,3,1,0,1,0,6.7451171875,0,0,0,0
16,SCFG,436.5498046875,0,,0,0,0,1,0,0,1,2,7,1,0,1,0,13.0390625,0,0,0,0
16,SCFG,441.7578125,0,,0,0,0,1,0,0,1,3,5,1,0,0,0,18.2470703125,0,0,0,0
16,SCFG,447.3173828125,0,,0,0,0,1,0,0,0,3,4,0,0,0,0,23.806640625,0,0,0,0
16,SCFG,453.9619140625,0,,0,0,0,1,0,0,0,3,2,0,0,0,0,30.451171875,0,0,0,0
16,SCFG,460.5400390625,0,,0,0,0,1,0,0,0,3,3,0,0,0,0,37.029296875,0,0,0,0
16,SCFG,466.833984375,0,,0,0,0,1,0,0,0,3,4,0,0,1,0,43.3232421875,0,0,0,0
16,SCFG,472.2431640625,0,,0,0,0,1,0,0,0,3,4,0,0,1,0,48.732421875,0,0,0,0
16,SCFG,479.154296875,0,,0,0,0,1,0,0,0,3,4,0,0,1,0,55.6435546875,0,0,0,0
16,SCFG,484.212890625,0,,0,0,0,1,0,0,0,3,4,0,0,1,0,60.0,0,0,0,0
16,SCFG,489.5380859375,0,,0,0,0,1,0,0,0,3,4,0,1,0,0,60.0,0,0,0,0
16,SCFG,495.2978515625,0,,0,0,0,1,0,0,0,3,2,0,1,0,0,60.0,0,0,0,0
16,SCFG,501.19140625,0,,0,0,0,1,0,0,0,3,0,0,1,0,0,60.0,0,0,0,0
16,SCFG,508.0859375,0,,0,0,0,1,0,0,0,3,0,0,1,0,0,60.0,0,0,0,0
16,SCFG,513.478515625,0,,0,0,0,1,0,0,0,3,0,0,1,1,0,60.0,0,0,0,0
16,SCFG,519.638671875,0,,1,0,0,1,0,0,0,3,0,0,1,1,0,60.0,0,0,0,0
16,SCFG,525.8828125,0,,0,0,0,1,0,0,0,3,1,0,2,1,0,60.0,0,0,0,0
16,SCFG,531.5927734375,0,,0,0,0,1,0,0,0,3,1,0,1,0,0,60.0,0,0,0,0
16,SCFG,536.884765625,0,,0,0,0,1,0,0,0,3,2,0,1,0,0,60.0,0,0,0,0
16,SCFG,542.6611328125,0,,0,0,0,1,0,0,0,3,1,0,1,0,0,60.0,0,0,0,0
16,SCFG,548.220703125,0,,0,0,0,1,0,0,0,3,1,0,1,1,0,60.0,0,0,0,0
16,SCFG,554.9482421875,0,,0,0,0,1,0,0,0,3,0,0,1,1,0,60.0,0,0,0,0
16,SCFG,560.32421875,0,,0,0,0,1,0,0,0,3,0,0,1,1,0,60.0,0,0,0,0
16,SCFG,567.2529296875,0,,1,0,0,1,0,0,0,3,0,0,1,0,0,60.0,0,0,0,0
16,SCFG,572.611328125,0,,0,0,0,1,0,0,0,3,0,0,1,0,0,60.0,0,0,0,0
16,SCFG,578.8056640625,0,,0,0,0,1,0,0,0,3,0,0,1,0,0,60.0,0,0,0,0
16,SCFG,585.4326171875,0,,0,0,0,1,0,0,0,3,0,0,1,1,0,60.0,0,0,0,0
16,SCFG,590.92578125,0,,0,0,0,1,0,0,0,3,0,0,1,1,0,60.0,0,0,0,0
16,SCFG,596.5849609375,0,,0,0,0,1,0,0,0,3,0,0,1,1,0,60.0,0,0,0,0
16,SCFG,602.2783203125,0,,0,0,0,1,0,0,0,3,0,0,1,1,0,60.0,0,0,0,0
16,SCFG,608.455078125,0,,0,0,0,1,0,0,0,3,0,0,1,0,0,60.0,0,0,0,0
16,SCFG,615.1162109375,0,,0,0,0,1,0,0,0,3,0,0,1,0,0,60.0,0,0,0,0
16,SCFG,621.6943359375,0,,1,0,0,1,0,0,0,3,0,0,1,0,0,60.0,0,0,0,0
16,SCFG,628.4892578125,0,,0,0,0,1,0,0,0,3,0,0,1,0,0,60.0,0,0,0,0
16,SCFG,634.6328125,0,,0,0,0,1,0,0,0,3,2,0,1,1,0,60.0,0,0,0,0
16,SCFG,640.0244140625,0,,0,0,0,1,0,0,1,2,4,0,1,1,0,0.3837890625,0,0,0,0
16,SCFG,645.701171875,0,,0,0,0,1,0,0,1,2,4,0,1,1,0,6.060546875,0,0,0,0
16,SCFG,652.2958984375,0,,0,0,0,1,0,0,1,2,2,0,1,1,0,12.6552734375,0,0,0,0
16,SCFG,659.056640625,0,,0,0,0,1,0,0,1,3,0,0,1,0,0,19.416015625,0,0,0,0
16,SCFG,665.5849609375,0,,0,0,0,1,0,0,0,3,0,0,1,0,0,25.9443359375,0,0,0,0
16,SCFG,671.794921875,0,,0,0,0,1,0,0,0,3,0,0,1,0,0,32.154296875,0,0,0,0
16,SCFG,677.2373046875,0,,0,0,0,1,0,0,0,3,1,0,1,0,0,37.5966796875,0,0,0,0
16,SCFG,684.232421875,0,,0,0,0,1,0,0,0,3,4,0,0,1,0,44.591796875,0,0,0,0
16,SCFG,689.591796875,0,,0,0,0,1,0,0,1,2,5,1,0,1,0,0.3505859375,0,0,0,0
16,SCFG,694.8173828125,0,,0,0,0,1,0,0,1,2,6,1,0,1,0,5.576171875,0,0,0,0
16,SCFG,700.693359375,0,,0,0,0,1,0,0,1,2,3,1,0,0,0,11.4521484375,0,0,0,0
16,SCFG,706.0693359375,0,,0,0,0,1,0,0,1,3,1,0,0,0,0,16.828125,0,0,0,0
16,SCFG,712.0625,0,,0,0,0,1,0,0,0,3,1,0,0,0,0,22.8212890625,0,0,0,0
16,SCFG,718.5400390625,0,,0,0,0,1,0,0,0,3,0,0,0,0,0,29.298828125,0,0,0,0
16,SCFG,723.9658203125,0,,0,0,0,1,0,0,0,3,0,0,0,0,0,34.724609375,0,0,0,0
16,SCFG,730.2431640625,0,,0,0,0,1,0,0,0,3,0,0,0,0,0,41.001953125,0,0,0,0
16,SCFG,736.353515625,0,,0,0,0,1,0,0,0,3,0,0,0,0,0,47.1123046875,0,0,0,0
16,SCFG,741.595703125,0,,0,0,0,1,0,0,0,3,0,0,0,0,0,52.3544921875,0,0,0,0
16,SCFG,748.306640625,0,,0,0,0,1,0,0,2,3,3,0,1,1,0,3.755859375,0,0,0,0
16,SCFG,754.7509765625,0,,0,0,0,1,0,0,2,3,3,0,1,1,0,10.2001953125,0,0,0,0
16,SCFG,760.2607421875,0,,0,0,0,1,0,0,2,3,3,0,1,1,0,15.7099609375,0,0,0,0
16,SCFG,766.220703125,0,,0,0,0,1,0,0,0,3,0,0,2,0,0,21.669921875,0,0,0,0
16,SCFG,771.8466796875,0,,0,0,0,1,0,0,0,3,0,0,1,0,0,27.2958984375,0,0,0,0
16,SCFG,776.9052734375,0,,0,0,0,1,0,0,0,3,1,0,1,0,0,32.3544921875,0,0,0,0
16,SCFG,781.9970703125,0,,0,0,0,1,0,0,0,3,1,0,1,0,0,37.4462890625,0,0,0,0
16,SCFG,787.7236328125,0,,0,0,0,1,0,0,0,3,1,0,1,0,0,43.1728515625,0,0,0,0
16,SCFG,794.18359375,0,,0,0,0,1,0,0,0,3,1,0,1,0,0,49.6328125,0,0,0,0
16,SCFG,800.0439453125,0,,0,0,0,1,0,0,0,3,0,0,1,0,0,55.4931640625,0,0,0,0
16,SCMM,45.923828125,0,,0,0,0,0,0,1,0,0,0,1,0,0,0,60.0,0,0,0,0
16,SCMM,52.3193359375,0,,0,0,0,0,0,1,0,1,0,1,1,0,0,60.0,0,0,0,0
16,SCMM,59.0322265625,0,,1,0,0,0,0,1,0,2,0,1,1,0,0,60.0,0,1,0,0
16,SCMM,65.27734375,0,,0,0,0,0,0,1,2,3,1,0,1,0,0,5.5771484375,0,0,0,0
16,SCMM,70.5546875,0,,0,0,0,0,0,1,2,3,1,0,1,0,0,10.8544921875,0,0,0,0
16,SCMM,76.5322265625,0,,0,0,0,0,0,1,2,3,1,0,1,0,0,16.83203125,0,0,0,0
16,SCMM,81.958984375,0,,1,0,0,0,0,1,1,3,2,0,1,0,0,1.7861328125,1,2,0,0
16,SCMM,88.8720703125,0,,0,0,0,0,0,1,3,3,2,0,1,0,0,6.328125,0,0,0,0
16,SCMM,94.31640625,0,,0,0,0,0,0,1,3,3,2,0,1,0,0,11.7724609375,0,0,0,0
16,SCMM,101.3125,0,,0,0,0,0,0,1,2,3,1,0,1,0,0,18.7685546875,0,0,0,0
16,SCMM,106.58984375,0,,1,0,0,0,0,1,2,3,2,0,1,0,0,4.392578125,2,2,0,0
16,SCMM,112.818359375,0,,1,0,0,0,0,1,4,3,4,0,1,0,0,5.6943359375,4,4,0,0
16,SCMM,118.1279296875,0,,0,0,0,0,0,1,4,3,4,0,1,0,0,11.00390625,0,0,0,0
16,SCMM,123.6220703125,0,,0,0,0,0,0,1,2,3,3,0,1,0,0,16.498046875,0,0,0,0
16,SCMM,129.3662109375,0,,0,0,0,0,0,1,0,3,2,0,1,0,0,22.2421875,0,0,0,0
16,SCMM,136.1787109375,0,,0,0,0,0,0,1,0,3,1,0,1,0,0,29.0546875,0,0,0,0
16,SCMM,142.08984375,0,,0,0,0,0,0,1,0,3,0,0,1,0,0,34.9658203125,0,0,0,0
16,SCMM,147.701171875,0,,0,0,0,0,0,1,0,3,0,0,1,0,0,40.5771484375,0,0,0,0
16,SCMM,152.927734375,0,,1,0,0,0,0,1,0,3,0,0,1,0,0,45.8037109375,0,0,0,0
16,SCMM,158.921875,0,,0,0,0,0,0,1,3,3,1,0,1,0,0,5.1259765625,0,0,0,0
16,SCMM,165.1337890625,0,,0,0,0,0,0,1,3,3,2,0,1,0,0,11.337890625,0,0,0,0
16,SCMM,171.796875,0,,0,0,0,0,0,1,3,3,2,0,1,0,0,18.0009765625,0,0,0,0
16,SCMM,177.9580078125,0,,1,0,0,0,0,1,0,3,1,0,1,0,0,24.162109375,0,1,0,0
16,SCMM,183.2353515625,0,,0,0,0,0,0,1,2,4,2,0,1,0,0,4.642578125,0,0,0,0
16,SCMM,188.2783203125,0,,0,0,0,0,0,1,2,4,2,0,1,0,0,9.685546875,0,0,0,0
16,SCMM,194.40625,0,,0,0,0,0,0,1,2,4,2,1,1,0,0,15.8134765625,0,0,0,0
16,SCMM,199.4990234375,0,,0,0,0,0,0,1,0,3,1,3,1,0,0,20.90625,0,0,0,0
16,SCMM,205.41015625,0,,0,0,0,0,0,1,0,3,0,3,1,0,0,26.8173828125,0,0,0,0
16,SCMM,212.056640625,0,,0,0,0,0,0,1,0,3,0,3,1,0,0,33.4638671875,0,0,0,0
16,SCMM,217.2998046875,0,,0,0,0,0,0,1,0,3,0,1,1,0,0,38.70703125,0,0,0,0
16,SCMM,224.1630859375,0,,0,0,0,0,0,1,0,3,0,0,1,0,0,45.5703125,0,0,0,0
16,SCMM,230.041015625,0,,0,0,0,0,0,1,0,3,1,0,1,0,0,51.4482421875,0,0,0,0
16,SCMM,236.669921875,0,,0,0,0,0,0,1,0,3,1,0,1,0,0,58.0771484375,0,0,0,0
16,SCMM,243.0322265625,0,,0,0,0,0,0,1,0,3,2,0,1,0,0,60.0,0,0,0,0
16,SCMM,248.6259765625,0,,0,0,0,0,0,1,0,3,1,0,1,0,0,60.0,0,0,0,0
16,SCMM,255.505859375,0,,0,0,0,0,0,1,0,3,1,0,1,0,0,60.0,0,0,0,0
16,SCMM,260.8662109375,0,,0,0,0,0,0,1,0,3,0,0,1,0,0,60.0,0,0,0,0
16,SCMM,265.9423828125,0,,0,0,0,0,0,1,0,3,0,0,1,0,0,60.0,0,0,0,0
16,SCMM,271.76953125,0,,0,0,0,0,0,1,0,3,0,0,1,0,0,60.0,0,0,0,0
16,SCMM,278.515625,0,,0,0,0,0,0,1,0,3,0,0,1,0,0,60.0,0,0,0,0
16,SCMM,284.4609375,0,,0,0,0,0,0,1,0,3,0,0,1,0,0,60.0,0,0,0,0
16,SCMM,290.455078125,0,,0,0,0,0,0,1,0,3,0,0,1,0,0,60.0,0,0,0,0
16,SCMM,296.951171875,0,,0,0,0,0,0,1,0,3,2,0,1,0,0,60.0,0,0,0,0
16,SCMM,302.8623046875,0,,0,0,0,0,0,1,0,3,2,0,1,0,0,60.0,0,0,0,0
16,SCMM,308.3896484375,0,,0,0,0,0,0,1,0,3,2,0,1,0,0,60.0,0,0,0,0
16,SCMM,313.666015625,0,,1,0,0,0,0,1,0,3,2,0,1,0,0,60.0,0,2,0,0
16,SCMM,320.5458984375,0,,0,0,0,0,0,1,2,3,1,0,1,0,0,6.12890625,0,0,0,0
16,SCMM,325.822265625,0,,0,0,0,0,0,1,2,3,1,0,2,0,0,11.4052734375,0,0,0,0
16,SCMM,331.099609375,0,,0,0,0,0,0,1,2,3,1,0,1,0,0,16.6826171875,0,0,0,0
16,SCMM,338.0458984375,0,,0,0,0,0,0,1,0,3,3,0,1,0,0,23.62890625,0,0,0,0
16,SCMM,343.7734375,0,,0,0,0,0,0,1,0,3,3,0,1,0,0,29.3564453125,0,0,0,0
16,SCMM,349.9345703125,0,,0,0,0,0,0,1,0,3,3,1,1,0,0,35.517578125,0,0,0,0
16,SCMM,355.5458984375,0,,0,0,0,0,0,1,0,3,1,2,1,0,0,41.12890625,0,0,0,0
16,SCMM,361.3896484375,0,,0,0,0,0,0,1,0,3,0,2,1,0,0,46.97265625,0,0,0,0
16,SCMM,367.451171875,0,,0,0,0,0,0,1,0,3,0,2,1,0,0,53.0341796875,0,0,0,0
16,SCMM,372.9619140625,1,1.068359375,1,0,0,0,0,1,0,3,1,0,1,0,0,58.544921875,0,1,0,0
16,SCMM,379.0732421875,0,,0,0,0,0,0,1,2,3,1,0,1,0,1,5.4599609375,0,0,0,0
16,SCMM,385.4521484375,0,,0,0,0,0,0,1,2,3,1,0,1,0,1,11.8388671875,0,0,0,0
16,SCMM,390.662109375,0,,0,0,0,0,0,1,2,3,1,0,1,0,1,17.048828125,0,0,0,0
16,SCMM,396.10546875,0,,1,0,0,0,0,1,0,3,0,0,1,0,1,22.4921875,0,0,0,0
16,SCMM,402.8349609375,0,,0,0,0,0,0,1,2,3,3,0,1,0,1,5.693359375,0,0,0,0
16,SCMM,408.7294921875,0,,0,0,0,0,0,1,2,3,5,0,0,0,1,11.587890625,0,0,0,0
16,SCMM,415.4091796875,0,,0,0,0,0,0,1,2,3,6,0,0,0,1,18.267578125,0,0,0,0
16,SCMM,421.25390625,0,,0,0,0,0,0,1,0,3,5,0,0,0,1,24.1123046875,0,0,0,0
16,SCMM,426.8974609375,0,,0,0,0,0,0,1,0,3,3,0,0,0,1,29.755859375,0,0,0,0
16,SCMM,432.892578125,0,,0,0,0,0,0,1,0,3,1,0,0,0,1,35.7509765625,0,0,0,0
16,SCMM,437.935546875,0,,0,0,0,0,0,1,0,3,2,0,0,0,0,40.7939453125,0,0,0,0
16,SCMM,443.26171875,0,,1,0,0,0,0,1,0,3,1,0,0,0,0,46.1201171875,0,1,0,0
16,SCMM,449.7412109375,0,,0,0,0,0,0,1,2,3,2,0,0,0,0,5.6943359375,0,0,0,0
16,SCMM,456.0029296875,0,,0,0,0,0,0,1,2,3,2,0,0,0,0,11.9560546875,0,0,0,0
16,SCMM,462.7822265625,0,,0,0,0,0,0,1,2,3,2,0,0,0,0,18.7353515625,0,0,0,0
16,SCMM,468.142578125,0,,0,0,0,0,0,1,0,3,2,0,0,0,0,24.095703125,0,0,0,0
16,SCMM,474.12109375,0,,0,0,0,0,0,1,0,3,1,0,1,0,0,30.07421875,0,0,0,0
16,SCMM,480.1826171875,0,,0,0,0,0,0,1,0,3,1,0,1,0,0,36.1357421875,0,0,0,0
16,SCMM,486.34375,0,,1,0,0,0,0,1,0,3,1,0,1,0,0,42.296875,0,1,0,0
16,SCMM,492.9736328125,0,,0,0,0,0,0,1,2,3,1,0,1,0,0,6.01171875,0,0,0,0
16,SCMM,498.283203125,0,,0,0,0,0,0,1,2,3,1,0,1,0,0,11.3212890625,0,0,0,0
16,SCMM,504.99609375,0,,0,0,0,0,0,1,3,3,2,0,1,0,0,5.861328125,0,0,0,0
16,SCMM,510.072265625,0,,0,0,0,0,0,1,1,3,3,0,1,0,0,10.9375,0,0,0,0
16,SCMM,516.6845703125,0,,0,0,0,0,0,1,1,3,4,0,1,0,0,17.5498046875,0,0,0,0
16,SCMM,522.345703125,0,,0,0,0,0,0,1,0,3,4,0,1,0,0,23.2109375,0,0,0,0
16,SCMM,528.08984375,0,,0,0,0,0,0,1,0,3,4,0,2,0,0,28.955078125,0,0,0,0
16,SCMM,533.8173828125,0,,0,0,0,0,0,1,0,3,2,0,1,0,0,34.6826171875,0,0,0,0
16,SCMM,539.27734375,0,,0,0,0,0,0,1,0,3,1,0,1,0,0,40.142578125,0,0,0,0
16,SCMM,544.6884765625,0,,0,0,0,0,0,1,0,3,0,0,1,0,0,45.5537109375,0,0,0,0
16,SCMM,550.265625,0,,0,0,0,0,0,1,0,3,0,0,1,0,0,51.130859375,0,0,0,0
16,SCMM,555.7587890625,0,,0,0,0,0,0,1,0,3,0,0,1,0,0,56.6240234375,0,0,0,0
16,SCMM,562.6884765625,0,,0,0,0,0,0,1,0,3,0,0,1,0,0,60.0,0,0,0,0
16,SCMM,568.4833984375,0,,0,0,0,0,0,1,0,3,0,0,1,0,0,60.0,0,0,0,0
16,SCMM,574.5947265625,0,,0,0,0,0,0,1,0,3,1,0,1,0,0,60.0,0,0,0,0
16,SCMM,581.2578125,0,,0,0,0,0,0,1,0,3,1,0,1,0,0,60.0,0,0,0,0
16,SCMM,587.0517578125,0,,0,0,0,0,0,1,0,3,3,0,1,0,0,60.0,0,0,0,0
16,SCMM,593.0302734375,0,,1,0,0,0,0,1,0,3,4,1,1,0,0,60.0,0,5,0,0
16,SCMM,598.9912109375,0,,0,0,0,0,0,1,2,3,4,1,1,0,0,5.16015625,0,0,0,0
16,SCMM,605.119140625,0,,0,0,0,0,0,1,2,3,4,1,2,0,0,11.2880859375,0,0,0,0
16,SCMM,611.314453125,0,,0,0,0,0,0,1,2,3,4,0,1,0,0,17.4833984375,0,0,0,0
16,SCMM,617.9775390625,0,,0,0,0,0,0,1,0,3,4,0,1,0,0,24.146484375,0,0,0,0
16,SCMM,623.4208984375,0,,0,0,0,0,0,1,0,3,3,0,1,0,0,29.58984375,0,0,0,0
16,SCMM,629.4990234375,0,,0,0,0,0,0,1,0,3,2,0,1,0,0,35.66796875,0,0,0,0
16,SCMM,635.978515625,0,,0,0,0,0,0,1,1,3,2,0,1,0,0,5.0771484375,0,0,0,0
16,SCMM,641.12109375,0,,0,0,0,0,0,1,1,3,2,0,1,0,0,10.2197265625,0,0,0,0
16,SCMM,647.4501953125,0,,0,0,0,0,0,1,1,3,2,0,1,0,0,16.548828125,0,0,0,0
16,SCMM,654.1455078125,0,,0,0,0,0,0,1,0,3,2,0,1,0,0,23.244140625,0,0,0,0
16,SCMM,659.2392578125,0,,0,0,0,0,0,1,0,3,1,0,1,0,0,28.337890625,0,0,0,0
16,SCMM,666.0849609375,0,,0,0,0,0,0,1,0,3,5,1,0,0,0,35.18359375,0,0,0,0
16,SCMM,671.3115234375,0,,0,0,0,0,0,1,0,3,6,1,0,0,0,40.41015625,0,0,0,0
16,SCMM,677.123046875,0,,0,0,0,0,0,1,0,3,6,1,0,0,0,46.2216796875,0,0,0,0
16,SCMM,683.9189453125,0,,0,0,0,0,0,1,0,3,3,0,0,0,0,53.017578125,0,0,0,0
16,SCMM,690.2314453125,0,,0,0,0,0,0,1,0,3,3,0,0,0,0,59.330078125,0,0,0,0
16,SCMM,696.025390625,0,,0,0,0,0,0,1,1,3,2,0,0,0,0,4.9755859375,0,0,0,0
16,SCMM,702.5380859375,0,,1,0,0,0,0,1,1,3,2,0,0,0,0,11.48828125,1,2,0,0
16,SCMM,708.5322265625,0,,0,0,0,0,0,1,3,3,2,0,0,0,0,4.892578125,0,0,0,0
16,SCMM,715.2958984375,0,,0,0,0,0,0,1,2,3,1,0,0,0,0,11.65625,0,0,0,0
16,SCMM,721.857421875,0,,0,0,0,0,0,1,2,3,1,0,0,0,0,18.2177734375,0,0,0,0
16,SCMM,727.65234375,0,,1,0,0,0,0,1,0,3,2,0,0,0,0,24.0126953125,0,2,0,0
16,SCMM,734.1474609375,0,,0,0,0,0,0,1,0,3,2,0,0,0,0,30.5078125,0,0,0,0
16,SCMM,741.1279296875,0,,1,0,0,0,0,1,0,3,2,0,0,0,0,37.48828125,0,2,0,0
16,SCMM,746.771484375,0,,1,0,0,0,0,1,0,3,1,1,1,0,0,43.1318359375,0,2,0,0
16,SCMM,751.8310546875,0,,0,0,0,0,0,1,0,3,0,1,1,0,0,48.19140625,0,0,0,0
16,SCMM,758.0263671875,0,,0,0,0,0,0,1,0,3,0,1,1,0,0,54.38671875,0,0,0,0
16,SCMM,764.873046875,0,,0,0,0,0,0,1,2,3,1,1,1,0,0,5.77734375,0,0,0,0
16,SCMM,771.9033203125,0,,0,0,0,0,0,1,2,3,1,0,1,0,0,12.8076171875,0,0,0,0
16,SCMM,777.630859375,0,,1,0,0,0,0,1,2,3,1,0,1,0,0,18.53515625,2,1,0,0
16,SCMM,783.958984375,0,,0,0,0,0,0,1,2,3,1,0,1,0,0,5.7109375,0,0,0,0
16,SCMM,790.1044921875,0,,0,0,0,0,0,1,2,3,0,1,1,0,0,11.8564453125,0,0,0,0
16,SCSB,70.9033203125,0,,0,0,1,0,1,0,0,0,0,1,1,1,0,60.0,0,0,0,1
16,SCSB,76.712890625,0,,0,0,1,0,1,0,0,1,0,1,1,1,0,60.0,0,0,0,1
16,SCSB,82.5888671875,0,,0,0,1,0,1,0,0,2,0,1,1,1,0,60.0,0,0,0,1
16,SCSB,89.349609375,0,,0,0,1,0,1,0,0,3,1,0,1,2,0,60.0,0,0,0,1
16,SCSB,94.5419921875,0,,0,0,1,0,1,0,0,3,1,0,1,1,0,60.0,0,0,0,1
16,SCSB,100.083984375,0,,0,0,1,0,1,0,0,3,1,2,1,2,0,60.0,0,0,0,3
16,SCSB,106.845703125,0,,0,0,1,0,1,0,0,3,1,4,1,2,0,60.0,0,0,0,5
16,SCSB,112.921875,0,,0,0,1,0,1,0,1,3,2,5,1,4,0,4.9248046875,0,0,1,7
16,SCSB,126.34375,0,,0,0,1,0,1,0,3,2,4,1,1,3,0,6.494140625,0,0,3,5
16,SCSB,131.9365234375,0,,0,0,1,0,1,0,2,2,5,0,1,1,0,12.0869140625,0,0,2,5
16,SCSB,138.0966796875,0,,0,0,1,0,1,0,2,2,5,0,1,1,0,18.2470703125,0,0,2,5
16,SCSB,144.2900390625,0,,0,0,1,0,1,0,0,3,5,0,1,0,0,24.4404296875,0,0,0,5
16,SCSB,150.048828125,0,,0,0,1,0,1,0,0,3,5,0,1,0,0,30.19921875,0,0,0,5
16,SCSB,156.876953125,0,,0,0,1,0,1,0,0,3,3,0,1,0,0,37.02734375,0,0,0,3
16,SCSB,163.771484375,0,,0,0,1,0,1,0,1,3,2,0,1,0,0,2.6875,0,0,1,2
16,SCSB,169.78125,0,,0,0,1,0,1,0,1,3,1,0,1,0,0,8.697265625,0,0,1,1
16,SCSB,175.0400390625,0,,1,0,1,0,1,0,1,3,1,1,1,1,0,13.9560546875,1,2,1,2
16,SCSB,181.6337890625,0,,0,0,1,0,1,0,0,3,1,1,1,1,0,20.5498046875,0,0,0,2
16,SCSB,188.2119140625,0,,0,0,1,0,1,0,0,3,0,1,2,1,0,27.1279296875,0,0,0,1
16,SCSB,193.353515625,0,,0,0,1,0,1,0,0,3,2,0,1,1,0,32.26953125,0,0,0,2
16,SCSB,198.87890625,0,,0,0,1,0,1,0,1,3,4,0,1,1,0,1.6025390625,0,0,1,4
16,SCSB,204.12109375,0,,0,0,1,0,1,0,1,3,6,0,1,1,0,6.8447265625,0,0,1,6
16,SCSB,210.53125,0,,0,0,1,0,1,0,1,3,5,0,1,1,0,13.2548828125,0,0,1,5
16,SCSB,217.3759765625,0,,0,0,1,0,1,0,0,3,2,1,1,1,0,20.099609375,0,0,0,3
16,SCSB,222.818359375,0,,0,0,1,0,1,0,0,3,0,1,1,1,0,25.5419921875,0,0,0,1
16,SCSB,228.560546875,0,,0,0,1,0,1,0,0,3,0,1,1,1,0,31.2841796875,0,0,0,1
16,SCSB,234.3203125,0,,1,0,1,0,1,0,0,3,0,0,1,0,0,37.0439453125,0,0,0,0
16,SCSB,239.7958984375,0,,1,0,1,0,1,0,2,3,0,0,1,0,0,4.724609375,2,0,2,0
16,SCSB,245.85546875,0,,0,0,1,0,1,0,4,3,1,0,1,0,0,5.07421875,0,0,4,1
16,SCSB,251.46484375,0,,0,0,1,0,1,0,4,3,1,0,1,0,0,10.68359375,0,0,4,1
16,SCSB,256.7236328125,0,,0,0,1,0,1,0,2,3,1,0,1,0,0,15.9423828125,0,0,2,1
16,SCSB,263.083984375,0,,0,0,1,0,1,0,0,3,0,0,1,1,0,22.302734375,0,0,0,0
16,SCSB,269.7783203125,0,,1,0,1,0,1,0,1,2,0,0,1,2,0,1.6865234375,1,0,1,0
16,SCSB,276.1884765625,0,,0,0,1,0,1,0,3,2,2,0,1,2,0,5.67578125,0,0,3,2
16,SCSB,281.748046875,0,,0,0,1,0,1,0,3,2,2,0,1,2,0,11.2353515625,0,0,3,2
16,SCSB,287.490234375,0,,0,0,1,0,1,0,3,3,2,0,1,0,0,16.9775390625,0,0,3,2
16,SCSB,292.6826171875,0,,0,0,1,0,1,0,0,3,1,0,1,1,0,22.169921875,0,0,0,1
16,SCSB,297.791015625,0,,1,0,1,0,1,0,0,3,1,0,1,1,0,27.2783203125,0,1,0,1
16,SCSB,304.05078125,0,,0,0,1,0,1,0,0,3,1,0,1,1,0,33.5380859375,0,0,0,1
16,SCSB,310.912109375,0,,0,0,1,0,1,0,3,3,1,1,1,1,0,4.2900390625,0,0,3,2
16,SCSB,317.8232421875,0,,0,0,1,0,1,0,3,3,0,1,1,1,0,11.201171875,0,0,3,1
16,SCSB,322.931640625,0,,0,0,1,0,1,0,3,3,0,1,2,1,0,16.3095703125,0,0,3,1
16,SCSB,328.8583984375,0,,0,0,1,0,1,0,0,3,0,0,1,0,0,22.236328125,0,0,0,0
16,SCSB,334.6171875,0,,0,0,1,0,1,0,0,3,0,0,1,0,0,27.9951171875,0,0,0,0
16,SCSB,341.01171875,0,,0,0,1,0,1,0,0,3,0,0,1,0,0,34.3896484375,0,0,0,0
16,SCSB,347.4716796875,0,,0,0,1,0,1,0,0,3,0,0,1,0,0,40.849609375,0,0,0,0
16,SCSB,354.25,0,,0,0,1,0,1,0,0,3,0,0,1,0,0,47.6279296875,0,0,0,0
16,SCSB,360.0595703125,0,,1,0,1,0,1,0,0,3,1,0,1,1,0,53.4375,0,1,0,1
16,SCSB,365.53515625,0,,0,0,1,0,1,0,0,3,1,0,1,2,0,58.9130859375,0,0,0,1
16,SCSB,371.4111328125,0,,0,0,1,0,1,0,0,3,1,0,1,2,0,60.0,0,0,0,1
16,SCSB,377.62109375,0,,0,0,1,0,1,0,0,3,0,0,1,2,0,60.0,0,0,0,0
16,SCSB,382.9130859375,0,,0,0,1,0,1,0,0,3,0,0,1,1,0,60.0,0,0,0,0
16,SCSB,389.94140625,0,,0,0,1,0,1,0,0,3,0,0,1,0,0,60.0,0,0,0,0
16,SCSB,395.216796875,0,,0,0,1,0,1,0,0,3,0,0,1,0,0,60.0,0,0,0,0
16,SCSB,400.591796875,0,,0,0,1,0,1,0,0,3,0,0,1,0,0,60.0,0,0,0,0
16,SCSB,406.16796875,0,,0,0,1,0,1,0,0,3,0,0,1,0,0,60.0,0,0,0,0
16,SCSB,411.3427734375,0,,0,0,1,0,1,0,0,3,0,0,1,0,0,60.0,0,0,0,0
16,SCSB,417.88671875,0,,0,0,1,0,1,0,0,3,1,0,1,0,0,60.0,0,0,0,1
16,SCSB,423.12890625,0,,0,0,1,0,1,0,0,3,1,0,1,0,0,60.0,0,0,0,1
16,SCSB,429.072265625,0,,0,0,1,0,1,0,1,3,2,0,1,0,0,0.634765625,0,0,1,2
16,SCSB,434.96484375,0,,0,0,1,0,1,0,1,3,3,0,1,0,0,6.52734375,0,0,1,3
16,SCSB,441.5087890625,0,,0,0,1,0,1,0,1,3,5,0,0,0,0,13.0712890625,0,0,1,5
16,SCSB,446.767578125,0,,1,0,1,0,1,0,1,3,6,0,0,0,0,18.330078125,1,6,1,6
16,SCSB,452.8779296875,0,,0,0,1,0,1,0,2,3,4,0,0,0,0,5.4755859375,0,0,2,4
16,SCSB,458.1025390625,0,,0,0,1,0,1,0,2,3,4,0,0,0,0,10.7001953125,0,0,2,4
16,SCSB,463.3779296875,0,,0,0,1,0,1,0,2,3,3,0,0,0,0,15.9755859375,0,0,2,3
16,SCSB,468.419921875,0,,0,0,1,0,1,0,1,3,2,0,0,0,0,3.72265625,0,0,1,2
16,SCSB,474.8466796875,0,,0,0,1,0,1,0,1,3,2,0,0,1,0,10.1494140625,0,0,1,2
16,SCSB,480.3896484375,0,,0,0,1,0,1,0,1,3,1,0,0,2,0,15.6923828125,0,0,1,1
16,SCSB,487.25,0,,0,0,1,0,1,0,0,3,1,0,0,3,0,22.552734375,0,0,0,1
16,SCSB,492.55859375,0,,0,0,1,0,1,0,0,3,1,0,0,4,0,27.861328125,0,0,0,1
16,SCSB,499.5537109375,0,,1,0,1,0,1,0,1,3,1,0,0,2,0,3.35546875,1,1,1,1
16,SCSB,506.46484375,0,,0,0,1,0,1,0,3,3,1,1,1,3,0,6.259765625,0,0,3,2
16,SCSB,512.8251953125,0,,1,0,1,0,1,0,3,3,0,1,1,2,0,12.6201171875,3,1,3,1
16,SCSB,518.634765625,0,,0,0,1,0,1,0,2,3,0,1,1,2,0,18.4296875,0,0,2,1
16,SCSB,524.5283203125,0,,0,0,1,0,1,0,0,3,0,1,1,1,0,24.3232421875,0,0,0,1
16,SCSB,530.888671875,0,,0,0,1,0,1,0,0,3,0,0,1,0,0,30.68359375,0,0,0,0
16,SCSB,537.115234375,0,,0,0,1,0,1,0,0,3,1,0,1,1,0,36.91015625,0,0,0,1
16,SCSB,542.6572265625,0,,0,0,1,0,1,0,0,3,1,0,1,1,0,42.4521484375,0,0,0,1
16,SCSB,548.150390625,0,,0,0,1,0,1,0,0,3,1,0,1,1,0,47.9453125,0,0,0,1
16,SCSB,555.14453125,0,,0,0,1,0,1,0,0,3,2,0,1,1,0,54.939453125,0,0,0,2
16,SCSB,561.939453125,0,,0,0,1,0,1,0,0,3,2,0,1,0,0,60.0,0,0,0,2
16,SCSB,568.5,0,,0,0,1,0,1,0,0,3,2,0,1,0,0,60.0,0,0,0,2
16,SCSB,574.8271484375,0,,0,0,1,0,1,0,0,3,1,0,1,0,0,60.0,0,0,0,1
16,SCSB,581.7548828125,0,,0,0,1,0,1,0,0,3,1,0,1,0,0,60.0,0,0,0,1
16,SCSB,587.380859375,0,,0,0,1,0,1,0,0,3,1,0,1,0,0,60.0,0,0,0,1
16,SCSB,592.6728515625,0,,0,0,1,0,1,0,0,3,0,0,1,0,0,60.0,0,0,0,0
16,SCSB,599.5009765625,0,,0,0,1,0,1,0,0,3,1,0,1,0,0,60.0,0,0,0,1
16,SCSB,604.8095703125,0,,0,0,1,0,1,0,0,3,1,0,1,1,0,60.0,0,0,0,1
16,SCSB,610.318359375,0,,0,0,1,0,1,0,0,3,1,1,1,1,0,60.0,0,0,0,2
16,SCSB,616.4453125,0,,0,0,1,0,1,0,0,3,0,1,1,1,0,60.0,0,0,0,1
16,SCSB,622.2041015625,0,,0,0,1,0,1,0,0,3,1,1,1,1,0,60.0,0,0,0,2
16,SCSB,627.796875,0,,0,0,1,0,1,0,0,3,2,0,1,0,0,60.0,0,0,0,2
16,SCSB,633.95703125,0,,0,0,1,0,1,0,0,3,3,0,1,1,0,60.0,0,0,0,3
16,SCSB,640.3505859375,1,1.001953125,1,0,1,0,1,0,0,3,2,0,0,1,0,60.0,0,2,0,2
16,SCSB,646.560546875,0,,0,0,1,0,1,0,2,3,1,1,1,2,1,5.591796875,0,0,2,2
16,SCSB,651.619140625,0,,0,0,1,0,1,0,2,3,0,1,1,2,1,10.650390625,0,0,2,1
16,SCSB,657.3955078125,0,,0,0,1,0,1,0,2,3,0,1,1,1,1,16.4267578125,0,0,2,1
16,SCSB,662.7373046875,0,,0,0,1,0,1,0,0,3,1,1,1,0,1,21.7685546875,0,0,0,2
16,SCSB,669.58203125,0,,0,0,1,0,1,0,0,3,1,0,1,0,1,28.61328125,0,0,0,1
16,SCSB,675.1904296875,0,,0,0,1,0,1,0,0,3,1,1,1,0,1,34.2216796875,0,0,0,2
16,SCSB,681.9853515625,0,,0,0,1,0,1,0,0,3,0,1,1,0,1,41.0166015625,0,0,0,1
16,SCSB,688.3125,0,,0,0,1,0,1,0,0,3,0,1,1,0,1,47.34375,0,0,0,1
16,SCSB,694.10546875,0,,0,0,1,0,1,0,0,3,0,0,1,0,1,53.13671875,0,0,0,0
16,SCSB,700.8662109375,0,,0,0,1,0,1,0,0,3,1,0,0,0,1,59.8974609375,0,0,0,1
16,SCSB,706.826171875,0,,0,0,1,0,1,0,0,3,2,0,0,0,0,60.0,0,0,0,2
16,SCSB,713.169921875,0,,0,0,1,0,1,0,0,3,2,0,0,0,0,60.0,0,0,0,2
16,SCSB,719.3134765625,0,,0,0,1,0,1,0,0,3,2,0,0,1,0,60.0,0,0,0,2
16,SCSB,724.6884765625,0,,0,0,1,0,1,0,1,3,2,0,0,1,0,1.6865234375,0,0,1,2
16,SCSB,730.1806640625,0,,1,0,1,0,1,0,1,3,3,0,0,1,0,7.1787109375,1,3,1,3
16,SCSB,735.65625,0,,0,0,1,0,1,0,3,3,3,0,0,1,0,4.7080078125,0,0,3,3
16,SCSB,742.6513671875,0,,0,0,1,0,1,0,3,3,6,0,0,1,0,11.703125,0,0,3,6
16,SCSB,748.59375,0,,1,0,1,0,1,0,2,3,4,0,0,1,0,17.6455078125,2,4,2,4
16,SCSB,753.8857421875,0,,0,0,1,0,1,0,2,3,4,0,0,1,0,4.5908203125,0,0,2,4
16,SCSB,760.2802734375,0,,0,0,1,0,1,0,2,3,2,0,0,0,0,10.9853515625,0,0,2,2
16,SCSB,766.974609375,0,,0,0,1,0,1,0,2,3,1,0,1,2,0,17.6796875,0,0,2,1
16,SCSB,773.501953125,0,,0,0,1,0,1,0,0,3,1,0,1,2,0,24.20703125,0,0,0,1
16,SCSB,779.9287109375,0,,0,0,1,0,1,0,0,3,0,0,1,4,0,30.6337890625,0,0,0,0
16,SCSB,786.0888671875,0,,0,0,1,0,1,0,0,3,0,0,1,2,0,36.7939453125,0,0,0,0
16,SCSB,791.8818359375,0,,0,0,1,0,1,0,0,3,0,0,1,2,0,42.5869140625,0,0,0,0
16,SCSB,797.5576171875,0,,0,0,1,0,1,0,0,3,0,0,1,2,0,48.2626953125,0,0,0,0
16,SCSB,804.46875,0,,0,0,1,0,1,0,0,3,0,0,1,1,0,55.173828125,0,0,0,0
16,SCSB,810.3623046875,0,,0,0,1,0,1,0,0,3,0,1,1,2,0,60.0,0,0,0,1
16,SCSG,110.80859375,0,,0,0,0,0,1,0,0,0,0,1,0,1,0,60.0,0,0,0,0
16,SCSG,117.453125,0,,0,0,0,0,1,0,0,1,1,1,1,1,0,60.0,0,0,0,0
16,SCSG,123.0947265625,0,,0,0,0,0,1,0,0,2,3,0,1,1,0,60.0,0,0,0,0
16,SCSG,129.1044921875,0,,0,0,0,0,1,0,0,3,4,0,1,1,0,60.0,0,0,0,0
16,SCSG,135.6982421875,0,,1,0,0,0,1,0,0,3,4,0,1,0,0,60.0,0,4,0,0
16,SCSG,142.091796875,0,,0,0,0,0,1,0,3,3,3,0,1,0,0,4.2236328125,0,0,0,0
16,SCSG,149.119140625,0,,0,0,0,0,1,0,3,3,2,0,1,0,0,11.2509765625,0,0,0,0
16,SCSG,155.37890625,0,,0,0,0,0,1,0,3,3,2,0,1,1,0,17.5107421875,0,0,0,0
16,SCSG,161.755859375,0,,0,0,0,0,1,0,0,3,1,2,1,1,0,23.8876953125,0,0,0,0
16,SCSG,168.666015625,0,,0,0,0,0,1,0,1,2,2,3,1,1,0,1.90234375,0,0,0,0
16,SCSG,174.091796875,0,,0,0,0,0,1,0,1,2,2,3,1,1,0,7.328125,0,0,0,0
16,SCSG,180.8359375,0,,0,0,0,0,1,0,1,2,1,2,1,1,0,14.072265625,0,0,0,0
16,SCSG,187.6796875,0,,0,0,0,0,1,0,0,3,0,0,1,1,0,20.916015625,0,0,0,0
16,SCSG,194.08984375,0,,0,0,0,0,1,0,0,3,0,0,1,0,0,27.326171875,0,0,0,0
16,SCSG,200.3330078125,0,,0,0,0,0,1,0,0,3,2,0,1,0,0,33.5693359375,0,0,0,0
16,SCSG,207.1435546875,0,,0,0,0,0,1,0,0,3,2,0,1,0,0,40.3798828125,0,0,0,0
16,SCSG,212.7353515625,0,,1,0,0,0,1,0,0,3,2,0,1,0,0,45.9716796875,0,2,0,0
16,SCSG,218.0439453125,0,,0,0,0,0,1,0,2,3,1,0,1,0,0,4.724609375,0,0,0,0
16,SCSG,225.0712890625,0,,1,0,0,0,1,0,2,3,1,0,1,0,0,11.751953125,2,1,0,0
16,SCSG,230.4970703125,0,,0,0,0,0,1,0,2,3,1,0,1,0,0,17.177734375,0,0,0,0
16,SCSG,236.40625,0,,0,0,0,0,1,0,2,3,1,1,1,1,0,5.05859375,0,0,0,0
16,SCSG,242.482421875,0,,0,0,0,0,1,0,2,3,0,1,1,1,0,11.134765625,0,0,0,0
16,SCSG,248.8251953125,0,,0,0,0,0,1,0,2,3,0,1,2,2,0,17.4775390625,0,0,0,0
16,SCSG,255.6025390625,0,,0,0,0,0,1,0,0,3,2,0,1,1,0,24.2548828125,0,0,0,0
16,SCSG,262.4970703125,0,,0,0,0,0,1,0,0,3,3,0,1,1,0,31.1494140625,0,0,0,0
16,SCSG,268.3056640625,0,,0,0,0,0,1,0,0,3,3,0,1,0,0,36.9580078125,0,0,0,0
16,SCSG,274.849609375,0,,0,0,0,0,1,0,0,3,3,0,1,0,0,43.501953125,0,0,0,0
16,SCSG,281.77734375,0,,0,0,0,0,1,0,0,3,2,0,1,0,0,50.4296875,0,0,0,0
16,SCSG,287.7861328125,0,,1,0,0,0,1,0,0,3,2,0,0,0,0,56.4384765625,0,2,0,0
16,SCSG,294.1630859375,0,,1,0,0,0,1,0,2,3,2,0,1,0,0,5.708984375,2,2,0,0
16,SCSG,299.4384765625,0,,0,0,0,0,1,0,2,3,1,0,1,0,0,10.984375,0,0,0,0
16,SCSG,306.265625,0,,0,0,0,0,1,0,2,3,2,0,1,0,0,17.8115234375,0,0,0,0
16,SCSG,311.3740234375,0,,0,0,0,0,1,0,0,3,2,0,1,0,0,22.919921875,0,0,0,0
16,SCSG,316.6650390625,0,,0,0,0,0,1,0,0,3,3,0,1,0,0,28.2109375,0,0,0,0
16,SCSG,321.8232421875,0,,0,0,0,0,1,0,0,3,2,0,1,0,0,33.369140625,0,0,0,0
16,SCSG,328.0830078125,0,,1,0,0,0,1,0,0,3,1,0,1,0,0,39.62890625,0,1,0,0
16,SCSG,334.8271484375,0,,0,0,0,0,1,0,2,3,1,0,1,0,0,6.2099609375,0,0,0,0
16,SCSG,341.0869140625,0,,0,0,0,0,1,0,2,3,0,0,1,0,0,12.4697265625,0,0,0,0
16,SCSG,347.2802734375,0,,0,0,0,0,1,0,4,3,0,0,2,0,0,5.375,0,0,0,0
16,SCSG,353.439453125,0,,0,0,0,0,1,0,2,3,1,0,1,0,0,11.5341796875,0,0,0,0
16,SCSG,359.4326171875,0,,0,0,0,0,1,0,2,3,1,0,1,0,0,17.52734375,0,0,0,0
16,SCSG,365.7587890625,0,,0,0,0,0,1,0,0,3,2,0,1,0,0,23.853515625,0,0,0,0
16,SCSG,371.935546875,0,,0,0,0,0,1,0,0,3,2,0,1,0,0,30.0302734375,0,0,0,0
16,SCSG,377.8779296875,0,,0,0,0,0,1,0,0,3,2,0,1,0,0,35.97265625,0,0,0,0
16,SCSG,384.5888671875,0,,0,0,0,0,1,0,1,2,4,0,1,0,0,1.703125,0,0,0,0
16,SCSG,391.298828125,0,,0,0,0,0,1,0,1,2,6,0,1,1,0,8.4130859375,0,0,0,0
16,SCSG,397.2578125,0,,0,0,0,0,1,0,1,2,7,0,1,1,0,14.3720703125,0,0,0,0
16,SCSG,402.3662109375,0,,0,0,0,0,1,0,1,3,5,0,1,1,0,19.48046875,0,0,0,0
16,SCSG,407.474609375,0,,0,0,0,0,1,0,0,3,3,0,2,1,0,24.5888671875,0,0,0,0
16,SCSG,413.8671875,0,,1,0,0,0,1,0,0,3,1,0,1,0,0,30.9814453125,0,1,0,0
16,SCSG,420.5283203125,0,,0,0,0,0,1,0,0,3,1,0,1,1,0,37.642578125,0,0,0,0
16,SCSG,426.4208984375,0,,1,0,0,0,1,0,2,3,1,0,1,1,0,5.1416015625,2,1,0,0
16,SCSG,432.212890625,0,,0,0,0,0,1,0,4,3,1,0,1,1,0,4.6572265625,0,0,0,0
16,SCSG,437.4375,0,,0,0,0,0,1,0,4,3,2,0,1,0,0,9.8818359375,0,0,0,0
16,SCSG,443.2470703125,0,,0,0,0,0,1,0,2,3,2,0,1,0,0,15.69140625,0,0,0,0
16,SCSG,449.5234375,0,,0,0,0,0,1,0,0,3,3,0,0,0,0,21.9677734375,0,0,0,0
16,SCSG,454.83203125,0,,0,0,0,0,1,0,0,3,4,0,0,1,0,27.2763671875,0,0,0,0
16,SCSG,460.5908203125,0,,1,0,0,0,1,0,0,3,3,0,0,1,0,33.03515625,0,3,0,0
16,SCSG,465.9990234375,0,,0,0,0,0,1,0,2,3,5,0,0,1,0,4.82421875,0,0,0,0
16,SCSG,471.875,0,,1,0,0,0,1,0,2,3,3,0,0,1,0,10.7001953125,2,3,0,0
16,SCSG,477.734375,0,,0,0,0,0,1,0,2,3,2,0,0,1,0,16.5595703125,0,0,0,0
16,SCSG,484.578125,0,,0,0,0,0,1,0,0,3,0,0,0,1,0,23.4033203125,0,0,0,0
16,SCSG,491.4228515625,0,,0,0,0,0,1,0,0,3,1,0,0,1,0,30.248046875,0,0,0,0
16,SCSG,497.6826171875,0,,0,0,0,0,1,0,0,3,2,0,0,0,0,36.5078125,0,0,0,0
16,SCSG,504.4267578125,0,,0,0,0,0,1,0,0,3,2,0,0,0,0,43.251953125,0,0,0,0
16,SCSG,510.0849609375,0,,0,0,0,0,1,0,0,3,2,0,0,0,0,48.91015625,0,0,0,0
16,SCSG,515.810546875,0,,0,0,0,0,1,0,0,3,0,0,1,0,0,54.6357421875,0,0,0,0
16,SCSG,522.1044921875,0,,0,0,0,0,1,0,0,3,0,0,1,0,0,60.0,0,0,0,0
16,SCSG,528.046875,0,,1,0,0,0,1,0,0,3,0,0,1,0,0,60.0,0,0,0,0
16,SCSG,533.7392578125,0,,0,0,0,0,1,0,2,3,0,0,2,0,0,5.05859375,0,0,0,0
16,SCSG,539.46484375,0,,0,0,0,0,1,0,2,3,1,0,1,0,0,10.7841796875,0,0,0,0
16,SCSG,545.1904296875,0,,0,0,0,0,1,0,2,3,3,0,1,0,0,16.509765625,0,0,0,0
16,SCSG,550.4814453125,0,,0,0,0,0,1,0,0,3,3,0,1,0,0,21.80078125,0,0,0,0
16,SCSG,555.58984375,0,,0,0,0,0,1,0,0,3,3,0,1,0,0,26.9091796875,0,0,0,0
16,SCSG,561.8828125,0,,0,0,0,0,1,0,0,3,1,0,1,0,0,33.2021484375,0,0,0,0
16,SCSG,567.642578125,0,,0,0,0,0,1,0,0,3,0,0,1,0,0,38.9619140625,0,0,0,0
16,SCSG,573.634765625,0,,0,0,0,0,1,0,0,3,0,0,1,0,0,44.9541015625,0,0,0,0
16,SCSG,580.6455078125,0,,0,0,0,0,1,0,0,3,0,0,1,0,0,51.96484375,0,0,0,0
16,SCSG,585.8037109375,0,,0,0,0,0,1,0,0,3,1,0,1,0,0,57.123046875,0,0,0,0
16,SCSG,591.896484375,0,,1,0,0,0,1,0,0,3,1,0,1,0,0,60.0,0,1,0,0
16,SCSG,597.421875,0,,0,0,0,0,1,0,2,3,2,0,1,0,0,4.70703125,0,0,0,0
16,SCSG,603.5986328125,0,,0,0,0,0,1,0,2,3,4,0,1,0,0,10.8837890625,0,0,0,0
16,SCSG,610.5595703125,0,,0,0,0,0,1,0,2,3,5,0,1,0,0,17.8447265625,0,0,0,0
16,SCSG,617.4033203125,0,,0,0,0,0,1,0,0,3,4,0,1,0,0,24.6884765625,0,0,0,0
16,SCSG,622.478515625,0,,0,0,0,0,1,0,0,3,2,0,1,0,0,29.763671875,0,0,0,0
16,SCSG,628.103515625,0,,0,0,0,0,1,0,0,3,1,0,1,0,0,35.388671875,0,0,0,0
16,SCSG,634.7138671875,0,,0,0,0,0,1,0,0,3,0,0,1,0,0,41.9990234375,0,0,0,0
16,SCSG,641.44140625,0,,1,0,0,0,1,0,0,3,0,0,1,0,0,48.7265625,0,0,0,0
16,SCSG,647.6171875,0,,0,0,0,0,1,0,2,3,1,0,1,0,0,5.375,0,0,0,0
16,SCSG,653.376953125,0,,0,0,0,0,1,0,2,3,1,0,1,0,0,11.134765625,0,0,0,0
16,SCSG,660.0703125,0,,0,0,0,0,1,0,2,3,1,0,1,0,0,17.828125,0,0,0,0
16,SCSG,666.5810546875,0,,1,0,0,0,1,0,0,3,0,0,1,0,0,24.3388671875,0,0,0,0
16,SCSG,672.640625,0,,0,0,0,0,1,0,2,3,0,0,1,0,0,5.30859375,0,0,0,0
16,SCSG,677.7314453125,0,,1,0,0,0,1,0,2,3,0,0,1,0,0,10.3994140625,2,0,0,0
16,SCSG,683.423828125,0,,1,0,0,0,1,0,2,3,0,0,1,0,0,16.091796875,2,0,0,0
16,SCSG,689.8837890625,0,,0,0,0,0,1,0,0,3,0,0,1,0,0,22.5517578125,0,0,0,0
16,SCSG,695.9765625,0,,0,0,0,0,1,0,0,3,0,0,1,0,0,28.64453125,0,0,0,0
16,SCSG,701.8525390625,0,,0,0,0,0,1,0,0,3,1,0,1,0,0,34.5205078125,0,0,0,0
16,SCSG,708.0625,0,,1,0,0,0,1,0,0,3,1,0,1,0,0,40.73046875,0,1,0,0
16,SCSG,713.13671875,0,,0,0,0,0,1,0,0,3,2,0,0,0,0,45.8046875,0,0,0,0
16,SCSG,720.03125,0,,0,0,0,0,1,0,0,3,4,0,0,1,0,52.69921875,0,0,0,0
16,SCSG,725.1220703125,0,,0,0,0,0,1,0,0,3,4,0,0,1,0,57.7900390625,0,0,0,0
16,SCSG,731.1484375,0,,1,0,0,0,1,0,0,3,5,0,0,1,0,60.0,0,5,0,0
16,SCSG,737.0576171875,0,,1,0,0,0,1,0,0,3,2,0,0,0,0,60.0,0,2,0,0
16,SCSG,743.7685546875,0,,0,0,0,0,1,0,0,3,3,0,0,0,0,60.0,0,0,0,0
16,SCSG,750.162109375,0,,0,0,0,0,1,0,0,3,2,0,0,0,0,60.0,0,0,0,0
16,SCSG,755.2529296875,0,,0,0,0,0,1,0,0,3,2,0,0,0,0,60.0,0,0,0,0
16,SCSG,760.8447265625,0,,0,0,0,0,1,0,0,3,2,0,0,0,0,60.0,0,0,0,0
16,SCSG,767.1044921875,0,,0,0,0,0,1,0,0,3,1,0,0,0,0,60.0,0,0,0,0
16,SCSG,772.61328125,0,,1,0,0,0,1,0,0,3,1,0,0,0,0,60.0,0,1,0,0
16,SCSG,778.138671875,0,,1,0,0,0,1,0,2,3,0,0,0,0,0,4.9072265625,2,0,0,0
16,SCSG,784.1318359375,0,,0,0,0,0,1,0,4,3,0,0,1,1,0,5.091796875,0,0,0,0
16,SCSG,791.1259765625,0,,0,0,0,0,1,0,4,3,0,0,1,1,0,12.0859375,0,0,0,0
16,SCSG,797.5029296875,0,,1,0,0,0,1,0,2,3,0,0,1,1,0,18.462890625,2,0,0,0
16,SCSG,802.8447265625,0,,0,0,0,0,1,0,0,3,0,0,1,1,0,23.8046875,0,0,0,0
16,SCSG,808.486328125,0,,0,0,0,0,1,0,0,3,0,0,1,0,0,29.4462890625,0,0,0,0
16,SCSG,814.2626953125,0,,0,0,0,0,1,0,0,3,1,0,1,0,0,35.22265625,0,0,0,0
16,SCSG,821.240234375,0,,0,0,0,0,1,0,0,3,1,0,1,0,0,42.2001953125,0,0,0,0
16,SCSG,826.53125,0,,0,0,0,0,1,0,0,3,1,0,1,0,0,47.4912109375,0,0,0,0
16,SCSG,831.689453125,0,,0,0,0,0,1,0,0,3,1,0,1,0,0,52.6494140625,0,0,0,0
16,SCSG,838.6337890625,0,,0,0,0,0,1,0,0,3,0,0,2,0,0,59.59375,0,0,0,0
17,SCFB,31.4931640625,0,,0,0,1,1,0,0,0,0,0,1,0,0,0,60.0,0,0,0,1
17,SCFB,36.9853515625,0,,0,0,1,1,0,0,0,1,0,1,0,0,0,60.0,0,0,0,1
17,SCFB,42.4443359375,0,,1,0,1,1,0,0,0,2,0,1,1,0,0,60.0,0,1,0,1
17,SCFB,47.7861328125,0,,0,0,1,1,0,0,2,3,0,1,1,0,0,4.7744140625,0,0,2,1
17,SCFB,52.89453125,0,,1,0,1,1,0,0,2,3,1,0,1,1,0,9.8828125,2,1,2,1
17,SCFB,59.9228515625,0,,0,0,1,1,0,0,4,3,1,0,1,3,0,6.376953125,0,0,4,1
17,SCFB,65.765625,0,,0,0,1,1,0,0,2,3,1,0,1,3,0,12.2197265625,0,0,2,1
17,SCFB,71.7421875,0,,0,0,1,1,0,0,2,3,1,0,1,4,0,18.1962890625,0,0,2,1
17,SCFB,78.1689453125,0,,0,0,1,1,0,0,0,3,1,0,1,2,0,24.623046875,0,0,0,1
17,SCFB,84.86328125,1,0.9013671875,1,0,1,1,0,0,0,3,1,1,1,1,0,31.3173828125,0,2,0,2
17,SCFB,91.15625,0,,1,0,1,1,0,0,2,3,1,3,1,0,1,5.708984375,2,4,2,4
17,SCFB,97.2998046875,0,,0,0,1,1,0,0,4,2,2,4,1,1,1,5.3251953125,0,0,4,6
17,SCFB,103.076171875,0,,1,0,1,1,0,0,4,2,3,4,1,1,1,11.1015625,4,7,4,7
17,SCFB,109.76953125,0,,1,0,1,1,0,0,4,2,4,2,1,2,1,5.7919921875,4,6,4,6
17,SCFB,115.98046875,0,,0,0,1,1,0,0,2,3,3,0,1,2,1,12.0029296875,0,0,2,3
17,SCFB,121.755859375,0,,0,0,1,1,0,0,2,3,2,0,1,1,1,17.7783203125,0,0,2,2
17,SCFB,127.1318359375,0,,0,0,1,1,0,0,0,3,0,0,1,0,1,23.154296875,0,0,0,0
17,SCFB,133.67578125,0,,0,0,1,1,0,0,0,3,0,0,1,0,1,29.6982421875,0,0,0,0
17,SCFB,140.2529296875,0,,0,0,1,1,0,0,0,3,0,0,1,0,1,36.275390625,0,0,0,0
17,SCFB,146.4130859375,0,,0,0,1,1,0,0,0,3,1,0,1,0,0,42.435546875,0,0,0,1
17,SCFB,153.4404296875,0,,0,0,1,1,0,0,0,3,1,0,1,0,0,49.462890625,0,0,0,1
17,SCFB,160.0341796875,0,,1,0,1,1,0,0,0,3,1,0,1,1,0,56.056640625,0,1,0,1
17,SCFB,165.994140625,0,,0,0,1,1,0,0,2,3,2,0,1,1,0,5.2587890625,0,0,2,2
17,SCFB,172.671875,0,,0,0,1,1,0,0,2,3,2,0,1,1,0,11.9365234375,0,0,2,2
17,SCFB,178.046875,0,,0,0,1,1,0,0,2,3,2,0,1,0,0,17.3115234375,0,0,2,2
17,SCFB,183.35546875,0,,0,0,1,1,0,0,0,3,1,0,1,0,0,22.6201171875,0,0,0,1
17,SCFB,189.115234375,0,,0,0,1,1,0,0,0,3,0,0,1,0,0,28.3798828125,0,0,0,0
17,SCFB,194.6572265625,0,,1,0,1,1,0,0,0,3,0,0,1,0,0,33.921875,0,0,0,0
17,SCFB,200.099609375,0,,0,0,1,1,0,0,0,3,0,0,1,1,0,39.3642578125,0,0,0,0
17,SCFB,206.076171875,0,,0,0,1,1,0,0,0,3,2,2,1,1,0,45.3408203125,0,0,0,4
17,SCFB,212.453125,0,,0,0,1,1,0,0,1,2,3,3,1,1,0,1.369140625,0,0,1,6
17,SCFB,217.5107421875,0,,0,0,1,1,0,0,1,2,4,3,1,1,0,6.4267578125,0,0,1,7
17,SCFB,224.322265625,0,,0,0,1,1,0,0,1,2,4,2,1,0,0,13.23828125,0,0,1,6
17,SCFB,229.78125,0,,0,0,1,1,0,0,1,3,2,0,1,0,0,18.697265625,0,0,1,2
17,SCFB,236.3583984375,0,,0,0,1,1,0,0,0,3,1,0,1,0,0,25.2744140625,0,0,0,1
17,SCFB,241.5166015625,0,,0,0,1,1,0,0,0,3,1,0,1,0,0,30.4326171875,0,0,0,1
17,SCFB,248.02734375,0,,0,0,1,1,0,0,0,3,1,0,1,0,0,36.943359375,0,0,0,1
17,SCFB,254.587890625,0,,0,0,1,1,0,0,0,3,1,0,1,1,0,43.50390625,0,0,0,1
17,SCFB,261.0810546875,0,,1,0,1,1,0,0,0,3,2,1,1,2,0,49.9970703125,0,3,0,3
17,SCFB,268.0263671875,0,,0,0,1,1,0,0,0,3,1,1,1,3,0,56.9423828125,0,0,0,2
17,SCFB,274.3701171875,0,,0,0,1,1,0,0,0,3,2,1,2,3,0,60.0,0,0,0,3
17,SCFB,281.1474609375,0,,0,0,1,1,0,0,0,3,1,0,1,2,0,60.0,0,0,0,1
17,SCFB,287.0732421875,0,,0,0,1,1,0,0,0,3,1,0,1,1,0,60.0,0,0,0,1
17,SCFB,293.6171875,0,,0,0,1,1,0,0,0,3,0,0,0,0,0,60.0,0,0,0,0
17,SCFB,300.3447265625,0,,0,0,1,1,0,0,0,3,1,0,1,0,0,60.0,0,0,0,1
17,SCFB,306.48828125,0,,0,0,1,1,0,0,0,3,2,0,1,0,0,60.0,0,0,0,2
17,SCFB,313.4326171875,0,,1,0,1,1,0,0,0,3,2,0,1,0,0,60.0,0,2,0,2
17,SCFB,318.9755859375,0,,0,0,1,1,0,0,0,3,1,0,1,0,0,60.0,0,0,0,1
17,SCFB,324.2333984375,0,,0,0,1,1,0,0,0,3,0,0,1,0,0,60.0,0,0,0,0
17,SCFB,330.9111328125,0,,0,0,1,1,0,0,0,3,0,0,1,0,0,60.0,0,0,0,0
17,SCFB,337.021484375,0,,0,0,1,1,0,0,0,3,0,0,1,0,0,60.0,0,0,0,0
17,SCFB,342.3466796875,0,,0,0,1,1,0,0,0,3,1,0,1,0,0,60.0,0,0,0,1
17,SCFB,349.2578125,0,,0,0,1,1,0,0,0,3,1,0,1,0,0,60.0,0,0,0,1
17,SCFB,354.9169921875,0,,0,0,1,1,0,0,0,3,2,0,1,0,0,60.0,0,0,0,2
17,SCFB,361.7607421875,0,,0,0,1,1,0,0,0,3,2,0,1,0,0,60.0,0,0,0,2
17,SCFB,368.5390625,0,,0,0,1,1,0,0,0,3,1,0,1,1,0,60.0,0,0,0,1
17,SCFB,375.1494140625,0,,0,0,1,1,0,0,0,3,1,1,0,2,0,60.0,0,0,0,2
17,SCFB,381.8935546875,0,,0,0,1,1,0,0,0,3,2,2,0,3,0,60.0,0,0,0,4
17,SCFB,387.3359375,0,,0,0,1,1,0,0,0,3,3,2,0,2,0,60.0,0,0,0,5
17,SCFB,393.2783203125,0,,1,0,1,1,0,0,0,3,2,1,0,2,0,60.0,0,3,0,3
17,SCFB,400.2900390625,0,,1,0,1,1,0,0,0,3,4,0,0,1,0,60.0,0,4,0,4
17,SCFB,406.1162109375,0,,0,0,1,1,0,0,2,3,2,0,0,1,0,4.4404296875,0,0,2,2
17,SCFB,412.109375,0,,0,0,1,1,0,0,2,3,2,0,0,1,0,10.43359375,0,0,2,2
17,SCFB,417.4013671875,0,,0,0,1,1,0,0,2,3,2,0,0,1,0,15.7255859375,0,0,2,2
17,SCFB,423.8447265625,0,,1,0,1,1,0,0,0,3,1,0,0,0,0,22.1689453125,0,1,0,1
17,SCFB,429.6708984375,0,,0,0,1,1,0,0,0,3,1,0,0,0,0,27.9951171875,0,0,0,1
17,SCFB,436.6484375,0,,0,0,1,1,0,0,0,3,0,0,0,0,0,34.97265625,0,0,0,0
17,SCFB,442.2578125,0,,0,0,1,1,0,0,0,3,1,0,1,0,0,40.58203125,0,0,0,1
17,SCFB,448.4013671875,0,,0,0,1,1,0,0,0,3,1,0,1,2,0,46.7255859375,0,0,0,1
17,SCFB,454.677734375,0,,0,0,1,1,0,0,0,3,1,0,1,3,0,53.001953125,0,0,0,1
17,SCFB,460.587890625,0,,0,0,1,1,0,0,0,3,0,0,1,3,0,58.912109375,0,0,0,0
17,SCFB,466.1630859375,0,,0,0,1,1,0,0,0,3,0,1,1,3,0,60.0,0,0,0,1
17,SCFB,471.421875,0,,0,0,1,1,0,0,0,3,1,3,1,2,0,60.0,0,0,0,4
17,SCFB,476.462890625,0,,0,0,1,1,0,0,0,3,3,4,1,1,0,60.0,0,0,0,7
17,SCFB,482.9404296875,0,,0,0,1,1,0,0,0,3,3,5,1,1,0,60.0,0,0,0,8
17,SCFB,489.1005859375,0,,0,0,1,1,0,0,0,3,3,3,1,0,0,60.0,0,0,0,6
17,SCFB,495.978515625,0,,0,0,1,1,0,0,0,3,0,1,1,0,0,60.0,0,0,0,1
17,SCFB,502.5390625,0,,0,0,1,1,0,0,0,3,0,0,1,0,0,60.0,0,0,0,0
17,SCFB,508.515625,0,,0,0,1,1,0,0,0,3,0,0,1,0,0,60.0,0,0,0,0
17,SCFB,515.443359375,0,,0,0,1,1,0,0,0,3,0,0,1,0,0,60.0,0,0,0,0
17,SCFB,521.4365234375,0,,0,0,1,1,0,0,0,3,0,0,1,0,0,60.0,0,0,0,0
17,SCFB,526.9951171875,0,,0,0,1,1,0,0,0,3,0,0,1,0,0,60.0,0,0,0,0
17,SCFB,532.7373046875,0,,0,0,1,1,0,0,0,3,1,0,1,0,0,60.0,0,0,0,1
17,SCFB,539.615234375,0,,0,0,1,1,0,0,0,3,1,0,1,0,0,60.0,0,0,0,1
17,SCFB,544.923828125,0,,0,0,1,1,0,0,0,3,1,0,1,0,0,60.0,0,0,0,1
17,SCFB,551.1171875,0,,0,0,1,1,0,0,0,3,2,0,1,0,0,60.0,0,0,0,2
17,SCFB,556.5263671875,0,,0,0,1,1,0,0,0,3,1,0,1,0,0,60.0,0,0,0,1
17,SCFB,562.5029296875,0,,0,0,1,1,0,0,0,3,1,0,1,0,0,60.0,0,0,0,1
17,SCFB,568.5126953125,0,,0,0,1,1,0,0,0,3,0,2,1,0,0,60.0,0,0,0,2
17,SCFB,574.4052734375,0,,0,0,1,1,0,0,0,3,0,3,1,0,0,60.0,0,0,0,3
17,SCFB,580.548828125,0,,1,0,1,1,0,0,0,3,0,3,1,0,0,60.0,0,3,0,3
17,SCFB,586.9091796875,0,,0,0,1,1,0,0,0,3,0,2,1,0,0,60.0,0,0,0,2
17,SCFB,593.3193359375,0,,0,0,1,1,0,0,0,3,0,0,1,0,0,60.0,0,0,0,0
17,SCFB,598.9111328125,0,,1,0,1,1,0,0,0,3,0,0,1,0,0,60.0,0,0,0,0
17,SCFB,605.2880859375,0,,0,0,1,1,0,0,0,3,0,0,1,0,0,60.0,0,0,0,0
17,SCFB,611.9326171875,0,,0,0,1,1,0,0,0,3,2,0,1,0,0,60.0,0,0,0,2
17,SCFB,618.443359375,0,,0,0,1,1,0,0,0,3,2,0,0,0,0,60.0,0,0,0,2
17,SCFB,625.00390625,0,,0,0,1,1,0,0,0,3,4,1,0,0,0,60.0,0,0,0,5
17,SCFB,631.4140625,0,,0,0,1,1,0,0,0,3,2,3,0,0,0,60.0,0,0,0,5
17,SCFB,637.45703125,0,,0,0,1,1,0,0,0,3,3,3,0,0,0,60.0,0,0,0,6
17,SCFB,642.9990234375,0,,0,0,1,1,0,0,0,3,1,3,0,0,0,60.0,0,0,0,4
17,SCFB,649.7607421875,0,,0,0,1,1,0,0,0,3,1,1,0,0,0,60.0,0,0,0,2
17,SCFB,655.703125,0,,0,0,1,1,0,0,0,3,0,0,0,0,0,60.0,0,0,0,0
17,SCFB,661.86328125,0,,0,0,1,1,0,0,0,3,2,0,0,0,1,60.0,0,0,0,2
17,SCFB,667.4560546875,0,,0,0,1,1,0,0,0,3,3,0,0,0,1,60.0,0,0,0,3
17,SCFB,673.482421875,0,,0,0,1,1,0,0,0,3,3,0,0,0,1,60.0,0,0,0,3
17,SCFB,679.19140625,0,,0,0,1,1,0,0,0,3,2,0,0,0,1,60.0,0,0,0,2
17,SCFB,684.6337890625,0,,0,0,1,1,0,0,0,3,0,0,0,0,1,60.0,0,0,0,0
17,SCFB,690.84375,0,,0,0,1,1,0,0,0,3,0,0,1,0,1,60.0,0,0,0,0
17,SCFB,697.7548828125,0,,0,0,1,1,0,0,0,3,0,2,1,0,1,60.0,0,0,0,2
17,SCFB,704.4658203125,0,,0,0,1,1,0,0,0,3,1,2,1,1,1,60.0,0,0,0,3
17,SCFB,709.82421875,0,,0,0,1,1,0,0,0,3,1,2,1,1,1,60.0,0,0,0,3
17,SCFB,716.2177734375,0,,0,0,1,1,0,0,0,3,1,1,1,1,1,60.0,0,0,0,2
17,SCFB,722.6787109375,0,,0,0,1,1,0,0,0,3,0,0,1,0,0,60.0,0,0,0,0
17,SCFB,727.8203125,0,,0,0,1,1,0,0,0,3,0,0,1,0,0,60.0,0,0,0,0
17,SCFB,734.564453125,0,,0,0,1,1,0,0,0,3,0,2,1,1,0,60.0,0,0,0,2
17,SCFG,32.658203125,0,,0,0,0,1,0,0,0,0,0,1,0,0,0,60.0,0,0,0,0
17,SCFG,39.486328125,0,,0,0,0,1,0,0,0,1,0,1,1,0,0,60.0,0,0,0,0
17,SCFG,44.8125,0,,0,0,0,1,0,0,0,2,1,1,1,0,0,60.0,0,0,0,0
17,SCFG,50.90625,0,,0,0,0,1,0,0,0,3,1,0,1,0,0,60.0,0,0,0,0
17,SCFG,57.3837890625,0,,0,0,0,1,0,0,0,3,1,0,1,1,0,60.0,0,0,0,0
17,SCFG,63.6455078125,0,,0,0,0,1,0,0,0,3,0,0,1,1,0,60.0,0,0,0,0
17,SCFG,69.8896484375,0,,0,0,0,1,0,0,0,3,1,0,1,1,0,60.0,0,0,0,0
17,SCFG,76.1669921875,0,,1,0,0,1,0,0,0,3,1,0,1,2,0,60.0,0,1,0,0
17,SCFG,83.1123046875,0,,0,0,0,1,0,0,2,3,1,0,1,1,0,6.39453125,0,0,0,0
17,SCFG,89.4228515625,0,,0,0,0,1,0,0,2,3,0,0,1,1,0,12.705078125,0,0,0,0
17,SCFG,96.017578125,0,,0,0,0,1,0,0,2,3,0,0,1,0,0,19.2998046875,0,0,0,0
17,SCFG,102.7294921875,0,,0,0,0,1,0,0,0,3,0,0,1,0,0,26.01171875,0,0,0,0
17,SCFG,109.224609375,0,,0,0,0,1,0,0,0,3,0,0,1,0,0,32.5068359375,0,0,0,0
17,SCFG,114.80078125,0,,1,0,0,1,0,0,0,3,0,0,1,0,0,38.0830078125,0,0,0,0
17,SCFG,120.5439453125,0,,1,0,0,1,0,0,2,2,0,0,1,0,0,5.17578125,2,0,0,0
17,SCFG,127.4560546875,0,,0,0,0,1,0,0,4,2,1,0,1,0,0,6.2275390625,0,0,0,0
17,SCFG,132.498046875,0,,0,0,0,1,0,0,4,2,1,0,1,0,0,11.26953125,0,0,0,0
17,SCFG,138.158203125,0,,0,0,0,1,0,0,3,3,1,1,1,1,0,2.9892578125,0,0,0,0
17,SCFG,144.65234375,0,,0,0,0,1,0,0,1,3,0,1,1,1,0,9.4833984375,0,0,0,0
17,SCFG,149.744140625,0,,1,0,0,1,0,0,1,3,0,1,1,1,0,14.5751953125,1,1,0,0
17,SCFG,156.33984375,0,,0,0,0,1,0,0,2,3,1,1,1,1,0,6.0107421875,0,0,0,0
17,SCFG,161.7490234375,0,,0,0,0,1,0,0,2,3,1,0,1,1,0,11.419921875,0,0,0,0
17,SCFG,168.009765625,0,,0,0,0,1,0,0,2,3,1,0,1,1,0,17.6806640625,0,0,0,0
17,SCFG,174.287109375,0,,0,0,0,1,0,0,0,3,1,0,1,1,0,23.9580078125,0,0,0,0
17,SCFG,180.53125,0,,1,0,0,1,0,0,0,3,0,0,1,0,0,30.2021484375,0,0,0,0
17,SCFG,185.673828125,0,,0,0,0,1,0,0,2,2,1,0,1,0,0,4.5751953125,0,0,0,0
17,SCFG,192.03515625,0,,0,0,0,1,0,0,2,2,1,0,1,0,0,10.9365234375,0,0,0,0
17,SCFG,198.86328125,0,,0,0,0,1,0,0,2,2,1,0,1,1,0,17.7646484375,0,0,0,0
17,SCFG,204.990234375,0,,0,0,0,1,0,0,0,3,0,0,1,2,0,23.8916015625,0,0,0,0
17,SCFG,210.68359375,0,,0,0,0,1,0,0,0,3,0,0,2,2,0,29.5849609375,0,0,0,0
17,SCFG,217.1787109375,0,,0,0,0,1,0,0,0,3,0,0,1,1,0,36.080078125,0,0,0,0
17,SCFG,223.5390625,0,,0,0,0,1,0,0,0,3,0,0,1,0,0,42.4404296875,0,0,0,0
17,SCFG,230.30078125,0,,1,0,0,1,0,0,0,3,0,0,1,0,0,49.2021484375,0,0,0,0
17,SCFG,235.89453125,0,,0,0,0,1,0,0,2,2,0,0,1,1,0,4.9921875,0,0,0,0
17,SCFG,241.4541015625,0,,0,0,0,1,0,0,2,2,0,0,1,1,0,10.5517578125,0,0,0,0
17,SCFG,247.71484375,0,,0,0,0,1,0,0,2,2,0,0,1,2,0,16.8125,0,0,0,0
17,SCFG,253.041015625,0,,0,0,0,1,0,0,0,3,0,0,1,1,0,22.138671875,0,0,0,0
17,SCFG,260.052734375,0,,0,0,0,1,0,0,0,3,0,0,1,1,0,29.150390625,0,0,0,0
17,SCFG,265.5625,0,,0,0,0,1,0,0,0,3,0,0,1,1,0,34.66015625,0,0,0,0
17,SCFG,271.0380859375,0,,0,0,0,1,0,0,0,3,0,0,1,0,0,40.1357421875,0,0,0,0
17,SCFG,276.5810546875,0,,0,0,0,1,0,0,0,3,0,0,1,1,0,45.6787109375,0,0,0,0
17,SCFG,282.341796875,0,,0,0,0,1,0,0,0,3,0,0,1,1,0,51.439453125,0,0,0,0
17,SCFG,287.80078125,0,,0,0,0,1,0,0,2,3,0,0,2,1,0,4.9580078125,0,0,0,0
17,SCFG,294.6962890625,0,,0,0,0,1,0,0,2,3,0,0,1,1,0,11.853515625,0,0,0,0
17,SCFG,300.923828125,0,,1,0,0,1,0,0,2,3,0,0,1,1,0,18.0810546875,2,0,0,0
17,SCFG,307.1181640625,0,,0,0,0,1,0,0,2,3,0,0,1,1,0,5.6435546875,0,0,0,0
17,SCFG,314.080078125,0,,0,0,0,1,0,0,2,3,0,0,1,0,0,12.60546875,0,0,0,0
17,SCFG,321.1083984375,0,,0,0,0,1,0,0,2,3,0,0,1,0,0,19.6337890625,0,0,0,0
17,SCFG,326.7021484375,0,,1,0,0,1,0,0,0,3,0,0,1,0,0,25.2275390625,0,0,0,0
17,SCFG,332.74609375,0,,0,0,0,1,0,0,2,3,0,0,1,1,0,5.4931640625,0,0,0,0
17,SCFG,338.3388671875,0,,0,0,0,1,0,0,3,2,0,1,1,2,0,0.583984375,0,0,0,0
17,SCFG,344.6328125,0,,0,0,0,1,0,0,3,2,0,1,2,4,0,6.8779296875,0,0,0,0
17,SCFG,350.8271484375,0,,0,0,0,1,0,0,1,2,0,1,1,3,0,13.072265625,0,0,0,0
17,SCFG,357.1044921875,0,,0,0,0,1,0,0,1,3,0,0,1,3,0,19.349609375,0,0,0,0
17,SCFG,362.697265625,0,,1,0,0,1,0,0,0,3,0,0,1,1,0,24.9423828125,0,0,0,0
17,SCFG,369.29296875,0,,1,0,0,1,0,0,0,3,1,0,1,0,0,31.5380859375,0,1,0,0
17,SCFG,374.935546875,0,,0,0,0,1,0,0,0,3,2,0,1,0,1,37.1806640625,0,0,0,0
17,SCFG,381.7138671875,0,,0,0,0,1,0,0,0,3,4,0,1,1,1,43.958984375,0,0,0,0
17,SCFG,388.42578125,0,,0,0,0,1,0,0,0,3,5,0,0,2,1,50.6708984375,0,0,0,0
17,SCFG,393.884765625,0,,1,0,0,1,0,0,0,3,5,0,0,2,1,56.1298828125,0,5,0,0
17,SCFG,399.76171875,0,,0,0,0,1,0,0,2,3,5,0,0,1,1,5.2587890625,0,0,0,0
17,SCFG,404.87109375,0,,0,0,0,1,0,0,2,3,2,0,0,1,1,10.3681640625,0,0,0,0
17,SCFG,411.232421875,0,,0,0,0,1,0,0,2,3,4,0,0,0,1,16.7294921875,0,0,0,0
17,SCFG,416.8251953125,0,,0,0,0,1,0,0,0,3,5,0,0,1,1,22.322265625,0,0,0,0
17,SCFG,423.1689453125,0,,0,0,0,1,0,0,0,3,4,0,0,1,1,28.666015625,0,0,0,0
17,SCFG,428.228515625,0,,1,0,0,1,0,0,0,3,3,0,0,1,1,33.7255859375,0,3,0,0
17,SCFG,434.138671875,0,,0,0,0,1,0,0,0,3,3,0,0,0,0,39.6357421875,0,0,0,0
17,SCFG,440.966796875,0,,0,0,0,1,0,0,0,3,3,0,0,1,0,46.4638671875,0,0,0,0
17,SCFG,446.6103515625,0,,0,0,0,1,0,0,0,3,3,0,1,1,0,52.107421875,0,0,0,0
17,SCFG,452.9375,0,,0,0,0,1,0,0,0,3,2,0,1,1,0,58.4345703125,0,0,0,0
17,SCFG,459.03125,0,,1,0,0,1,0,0,0,3,0,0,1,0,0,60.0,0,0,0,0
17,SCFG,464.57421875,0,,0,0,0,1,0,0,2,3,0,0,1,0,0,4.9580078125,0,0,0,0
17,SCFG,469.6171875,0,,0,0,0,1,0,0,2,3,0,0,1,1,0,10.0009765625,0,0,0,0
17,SCFG,475.5771484375,0,,0,0,0,1,0,0,2,3,0,0,1,1,0,15.9609375,0,0,0,0
17,SCFG,482.2724609375,0,,0,0,0,1,0,0,0,3,0,0,1,3,0,22.65625,0,0,0,0
17,SCFG,488.8671875,0,,0,0,0,1,0,0,0,3,0,0,1,3,0,29.2509765625,0,0,0,0
17,SCFG,495.4453125,0,,0,0,0,1,0,0,0,3,1,0,1,3,0,35.8291015625,0,0,0,0
17,SCFG,502.3564453125,0,,0,0,0,1,0,0,0,3,1,0,1,1,0,42.740234375,0,0,0,0
17,SCFG,507.8330078125,0,,0,0,0,1,0,0,0,3,1,0,1,1,0,48.216796875,0,0,0,0
17,SCFG,514.39453125,0,,0,0,0,1,0,0,0,3,1,0,1,1,0,54.7783203125,0,0,0,0
17,SCFG,521.3564453125,0,,0,0,0,1,0,0,0,3,0,0,1,2,0,60.0,0,0,0,0
17,SCFG,527.734375,0,,0,0,0,1,0,0,0,3,0,0,1,2,0,60.0,0,0,0,0
17,SCFG,532.8935546875,0,,0,0,0,1,0,0,0,3,0,0,1,1,0,60.0,0,0,0,0
17,SCFG,538.51953125,0,,0,0,0,1,0,0,0,3,0,0,1,1,0,60.0,0,0,0,0
17,SCFG,544.513671875,0,,0,0,0,1,0,0,0,3,0,0,1,0,0,60.0,0,0,0,0
17,SCFG,549.7392578125,0,,0,0,0,1,0,0,0,3,0,0,1,0,0,60.0,0,0,0,0
17,SCFG,555.4658203125,0,,0,0,0,1,0,0,0,3,0,0,1,0,0,60.0,0,0,0,0
17,SCFG,562.126953125,0,,0,0,0,1,0,0,0,3,0,0,1,0,0,60.0,0,0,0,0
17,SCFG,569.0556640625,0,,0,0,0,1,0,0,0,3,0,0,1,2,0,60.0,0,0,0,0
17,SCFG,574.33203125,0,,0,0,0,1,0,0,0,3,0,0,1,2,0,60.0,0,0,0,0
17,SCFG,581.2109375,0,,0,0,0,1,0,0,0,3,0,0,1,2,0,60.0,0,0,0,0
17,SCFG,588.15625,0,,0,0,0,1,0,0,0,3,0,0,1,0,0,60.0,0,0,0,0
17,SCFG,593.4814453125,0,,0,0,0,1,0,0,0,3,1,0,1,1,0,60.0,0,0,0,0
17,SCFG,599.0244140625,0,,0,0,0,1,0,0,0,3,2,0,1,2,0,60.0,0,0,0,0
17,SCFG,604.6845703125,0,,0,0,0,1,0,0,0,3,2,0,1,2,0,60.0,0,0,0,0
17,SCFG,609.9775390625,0,,0,0,0,1,0,0,0,3,2,0,1,2,0,60.0,0,0,0,0
17,SCFG,615.6201171875,0,,1,0,0,1,0,0,0,3,0,0,1,2,0,60.0,0,0,0,0
17,SCFG,622.0986328125,0,,0,0,0,1,0,0,0,3,2,0,1,2,0,60.0,0,0,0,0
17,SCFG,628.42578125,0,,0,0,0,1,0,0,0,3,3,0,0,3,0,60.0,0,0,0,0
17,SCFG,633.96875,0,,0,0,0,1,0,0,0,3,4,1,0,2,0,60.0,0,0,0,0
17,SCFG,640.61328125,0,,0,0,0,1,0,0,0,3,5,3,0,2,0,60.0,0,0,0,0
17,SCFG,645.689453125,0,,0,0,0,1,0,0,0,3,4,3,0,2,0,60.0,0,0,0,0
17,SCFG,650.998046875,0,,0,0,0,1,0,0,0,3,4,3,0,2,0,60.0,0,0,0,0
17,SCFG,656.6083984375,0,,0,0,0,1,0,0,0,3,3,2,0,2,0,60.0,0,0,0,0
17,SCFG,662.9189453125,0,,1,0,0,1,0,0,0,3,2,0,0,1,0,60.0,0,2,0,0
17,SCFG,668.87890625,0,,0,0,0,1,0,0,0,3,1,0,0,0,0,60.0,0,0,0,0
17,SCFG,675.474609375,0,,0,0,0,1,0,0,0,3,1,0,0,0,0,60.0,0,0,0,0
17,SCFG,682.3359375,0,,0,0,0,1,0,0,0,3,1,0,0,0,0,60.0,0,0,0,0
17,SCFG,687.9462890625,0,,0,0,0,1,0,0,0,3,2,0,0,0,0,60.0,0,0,0,0
17,SCFG,693.4384765625,0,,0,0,0,1,0,0,0,3,2,0,1,0,0,60.0,0,0,0,0
17,SCFG,699.4326171875,0,,0,0,0,1,0,0,0,3,3,0,1,0,0,60.0,0,0,0,0
17,SCFG,704.4912109375,0,,0,0,0,1,0,0,0,3,3,0,1,1,0,60.0,0,0,0,0
17,SCFG,710.4013671875,0,,0,0,0,1,0,0,0,3,1,0,1,1,0,60.0,0,0,0,0
17,SCFG,716.044921875,0,,1,0,0,1,0,0,0,3,1,0,1,1,0,60.0,0,1,0,0
17,SCFG,721.9052734375,0,,0,0,0,1,0,0,0,3,0,0,1,0,0,60.0,0,0,0,0
17,SCFG,727.5478515625,0,,0,0,0,1,0,0,0,3,0,0,1,0,0,60.0,0,0,0,0
17,SCFG,734.560546875,0,,0,0,0,1,0,0,0,3,0,0,1,1,0,60.0,0,0,0,0
17,SCMM,43.7109375,0,,0,0,0,0,0,1,0,0,0,3,0,0,0,60.0,0,0,0,0
17,SCMM,50.455078125,0,,0,0,0,0,0,1,2,0,0,4,1,0,0,5.8427734375,0,0,0,0
17,SCMM,57.2333984375,0,,0,0,0,0,0,1,2,1,2,4,1,0,0,12.62109375,0,0,0,0
17,SCMM,63.0263671875,0,,0,0,0,0,0,1,2,2,2,3,1,0,0,18.4140625,0,0,0,0
17,SCMM,69.970703125,0,,1,0,0,0,0,1,0,3,2,1,1,0,0,25.3583984375,0,3,0,0
17,SCMM,76.6318359375,0,,0,0,0,0,0,1,2,2,2,1,1,0,0,6.109375,0,0,0,0
17,SCMM,83.4765625,0,,0,0,0,0,0,1,4,1,3,0,1,0,0,6.310546875,0,0,0,0
17,SCMM,89.7041015625,0,,0,0,0,0,0,1,4,1,3,0,1,0,0,12.5380859375,0,0,0,0
17,SCMM,95.2626953125,0,,0,0,0,0,0,1,2,2,1,0,1,0,0,18.0966796875,0,0,0,0
17,SCMM,101.255859375,0,,0,0,0,0,0,1,0,3,2,0,1,0,0,24.08984375,0,0,0,0
17,SCMM,107.3828125,0,,0,0,0,0,0,1,0,3,2,0,1,0,0,30.216796875,0,0,0,0
17,SCMM,114.4111328125,0,,0,0,0,0,0,1,0,3,2,0,1,0,0,37.2451171875,0,0,0,0
17,SCMM,120.6884765625,0,,1,0,0,0,0,1,0,3,1,0,1,0,0,43.5224609375,0,1,0,0
17,SCMM,126.1142578125,0,,0,0,0,0,0,1,1,3,1,0,1,0,0,4.8251953125,0,0,0,0
17,SCMM,131.189453125,0,,0,0,0,0,0,1,1,3,1,0,1,0,0,9.900390625,0,0,0,0
17,SCMM,137.31640625,0,,0,0,0,0,0,1,3,2,2,0,1,0,0,5.576171875,0,0,0,0
17,SCMM,143.3427734375,0,,0,0,0,0,0,1,2,2,1,0,1,0,0,11.6025390625,0,0,0,0
17,SCMM,148.751953125,0,,0,0,0,0,0,1,2,2,1,1,1,0,0,17.01171875,0,0,0,0
17,SCMM,155.2958984375,0,,0,0,0,0,0,1,0,3,0,1,1,0,0,23.5556640625,0,0,0,0
17,SCMM,162.0400390625,0,,0,0,0,0,0,1,0,3,0,1,2,0,0,30.2998046875,0,0,0,0
17,SCMM,167.68359375,0,,0,0,0,0,0,1,0,3,0,0,1,0,0,35.943359375,0,0,0,0
17,SCMM,173.05859375,0,,0,0,0,0,0,1,0,3,1,0,1,0,0,41.318359375,0,0,0,0
17,SCMM,179.453125,0,,0,0,0,0,0,1,0,3,1,0,1,0,0,47.712890625,0,0,0,0
17,SCMM,184.978515625,0,,0,0,0,0,0,1,0,3,1,0,1,0,0,53.23828125,0,0,0,0
17,SCMM,191.2724609375,0,,0,0,0,0,0,1,0,3,1,0,1,0,0,59.5322265625,0,0,0,0
17,SCMM,197.56640625,0,,0,0,0,0,0,1,0,3,2,0,1,0,0,60.0,0,0,0,0
17,SCMM,204.4609375,0,,0,0,0,0,0,1,0,3,2,0,1,0,0,60.0,0,0,0,0
17,SCMM,209.51953125,1,0.8173828125,1,0,0,0,0,1,2,3,2,0,1,0,0,4.4912109375,2,2,0,0
17,SCMM,216.513671875,0,,0,0,0,0,0,1,4,2,1,0,1,0,1,6.3603515625,0,0,0,0
17,SCMM,222.5078125,0,,0,0,0,0,0,1,4,2,2,0,2,0,1,12.3544921875,0,0,0,0
17,SCMM,228.18359375,0,,0,0,0,0,0,1,2,2,3,0,1,0,1,18.0302734375,0,0,0,0
17,SCMM,235.1787109375,0,,0,0,0,0,0,1,0,3,4,0,1,0,1,25.025390625,0,0,0,0
17,SCMM,241.60546875,0,,0,0,0,0,0,1,0,3,3,0,1,0,1,31.4521484375,0,0,0,0
17,SCMM,247.3154296875,0,,1,0,0,0,0,1,0,3,2,0,1,0,1,37.162109375,0,2,0,0
17,SCMM,252.9912109375,0,,0,0,0,0,0,1,2,2,1,0,1,0,1,5.1416015625,0,0,0,0
17,SCMM,258.31640625,0,,0,0,0,0,0,1,2,2,1,0,1,0,1,10.466796875,0,0,0,0
17,SCMM,264.3271484375,0,,0,0,0,0,0,1,2,2,1,0,1,0,1,16.4775390625,0,0,0,0
17,SCMM,269.5517578125,0,,0,0,0,0,0,1,0,3,1,0,1,0,1,21.7021484375,0,0,0,0
17,SCMM,276.0458984375,0,,0,0,0,0,0,1,0,3,0,0,1,0,0,28.1962890625,0,0,0,0
17,SCMM,282.740234375,0,,0,0,0,0,0,1,0,3,0,0,1,0,0,34.890625,0,0,0,0
17,SCMM,287.8154296875,0,,0,0,0,0,0,1,0,3,0,1,1,0,0,39.9658203125,0,0,0,0
17,SCMM,293.2919921875,0,,0,0,0,0,0,1,0,3,0,1,1,0,0,45.4423828125,0,0,0,0
17,SCMM,300.0361328125,0,,0,0,0,0,0,1,0,3,0,1,2,0,0,52.1865234375,0,0,0,0
17,SCMM,306.5302734375,0,,1,0,0,0,0,1,0,3,0,0,1,0,0,58.6806640625,0,0,0,0
17,SCMM,311.9228515625,0,,0,0,0,0,0,1,2,3,0,0,1,0,0,4.9248046875,0,0,0,0
17,SCMM,317.498046875,0,,0,0,0,0,0,1,2,3,0,0,1,0,0,10.5,0,0,0,0
17,SCMM,323.474609375,0,,0,0,0,0,0,1,2,3,0,0,1,0,0,16.4765625,0,0,0,0
17,SCMM,329.6513671875,0,,0,0,0,0,0,1,0,3,1,0,1,0,0,22.6533203125,0,0,0,0
17,SCMM,335.5615234375,0,,0,0,0,0,0,1,0,3,2,0,1,0,0,28.5634765625,0,0,0,0
17,SCMM,340.9873046875,0,,0,0,0,0,0,1,0,3,2,0,1,0,0,33.9892578125,0,0,0,0
17,SCMM,346.396484375,0,,0,0,0,0,0,1,0,3,3,0,1,0,0,39.3984375,0,0,0,0
17,SCMM,352.6396484375,0,,0,0,0,0,0,1,0,3,2,0,1,0,0,45.6416015625,0,0,0,0
17,SCMM,359.267578125,0,,0,0,0,0,0,1,0,3,2,0,1,0,0,52.26953125,0,0,0,0
17,SCMM,365.9619140625,0,,0,0,0,0,0,1,0,3,1,0,1,0,0,58.9638671875,0,0,0,0
17,SCMM,372.2724609375,0,,0,0,0,0,0,1,0,3,0,0,1,0,0,60.0,0,0,0,0
17,SCMM,378.8330078125,0,,1,0,0,0,0,1,0,3,0,0,1,0,0,60.0,0,0,0,0
17,SCMM,385.6279296875,0,,0,0,0,0,0,1,2,2,2,1,0,0,0,6.2265625,0,0,0,0
17,SCMM,390.953125,0,,0,0,0,0,0,1,2,2,4,1,0,0,0,11.5517578125,0,0,0,0
17,SCMM,396.1123046875,0,,0,0,0,0,0,1,2,2,5,1,0,0,0,16.7109375,0,0,0,0
17,SCMM,402.4560546875,0,,0,0,0,0,0,1,0,3,4,1,0,0,0,23.0546875,0,0,0,0
17,SCMM,408.7333984375,0,,0,0,0,0,0,1,0,3,2,0,0,0,0,29.33203125,0,0,0,0
17,SCMM,415.2607421875,0,,0,0,0,0,0,1,0,3,1,0,0,0,0,35.859375,0,0,0,0
17,SCMM,421.8212890625,0,,0,0,0,0,0,1,0,3,1,0,0,0,0,42.419921875,0,0,0,0
17,SCMM,427.11328125,0,,0,0,0,0,0,1,0,3,3,1,0,0,0,47.7119140625,0,0,0,0
17,SCMM,432.3388671875,0,,0,0,0,0,0,1,0,3,2,1,0,0,0,52.9375,0,0,0,0
17,SCMM,437.513671875,0,,0,0,0,0,0,1,0,3,2,1,0,0,0,58.1123046875,0,0,0,0
17,SCMM,444.30859375,0,,0,0,0,0,0,1,0,3,2,0,0,0,0,60.0,0,0,0,0
17,SCMM,450.986328125,0,,0,0,0,0,0,1,0,3,0,0,1,0,0,60.0,0,0,0,0
17,SCMM,457.7978515625,0,,0,0,0,0,0,1,0,3,0,0,1,0,0,60.0,0,0,0,0
17,SCMM,464.6591796875,0,,1,0,0,0,0,1,0,3,0,0,1,0,0,60.0,0,0,0,0
17,SCMM,469.833984375,0,,0,0,0,0,0,1,2,2,0,0,1,0,0,4.5400390625,0,0,0,0
17,SCMM,475.1767578125,0,,0,0,0,0,0,1,2,2,1,0,1,0,0,9.8828125,0,0,0,0
17,SCMM,481.5703125,0,,0,0,0,0,0,1,2,2,2,0,1,0,0,16.2763671875,0,0,0,0
17,SCMM,487.6806640625,0,,0,0,0,0,0,1,0,3,2,0,1,0,0,22.38671875,0,0,0,0
17,SCMM,493.7744140625,0,,0,0,0,0,0,1,0,3,2,0,1,0,0,28.48046875,0,0,0,0
17,SCMM,499.5,0,,0,0,0,0,0,1,0,3,0,0,1,0,0,34.2060546875,0,0,0,0
17,SCMM,505.3095703125,0,,0,0,0,0,0,1,0,3,0,0,1,0,0,40.015625,0,0,0,0
17,SCMM,510.7685546875,0,,1,0,0,0,0,1,0,3,0,0,1,0,0,45.474609375,0,0,0,0
17,SCMM,517.5966796875,0,,0,0,0,0,0,1,2,3,0,0,1,0,0,6.2431640625,0,0,0,0
17,SCMM,524.525390625,0,,0,0,0,0,0,1,2,3,0,0,1,0,0,13.171875,0,0,0,0
17,SCMM,530.3349609375,0,,0,0,0,0,0,1,2,3,0,0,1,0,0,18.9814453125,0,0,0,0
17,SCMM,536.02734375,0,,0,0,0,0,0,1,0,3,1,0,1,0,0,24.673828125,0,0,0,0
17,SCMM,542.0205078125,0,,1,0,0,0,0,1,0,3,1,0,1,0,0,30.6669921875,0,1,0,0
17,SCMM,547.5634765625,0,,0,0,0,0,0,1,2,3,1,0,1,0,0,4.9921875,0,0,0,0
17,SCMM,553.439453125,0,,0,0,0,0,0,1,2,3,1,0,1,0,0,10.8681640625,0,0,0,0
17,SCMM,560.150390625,0,,0,0,0,0,0,1,2,3,0,0,1,0,0,17.5791015625,0,0,0,0
17,SCMM,566.02734375,0,,0,0,0,0,0,1,0,3,0,0,1,0,0,23.4560546875,0,0,0,0
17,SCMM,571.8037109375,0,,1,0,0,0,0,1,0,3,0,0,1,0,0,29.232421875,0,0,0,0
17,SCMM,577.9970703125,0,,0,0,0,0,0,1,2,3,0,0,1,0,0,5.525390625,0,0,0,0
17,SCMM,583.8232421875,0,,0,0,0,0,0,1,2,3,0,0,1,0,0,11.3515625,0,0,0,0
17,SCMM,589.0986328125,0,,0,0,0,0,0,1,2,3,0,1,1,0,0,16.626953125,0,0,0,0
17,SCMM,594.32421875,0,,0,0,0,0,0,1,0,3,0,1,1,0,0,21.8525390625,0,0,0,0
17,SCMM,601.15234375,0,,1,0,0,0,0,1,0,3,0,1,1,0,0,28.6806640625,0,1,0,0
17,SCMM,607.7626953125,0,,0,0,0,0,0,1,2,3,0,1,1,0,0,6.109375,0,0,0,0
17,SCMM,614.0400390625,0,,0,0,0,0,0,1,2,3,0,0,1,0,0,12.38671875,0,0,0,0
17,SCMM,619.900390625,0,,1,0,0,0,0,1,2,3,0,0,1,0,0,18.2470703125,2,0,0,0
17,SCMM,625.05859375,0,,0,0,0,0,0,1,2,3,0,0,1,0,0,4.607421875,0,0,0,0
17,SCMM,630.150390625,0,,0,0,0,0,0,1,2,3,0,0,1,0,0,9.69921875,0,0,0,0
17,SCMM,635.79296875,0,,0,0,0,0,0,1,2,3,1,0,1,0,0,15.341796875,0,0,0,0
17,SCMM,642.6708984375,0,,0,0,0,0,0,1,0,3,1,0,1,0,0,22.2197265625,0,0,0,0
17,SCMM,649.21484375,0,,0,0,0,0,0,1,0,3,1,0,1,0,0,28.763671875,0,0,0,0
17,SCMM,655.7255859375,0,,0,0,0,0,0,1,0,3,2,0,1,0,0,35.2744140625,0,0,0,0
17,SCMM,661.685546875,0,,0,0,0,0,0,1,0,3,5,1,1,0,0,41.234375,0,0,0,0
17,SCMM,668.2470703125,0,,0,0,0,0,0,1,0,3,6,2,0,0,0,47.7958984375,0,0,0,0
17,SCMM,673.421875,0,,0,0,0,0,0,1,0,3,5,2,0,0,0,52.970703125,0,0,0,0
17,SCMM,678.998046875,0,,0,0,0,0,0,1,0,3,3,1,0,0,0,58.546875,0,0,0,0
17,SCMM,684.5068359375,0,,0,0,0,0,0,1,0,3,2,0,0,0,0,60.0,0,0,0,0
17,SCMM,690.6171875,0,,0,0,0,0,0,1,0,3,1,0,0,0,0,60.0,0,0,0,0
17,SCMM,696.8271484375,0,,0,0,0,0,0,1,0,3,2,0,0,0,0,60.0,0,0,0,0
17,SCMM,701.9365234375,0,,0,0,0,0,0,1,0,3,2,0,0,0,0,60.0,0,0,0,0
17,SCMM,707.7626953125,0,,0,0,0,0,0,1,0,3,2,0,0,0,0,60.0,0,0,0,0
17,SCMM,714.240234375,0,,0,0,0,0,0,1,0,3,2,0,0,0,0,60.0,0,0,0,0
17,SCMM,720.349609375,0,,0,0,0,0,0,1,0,3,0,1,0,0,0,60.0,0,0,0,0
17,SCMM,726.59375,0,,0,0,0,0,0,1,0,3,0,1,0,0,0,60.0,0,0,0,0
17,SCMM,732.6875,0,,0,0,0,0,0,1,0,3,0,1,1,0,0,60.0,0,0,0,0
17,SCMM,737.7451171875,0,,0,0,0,0,0,1,0,3,0,1,1,0,0,60.0,0,0,0,0
17,SCMM,743.921875,0,,0,0,0,0,0,1,0,3,0,0,1,0,0,60.0,0,0,0,0
17,SCMM,749.013671875,0,,1,0,0,0,0,1,0,3,0,0,1,0,0,60.0,0,0,0,0
17,SCMM,754.0888671875,0,,0,0,0,0,0,1,0,3,0,0,1,0,0,60.0,0,0,0,0
17,SCMM,759.6650390625,0,,0,0,0,0,0,1,0,3,0,0,1,0,0,60.0,0,0,0,0
17,SCMM,765.9921875,0,,0,0,0,0,0,1,0,3,0,0,2,0,0,60.0,0,0,0,0
17,SCMM,772.8203125,0,,1,0,0,0,0,1,0,3,0,0,1,0,0,60.0,0,0,0,0
17,SCSB,49.607421875,0,,0,0,1,0,1,0,0,0,0,1,0,0,0,60.0,0,0,0,1
17,SCSB,54.7060546875,0,,0,0,1,0,1,0,2,1,0,1,0,0,0,4.1796875,0,0,2,1
17,SCSB,61.2939453125,0,,0,0,1,0,1,0,2,2,0,1,1,0,0,10.767578125,0,0,2,1
17,SCSB,66.54296875,0,,0,0,1,0,1,0,2,3,2,1,1,0,0,16.0166015625,0,0,2,3
17,SCSB,72.1103515625,0,,0,0,1,0,1,0,0,3,3,0,1,0,0,21.583984375,0,0,0,3
17,SCSB,78.4296875,0,,0,0,1,0,1,0,0,3,3,0,1,0,0,27.9033203125,0,0,0,3
17,SCSB,85.234375,0,,0,0,1,0,1,0,0,3,1,0,1,0,0,34.7080078125,0,0,0,1
17,SCSB,90.583984375,0,,0,0,1,0,1,0,0,3,0,0,1,0,0,40.0576171875,0,0,0,0
17,SCSB,96.3017578125,0,,0,0,1,0,1,0,0,3,0,0,2,0,0,45.775390625,0,0,0,0
17,SCSB,101.568359375,0,,0,0,1,0,1,0,0,3,0,0,1,1,0,51.0419921875,0,0,0,0
17,SCSB,106.6171875,0,,0,0,1,0,1,0,0,3,0,0,1,1,0,56.0908203125,0,0,0,0
17,SCSB,112.8369140625,0,,0,0,1,0,1,0,0,3,0,0,1,1,0,60.0,0,0,0,0
17,SCSB,118.5380859375,0,,0,0,1,0,1,0,0,3,0,0,1,1,0,60.0,0,0,0,0
17,SCSB,123.8876953125,0,,0,0,1,0,1,0,0,3,0,0,1,0,0,60.0,0,0,0,0
17,SCSB,129.037109375,0,,0,0,1,0,1,0,0,3,0,0,1,0,0,60.0,0,0,0,0
17,SCSB,134.8212890625,0,,0,0,1,0,1,0,0,3,0,0,1,0,0,60.0,0,0,0,0
17,SCSB,141.84375,0,,0,0,1,0,1,0,0,3,1,0,1,0,0,60.0,0,0,0,1
17,SCSB,147.34375,0,,1,0,1,0,1,0,0,3,2,0,1,0,0,60.0,0,2,0,2
17,SCSB,152.392578125,0,,0,0,1,0,1,0,2,3,2,0,1,0,0,4.396484375,0,0,2,2
17,SCSB,159.0302734375,0,,0,0,1,0,1,0,2,3,2,0,1,1,0,11.0341796875,0,0,2,2
17,SCSB,165.6669921875,0,,0,0,1,0,1,0,2,3,0,1,1,1,0,17.6708984375,0,0,2,1
17,SCSB,171.2685546875,0,,1,0,1,0,1,0,0,3,0,1,1,1,0,23.2724609375,0,1,0,1
17,SCSB,177.4208984375,0,,0,0,1,0,1,0,0,3,0,1,1,1,0,29.4248046875,0,0,0,1
17,SCSB,183.1220703125,0,,0,0,1,0,1,0,0,3,1,0,1,0,0,35.1259765625,0,0,0,1
17,SCSB,188.638671875,0,,0,0,1,0,1,0,0,3,2,0,1,0,0,40.642578125,0,0,0,2
17,SCSB,195.509765625,0,,0,0,1,0,1,0,0,3,2,0,1,1,0,47.513671875,0,0,0,2
17,SCSB,201.5283203125,0,,0,0,1,0,1,0,0,3,2,0,1,1,0,53.5322265625,0,0,0,2
17,SCSB,206.7451171875,0,,0,0,1,0,1,0,0,3,2,0,1,1,0,58.7490234375,0,0,0,2
17,SCSB,213.03125,0,,0,0,1,0,1,0,0,3,2,0,1,0,0,60.0,0,0,0,2
17,SCSB,219.0830078125,0,,1,0,1,0,1,0,0,3,2,0,1,0,0,60.0,0,2,0,2
17,SCSB,225.4033203125,0,,0,0,1,0,1,0,0,3,2,0,1,0,0,60.0,0,0,0,2
17,SCSB,231.9736328125,0,,1,0,1,0,1,0,0,3,2,0,1,0,0,60.0,0,2,0,2
17,SCSB,238.560546875,0,,0,0,1,0,1,0,0,3,2,0,1,0,0,60.0,0,0,0,2
17,SCSB,244.412109375,0,,0,0,1,0,1,0,0,3,2,2,1,1,0,60.0,0,0,0,4
17,SCSB,250.513671875,0,,0,0,1,0,1,0,0,3,2,4,1,1,0,60.0,0,0,0,6
17,SCSB,256.75,0,,0,0,1,0,1,0,0,3,4,4,1,3,0,60.0,0,0,0,8
17,SCSB,263.169921875,0,,0,0,1,0,1,0,0,3,5,3,1,2,0,60.0,0,0,0,8
17,SCSB,268.7041015625,0,,0,0,1,0,1,0,0,3,4,1,1,3,0,60.0,0,0,0,5
17,SCSB,275.6083984375,0,,0,0,1,0,1,0,0,3,5,0,1,1,0,60.0,0,0,0,5
17,SCSB,282.212890625,0,,0,0,1,0,1,0,0,3,5,0,1,1,0,60.0,0,0,0,5
17,SCSB,287.2783203125,0,,0,0,1,0,1,0,0,3,4,0,1,0,0,60.0,0,0,0,4
17,SCSB,293.1796875,0,,0,0,1,0,1,0,0,3,2,0,1,0,0,60.0,0,0,0,2
17,SCSB,299.181640625,0,,0,0,1,0,1,0,0,3,1,0,1,0,0,60.0,0,0,0,1
17,SCSB,304.5986328125,0,,0,0,1,0,1,0,0,3,1,0,1,0,0,60.0,0,0,0,1
17,SCSB,310.818359375,0,,1,0,1,0,1,0,0,3,2,0,1,0,0,60.0,0,2,0,2
17,SCSB,317.3046875,0,,0,0,1,0,1,0,0,3,2,0,1,0,0,60.0,0,0,0,2
17,SCSB,324.076171875,0,,0,0,1,0,1,0,0,3,3,0,1,0,0,60.0,0,0,0,3
17,SCSB,329.7099609375,0,,0,0,1,0,1,0,0,3,3,0,1,0,0,60.0,0,0,0,3
17,SCSB,335.2939453125,0,,0,0,1,0,1,0,0,3,3,0,1,0,0,60.0,0,0,0,3
17,SCSB,342.3154296875,0,,0,0,1,0,1,0,0,3,2,1,1,1,0,60.0,0,0,0,3
17,SCSB,347.58203125,0,,0,0,1,0,1,0,0,3,0,1,1,1,0,60.0,0,0,0,1
17,SCSB,353.2158203125,0,,0,0,1,0,1,0,0,3,0,1,2,1,0,60.0,0,0,0,1
17,SCSB,359.16796875,0,,0,0,1,0,1,0,0,3,0,0,1,0,0,60.0,0,0,0,0
17,SCSB,364.517578125,0,,1,0,1,0,1,0,0,3,0,0,1,0,0,60.0,0,0,0,0
17,SCSB,371.171875,0,,1,0,1,0,1,0,0,3,0,0,1,1,0,60.0,0,0,0,0
17,SCSB,377.1240234375,0,,0,0,1,0,1,0,0,3,0,0,1,2,0,60.0,0,0,0,0
17,SCSB,383.3095703125,0,,0,0,1,0,1,0,0,3,0,0,1,2,0,60.0,0,0,0,0
17,SCSB,390.046875,0,,0,0,1,0,1,0,1,3,0,0,1,1,0,6.0849609375,0,0,1,0
17,SCSB,395.1298828125,0,,0,0,1,0,1,0,1,3,0,0,1,1,0,11.16796875,0,0,1,0
17,SCSB,401.03125,0,,0,0,1,0,1,0,1,3,1,0,1,2,0,17.0693359375,0,0,1,1
17,SCSB,407.4677734375,0,,0,0,1,0,1,0,0,3,2,1,1,2,0,23.505859375,0,0,0,3
17,SCSB,412.55078125,0,,0,0,1,0,1,0,0,3,3,1,0,1,0,28.5888671875,0,0,0,4
17,SCSB,417.8330078125,0,,0,0,1,0,1,0,0,3,4,1,0,1,0,33.87109375,0,0,0,5
17,SCSB,424.587890625,0,,0,0,1,0,1,0,0,3,2,0,0,1,0,40.6259765625,0,0,0,2
17,SCSB,430.0546875,0,,0,0,1,0,1,0,0,3,1,0,0,2,0,46.0927734375,0,0,0,1
17,SCSB,436.5078125,0,,0,0,1,0,1,0,0,3,0,0,0,1,0,52.5458984375,0,0,0,0
17,SCSB,442.326171875,0,,1,0,1,0,1,0,0,3,0,0,0,1,0,58.3642578125,0,0,0,0
17,SCSB,447.9765625,0,,0,0,1,0,1,0,0,3,2,0,0,0,0,60.0,0,0,0,2
17,SCSB,453.0263671875,0,,0,0,1,0,1,0,0,3,2,0,0,0,0,60.0,0,0,0,2
17,SCSB,459.0947265625,0,,0,0,1,0,1,0,0,3,2,0,0,0,0,60.0,0,0,0,2
17,SCSB,465.615234375,0,,0,0,1,0,1,0,0,3,1,0,0,1,0,60.0,0,0,0,1
17,SCSB,471.9853515625,0,,0,0,1,0,1,0,0,3,1,0,0,2,0,60.0,0,0,0,1
17,SCSB,478.0869140625,0,,0,0,1,0,1,0,0,3,1,0,1,3,0,60.0,0,0,0,1
17,SCSB,484.45703125,0,,1,0,1,0,1,0,0,3,1,0,1,2,0,60.0,0,1,0,1
17,SCSB,489.70703125,0,,0,0,1,0,1,0,2,3,0,0,1,1,0,4.615234375,0,0,2,0
17,SCSB,495.9931640625,0,,0,0,1,0,1,0,2,3,0,0,1,0,0,10.9013671875,0,0,2,0
17,SCSB,502.7138671875,0,,0,0,1,0,1,0,2,3,0,0,1,0,0,17.6220703125,0,0,2,0
17,SCSB,507.962890625,0,,0,0,1,0,1,0,0,3,0,0,1,0,0,22.87109375,0,0,0,0
17,SCSB,514.2666015625,0,,0,0,1,0,1,0,0,3,0,0,1,0,0,29.1748046875,0,0,0,0
17,SCSB,519.44921875,0,,0,0,1,0,1,0,0,3,0,1,1,1,0,34.357421875,0,0,0,1
17,SCSB,525.6015625,0,,0,0,1,0,1,0,0,3,0,1,1,1,0,40.509765625,0,0,0,1
17,SCSB,531.904296875,0,,0,0,1,0,1,0,0,3,0,1,1,1,0,46.8125,0,0,0,1
17,SCSB,537.939453125,0,,0,0,1,0,1,0,0,3,0,1,1,1,0,52.84765625,0,0,0,1
17,SCSB,544.927734375,0,,0,0,1,0,1,0,0,3,0,0,1,1,0,59.8359375,0,0,0,0
17,SCSB,550.1943359375,0,,0,0,1,0,1,0,0,3,0,0,1,2,0,60.0,0,0,0,0
17,SCSB,557.015625,0,,0,0,1,0,1,0,0,3,0,0,1,1,0,60.0,0,0,0,0
17,SCSB,562.716796875,0,,0,0,1,0,1,0,0,3,0,0,1,1,0,60.0,0,0,0,0
17,SCSB,569.01953125,0,,0,0,1,0,1,0,0,3,0,0,1,0,0,60.0,0,0,0,0
17,SCSB,575.0712890625,0,,0,0,1,0,1,0,0,3,0,0,1,1,0,60.0,0,0,0,0
17,SCSB,581.6083984375,0,,0,0,1,0,1,0,0,3,0,0,1,2,0,60.0,0,0,0,0
17,SCSB,588.396484375,0,,0,0,1,0,1,0,0,3,1,0,1,2,0,60.0,0,0,0,1
17,SCSB,593.779296875,0,,0,0,1,0,1,0,0,3,1,0,1,1,0,60.0,0,0,0,1
17,SCSB,599.4140625,0,,0,0,1,0,1,0,0,3,1,0,1,1,0,60.0,0,0,0,1
17,SCSB,605.44921875,0,,0,0,1,0,1,0,0,3,2,0,1,2,0,60.0,0,0,0,2
17,SCSB,611.1669921875,0,,1,0,1,0,1,0,0,3,1,0,1,3,0,60.0,0,1,0,1
17,SCSB,617.955078125,0,,0,0,1,0,1,0,2,3,1,0,1,2,0,6.0693359375,0,0,2,1
17,SCSB,623.6552734375,0,,0,0,1,0,1,0,2,3,0,0,1,2,0,11.76953125,0,0,2,0
17,SCSB,629.875,0,,1,0,1,0,1,0,2,3,0,0,1,1,0,17.9892578125,2,0,2,0
17,SCSB,636.595703125,0,,0,0,1,0,1,0,0,3,0,0,1,0,0,24.7099609375,0,0,0,0
17,SCSB,643.0830078125,0,,0,0,1,0,1,0,0,3,0,0,1,0,0,31.197265625,0,0,0,0
17,SCSB,648.1318359375,0,,0,0,1,0,1,0,0,3,0,0,1,0,0,36.24609375,0,0,0,0
17,SCSB,654.3671875,0,,0,0,1,0,1,0,0,3,0,0,1,1,0,42.4814453125,0,0,0,0
17,SCSB,661.3896484375,0,,0,0,1,0,1,0,0,3,1,0,1,1,0,49.50390625,0,0,0,1
17,SCSB,668.27734375,0,,0,0,1,0,1,0,0,3,2,0,1,1,0,56.3916015625,0,0,0,2
17,SCSB,674.48046875,0,,0,0,1,0,1,0,0,3,2,0,0,0,0,60.0,0,0,0,2
17,SCSB,679.9306640625,0,,0,0,1,0,1,0,0,3,2,0,0,0,0,60.0,0,0,0,2
17,SCSB,685.865234375,0,,1,0,1,0,1,0,0,3,1,0,0,0,0,60.0,0,1,0,1
17,SCSB,692.787109375,0,,1,0,1,0,1,0,0,3,0,0,0,0,0,60.0,0,0,0,0
17,SCSB,699.2734375,0,,0,0,1,0,1,0,0,3,1,0,0,0,1,60.0,0,0,0,1
17,SCSB,706.078125,0,,0,0,1,0,1,0,0,3,3,1,0,0,1,60.0,0,0,0,4
17,SCSB,711.7119140625,0,,0,0,1,0,1,0,1,2,4,1,0,0,1,0.6181640625,0,0,1,5
17,SCSB,717.0625,0,,0,0,1,0,1,0,1,2,4,1,0,0,1,5.96875,0,0,1,5
17,SCSB,723.0478515625,0,,0,0,1,0,1,0,1,2,2,0,0,0,1,11.9541015625,0,0,1,2
17,SCSB,729.66796875,0,,0,0,1,0,1,0,1,3,0,0,0,0,1,18.57421875,0,0,1,0
17,SCSB,734.833984375,0,,1,0,1,0,1,0,0,3,0,0,0,0,1,23.740234375,0,0,0,0
17,SCSB,739.9169921875,0,,0,0,1,0,1,0,2,3,0,0,1,1,1,4.447265625,0,0,2,0
17,SCSB,745.583984375,0,,1,0,1,0,1,0,2,3,2,0,1,1,1,10.1142578125,2,2,2,2
17,SCSB,751.9873046875,0,,0,0,1,0,1,0,4,3,2,0,1,2,1,5.7841796875,0,0,4,2
17,SCSB,758.4912109375,0,,0,0,1,0,1,0,2,3,2,0,1,1,0,12.2880859375,0,0,2,2
17,SCSB,764.5263671875,0,,0,0,1,0,1,0,2,3,3,0,1,1,0,18.3232421875,0,0,2,3
17,SCSB,771.197265625,0,,0,0,1,0,1,0,0,3,4,0,1,0,0,24.994140625,0,0,0,4
17,SCSB,776.36328125,0,,0,0,1,0,1,0,0,3,4,0,1,0,0,30.16015625,0,0,0,4
17,SCSG,43.2333984375,0,,0,0,0,0,1,0,0,0,0,1,0,0,0,60.0,0,0,0,0
17,SCSG,50.09375,0,,0,0,0,0,1,0,2,1,0,1,0,0,0,5.8427734375,0,0,0,0
17,SCSG,56.3203125,0,,0,0,0,0,1,0,2,2,0,1,1,0,0,12.0693359375,0,0,0,0
17,SCSG,61.5107421875,0,,1,0,0,0,1,0,2,3,1,1,1,0,0,17.259765625,2,2,0,0
17,SCSG,68.1044921875,0,,0,0,0,0,1,0,2,3,1,0,1,1,0,6.0419921875,0,0,0,0
17,SCSG,73.529296875,0,,0,0,0,0,1,0,2,3,1,0,1,1,0,11.466796875,0,0,0,0
17,SCSG,79.7392578125,0,,0,0,0,0,1,0,2,3,0,0,1,1,0,17.6767578125,0,0,0,0
17,SCSG,86.1328125,0,,0,0,0,0,1,0,0,3,1,0,1,0,0,24.0703125,0,0,0,0
17,SCSG,93.0595703125,0,,0,0,0,0,1,0,0,3,1,0,1,1,0,30.9970703125,0,0,0,0
17,SCSG,99.7705078125,0,,0,0,0,0,1,0,0,3,1,0,1,2,0,37.7080078125,0,0,0,0
17,SCSG,106.3466796875,0,,0,0,0,0,1,0,0,3,0,0,1,2,0,44.2841796875,0,0,0,0
17,SCSG,111.9716796875,0,,0,0,0,0,1,0,0,3,0,0,1,1,0,49.9091796875,0,0,0,0
17,SCSG,117.2802734375,0,,0,0,0,0,1,0,0,3,1,0,1,1,0,55.2177734375,0,0,0,0
17,SCSG,122.97265625,0,,0,0,0,0,1,0,0,3,1,0,1,0,0,60.0,0,0,0,0
17,SCSG,129.0146484375,0,,0,0,0,0,1,0,0,3,1,0,1,0,0,60.0,0,0,0,0
17,SCSG,135.9091796875,0,,0,0,0,0,1,0,0,3,0,0,1,2,0,60.0,0,0,0,0
17,SCSG,142.0849609375,0,,0,0,0,0,1,0,0,3,0,0,1,2,0,60.0,0,0,0,0
17,SCSG,148.328125,0,,1,0,0,0,1,0,0,3,0,0,1,2,0,60.0,0,0,0,0
17,SCSG,154.2373046875,0,,0,0,0,0,1,0,0,3,0,0,1,1,0,60.0,0,0,0,0
17,SCSG,159.8955078125,0,,0,0,0,0,1,0,0,3,0,0,1,0,0,60.0,0,0,0,0
17,SCSG,166.6728515625,0,,0,0,0,0,1,0,0,3,0,0,0,0,0,60.0,0,0,0,0
17,SCSG,173.583984375,0,,0,0,0,0,1,0,0,3,0,0,1,1,0,60.0,0,0,0,0
17,SCSG,180.578125,0,,0,0,0,0,1,0,0,2,0,0,1,1,0,60.0,0,0,0,0
17,SCSG,186.0693359375,0,,0,0,0,0,1,0,0,3,0,0,2,2,0,60.0,0,0,0,0
17,SCSG,192.462890625,0,,0,0,0,0,1,0,0,3,0,0,1,1,0,60.0,0,0,0,0
17,SCSG,197.970703125,0,,0,0,0,0,1,0,0,3,1,0,1,2,0,60.0,0,0,0,0
17,SCSG,204.263671875,0,,0,0,0,0,1,0,0,3,1,0,1,3,0,60.0,0,0,0,0
17,SCSG,210.15625,0,,0,0,0,0,1,0,0,3,1,0,1,2,0,60.0,0,0,0,0
17,SCSG,216.2490234375,0,,1,0,0,0,1,0,0,3,0,0,1,1,0,60.0,0,0,0,0
17,SCSG,221.791015625,0,,0,0,0,0,1,0,0,3,0,0,1,0,0,60.0,0,0,0,0
17,SCSG,228.8017578125,0,,0,0,0,0,1,0,0,3,0,0,1,0,0,60.0,0,0,0,0
17,SCSG,235.2451171875,0,,0,0,0,0,1,0,0,3,0,0,1,0,0,60.0,0,0,0,0
17,SCSG,241.1708984375,0,,0,0,0,0,1,0,0,3,0,0,1,0,0,60.0,0,0,0,0
17,SCSG,246.529296875,0,,0,0,0,0,1,0,0,3,0,0,1,0,0,60.0,0,0,0,0
17,SCSG,252.888671875,0,,0,0,0,0,1,0,0,3,0,0,1,1,0,60.0,0,0,0,0
17,SCSG,259.181640625,0,,0,0,0,0,1,0,0,3,1,1,1,1,0,60.0,0,0,0,0
17,SCSG,265.9755859375,0,,0,0,0,0,1,0,0,3,1,1,1,2,0,60.0,0,0,0,0
17,SCSG,271.1005859375,0,,1,0,0,0,1,0,0,3,2,1,1,1,0,60.0,0,3,0,0
17,SCSG,277.626953125,0,,0,0,0,0,1,0,2,3,1,0,1,1,0,6.0087890625,0,0,0,0
17,SCSG,283.4697265625,0,,1,0,0,0,1,0,2,3,1,0,1,1,0,11.8515625,2,1,0,0
17,SCSG,289.228515625,0,,1,0,0,0,1,0,2,3,0,0,1,0,0,17.6103515625,2,0,0,0
17,SCSG,295.7880859375,0,,0,0,0,0,1,0,0,3,0,0,1,0,0,24.169921875,0,0,0,0
17,SCSG,301.4638671875,0,,0,0,0,0,1,0,0,3,0,0,1,0,0,29.845703125,0,0,0,0
17,SCSG,307.3056640625,0,,0,0,0,0,1,0,0,3,0,0,1,0,0,35.6875,0,0,0,0
17,SCSG,313.1982421875,0,,0,0,0,0,1,0,0,3,0,0,1,0,0,41.580078125,0,0,0,0
17,SCSG,319.724609375,0,,0,0,0,0,1,0,0,3,2,0,1,0,0,48.1064453125,0,0,0,0
17,SCSG,325.701171875,0,,0,0,0,0,1,0,0,3,2,0,1,0,0,54.0830078125,0,0,0,0
17,SCSG,332.328125,0,,0,0,0,0,1,0,1,2,2,0,1,0,0,1.619140625,0,0,0,0
17,SCSG,338.0537109375,0,,0,0,0,0,1,0,1,2,0,0,1,0,0,7.3447265625,0,0,0,0
17,SCSG,343.361328125,0,,0,0,0,0,1,0,1,2,0,0,2,0,0,12.65234375,0,0,0,0
17,SCSG,349.00390625,0,,0,0,0,0,1,0,1,3,0,0,1,0,0,18.294921875,0,0,0,0
17,SCSG,355.763671875,0,,0,0,0,0,1,0,0,3,0,0,1,0,0,25.0546875,0,0,0,0
17,SCSG,361.0048828125,0,,0,0,0,0,1,0,0,3,0,0,1,0,0,30.2958984375,0,0,0,0
17,SCSG,367.7822265625,0,,0,0,0,0,1,0,0,3,0,0,1,0,0,37.0732421875,0,0,0,0
17,SCSG,373.80859375,0,,0,0,0,0,1,0,0,3,0,0,1,0,0,43.099609375,0,0,0,0
17,SCSG,379.7509765625,0,,0,0,0,0,1,0,0,3,0,0,1,0,0,49.0419921875,0,0,0,0
17,SCSG,385.0419921875,0,,0,0,0,0,1,0,0,3,0,0,1,0,0,54.3330078125,0,0,0,0
17,SCSG,390.333984375,0,,1,0,0,0,1,0,0,3,2,1,1,0,0,59.625,0,3,0,0
17,SCSG,397.14453125,0,,0,0,0,0,1,0,2,3,3,1,1,0,0,6.16015625,0,0,0,0
17,SCSG,402.318359375,0,,0,0,0,0,1,0,2,3,5,1,0,0,0,11.333984375,0,0,0,0
17,SCSG,407.994140625,0,,0,0,0,0,1,0,2,3,5,1,0,0,0,17.009765625,0,0,0,0
17,SCSG,414.3876953125,0,,0,0,0,0,1,0,0,3,2,0,0,0,0,23.4033203125,0,0,0,0
17,SCSG,420.513671875,0,,0,0,0,0,1,0,0,3,0,0,0,0,0,29.529296875,0,0,0,0
17,SCSG,425.705078125,0,,0,0,0,0,1,0,0,3,0,0,0,0,0,34.720703125,0,0,0,0
17,SCSG,432.431640625,0,,0,0,0,0,1,0,0,3,2,0,0,0,0,41.447265625,0,0,0,0
17,SCSG,438.69140625,0,,0,0,0,0,1,0,0,3,2,0,0,0,0,47.70703125,0,0,0,0
17,SCSG,445.501953125,0,,0,0,0,0,1,0,0,3,2,0,0,0,0,54.517578125,0,0,0,0
17,SCSG,451.7783203125,0,,0,0,0,0,1,0,0,3,2,0,0,0,0,60.0,0,0,0,0
17,SCSG,457.1865234375,0,,0,0,0,0,1,0,0,3,1,0,0,0,0,60.0,0,0,0,0
17,SCSG,462.27734375,0,,0,0,0,0,1,0,0,3,1,0,0,0,0,60.0,0,0,0,0
17,SCSG,467.919921875,0,,0,0,0,0,1,0,0,3,1,0,1,0,0,60.0,0,0,0,0
17,SCSG,474.2294921875,0,,0,0,0,0,1,0,0,3,0,0,1,0,0,60.0,0,0,0,0
17,SCSG,481.173828125,0,,0,0,0,0,1,0,0,3,0,0,1,0,0,60.0,0,0,0,0
17,SCSG,486.248046875,0,,0,0,0,0,1,0,0,3,0,0,1,0,0,60.0,0,0,0,0
17,SCSG,492.908203125,0,,0,0,0,0,1,0,0,3,0,0,1,0,0,60.0,0,0,0,0
17,SCSG,498.951171875,0,,0,0,0,0,1,0,0,3,1,0,1,0,0,60.0,0,0,0,0
17,SCSG,505.978515625,0,,0,0,0,0,1,0,0,3,2,0,1,0,0,60.0,0,0,0,0
17,SCSG,512.23828125,0,,0,0,0,0,1,0,0,3,2,0,1,0,0,60.0,0,0,0,0
17,SCSG,517.7294921875,0,,0,0,0,0,1,0,0,3,2,0,1,0,0,60.0,0,0,0,0
17,SCSG,524.5400390625,0,,1,0,0,0,1,0,0,3,1,0,1,0,0,60.0,0,1,0,0
17,SCSG,530.1650390625,0,,1,0,0,0,1,0,2,3,0,0,1,0,0,5.0068359375,2,0,0,0
17,SCSG,535.4072265625,0,,1,0,0,0,1,0,2,3,0,0,1,0,0,10.2490234375,2,0,0,0
17,SCSG,541.115234375,0,,1,0,0,0,1,0,2,3,0,0,1,0,0,15.95703125,2,0,0,0
17,SCSG,546.490234375,0,,0,0,0,0,1,0,0,3,0,0,1,0,0,21.33203125,0,0,0,0
17,SCSG,551.5654296875,0,,0,0,0,0,1,0,0,3,0,0,1,0,0,26.4072265625,0,0,0,0
17,SCSG,557.1572265625,0,,0,0,0,0,1,0,0,3,0,0,1,0,0,31.9990234375,0,0,0,0
17,SCSG,563.4169921875,0,,0,0,0,0,1,0,0,3,0,0,1,1,0,38.2587890625,0,0,0,0
17,SCSG,568.6083984375,0,,0,0,0,0,1,0,0,3,0,1,1,2,0,43.4501953125,0,0,0,0
17,SCSG,574.68359375,0,,0,0,0,0,1,0,0,3,0,1,1,2,0,49.525390625,0,0,0,0
17,SCSG,581.7109375,0,,1,0,0,0,1,0,0,3,0,1,1,2,0,56.552734375,0,1,0,0
17,SCSG,588.6220703125,0,,0,0,0,0,1,0,0,3,0,0,1,0,0,60.0,0,0,0,0
17,SCSG,595.4658203125,0,,0,0,0,0,1,0,0,2,0,0,1,0,0,60.0,0,0,0,0
17,SCSG,601.3916015625,0,,0,0,0,0,1,0,0,3,0,0,1,0,0,60.0,0,0,0,0
17,SCSG,607.9013671875,0,,0,0,0,0,1,0,0,3,0,0,1,0,0,60.0,0,0,0,0
17,SCSG,614.6787109375,0,,0,0,0,0,1,0,0,3,0,0,1,0,0,60.0,0,0,0,0
17,SCSG,621.5390625,0,,0,0,0,0,1,0,1,2,0,0,1,0,0,1.8525390625,0,0,0,0
17,SCSG,627.982421875,0,,0,0,0,0,1,0,1,2,0,0,1,0,0,8.2958984375,0,0,0,0
17,SCSG,633.94140625,0,,0,0,0,0,1,0,1,2,0,0,1,0,0,14.2548828125,0,0,0,0
17,SCSG,640.7353515625,0,,0,0,0,0,1,0,0,3,1,0,0,0,0,21.048828125,0,0,0,0
17,SCSG,646.5107421875,0,,0,0,0,0,1,0,0,3,3,0,0,1,0,26.82421875,0,0,0,0
17,SCSG,652.904296875,0,,0,0,0,0,1,0,0,3,4,0,0,1,0,33.2177734375,0,0,0,0
17,SCSG,658.830078125,0,,1,0,0,0,1,0,0,3,4,1,0,2,0,39.1435546875,0,5,0,0
17,SCSG,664.138671875,0,,0,0,0,0,1,0,0,3,2,1,0,1,0,44.4521484375,0,0,0,0
17,SCSG,670.6484375,0,,0,0,0,0,1,0,0,3,1,1,0,1,0,50.9619140625,0,0,0,0
17,SCSG,676.056640625,0,,0,0,0,0,1,0,0,3,0,0,0,1,0,56.3701171875,0,0,0,0
17,SCSG,681.94921875,0,,0,0,0,0,1,0,0,3,2,0,0,0,0,60.0,0,0,0,0
17,SCSG,687.6748046875,0,,0,0,0,0,1,0,0,3,2,0,0,0,0,60.0,0,0,0,0
17,SCSG,693.7001953125,0,,0,0,0,0,1,0,0,3,3,0,0,0,0,60.0,0,0,0,0
17,SCSG,700.2939453125,0,,0,0,0,0,1,0,0,3,2,0,0,0,0,60.0,0,0,0,0
17,SCSG,706.8369140625,0,,0,0,0,0,1,0,0,3,1,0,1,0,0,60.0,0,0,0,0
17,SCSG,711.9453125,0,,0,0,0,0,1,0,0,3,0,0,1,0,0,60.0,0,0,0,0
17,SCSG,717.13671875,0,,1,0,0,0,1,0,0,3,0,0,1,0,0,60.0,0,0,0,0
17,SCSG,723.61328125,0,,0,0,0,0,1,0,2,3,0,0,1,0,0,5.92578125,0,0,0,0
17,SCSG,730.2060546875,0,,0,0,0,0,1,0,2,3,0,0,1,0,0,12.5185546875,0,0,0,0
17,SCSG,737.1005859375,0,,0,0,0,0,1,0,2,3,0,0,1,0,0,19.4130859375,0,0,0,0
17,SCSG,743.2099609375,0,,0,0,0,0,1,0,0,3,0,0,1,0,0,25.5224609375,0,0,0,0
17,SCSG,748.818359375,0,,0,0,0,0,1,0,0,3,0,0,1,0,0,31.130859375,0,0,0,0
17,SCSG,754.494140625,0,,0,0,0,0,1,0,0,3,0,0,1,0,0,36.806640625,0,0,0,0
18,SCFB,21.6201171875,0,,0,0,1,1,0,0,0,0,0,1,0,0,0,60.0,0,0,0,1
18,SCFB,28.3359375,0,,0,0,1,1,0,0,0,1,0,1,0,0,0,60.0,0,0,0,1
18,SCFB,34.9169921875,0,,0,0,1,1,0,0,0,2,0,1,1,1,0,60.0,0,0,0,1
18,SCFB,41.03125,0,,0,0,1,1,0,0,0,3,0,1,1,1,0,60.0,0,0,0,1
18,SCFB,46.66015625,0,,0,0,1,1,0,0,0,3,0,0,1,1,0,60.0,0,0,0,0
18,SCFB,53.4423828125,0,,1,0,1,1,0,0,0,3,0,1,1,1,0,60.0,0,1,0,1
18,SCFB,58.6376953125,0,,0,0,1,1,0,0,0,3,0,1,1,1,0,60.0,0,0,0,1
18,SCFB,63.8154296875,0,,0,0,1,1,0,0,0,3,0,1,1,1,0,60.0,0,0,0,1
18,SCFB,69.51171875,0,,0,0,1,1,0,0,0,3,0,1,2,2,0,60.0,0,0,0,1
18,SCFB,75.5751953125,0,,0,0,1,1,0,0,0,3,0,0,1,2,0,60.0,0,0,0,0
18,SCFB,81.8564453125,0,,0,0,1,1,0,0,0,3,1,0,1,2,0,60.0,0,0,0,1
18,SCFB,87.5693359375,0,,0,0,1,1,0,0,0,3,1,0,1,3,0,60.0,0,0,0,1
18,SCFB,92.697265625,0,,0,0,1,1,0,0,0,3,1,0,1,3,0,60.0,0,0,0,1
18,SCFB,98.076171875,0,,1,0,1,1,0,0,0,3,2,0,1,2,0,60.0,0,2,0,2
18,SCFB,104.6748046875,0,,0,0,1,1,0,0,2,3,1,0,1,2,0,5.9140625,0,0,2,1
18,SCFB,109.953125,0,,0,0,1,1,0,0,2,3,1,0,1,2,0,11.1923828125,0,0,2,1
18,SCFB,116.517578125,0,,0,0,1,1,0,0,2,3,1,0,1,1,0,17.7568359375,0,0,2,1
18,SCFB,122.865234375,0,,0,0,1,1,0,0,0,3,0,0,1,2,0,24.1044921875,0,0,0,0
18,SCFB,129.59765625,0,,0,0,1,1,0,0,0,3,0,0,1,2,0,30.8369140625,0,0,0,0
18,SCFB,136.044921875,0,,0,0,1,1,0,0,0,3,0,1,1,3,0,37.2841796875,0,0,0,1
18,SCFB,142.1591796875,0,,0,0,1,1,0,0,0,3,0,2,1,2,0,43.3984375,0,0,0,2
18,SCFB,148.673828125,0,,0,0,1,1,0,0,0,3,1,2,2,1,0,49.9130859375,0,0,0,3
18,SCFB,154.6708984375,0,,0,0,1,1,0,0,0,3,1,1,1,0,0,55.91015625,0,0,0,2
18,SCFB,159.7822265625,0,,0,0,1,1,0,0,0,3,1,0,1,1,0,60.0,0,0,0,1
18,SCFB,166.59765625,0,,0,0,1,1,0,0,0,3,0,0,1,1,0,60.0,0,0,0,0
18,SCFB,171.9599609375,0,,0,0,1,1,0,0,0,3,0,0,1,1,0,60.0,0,0,0,0
18,SCFB,178.6416015625,0,,0,0,1,1,0,0,0,3,0,0,1,1,0,60.0,0,0,0,0
18,SCFB,184.705078125,0,,1,0,1,1,0,0,0,3,0,0,1,0,0,60.0,0,0,0,0
18,SCFB,190.4013671875,0,,0,0,1,1,0,0,0,3,0,0,1,1,0,60.0,0,0,0,0
18,SCFB,196.849609375,0,,0,0,1,1,0,0,0,3,0,0,1,1,0,60.0,0,0,0,0
18,SCFB,203.11328125,0,,0,0,1,1,0,0,0,3,0,0,1,2,0,60.0,0,0,0,0
18,SCFB,209.4775390625,1,0.9521484375,1,0,1,1,0,0,0,3,0,0,1,2,0,60.0,0,0,0,0
18,SCFB,215.892578125,0,,0,0,1,1,0,0,0,3,2,0,1,2,1,60.0,0,0,0,2
18,SCFB,221.154296875,0,,0,0,1,1,0,0,0,3,3,0,1,2,1,60.0,0,0,0,3
18,SCFB,227.1005859375,0,,0,0,1,1,0,0,2,3,3,0,1,1,1,5.3115234375,0,0,2,3
18,SCFB,233.248046875,0,,0,0,1,1,0,0,2,3,2,0,1,1,1,11.458984375,0,0,2,2
18,SCFB,239.74609375,0,,0,0,1,1,0,0,2,3,2,0,1,1,1,17.95703125,0,0,2,2
18,SCFB,246.7783203125,0,,0,0,1,1,0,0,0,3,1,0,1,1,1,24.9892578125,0,0,0,1
18,SCFB,253.109375,0,,0,0,1,1,0,0,0,3,3,0,1,1,1,31.3203125,0,0,0,3
18,SCFB,259.357421875,0,,0,0,1,1,0,0,0,3,2,0,1,1,1,37.568359375,0,0,0,2
18,SCFB,266.2392578125,0,,0,0,1,1,0,0,0,3,2,0,1,2,1,44.4501953125,0,0,0,2
18,SCFB,271.5849609375,0,,0,0,1,1,0,0,0,3,0,2,1,2,0,49.7958984375,0,0,0,2
18,SCFB,277.0634765625,0,,0,0,1,1,0,0,0,3,0,2,1,2,0,55.2744140625,0,0,0,2
18,SCFB,284.0966796875,0,,0,0,1,1,0,0,0,3,0,2,2,2,0,60.0,0,0,0,2
18,SCFB,289.291015625,0,,0,0,1,1,0,0,0,3,0,1,1,1,0,60.0,0,0,0,1
18,SCFB,294.5029296875,0,,0,0,1,1,0,0,0,3,0,0,1,2,0,60.0,0,0,0,0
18,SCFB,299.6484375,0,,0,0,1,1,0,0,0,3,0,0,1,3,0,60.0,0,0,0,0
18,SCFB,306.5634765625,0,,1,0,1,1,0,0,0,3,0,0,1,3,0,60.0,0,0,0,0
18,SCFB,312.0927734375,0,,1,0,1,1,0,0,0,3,0,0,1,5,0,60.0,0,0,0,0
18,SCFB,317.521484375,0,,0,0,1,1,0,0,0,3,0,0,1,4,0,60.0,0,0,0,0
18,SCFB,322.80078125,0,,0,0,1,1,0,0,0,3,0,0,2,4,0,60.0,0,0,0,0
18,SCFB,329.1484375,0,,0,0,1,1,0,0,0,3,1,0,1,3,0,60.0,0,0,0,1
18,SCFB,334.326171875,0,,1,0,1,1,0,0,0,3,2,0,1,2,0,60.0,0,2,0,2
18,SCFB,340.974609375,0,,0,0,1,1,0,0,0,3,4,0,1,2,0,60.0,0,0,0,4
18,SCFB,347.83984375,0,,0,0,1,1,0,0,0,3,4,0,1,1,0,60.0,0,0,0,4
18,SCFB,353.8701171875,0,,1,0,1,1,0,0,0,3,2,0,1,0,0,60.0,0,2,0,2
18,SCFB,360.1181640625,0,,0,0,1,1,0,0,2,3,1,0,1,0,0,5.61328125,0,0,2,1
18,SCFB,365.3466796875,0,,0,0,1,1,0,0,2,3,1,0,1,0,0,10.841796875,0,0,2,1
18,SCFB,371.376953125,0,,0,0,1,1,0,0,2,3,1,0,1,0,0,16.8720703125,0,0,2,1
18,SCFB,377.0732421875,0,,0,0,1,1,0,0,0,3,1,0,1,2,0,22.568359375,0,0,0,1
18,SCFB,382.16796875,0,,0,0,1,1,0,0,0,3,2,1,0,2,0,27.6630859375,0,0,0,3
18,SCFB,387.998046875,0,,0,0,1,1,0,0,0,3,3,1,0,2,0,33.4931640625,0,0,0,4
18,SCFB,393.927734375,0,,0,0,1,1,0,0,0,3,2,1,0,1,0,39.4228515625,0,0,0,3
18,SCFB,400.4091796875,0,,0,0,1,1,0,0,0,3,1,0,0,2,0,45.904296875,0,0,0,1
18,SCFB,406.2890625,0,,0,0,1,1,0,0,0,3,0,0,0,2,0,51.7841796875,0,0,0,0
18,SCFB,413.1044921875,0,,0,0,1,1,0,0,0,3,0,0,0,2,0,58.599609375,0,0,0,0
18,SCFB,419.7021484375,0,,0,0,1,1,0,0,0,3,0,0,0,0,0,60.0,0,0,0,0
18,SCFB,426.1669921875,0,,0,0,1,1,0,0,0,3,1,0,0,0,0,60.0,0,0,0,1
18,SCFB,431.6796875,0,,0,0,1,1,0,0,0,3,1,0,0,0,0,60.0,0,0,0,1
18,SCFB,436.8916015625,0,,0,0,1,1,0,0,0,3,1,0,0,0,0,60.0,0,0,0,1
18,SCFB,443.40625,0,,0,0,1,1,0,0,0,3,3,1,0,2,0,60.0,0,0,0,4
18,SCFB,450.1376953125,0,,0,0,1,1,0,0,0,3,2,1,0,2,0,60.0,0,0,0,3
18,SCFB,455.7001953125,0,,0,0,1,1,0,0,0,3,2,1,0,2,0,60.0,0,0,0,3
18,SCFB,461.1796875,0,,0,0,1,1,0,0,0,3,1,1,1,1,0,60.0,0,0,0,2
18,SCFB,466.2412109375,0,,0,0,1,1,0,0,0,3,0,0,1,0,0,60.0,0,0,0,0
18,SCFB,472.5556640625,0,,0,0,1,1,0,0,0,3,0,0,1,0,0,60.0,0,0,0,0
18,SCFB,479.3876953125,0,,0,0,1,1,0,0,0,3,0,0,1,0,0,60.0,0,0,0,0
18,SCFB,485.4677734375,0,,0,0,1,1,0,0,0,3,0,0,1,0,0,60.0,0,0,0,0
18,SCFB,491.9658203125,0,,1,0,1,1,0,0,0,3,0,0,1,0,0,60.0,0,0,0,0
18,SCFB,497.02734375,0,,0,0,1,1,0,0,2,3,0,0,1,0,0,4.3095703125,0,0,2,0
18,SCFB,503.7587890625,0,,1,0,1,1,0,0,2,3,0,0,1,0,0,11.041015625,2,0,2,0
18,SCFB,509.4384765625,0,,0,0,1,1,0,0,2,3,0,0,1,0,0,16.720703125,0,0,2,0
18,SCFB,515.703125,0,,0,0,1,1,0,0,1,2,0,0,1,1,0,1.2529296875,0,0,1,0
18,SCFB,521.9833984375,0,,0,0,1,1,0,0,1,2,1,0,1,2,0,7.533203125,0,0,1,1
18,SCFB,528.615234375,0,,0,0,1,1,0,0,1,2,3,0,1,2,0,14.1650390625,0,0,1,3
18,SCFB,534.3447265625,0,,1,0,1,1,0,0,1,3,3,0,1,2,0,19.89453125,1,3,1,3
18,SCFB,539.47265625,0,,1,0,1,1,0,0,0,3,2,0,1,0,0,25.0224609375,0,2,0,2
18,SCFB,545.51953125,0,,0,0,1,1,0,0,0,3,0,0,1,0,0,31.0693359375,0,0,0,0
18,SCFB,550.6982421875,0,,0,0,1,1,0,0,0,3,1,0,1,0,0,36.248046875,0,0,0,1
18,SCFB,556.4443359375,0,,0,0,1,1,0,0,0,3,1,0,1,0,0,41.994140625,0,0,0,1
18,SCFB,561.7060546875,0,,0,0,1,1,0,0,0,3,1,0,1,0,0,47.255859375,0,0,0,1
18,SCFB,567.853515625,0,,0,0,1,1,0,0,0,3,1,0,1,0,0,53.4033203125,0,0,0,1
18,SCFB,573.8505859375,0,,0,0,1,1,0,0,0,3,0,0,1,0,0,59.400390625,0,0,0,0
18,SCFB,580.4658203125,0,,0,0,1,1,0,0,0,3,2,0,1,1,0,60.0,0,0,0,2
18,SCFB,586.74609375,0,,0,0,1,1,0,0,0,3,3,0,1,1,0,60.0,0,0,0,3
18,SCFB,593.060546875,0,,0,0,1,1,0,0,0,3,3,0,1,1,0,60.0,0,0,0,3
18,SCFB,600.04296875,0,,0,0,1,1,0,0,0,3,2,0,1,1,0,60.0,0,0,0,2
18,SCFB,605.939453125,0,,0,0,1,1,0,0,0,3,2,0,1,1,0,60.0,0,0,0,2
18,SCFB,611.703125,0,,0,0,1,1,0,0,0,3,2,0,1,1,0,60.0,0,0,0,2
18,SCFB,617.1650390625,0,,0,0,1,1,0,0,0,3,2,0,1,1,0,60.0,0,0,0,2
18,SCFB,623.37890625,0,,0,0,1,1,0,0,0,3,0,0,1,0,0,60.0,0,0,0,0
18,SCFB,628.94140625,0,,1,0,1,1,0,0,0,3,0,0,1,0,0,60.0,0,0,0,0
18,SCFB,634.4375,0,,0,0,1,1,0,0,2,3,0,0,1,0,0,4.9111328125,0,0,2,0
18,SCFB,639.6162109375,0,,0,0,1,1,0,0,2,3,0,0,1,0,0,10.08984375,0,0,2,0
18,SCFB,644.6767578125,0,,1,0,1,1,0,0,2,3,0,0,1,0,0,15.150390625,2,0,2,0
18,SCFB,651.1748046875,0,,0,0,1,1,0,0,0,3,2,1,1,0,0,21.6484375,0,0,0,3
18,SCFB,657.890625,0,,0,0,1,1,0,0,0,3,2,1,0,0,0,28.3642578125,0,0,0,3
18,SCFB,663.703125,0,,0,0,1,1,0,0,0,3,2,1,0,0,0,34.1767578125,0,0,0,3
18,SCFB,669.5166015625,0,,0,0,1,1,0,0,0,3,1,1,0,0,0,39.990234375,0,0,0,2
18,SCFB,676.33203125,0,,0,0,1,1,0,0,0,3,0,0,0,0,0,46.8056640625,0,0,0,0
18,SCFB,682.3291015625,0,,0,0,1,1,0,0,0,3,0,0,0,0,0,52.802734375,0,0,0,0
18,SCFB,687.7578125,0,,0,0,1,1,0,0,0,3,0,0,0,0,0,58.2314453125,0,0,0,0
18,SCFB,693.2197265625,0,,0,0,1,1,0,0,0,3,2,0,0,0,0,60.0,0,0,0,2
18,SCFB,698.2978515625,0,,0,0,1,1,0,0,0,3,2,0,0,0,0,60.0,0,0,0,2
18,SCFB,704.779296875,0,,1,0,1,1,0,0,0,3,2,0,0,0,0,60.0,0,2,0,2
18,SCFB,711.27734375,0,,0,0,1,1,0,0,0,3,1,0,0,0,0,60.0,0,0,0,1
18,SCFB,717.1240234375,0,,0,0,1,1,0,0,0,3,0,0,0,0,0,60.0,0,0,0,0
18,SCFB,723.6884765625,0,,0,0,1,1,0,0,0,3,0,0,1,0,0,60.0,0,0,0,0
18,SCFB,730.0029296875,0,,0,0,1,1,0,0,0,3,1,0,1,0,0,60.0,0,0,0,1
18,SCFB,735.44921875,0,,0,0,1,1,0,0,0,3,1,0,1,0,0,60.0,0,0,0,1
18,SCFB,742.080078125,0,,0,0,1,1,0,0,0,3,1,0,2,0,0,60.0,0,0,0,1
18,SCFB,747.125,0,,0,0,1,1,0,0,0,3,0,0,1,0,0,60.0,0,0,0,0
18,SCFB,752.62109375,0,,0,0,1,1,0,0,0,3,0,0,1,0,0,60.0,0,0,0,0
18,SCFB,759.4033203125,0,,0,0,1,1,0,0,0,3,0,0,1,0,0,60.0,0,0,0,0
18,SCFB,765.6669921875,0,,0,0,1,1,0,0,0,3,0,0,1,0,0,60.0,0,0,0,0
18,SCFG,37.5859375,0,,0,0,0,1,0,0,0,0,0,1,0,0,0,60.0,0,0,0,0
18,SCFG,43.98046875,0,,0,0,0,1,0,0,0,1,0,1,0,1,0,60.0,0,0,0,0
18,SCFG,49.1728515625,0,,0,0,0,1,0,0,0,2,0,1,1,1,0,60.0,0,0,0,0
18,SCFG,54.6494140625,0,,0,0,0,1,0,0,0,3,0,1,1,1,0,60.0,0,0,0,0
18,SCFG,60.42578125,0,,0,0,0,1,0,0,0,3,1,0,1,3,0,60.0,0,0,0,0
18,SCFG,66.0361328125,0,,0,0,0,1,0,0,0,3,1,0,1,2,0,60.0,0,0,0,0
18,SCFG,72.8310546875,0,,1,0,0,1,0,0,0,3,1,0,1,2,0,60.0,0,1,0,0
18,SCFG,78.7421875,0,,0,0,0,1,0,0,2,3,0,0,1,0,0,5.2763671875,0,0,0,0
18,SCFG,85.4365234375,0,,0,0,0,1,0,0,2,3,0,0,1,0,0,11.970703125,0,0,0,0
18,SCFG,90.6630859375,0,,1,0,0,1,0,0,2,3,0,0,1,0,0,17.197265625,2,0,0,0
18,SCFG,97.0576171875,0,,0,0,0,1,0,0,0,3,1,0,1,1,0,23.591796875,0,0,0,0
18,SCFG,103.0009765625,0,,0,0,0,1,0,0,0,3,1,0,1,1,0,29.53515625,0,0,0,0
18,SCFG,108.16015625,0,,0,0,0,1,0,0,0,3,1,0,1,1,0,34.6943359375,0,0,0,0
18,SCFG,114.2041015625,0,,0,0,0,1,0,0,0,3,0,0,1,1,0,40.73828125,0,0,0,0
18,SCFG,119.279296875,0,,1,0,0,1,0,0,0,3,0,0,1,1,0,45.8134765625,0,0,0,0
18,SCFG,125.4736328125,0,,0,0,0,1,0,0,0,3,0,0,1,1,0,52.0078125,0,0,0,0
18,SCFG,131.701171875,1,0.8017578125,1,0,0,1,0,0,0,3,0,0,1,2,0,58.2353515625,0,0,0,0
18,SCFG,138.2294921875,0,,0,0,0,1,0,0,2,2,0,0,1,1,1,5.810546875,0,0,0,0
18,SCFG,144.9580078125,0,,0,0,0,1,0,0,2,2,0,0,1,1,1,12.5390625,0,0,0,0
18,SCFG,151.970703125,0,,1,0,0,1,0,0,2,2,1,0,1,1,1,19.5517578125,2,1,0,0
18,SCFG,158.314453125,0,,0,0,0,1,0,0,0,3,2,0,1,1,1,25.8955078125,0,0,0,0
18,SCFG,163.541015625,0,,0,0,0,1,0,0,0,3,2,0,1,1,1,31.1220703125,0,0,0,0
18,SCFG,168.6162109375,0,,0,0,0,1,0,0,0,3,2,0,1,1,1,36.197265625,0,0,0,0
18,SCFG,174.84375,0,,0,0,0,1,0,0,0,3,0,0,1,0,1,42.4248046875,0,0,0,0
18,SCFG,181.3388671875,0,,0,0,0,1,0,0,0,3,0,0,1,0,1,48.919921875,0,0,0,0
18,SCFG,186.6650390625,0,,0,0,0,1,0,0,0,3,0,0,1,0,1,54.24609375,0,0,0,0
18,SCFG,192.7255859375,0,,0,0,0,1,0,0,0,3,0,0,1,0,0,60.0,0,0,0,0
18,SCFG,198.435546875,0,,0,0,0,1,0,0,0,3,0,0,1,0,0,60.0,0,0,0,0
18,SCFG,203.6611328125,0,,1,0,0,1,0,0,0,3,0,0,1,0,0,60.0,0,0,0,0
18,SCFG,210.0888671875,0,,0,0,0,1,0,0,2,3,0,0,1,0,0,5.7431640625,0,0,0,0
18,SCFG,216.80078125,0,,0,0,0,1,0,0,2,3,1,1,1,1,0,12.455078125,0,0,0,0
18,SCFG,222.5439453125,0,,0,0,0,1,0,0,2,3,1,1,1,2,0,18.1982421875,0,0,0,0
18,SCFG,229.123046875,0,,0,0,0,1,0,0,0,3,1,1,1,2,0,24.77734375,0,0,0,0
18,SCFG,235.767578125,0,,0,0,0,1,0,0,0,3,0,0,1,1,0,31.421875,0,0,0,0
18,SCFG,241.310546875,0,,0,0,0,1,0,0,0,3,0,0,1,1,0,36.96484375,0,0,0,0
18,SCFG,247.337890625,0,,0,0,0,1,0,0,0,3,0,0,1,0,0,42.9921875,0,0,0,0
18,SCFG,253.515625,0,,1,0,0,1,0,0,0,3,0,0,1,0,0,49.169921875,0,0,0,0
18,SCFG,259.3427734375,0,,0,0,0,1,0,0,0,3,0,0,1,0,0,54.9970703125,0,0,0,0
18,SCFG,264.78515625,0,,1,0,0,1,0,0,0,3,0,0,1,0,0,60.0,0,0,0,0
18,SCFG,271.1298828125,0,,0,0,0,1,0,0,0,3,1,0,1,0,0,60.0,0,0,0,0
18,SCFG,277.291015625,0,,0,0,0,1,0,0,0,3,1,0,1,0,0,60.0,0,0,0,0
18,SCFG,282.3330078125,0,,0,0,0,1,0,0,0,3,1,0,1,0,0,60.0,0,0,0,0
18,SCFG,288.2763671875,0,,0,0,0,1,0,0,0,3,1,0,1,0,0,60.0,0,0,0,0
18,SCFG,294.4375,0,,0,0,0,1,0,0,0,3,0,0,1,0,0,60.0,0,0,0,0
18,SCFG,300.53125,0,,0,0,0,1,0,0,0,3,0,0,1,0,0,60.0,0,0,0,0
18,SCFG,305.8740234375,0,,0,0,0,1,0,0,0,3,0,0,1,0,0,60.0,0,0,0,0
18,SCFG,311.91796875,0,,0,0,0,1,0,0,0,3,0,0,1,0,0,60.0,0,0,0,0
18,SCFG,317.6611328125,0,,1,0,0,1,0,0,0,3,0,0,1,0,0,60.0,0,0,0,0
18,SCFG,324.556640625,0,,0,0,0,1,0,0,0,3,0,0,1,0,0,60.0,0,0,0,0
18,SCFG,331.2021484375,0,,0,0,0,1,0,0,0,3,0,0,1,0,0,60.0,0,0,0,0
18,SCFG,337.6796875,0,,0,0,0,1,0,0,0,3,0,0,2,0,0,60.0,0,0,0,0
18,SCFG,343.82421875,0,,0,0,0,1,0,0,0,3,0,0,1,0,0,60.0,0,0,0,0
18,SCFG,350.5693359375,0,,0,0,0,1,0,0,0,3,0,0,1,0,0,60.0,0,0,0,0
18,SCFG,356.5126953125,0,,0,0,0,1,0,0,0,3,0,0,1,0,0,60.0,0,0,0,0
18,SCFG,363.0576171875,0,,0,0,0,1,0,0,0,3,0,0,1,0,0,60.0,0,0,0,0
18,SCFG,369.8701171875,0,,0,0,0,1,0,0,0,3,0,0,1,0,0,60.0,0,0,0,0
18,SCFG,375.8466796875,0,,0,0,0,1,0,0,0,3,0,0,1,0,0,60.0,0,0,0,0
18,SCFG,381.5400390625,0,,0,0,0,1,0,0,0,3,3,0,0,0,0,60.0,0,0,0,0
18,SCFG,387.767578125,0,,0,0,0,1,0,0,0,3,5,0,0,1,0,60.0,0,0,0,0
18,SCFG,393.794921875,0,,0,0,0,1,0,0,0,3,5,0,0,2,0,60.0,0,0,0,0
18,SCFG,399.671875,0,,0,0,0,1,0,0,0,3,4,0,0,2,0,60.0,0,0,0,0
18,SCFG,405.0986328125,0,,0,0,0,1,0,0,0,3,3,0,0,3,0,60.0,0,0,0,0
18,SCFG,412.0771484375,0,,0,0,0,1,0,0,0,3,2,0,0,2,0,60.0,0,0,0,0
18,SCFG,419.056640625,0,,0,0,0,1,0,0,0,3,2,0,0,1,0,60.0,0,0,0,0
18,SCFG,425.6015625,0,,0,0,0,1,0,0,0,3,1,0,0,0,0,60.0,0,0,0,0
18,SCFG,431.177734375,0,,0,0,0,1,0,0,0,3,1,0,0,0,0,60.0,0,0,0,0
18,SCFG,437.087890625,0,,0,0,0,1,0,0,0,3,1,0,0,0,0,60.0,0,0,0,0
18,SCFG,443.6494140625,0,,0,0,0,1,0,0,0,3,0,0,0,1,0,60.0,0,0,0,0
18,SCFG,450.294921875,0,,0,0,0,1,0,0,0,3,0,0,1,1,0,60.0,0,0,0,0
18,SCFG,456.939453125,0,,0,0,0,1,0,0,0,3,0,0,1,1,0,60.0,0,0,0,0
18,SCFG,463.333984375,0,,0,0,0,1,0,0,0,3,0,0,1,1,0,60.0,0,0,0,0
18,SCFG,469.3779296875,0,,0,0,0,1,0,0,0,3,0,0,1,0,0,60.0,0,0,0,0
18,SCFG,475.638671875,0,,0,0,0,1,0,0,0,3,0,0,1,0,0,60.0,0,0,0,0
18,SCFG,482.033203125,0,,0,0,0,1,0,0,0,3,0,0,1,0,0,60.0,0,0,0,0
18,SCFG,488.3115234375,0,,0,0,0,1,0,0,0,3,0,0,1,0,0,60.0,0,0,0,0
18,SCFG,494.5888671875,0,,0,0,0,1,0,0,0,3,0,0,1,0,0,60.0,0,0,0,0
18,SCFG,500.1484375,0,,0,0,0,1,0,0,1,2,0,0,1,2,0,0.55078125,0,0,0,0
18,SCFG,506.560546875,0,,0,0,0,1,0,0,1,2,0,0,1,2,0,6.962890625,0,0,0,0
18,SCFG,513.021484375,0,,1,0,0,1,0,0,1,2,1,0,1,2,0,13.423828125,1,1,0,0
18,SCFG,519.7666015625,0,,1,0,0,1,0,0,0,3,1,0,1,0,0,20.1689453125,0,1,0,0
18,SCFG,526.3779296875,0,,0,0,0,1,0,0,0,3,1,0,1,0,0,26.7802734375,0,0,0,0
18,SCFG,533.306640625,0,,0,0,0,1,0,0,0,3,0,0,1,0,0,33.708984375,0,0,0,0
18,SCFG,540.302734375,0,,1,0,0,1,0,0,0,3,0,0,1,0,0,40.705078125,0,0,0,0
18,SCFG,545.595703125,0,,0,0,0,1,0,0,0,3,0,0,1,0,0,45.998046875,0,0,0,0
18,SCFG,552.607421875,0,,0,0,0,1,0,0,0,3,0,0,1,0,0,53.009765625,0,0,0,0
18,SCFG,559.3193359375,0,,0,0,0,1,0,0,0,3,0,0,1,0,0,59.7216796875,0,0,0,0
18,SCFG,564.9462890625,0,,0,0,0,1,0,0,0,3,0,0,1,0,0,60.0,0,0,0,0
18,SCFG,570.5390625,0,,0,0,0,1,0,0,0,3,1,0,1,1,0,60.0,0,0,0,0
18,SCFG,577.16796875,0,,0,0,0,1,0,0,0,3,3,0,1,1,0,60.0,0,0,0,0
18,SCFG,582.4599609375,0,,0,0,0,1,0,0,1,2,4,0,1,2,0,0.283203125,0,0,0,0
18,SCFG,588.3876953125,0,,0,0,0,1,0,0,1,2,5,0,1,1,0,6.2109375,0,0,0,0
18,SCFG,593.7294921875,0,,0,0,0,1,0,0,1,2,3,0,1,1,0,11.552734375,0,0,0,0
18,SCFG,599.9404296875,0,,0,0,0,1,0,0,1,3,1,0,1,1,0,17.763671875,0,0,0,0
18,SCFG,606.4189453125,0,,0,0,0,1,0,0,0,3,1,0,1,0,0,24.2421875,0,0,0,0
18,SCFG,612.1123046875,0,,0,0,0,1,0,0,0,3,0,0,1,0,0,29.935546875,0,0,0,0
18,SCFG,618.3564453125,0,,0,0,0,1,0,0,0,3,0,0,1,0,0,36.1796875,0,0,0,0
18,SCFG,623.44921875,0,,0,0,0,1,0,0,0,3,3,0,0,0,0,41.2724609375,0,0,0,0
18,SCFG,629.359375,0,,0,0,0,1,0,0,0,3,4,0,0,0,0,47.1826171875,0,0,0,0
18,SCFG,634.41796875,0,,0,0,0,1,0,0,0,3,6,0,0,1,0,52.2412109375,0,0,0,0
18,SCFG,640.962890625,0,,0,0,0,1,0,0,0,3,6,1,0,1,0,58.7861328125,0,0,0,0
18,SCFG,647.69140625,0,,0,0,0,1,0,0,0,3,2,1,0,1,0,60.0,0,0,0,0
18,SCFG,653.6689453125,0,,0,0,0,1,0,0,0,3,0,1,0,0,0,60.0,0,0,0,0
18,SCFG,660.564453125,0,,0,0,0,1,0,0,0,3,0,0,0,0,0,60.0,0,0,0,0
18,SCFG,666.0732421875,0,,0,0,0,1,0,0,0,3,0,0,0,0,0,60.0,0,0,0,0
18,SCFG,671.3994140625,0,,0,0,0,1,0,0,0,3,2,0,0,0,0,60.0,0,0,0,0
18,SCFG,678.412109375,0,,1,0,0,1,0,0,0,3,2,0,0,0,0,60.0,0,2,0,0
18,SCFG,685.2236328125,0,,0,0,0,1,0,0,2,3,2,0,0,0,0,6.09375,0,0,0,0
18,SCFG,691.7021484375,0,,0,0,0,1,0,0,2,3,0,0,1,0,0,12.572265625,0,0,0,0
18,SCFG,698.11328125,0,,0,0,0,1,0,0,2,3,0,0,1,1,0,18.9833984375,0,0,0,0
18,SCFG,703.623046875,0,,0,0,0,1,0,0,0,3,0,0,1,1,0,24.4931640625,0,0,0,0
18,SCFG,709.1494140625,0,,0,0,0,1,0,0,0,3,0,0,1,2,0,30.01953125,0,0,0,0
18,SCFG,714.859375,0,,0,0,0,1,0,0,0,3,0,0,1,2,0,35.7294921875,0,0,0,0
18,SCFG,721.2041015625,0,,0,0,0,1,0,0,0,3,0,0,1,1,0,42.07421875,0,0,0,0
18,SCFG,727.982421875,0,,1,0,0,1,0,0,0,3,0,0,1,1,0,48.8525390625,0,0,0,0
18,SCFG,734.861328125,0,,0,0,0,1,0,0,2,3,0,1,1,0,0,6.1943359375,0,0,0,0
18,SCMM,35.966796875,0,,0,0,0,0,0,1,0,0,0,1,0,0,0,60.0,0,0,0,0
18,SCMM,41.5615234375,0,,0,0,0,0,0,1,0,1,0,2,0,0,0,60.0,0,0,0,0
18,SCMM,47.3408203125,0,,0,0,0,0,0,1,1,2,0,2,1,0,0,4.810546875,0,0,0,0
18,SCMM,53.537109375,0,,0,0,0,0,0,1,1,3,0,2,1,0,0,11.0068359375,0,0,0,0
18,SCMM,60.3515625,0,,1,0,0,0,0,1,1,3,0,1,1,0,0,17.8212890625,1,1,0,0
18,SCMM,66.8984375,0,,0,0,0,0,0,1,0,3,0,0,1,0,0,24.3681640625,0,0,0,0
18,SCMM,72.4765625,0,,0,0,0,0,0,1,0,3,0,0,1,0,0,29.9462890625,0,0,0,0
18,SCMM,77.6875,0,,0,0,0,0,0,1,0,3,0,0,1,0,0,35.1572265625,0,0,0,0
18,SCMM,84.28515625,0,,0,0,0,0,0,1,0,3,0,0,1,0,0,41.7548828125,0,0,0,0
18,SCMM,91.2666015625,0,,0,0,0,0,0,1,0,3,0,0,1,0,0,48.736328125,0,0,0,0
18,SCMM,97.947265625,0,,0,0,0,0,0,1,1,3,2,0,1,0,0,5.7119140625,0,0,0,0
18,SCMM,104.2265625,0,,0,0,0,0,0,1,1,3,2,0,1,0,0,11.9912109375,0,0,0,0
18,SCMM,110.6064453125,0,,0,0,0,0,0,1,1,3,2,1,1,0,0,18.37109375,0,0,0,0
18,SCMM,115.951171875,0,,0,0,0,0,0,1,0,3,0,1,1,0,0,23.7158203125,0,0,0,0
18,SCMM,121.6298828125,0,,0,0,0,0,0,1,0,3,0,1,1,0,0,29.39453125,0,0,0,0
18,SCMM,127.3583984375,0,,0,0,0,0,0,1,0,3,0,0,1,0,0,35.123046875,0,0,0,0
18,SCMM,132.51953125,0,,0,0,0,0,0,1,0,3,1,0,1,0,0,40.2841796875,0,0,0,0
18,SCMM,137.6640625,0,,0,0,0,0,0,1,0,3,1,0,1,0,0,45.4287109375,0,0,0,0
18,SCMM,144.27734375,0,,0,0,0,0,0,1,0,3,1,0,1,0,0,52.0419921875,0,0,0,0
18,SCMM,149.5390625,0,,1,0,0,0,0,1,0,3,0,0,1,0,0,57.3037109375,0,0,0,0
18,SCMM,154.5830078125,0,,0,0,0,0,0,1,2,3,2,0,1,0,0,4.2421875,0,0,0,0
18,SCMM,159.9609375,0,,0,0,0,0,0,1,2,3,2,0,1,0,0,9.6201171875,0,0,0,0
18,SCMM,165.3388671875,0,,0,0,0,0,0,1,2,3,2,0,1,0,0,14.998046875,0,0,0,0
18,SCMM,171.986328125,0,,0,0,0,0,0,1,0,3,1,0,1,0,0,21.6455078125,0,0,0,0
18,SCMM,178.5498046875,0,,0,0,0,0,0,1,0,3,0,0,1,0,0,28.208984375,0,0,0,0
18,SCMM,185.3310546875,0,,1,0,0,0,0,1,0,3,0,0,1,0,0,34.990234375,0,0,0,0
18,SCMM,190.591796875,0,,0,0,0,0,0,1,2,3,1,0,1,0,0,4.6259765625,0,0,0,0
18,SCMM,197.3564453125,0,,0,0,0,0,0,1,2,3,1,0,1,0,0,11.390625,0,0,0,0
18,SCMM,202.80078125,0,,0,0,0,0,0,1,2,3,1,0,1,0,0,16.8349609375,0,0,0,0
18,SCMM,209.58203125,0,,0,0,0,0,0,1,0,3,0,0,1,0,0,23.6162109375,0,0,0,0
18,SCMM,215.8447265625,0,,0,0,0,0,0,1,0,3,0,0,1,0,0,29.87890625,0,0,0,0
18,SCMM,221.490234375,0,,0,0,0,0,0,1,0,3,0,0,1,0,0,35.5244140625,0,0,0,0
18,SCMM,227.4697265625,0,,0,0,0,0,0,1,0,3,0,0,1,0,0,41.50390625,0,0,0,0
18,SCMM,233.58203125,0,,0,0,0,0,0,1,1,3,1,0,1,0,0,5.126953125,0,0,0,0
18,SCMM,239.0439453125,0,,0,0,0,0,0,1,1,3,2,0,1,0,0,10.5888671875,0,0,0,0
18,SCMM,244.1044921875,0,,1,0,0,0,0,1,1,3,2,0,1,0,0,15.6494140625,1,2,0,0
18,SCMM,249.75,0,,1,0,0,0,0,1,2,3,2,0,1,0,0,5.060546875,2,2,0,0
18,SCMM,256.0634765625,0,,0,0,0,0,0,1,4,3,1,0,1,0,0,5.5283203125,0,0,0,0
18,SCMM,261.591796875,0,,0,0,0,0,0,1,4,3,1,0,1,0,0,11.056640625,0,0,0,0
18,SCMM,267.5869140625,0,,0,0,0,0,0,1,2,3,1,0,1,0,0,17.0517578125,0,0,0,0
18,SCMM,274.017578125,0,,0,0,0,0,0,1,0,3,0,0,1,0,0,23.482421875,0,0,0,0
18,SCMM,280.8154296875,0,,0,0,0,0,0,1,0,3,0,0,1,0,0,30.2802734375,0,0,0,0
18,SCMM,286.677734375,0,,0,0,0,0,0,1,1,3,0,0,1,0,0,5.02734375,0,0,0,0
18,SCMM,293.30859375,0,,0,0,0,0,0,1,1,3,2,0,1,0,0,11.658203125,0,0,0,0
18,SCMM,298.8193359375,0,,0,0,0,0,0,1,1,3,2,0,1,0,0,17.1689453125,0,0,0,0
18,SCMM,305.5009765625,0,,0,0,0,0,0,1,0,3,2,0,1,0,0,23.8505859375,0,0,0,0
18,SCMM,311.580078125,0,,0,0,0,0,0,1,0,3,1,0,1,0,0,29.9296875,0,0,0,0
18,SCMM,316.9580078125,0,,0,0,0,0,0,1,0,3,0,0,1,0,0,35.3076171875,0,0,0,0
18,SCMM,323.3212890625,0,,0,0,0,0,0,1,0,3,0,0,1,0,0,41.6708984375,0,0,0,0
18,SCMM,329.7353515625,0,,0,0,0,0,0,1,0,3,0,0,1,0,0,48.0849609375,0,0,0,0
18,SCMM,335.9150390625,0,,0,0,0,0,0,1,0,3,0,0,1,0,0,54.2646484375,0,0,0,0
18,SCMM,342.111328125,0,,0,0,0,0,0,1,0,3,0,0,1,0,0,60.0,0,0,0,0
18,SCMM,347.65625,0,,0,0,0,0,0,1,0,3,0,0,1,0,0,60.0,0,0,0,0
18,SCMM,353.685546875,0,,0,0,0,0,0,1,0,3,0,0,1,0,0,60.0,0,0,0,0
18,SCMM,360.5830078125,0,,0,0,0,0,0,1,0,3,0,0,1,0,0,60.0,0,0,0,0
18,SCMM,365.7607421875,0,,0,0,0,0,0,1,0,3,0,0,1,0,0,60.0,0,0,0,0
18,SCMM,371.4560546875,0,,0,0,0,0,0,1,0,3,0,0,1,0,0,60.0,0,0,0,0
18,SCMM,376.716796875,0,,0,0,0,0,0,1,0,3,1,0,1,0,0,60.0,0,0,0,0
18,SCMM,383.6318359375,0,,0,0,0,0,0,1,0,3,3,0,0,0,0,60.0,0,0,0,0
18,SCMM,388.892578125,0,,1,0,0,0,0,1,0,3,3,0,0,0,0,60.0,0,3,0,0
18,SCMM,395.1220703125,0,,1,0,0,0,0,1,0,3,5,0,0,0,0,60.0,0,5,0,0
18,SCMM,401.3525390625,0,,0,0,0,0,0,1,0,3,2,0,0,0,0,60.0,0,0,0,0
18,SCMM,407.4482421875,0,,0,0,0,0,0,1,0,3,2,0,0,0,0,60.0,0,0,0,0
18,SCMM,413.728515625,0,,0,0,0,0,0,1,0,3,0,0,0,0,0,60.0,0,0,0,0
18,SCMM,420.158203125,0,,0,0,0,0,0,1,0,3,1,0,0,0,0,60.0,0,0,0,0
18,SCMM,426.087890625,0,,0,0,0,0,0,1,0,3,2,0,0,0,0,60.0,0,0,0,0
18,SCMM,431.7158203125,0,,0,0,0,0,0,1,0,3,2,0,0,0,0,60.0,0,0,0,0
18,SCMM,436.8603515625,0,,0,0,0,0,0,1,0,3,2,0,0,0,0,60.0,0,0,0,0
18,SCMM,442.806640625,0,,0,0,0,0,0,1,0,3,1,0,0,0,0,60.0,0,0,0,0
18,SCMM,448.2841796875,0,,0,0,0,0,0,1,0,3,1,0,1,0,0,60.0,0,0,0,0
18,SCMM,454.59765625,0,,1,0,0,0,0,1,0,3,1,0,1,0,0,60.0,0,1,0,0
18,SCMM,459.9423828125,0,,0,0,0,0,0,1,2,3,0,0,1,0,0,4.759765625,0,0,0,0
18,SCMM,465.7880859375,0,,0,0,0,0,0,1,2,3,0,0,1,0,0,10.60546875,0,0,0,0
18,SCMM,470.83203125,0,,0,0,0,0,0,1,2,3,0,0,1,0,0,15.6494140625,0,0,0,0
18,SCMM,476.443359375,0,,0,0,0,0,0,1,0,3,0,0,1,0,0,21.2607421875,0,0,0,0
18,SCMM,483.0078125,0,,0,0,0,0,0,1,0,3,0,0,2,0,0,27.8251953125,0,0,0,0
18,SCMM,488.21875,0,,0,0,0,0,0,1,0,3,0,0,1,0,0,33.0361328125,0,0,0,0
18,SCMM,493.73046875,0,,1,0,0,0,0,1,0,3,0,0,1,0,0,38.5478515625,0,0,0,0
18,SCMM,500.544921875,0,,0,0,0,0,0,1,2,3,0,0,1,0,0,6.263671875,0,0,0,0
18,SCMM,506.15625,0,,1,0,0,0,0,1,2,3,0,0,1,0,0,11.875,2,0,0,0
18,SCMM,512.1689453125,0,,0,0,0,0,0,1,2,3,2,0,1,0,0,17.8876953125,0,0,0,0
18,SCMM,517.998046875,0,,0,0,0,0,0,1,2,3,2,0,1,0,0,5.244140625,0,0,0,0
18,SCMM,523.1416015625,0,,0,0,0,0,0,1,2,3,2,0,1,0,0,10.3876953125,0,0,0,0
18,SCMM,528.720703125,0,,0,0,0,0,0,1,2,3,1,0,1,0,0,15.966796875,0,0,0,0
18,SCMM,534.365234375,0,,0,0,0,0,0,1,0,3,0,0,1,0,0,21.611328125,0,0,0,0
18,SCMM,539.576171875,0,,0,0,0,0,0,1,0,3,0,0,1,0,0,26.822265625,0,0,0,0
18,SCMM,545.421875,0,,1,0,0,0,0,1,0,3,0,0,1,0,0,32.66796875,0,0,0,0
18,SCMM,551.5849609375,0,,1,0,0,0,0,1,2,3,0,0,1,0,0,5.6279296875,2,0,0,0
18,SCMM,557.4638671875,0,,0,0,0,0,0,1,2,3,0,0,1,0,0,11.5068359375,0,0,0,0
18,SCMM,564.3955078125,0,,1,0,0,0,0,1,2,3,0,0,1,0,0,18.4384765625,2,0,0,0
18,SCMM,569.6064453125,0,,0,0,0,0,0,1,1,3,1,0,1,0,0,4.275390625,0,0,0,0
18,SCMM,575.8525390625,0,,0,0,0,0,0,1,3,3,1,0,1,0,0,5.494140625,0,0,0,0
18,SCMM,581.09765625,0,,0,0,0,0,0,1,4,2,1,0,1,0,0,0.234375,0,0,0,0
18,SCMM,587.9619140625,0,,0,0,0,0,0,1,3,2,1,1,1,0,0,7.0986328125,0,0,0,0
18,SCMM,593.640625,0,,1,0,0,0,0,1,1,2,0,1,1,0,0,12.77734375,1,1,0,0
18,SCMM,599.40234375,0,,0,0,0,0,0,1,3,3,0,1,2,0,0,5.1103515625,0,0,0,0
18,SCMM,605.3818359375,0,,0,0,0,0,0,1,2,3,0,0,1,0,0,11.08984375,0,0,0,0
18,SCMM,611.2275390625,0,,0,0,0,0,0,1,3,3,0,0,1,0,0,5.0107421875,0,0,0,0
18,SCMM,616.9892578125,0,,0,0,0,0,0,1,1,3,0,0,1,0,0,10.7724609375,0,0,0,0
18,SCMM,622.6181640625,0,,0,0,0,0,0,1,1,3,0,0,1,0,0,16.4013671875,0,0,0,0
18,SCMM,628.931640625,0,,0,0,0,0,0,1,0,3,1,0,1,0,0,22.71484375,0,0,0,0
18,SCMM,635.62890625,0,,0,0,0,0,0,1,0,3,2,0,1,0,0,29.412109375,0,0,0,0
18,SCMM,641.7080078125,0,,0,0,0,0,0,1,0,3,2,0,0,0,0,35.4912109375,0,0,0,0
18,SCMM,646.802734375,0,,1,0,0,0,0,1,0,3,2,0,0,0,0,40.5859375,0,2,0,0
18,SCMM,652.23046875,0,,0,0,0,0,0,1,0,3,0,0,0,0,0,46.013671875,0,0,0,0
18,SCMM,659.14453125,0,,0,0,0,0,0,1,2,3,0,0,0,0,0,6.2626953125,0,0,0,0
18,SCMM,665.5087890625,0,,0,0,0,0,0,1,2,3,0,0,0,0,0,12.626953125,0,0,0,0
18,SCMM,670.7529296875,0,,0,0,0,0,0,1,2,3,0,0,0,0,0,17.87109375,0,0,0,0
18,SCMM,676.46484375,0,,0,0,0,0,0,1,0,3,1,0,0,0,0,23.5830078125,0,0,0,0
18,SCMM,682.64453125,0,,0,0,0,0,0,1,0,3,1,0,0,0,0,29.7626953125,0,0,0,0
18,SCMM,688.9580078125,0,,0,0,0,0,0,1,0,3,1,0,0,0,0,36.076171875,0,0,0,0
18,SCMM,694.5693359375,0,,0,0,0,0,0,1,0,3,1,0,0,0,0,41.6875,0,0,0,0
18,SCMM,700.1650390625,0,,1,0,0,0,0,1,0,3,1,0,0,0,0,47.283203125,0,1,0,0
18,SCMM,705.7763671875,0,,0,0,0,0,0,1,0,3,1,0,1,0,0,52.89453125,0,0,0,0
18,SCMM,711.3212890625,0,,0,0,0,0,0,1,0,3,0,0,1,0,0,58.439453125,0,0,0,0
18,SCMM,716.5654296875,0,,1,0,0,0,0,1,0,3,1,0,1,0,0,60.0,0,1,0,0
18,SCMM,722.39453125,0,,0,0,0,0,0,1,0,3,1,0,1,0,0,60.0,0,0,0,0
18,SCMM,727.990234375,0,,0,0,0,0,0,1,0,3,1,0,1,0,0,60.0,0,0,0,0
18,SCMM,733.5185546875,0,,0,0,0,0,0,1,0,3,0,0,1,0,0,60.0,0,0,0,0
18,SCMM,740.298828125,0,,1,0,0,0,0,1,0,3,0,0,1,0,0,60.0,0,0,0,0
18,SCMM,746.4951171875,0,,0,0,0,0,0,1,0,3,0,0,1,0,0,60.0,0,0,0,0
18,SCSB,55.6767578125,0,,1,0,1,0,1,0,0,0,0,1,0,0,0,60.0,0,1,0,1
18,SCSB,61.873046875,0,,0,0,1,0,1,0,2,1,0,1,0,1,0,5.4609375,0,0,2,1
18,SCSB,68.8525390625,0,,0,0,1,0,1,0,3,2,0,1,1,1,0,6.14453125,0,0,3,1
18,SCSB,74.080078125,0,,0,0,1,0,1,0,3,3,0,1,1,1,0,11.3720703125,0,0,3,1
18,SCSB,80.3916015625,0,,0,0,1,0,1,0,1,3,0,0,1,1,0,17.68359375,0,0,1,0
18,SCSB,86.203125,0,,1,0,1,0,1,0,0,3,0,0,1,0,0,23.4951171875,0,0,0,0
18,SCSB,92.916015625,0,,0,0,1,0,1,0,2,3,0,0,1,0,0,5.89453125,0,0,2,0
18,SCSB,98.3603515625,0,,0,0,1,0,1,0,2,3,0,0,1,0,0,11.3388671875,0,0,2,0
18,SCSB,104.689453125,0,,1,0,1,0,1,0,2,3,0,0,1,0,0,17.66796875,2,0,2,0
18,SCSB,110.8349609375,0,,0,0,1,0,1,0,0,3,0,0,1,0,0,23.8134765625,0,0,0,0
18,SCSB,115.927734375,0,,0,0,1,0,1,0,0,3,1,0,1,0,0,28.90625,0,0,0,1
18,SCSB,122.15625,0,,0,0,1,0,1,0,0,3,2,0,1,0,0,35.134765625,0,0,0,2
18,SCSB,128.736328125,0,,0,0,1,0,1,0,0,3,2,0,1,0,0,41.71484375,0,0,0,2
18,SCSB,135.33203125,0,,0,0,1,0,1,0,0,3,1,0,1,0,0,48.310546875,0,0,0,1
18,SCSB,140.5595703125,0,,0,0,1,0,1,0,0,3,0,0,1,0,0,53.5380859375,0,0,0,0
18,SCSB,147.072265625,0,,0,0,1,0,1,0,0,3,0,1,1,1,0,60.0,0,0,0,1
18,SCSB,153.1669921875,0,,0,0,1,0,1,0,0,3,0,1,1,2,0,60.0,0,0,0,1
18,SCSB,159.2119140625,0,,1,0,1,0,1,0,0,3,0,1,1,2,0,60.0,0,1,0,1
18,SCSB,164.7060546875,0,,0,0,1,0,1,0,0,3,0,1,1,2,0,60.0,0,0,0,1
18,SCSB,169.8662109375,0,,0,0,1,0,1,0,0,3,0,0,1,1,0,60.0,0,0,0,0
18,SCSB,175.1259765625,0,,0,0,1,0,1,0,0,3,0,0,1,0,0,60.0,0,0,0,0
18,SCSB,180.6708984375,0,,1,0,1,0,1,0,0,3,0,0,1,0,0,60.0,0,0,0,0
18,SCSB,186.615234375,0,,1,0,1,0,1,0,2,3,0,1,1,1,0,5.1435546875,2,1,2,1
18,SCSB,192.77734375,0,,1,0,1,0,1,0,2,3,0,1,1,2,0,11.3056640625,2,1,2,1
18,SCSB,198.6552734375,0,,0,0,1,0,1,0,2,3,0,1,1,2,0,17.18359375,0,0,2,1
18,SCSB,204.4833984375,0,,0,0,1,0,1,0,0,3,0,1,1,1,0,23.01171875,0,0,0,1
18,SCSB,211.029296875,0,,0,0,1,0,1,0,0,3,0,0,1,0,0,29.5576171875,0,0,0,0
18,SCSB,216.2060546875,0,,0,0,1,0,1,0,0,3,0,0,1,0,0,34.734375,0,0,0,0
18,SCSB,222.7353515625,0,,0,0,1,0,1,0,0,3,0,0,1,0,0,41.263671875,0,0,0,0
18,SCSB,229.0146484375,0,,1,0,1,0,1,0,0,3,0,0,1,0,0,47.54296875,0,0,0,0
18,SCSB,235.6279296875,0,,1,0,1,0,1,0,0,3,0,0,1,0,0,54.15625,0,0,0,0
18,SCSB,240.787109375,0,,0,0,1,0,1,0,0,3,0,0,1,0,0,59.3154296875,0,0,0,0
18,SCSB,246.9326171875,0,,0,0,1,0,1,0,0,3,0,0,1,0,0,60.0,0,0,0,0
18,SCSB,253.2451171875,0,,0,0,1,0,1,0,0,3,0,0,1,0,0,60.0,0,0,0,0
18,SCSB,260.0419921875,0,,1,0,1,0,1,0,0,3,0,0,1,0,0,60.0,0,0,0,0
18,SCSB,265.435546875,0,,0,0,1,0,1,0,0,3,0,0,1,0,0,60.0,0,0,0,0
18,SCSB,271.4306640625,0,,0,0,1,0,1,0,0,3,0,0,1,0,0,60.0,0,0,0,0
18,SCSB,278.2607421875,0,,0,0,1,0,1,0,0,3,0,0,1,0,0,60.0,0,0,0,0
18,SCSB,284.923828125,0,,0,0,1,0,1,0,0,3,0,1,1,1,0,60.0,0,0,0,1
18,SCSB,290.734375,0,,0,0,1,0,1,0,0,3,0,1,1,2,0,60.0,0,0,0,1
18,SCSB,297.4814453125,0,,1,0,1,0,1,0,0,3,0,1,1,2,0,60.0,0,1,0,1
18,SCSB,304.328125,0,,1,0,1,0,1,0,0,3,0,0,1,1,0,60.0,0,0,0,0
18,SCSB,309.97265625,0,,0,0,1,0,1,0,0,3,1,0,1,0,0,60.0,0,0,0,1
18,SCSB,316.318359375,0,,0,0,1,0,1,0,0,3,1,0,1,0,0,60.0,0,0,0,1
18,SCSB,322.5966796875,0,,0,0,1,0,1,0,0,3,1,0,1,0,0,60.0,0,0,0,1
18,SCSB,328.5751953125,0,,0,0,1,0,1,0,0,3,1,0,1,0,0,60.0,0,0,0,1
18,SCSB,335.4384765625,0,,0,0,1,0,1,0,0,3,0,0,1,0,0,60.0,0,0,0,0
18,SCSB,342.4189453125,0,,0,0,1,0,1,0,0,3,0,0,1,0,0,60.0,0,0,0,0
18,SCSB,348.84765625,0,,0,0,1,0,1,0,0,3,0,0,1,0,0,60.0,0,0,0,0
18,SCSB,354.5419921875,0,,0,0,1,0,1,0,0,3,0,0,1,0,0,60.0,0,0,0,0
18,SCSB,361.138671875,0,,0,0,1,0,1,0,0,3,0,0,1,0,0,60.0,0,0,0,0
18,SCSB,366.6162109375,0,,0,0,1,0,1,0,0,3,0,0,1,0,0,60.0,0,0,0,0
18,SCSB,371.92578125,0,,0,0,1,0,1,0,0,3,0,0,1,0,0,60.0,0,0,0,0
18,SCSB,378.4892578125,0,,0,0,1,0,1,0,0,3,0,0,1,0,0,60.0,0,0,0,0
18,SCSB,383.966796875,0,,0,0,1,0,1,0,0,3,0,1,1,1,0,60.0,0,0,0,1
18,SCSB,389.5771484375,0,,0,0,1,0,1,0,0,3,0,2,1,1,0,60.0,0,0,0,2
18,SCSB,395.6220703125,0,,0,0,1,0,1,0,0,3,0,2,1,1,0,60.0,0,0,0,2
18,SCSB,401.650390625,0,,0,0,1,0,1,0,0,3,0,2,1,1,0,60.0,0,0,0,2
18,SCSB,407.595703125,0,,0,0,1,0,1,0,0,3,1,0,1,1,0,60.0,0,0,0,1
18,SCSB,414.5087890625,0,,0,0,1,0,1,0,0,3,3,1,1,2,0,60.0,0,0,0,4
18,SCSB,420.4375,0,,0,0,1,0,1,0,0,3,5,1,0,2,0,60.0,0,0,0,6
18,SCSB,427.3671875,0,,0,0,1,0,1,0,0,3,4,2,0,1,0,60.0,0,0,0,6
18,SCSB,432.7275390625,0,,0,0,1,0,1,0,0,3,3,2,0,2,0,60.0,0,0,0,5
18,SCSB,439.57421875,0,,0,0,1,0,1,0,0,3,1,1,0,1,0,60.0,0,0,0,2
18,SCSB,445.6865234375,0,,0,0,1,0,1,0,0,3,0,1,0,1,0,60.0,0,0,0,1
18,SCSB,451.498046875,0,,0,0,1,0,1,0,0,3,0,0,0,0,0,60.0,0,0,0,0
18,SCSB,457.54296875,0,,0,0,1,0,1,0,0,3,2,0,0,0,0,60.0,0,0,0,2
18,SCSB,462.669921875,0,,0,0,1,0,1,0,0,3,2,0,0,0,0,60.0,0,0,0,2
18,SCSB,468.681640625,0,,0,0,1,0,1,0,0,3,2,0,0,0,0,60.0,0,0,0,2
18,SCSB,474.693359375,0,,0,0,1,0,1,0,0,3,0,0,0,0,0,60.0,0,0,0,0
18,SCSB,480.3037109375,0,,0,0,1,0,1,0,0,3,0,0,0,0,0,60.0,0,0,0,0
18,SCSB,485.6474609375,0,,0,0,1,0,1,0,0,3,0,0,1,0,0,60.0,0,0,0,0
18,SCSB,490.94140625,0,,0,0,1,0,1,0,0,3,2,1,1,1,0,60.0,0,0,0,3
18,SCSB,497.0869140625,0,,0,0,1,0,1,0,0,3,3,2,1,1,0,60.0,0,0,0,5
18,SCSB,503.966796875,0,,1,0,1,0,1,0,0,3,3,2,2,1,0,60.0,0,5,0,5
18,SCSB,509.611328125,0,,0,0,1,0,1,0,0,3,2,2,1,1,0,60.0,0,0,0,4
18,SCSB,515.087890625,0,,0,0,1,0,1,0,0,3,1,0,1,1,0,60.0,0,0,0,1
18,SCSB,521.1162109375,0,,0,0,1,0,1,0,0,3,1,0,1,1,0,60.0,0,0,0,1
18,SCSB,528.1474609375,0,,0,0,1,0,1,0,0,3,3,0,1,0,0,60.0,0,0,0,3
18,SCSB,533.2900390625,0,,0,0,1,0,1,0,0,3,2,0,1,0,0,60.0,0,0,0,2
18,SCSB,538.701171875,0,,0,0,1,0,1,0,0,3,2,0,1,0,0,60.0,0,0,0,2
18,SCSB,544.1611328125,0,,1,0,1,0,1,0,0,3,0,0,0,0,0,60.0,0,0,0,0
18,SCSB,549.3720703125,0,,0,0,1,0,1,0,2,3,0,1,1,1,0,4.5927734375,0,0,2,1
18,SCSB,555.533203125,0,,0,0,1,0,1,0,2,3,0,1,1,1,0,10.75390625,0,0,2,1
18,SCSB,561.02734375,0,,0,0,1,0,1,0,2,3,0,1,1,2,0,16.248046875,0,0,2,1
18,SCSB,568.041015625,0,,0,0,1,0,1,0,0,3,0,0,1,1,0,23.26171875,0,0,0,0
18,SCSB,574.287109375,0,,0,0,1,0,1,0,0,3,3,0,1,1,0,29.5078125,0,0,0,3
18,SCSB,579.8974609375,0,,0,0,1,0,1,0,0,3,3,0,1,0,0,35.1181640625,0,0,0,3
18,SCSB,585.3251953125,0,,0,0,1,0,1,0,0,3,3,0,1,1,0,40.5458984375,0,0,0,3
18,SCSB,591.6376953125,0,,0,0,1,0,1,0,0,3,1,0,1,2,0,46.8583984375,0,0,0,1
18,SCSB,598.466796875,0,,0,0,1,0,1,0,0,3,0,0,1,3,0,53.6875,0,0,0,0
18,SCSB,604.830078125,0,,0,0,1,0,1,0,0,3,0,0,1,5,0,60.0,0,0,0,0
18,SCSB,611.2255859375,0,,0,0,1,0,1,0,0,3,0,0,1,4,0,60.0,0,0,0,0
18,SCSB,618.138671875,0,,1,0,1,0,1,0,0,3,0,0,1,3,0,60.0,0,0,0,0
18,SCSB,624.1171875,0,,1,0,1,0,1,0,0,3,0,0,1,3,0,60.0,0,0,0,0
18,SCSB,630.37890625,0,,0,0,1,0,1,0,0,3,0,1,1,2,0,60.0,0,0,0,1
18,SCSB,636.6748046875,0,,1,0,1,0,1,0,0,3,0,1,1,2,0,60.0,0,1,0,1
18,SCSB,643.1376953125,0,,0,0,1,0,1,0,2,3,0,1,1,1,0,5.8447265625,0,0,2,1
18,SCSB,649.6005859375,0,,0,0,1,0,1,0,2,3,0,0,1,0,0,12.3076171875,0,0,2,0
18,SCSB,655.62890625,0,,0,0,1,0,1,0,2,3,0,0,1,0,0,18.3359375,0,0,2,0
18,SCSB,661.306640625,0,,0,0,1,0,1,0,0,3,0,0,1,0,0,24.013671875,0,0,0,0
18,SCSB,667.267578125,0,,0,0,1,0,1,0,0,3,2,0,1,0,0,29.974609375,0,0,0,2
18,SCSB,673.7470703125,0,,0,0,1,0,1,0,0,3,4,1,1,1,0,36.4541015625,0,0,0,5
18,SCSB,680.77734375,0,,0,0,1,0,1,0,0,3,4,1,0,1,0,43.484375,0,0,0,5
18,SCSB,686.12109375,0,,0,0,1,0,1,0,0,3,3,1,0,1,0,48.828125,0,0,0,4
18,SCSB,692.80078125,0,,0,0,1,0,1,0,0,3,1,0,0,1,0,55.5078125,0,0,0,1
18,SCSB,698.478515625,0,,0,0,1,0,1,0,0,3,0,0,0,1,0,60.0,0,0,0,0
18,SCSB,704.2236328125,0,,0,0,1,0,1,0,0,3,0,0,0,1,0,60.0,0,0,0,0
18,SCSB,709.31640625,0,,0,0,1,0,1,0,0,3,2,0,0,1,0,60.0,0,0,0,2
18,SCSB,715.1943359375,0,,1,0,1,0,1,0,0,3,2,0,0,0,0,60.0,0,2,0,2
18,SCSB,721.8740234375,0,,0,0,1,0,1,0,0,3,2,0,0,0,0,60.0,0,0,0,2
18,SCSB,727.5517578125,0,,1,0,1,0,1,0,0,3,2,0,0,0,0,60.0,0,2,0,2
18,SCSB,734.0478515625,0,,0,0,1,0,1,0,0,3,1,0,0,0,0,60.0,0,0,0,1
18,SCSB,741.044921875,0,,0,0,1,0,1,0,0,3,1,0,1,0,0,60.0,0,0,0,1
18,SCSB,746.4052734375,0,,0,0,1,0,1,0,0,3,0,0,1,0,0,60.0,0,0,0,0
18,SCSB,753.16796875,0,,0,0,1,0,1,0,0,3,0,0,1,0,0,60.0,0,0,0,0
18,SCSB,758.99609375,0,,0,0,1,0,1,0,0,3,0,0,1,0,0,60.0,0,0,0,0
18,SCSB,764.9912109375,0,,0,0,1,0,1,0,0,3,0,0,1,0,0,60.0,0,0,0,0
18,SCSB,771.220703125,0,,0,0,1,0,1,0,0,3,1,0,1,0,0,60.0,0,0,0,1
18,SCSB,776.3974609375,0,,0,0,1,0,1,0,0,3,1,0,1,0,0,60.0,0,0,0,1
18,SCSB,781.6240234375,0,,0,0,1,0,1,0,0,3,1,0,1,0,0,60.0,0,0,0,1
18,SCSG,35.1064453125,0,,0,0,0,0,1,0,0,0,0,1,0,0,0,60.0,0,0,0,0
18,SCSG,41.44921875,0,,0,0,0,0,1,0,0,1,0,3,1,0,0,60.0,0,0,0,0
18,SCSG,48.310546875,0,,0,0,0,0,1,0,0,2,1,4,1,1,0,60.0,0,0,0,0
18,SCSG,54.50390625,0,,0,0,0,0,1,0,0,3,3,3,1,1,0,60.0,0,0,0,0
18,SCSG,61.3984375,0,,0,0,0,0,1,0,0,3,3,1,1,1,0,60.0,0,0,0,0
18,SCSG,68.2587890625,0,,0,0,0,0,1,0,0,3,2,0,1,0,0,60.0,0,0,0,0
18,SCSG,74.4189453125,0,,0,0,0,0,1,0,0,3,1,0,1,0,0,60.0,0,0,0,0
18,SCSG,80.8623046875,0,,0,0,0,0,1,0,0,3,1,0,1,0,0,60.0,0,0,0,0
18,SCSG,87.2392578125,0,,1,0,0,0,1,0,0,3,1,0,1,0,0,60.0,0,1,0,0
18,SCSG,93.966796875,0,,0,0,0,0,1,0,2,3,1,0,1,0,0,6.1591796875,0,0,0,0
18,SCSG,99.8603515625,0,,0,0,0,0,1,0,2,3,1,0,1,0,0,12.052734375,0,0,0,0
18,SCSG,105.16796875,0,,0,0,0,0,1,0,2,3,1,0,1,0,0,17.3603515625,0,0,0,0
18,SCSG,110.6103515625,0,,0,0,0,0,1,0,0,3,0,0,1,1,0,22.802734375,0,0,0,0
18,SCSG,116.38671875,0,,0,0,0,0,1,0,0,3,1,0,1,1,0,28.5791015625,0,0,0,0
18,SCSG,121.7783203125,0,,1,0,0,0,1,0,0,3,1,0,1,2,0,33.970703125,0,1,0,0
18,SCSG,127.87109375,0,,0,0,0,0,1,0,2,3,2,0,1,1,0,5.5087890625,0,0,0,0
18,SCSG,134.6826171875,0,,0,0,0,0,1,0,2,3,2,0,1,1,0,12.3203125,0,0,0,0
18,SCSG,140.3251953125,0,,0,0,0,0,1,0,2,3,2,0,1,0,0,17.962890625,0,0,0,0
18,SCSG,145.4833984375,0,,0,0,0,0,1,0,0,3,1,0,1,2,0,23.12109375,0,0,0,0
18,SCSG,151.30859375,0,,0,0,0,0,1,0,0,3,0,0,1,4,0,28.9462890625,0,0,0,0
18,SCSG,157.185546875,0,,0,0,0,0,1,0,0,3,0,0,1,5,0,34.8232421875,0,0,0,0
18,SCSG,163.14453125,0,,1,0,0,0,1,0,0,3,0,0,1,4,0,40.7822265625,0,0,0,0
18,SCSG,168.5869140625,0,,0,0,0,0,1,0,0,3,1,0,1,3,0,46.224609375,0,0,0,0
18,SCSG,174.830078125,0,,1,0,0,0,1,0,0,3,1,0,1,1,0,52.4677734375,0,1,0,0
18,SCSG,181.2236328125,0,,0,0,0,0,1,0,2,3,1,0,1,1,0,5.859375,0,0,0,0
18,SCSG,187.68359375,0,,0,0,0,0,1,0,2,3,0,0,1,0,0,12.3193359375,0,0,0,0
18,SCSG,194.6455078125,0,,0,0,0,0,1,0,2,3,0,0,1,0,0,19.28125,0,0,0,0
18,SCSG,199.9541015625,0,,0,0,0,0,1,0,0,3,0,0,1,0,0,24.58984375,0,0,0,0
18,SCSG,206.48046875,0,,0,0,0,0,1,0,0,3,0,0,1,0,0,31.1162109375,0,0,0,0
18,SCSG,212.490234375,0,,0,0,0,0,1,0,0,3,0,0,1,0,0,37.1259765625,0,0,0,0
18,SCSG,219.3349609375,0,,1,0,0,0,1,0,0,3,0,0,1,1,0,43.970703125,0,0,0,0
18,SCSG,225.39453125,0,,0,0,0,0,1,0,2,3,0,0,1,2,0,5.458984375,0,0,0,0
18,SCSG,232.3056640625,0,,0,0,0,0,1,0,2,3,0,0,1,2,0,12.3701171875,0,0,0,0
18,SCSG,237.9814453125,0,,0,0,0,0,1,0,2,3,0,0,1,2,0,18.0458984375,0,0,0,0
18,SCSG,244.7919921875,0,,0,0,0,0,1,0,0,3,0,0,1,0,0,24.8564453125,0,0,0,0
18,SCSG,250.78515625,0,,0,0,0,0,1,0,0,3,0,0,1,0,0,30.849609375,0,0,0,0
18,SCSG,255.943359375,0,,1,0,0,0,1,0,0,3,0,0,1,0,0,36.0078125,0,0,0,0
18,SCSG,262.470703125,0,,0,0,0,0,1,0,2,2,0,0,1,0,0,5.892578125,0,0,0,0
18,SCSG,268.947265625,0,,0,0,0,0,1,0,2,2,0,0,1,0,0,12.369140625,0,0,0,0
18,SCSG,274.7236328125,0,,0,0,0,0,1,0,2,2,0,0,1,0,0,18.1455078125,0,0,0,0
18,SCSG,280.9833984375,0,,0,0,0,0,1,0,0,3,0,0,1,1,0,24.4052734375,0,0,0,0
18,SCSG,286.642578125,0,,0,0,0,0,1,0,0,3,0,0,1,1,0,30.064453125,0,0,0,0
18,SCSG,293.537109375,0,,0,0,0,0,1,0,0,3,0,0,1,1,0,36.958984375,0,0,0,0
18,SCSG,300.1474609375,0,,0,0,0,0,1,0,0,3,1,0,1,1,0,43.5693359375,0,0,0,0
18,SCSG,305.6064453125,0,,0,0,0,0,1,0,1,3,2,0,1,1,0,4.7080078125,0,0,0,0
18,SCSG,312.583984375,0,,0,0,0,0,1,0,1,3,2,0,1,1,0,11.685546875,0,0,0,0
18,SCSG,317.826171875,0,,1,0,0,0,1,0,1,3,2,0,1,2,0,16.927734375,1,2,0,0
18,SCSG,324.603515625,0,,0,0,0,0,1,0,0,3,0,0,1,1,0,23.705078125,0,0,0,0
18,SCSG,329.728515625,0,,0,0,0,0,1,0,0,3,0,0,1,2,0,28.830078125,0,0,0,0
18,SCSG,335.7041015625,0,,0,0,0,0,1,0,0,3,0,0,1,1,0,34.8056640625,0,0,0,0
18,SCSG,341.5302734375,0,,1,0,0,0,1,0,0,3,0,0,1,1,0,40.6318359375,0,0,0,0
18,SCSG,348.3916015625,0,,0,0,0,0,1,0,0,3,0,0,1,0,0,47.4931640625,0,0,0,0
18,SCSG,354.3681640625,0,,0,0,0,0,1,0,0,3,0,0,1,0,0,53.4697265625,0,0,0,0
18,SCSG,359.79296875,0,,1,0,0,0,1,0,0,3,0,0,1,1,0,58.89453125,0,0,0,0
18,SCSG,365.8857421875,0,,1,0,0,0,1,0,0,3,1,0,1,1,0,60.0,0,1,0,0
18,SCSG,372.146484375,0,,0,0,0,0,1,0,2,3,2,0,2,1,0,5.6259765625,0,0,0,0
18,SCSG,378.439453125,0,,0,0,0,0,1,0,2,3,3,0,1,0,0,11.9189453125,0,0,0,0
18,SCSG,383.5478515625,0,,1,0,0,0,1,0,2,3,5,0,1,0,0,17.02734375,2,5,0,0
18,SCSG,390.576171875,0,,0,0,0,0,1,0,1,2,4,0,1,0,0,2.0205078125,0,0,0,0
18,SCSG,396.8525390625,0,,1,0,0,0,1,0,1,2,4,0,0,1,0,8.296875,1,4,0,0
18,SCSG,402.4619140625,0,,0,0,0,0,1,0,1,2,1,0,0,1,0,13.90625,0,0,0,0
18,SCSG,408.85546875,0,,0,0,0,0,1,0,0,3,0,0,0,1,0,20.2998046875,0,0,0,0
18,SCSG,415.4658203125,0,,0,0,0,0,1,0,0,3,0,0,0,1,0,26.91015625,0,0,0,0
18,SCSG,421.9423828125,0,,0,0,0,0,1,0,0,3,0,0,0,0,0,33.38671875,0,0,0,0
18,SCSG,428.2197265625,0,,0,0,0,0,1,0,0,3,1,0,0,0,0,39.6640625,0,0,0,0
18,SCSG,435.0302734375,0,,1,0,0,0,1,0,0,3,1,0,0,0,0,46.474609375,0,1,0,0
18,SCSG,440.60546875,0,,0,0,0,0,1,0,0,3,1,0,0,0,0,52.0498046875,0,0,0,0
18,SCSG,446.28125,0,,0,0,0,0,1,0,0,3,0,0,0,0,0,57.7255859375,0,0,0,0
18,SCSG,451.8408203125,0,,0,0,0,0,1,0,0,3,0,0,0,0,0,60.0,0,0,0,0
18,SCSG,457.3662109375,0,,0,0,0,0,1,0,0,3,0,0,1,0,0,60.0,0,0,0,0
18,SCSG,463.576171875,0,,0,0,0,0,1,0,0,3,0,0,1,0,0,60.0,0,0,0,0
18,SCSG,469.8525390625,0,,0,0,0,0,1,0,0,3,0,0,1,0,0,60.0,0,0,0,0
18,SCSG,475.4287109375,0,,0,0,0,0,1,0,0,3,0,0,1,0,0,60.0,0,0,0,0
18,SCSG,482.255859375,0,,0,0,0,0,1,0,0,3,0,0,1,0,0,60.0,0,0,0,0
18,SCSG,487.7978515625,0,,0,0,0,0,1,0,0,3,0,0,1,0,0,60.0,0,0,0,0
18,SCSG,492.83984375,0,,0,0,0,0,1,0,0,3,0,0,1,0,0,60.0,0,0,0,0
18,SCSG,498.666015625,0,,1,0,0,0,1,0,0,3,0,0,1,1,0,60.0,0,0,0,0
18,SCSG,505.1591796875,0,,0,0,0,0,1,0,0,3,0,0,1,2,0,60.0,0,0,0,0
18,SCSG,510.7685546875,0,,1,0,0,0,1,0,0,3,0,0,1,2,0,60.0,0,0,0,0
18,SCSG,516.1103515625,0,,0,0,0,0,1,0,2,3,0,0,1,1,0,4.57421875,0,0,0,0
18,SCSG,521.552734375,0,,0,0,0,0,1,0,2,3,0,0,1,1,0,10.0166015625,0,0,0,0
18,SCSG,527.7451171875,0,,1,0,0,0,1,0,4,3,0,0,1,0,0,5.5751953125,4,0,0,0
18,SCSG,533.60546875,0,,0,0,0,0,1,0,2,3,0,0,1,0,0,11.435546875,0,0,0,0
18,SCSG,539.498046875,0,,0,0,0,0,1,0,2,3,0,0,1,0,0,17.328125,0,0,0,0
18,SCSG,545.6572265625,0,,0,0,0,0,1,0,0,3,1,0,1,0,0,23.4873046875,0,0,0,0
18,SCSG,552.3515625,0,,0,0,0,0,1,0,0,3,1,0,1,0,0,30.181640625,0,0,0,0
18,SCSG,559.3291015625,0,,0,0,0,0,1,0,0,3,1,0,1,1,0,37.1591796875,0,0,0,0
18,SCSG,566.1572265625,0,,0,0,0,0,1,0,0,3,0,0,1,2,0,43.9873046875,0,0,0,0
18,SCSG,573.1513671875,0,,0,0,0,0,1,0,0,2,0,0,1,2,0,50.9814453125,0,0,0,0
18,SCSG,578.2431640625,0,,0,0,0,0,1,0,0,3,0,0,1,1,0,56.0732421875,0,0,0,0
18,SCSG,584.853515625,0,,0,0,0,0,1,0,0,3,3,0,1,0,0,60.0,0,0,0,0
18,SCSG,591.1474609375,0,,0,0,0,0,1,0,0,3,4,0,1,0,0,60.0,0,0,0,0
18,SCSG,596.689453125,0,,0,0,0,0,1,0,0,3,4,0,1,0,0,60.0,0,0,0,0
18,SCSG,601.78125,0,,0,0,0,0,1,0,0,3,5,0,1,0,0,60.0,0,0,0,0
18,SCSG,608.3251953125,0,,0,0,0,0,1,0,0,3,2,0,1,0,0,60.0,0,0,0,0
18,SCSG,614.818359375,0,,0,0,0,0,1,0,0,3,2,0,1,0,0,60.0,0,0,0,0
18,SCSG,619.876953125,0,,0,0,0,0,1,0,0,3,1,0,1,0,0,60.0,0,0,0,0
18,SCSG,626.904296875,0,,0,0,0,0,1,0,0,3,0,0,1,0,0,60.0,0,0,0,0
18,SCSG,632.8310546875,0,,0,0,0,0,1,0,0,3,0,0,1,0,0,60.0,0,0,0,0
18,SCSG,638.9736328125,0,,0,0,0,0,1,0,0,3,1,0,1,0,0,60.0,0,0,0,0
18,SCSG,645.1337890625,0,,1,0,0,0,1,0,0,3,3,0,1,0,0,60.0,0,3,0,0
18,SCSG,652.0615234375,0,,0,0,0,0,1,0,0,3,3,0,0,0,0,60.0,0,0,0,0
18,SCSG,657.7705078125,0,,0,0,0,0,1,0,0,3,3,0,0,0,0,60.0,0,0,0,0
18,SCSG,664.1640625,0,,1,0,0,0,1,0,0,3,0,0,0,0,0,60.0,0,0,0,0
18,SCSG,670.4580078125,0,,0,0,0,0,1,0,0,3,0,0,0,0,0,60.0,0,0,0,0
18,SCSG,676.099609375,0,,0,0,0,0,1,0,0,3,0,0,0,0,0,60.0,0,0,0,0
18,SCSG,681.4248046875,0,,0,0,0,0,1,0,0,3,0,0,0,0,0,60.0,0,0,0,0
18,SCSG,686.6005859375,0,,0,0,0,0,1,0,0,3,2,0,0,0,0,60.0,0,0,0,0
18,SCSG,692.443359375,0,,0,0,0,0,1,0,0,3,2,0,0,0,0,60.0,0,0,0,0
18,SCSG,699.0869140625,0,,0,0,0,0,1,0,0,3,2,0,0,0,0,60.0,0,0,0,0
18,SCSG,705.6474609375,0,,0,0,0,0,1,0,0,3,1,0,0,0,0,60.0,0,0,0,0
18,SCSG,710.6884765625,0,,0,0,0,0,1,0,0,3,1,0,0,0,0,60.0,0,0,0,0
18,SCSG,716.6650390625,0,,0,0,0,0,1,0,0,3,1,0,1,1,0,60.0,0,0,0,0
18,SCSG,722.7080078125,0,,0,0,0,0,1,0,0,3,1,0,1,2,0,60.0,0,0,0,0
18,SCSG,728.25,0,,1,0,0,0,1,0,0,3,0,0,1,2,0,60.0,0,0,0,0
18,SCSG,733.591796875,0,,0,0,0,0,1,0,0,3,0,0,2,2,0,60.0,0,0,0,0
18,SCSG,738.68359375,0,,0,0,0,0,1,0,0,3,1,0,1,1,0,60.0,0,0,0,0
18,SCSG,744.109375,0,,0,0,0,0,1,0,0,3,1,0,1,0,0,60.0,0,0,0,0
18,SCSG,750.1689453125,0,,1,0,0,0,1,0,0,3,1,0,1,0,0,60.0,0,1,0,0
18,SCSG,756.1953125,0,,0,0,0,0,1,0,0,3,1,0,1,0,0,60.0,0,0,0,0
19,SCFB,52.8631591797,0,,0,0,1,1,0,0,0,0,0,1,0,0,0,60.0,0,0,0,1
19,SCFB,58.7238769531,0,,0,0,1,1,0,0,0,1,0,2,1,1,0,60.0,0,0,0,2
19,SCFB,64.818359375,0,,0,0,1,1,0,0,1,1,0,4,1,1,0,1.0853271483999976,0,0,1,4
19,SCFB,71.6475830078,0,,0,0,1,1,0,0,1,2,0,3,1,1,0,7.914550781199992,0,0,1,3
19,SCFB,77.8421630859,0,,0,0,1,1,0,0,1,2,0,2,1,0,0,14.109130859299995,0,0,1,2
19,SCFB,84.3206787109,0,,0,0,1,1,0,0,0,3,0,0,1,0,0,20.587646484299995,0,0,0,0
19,SCFB,91.3502197266,0,,0,0,1,1,0,0,0,3,0,0,1,0,0,27.6171875,0,0,0,0
19,SCFB,97.8120117188,0,,0,0,1,1,0,0,0,3,0,0,1,0,0,34.07897949219999,0,0,0,0
19,SCFB,103.9566650391,0,,0,0,1,1,0,0,0,3,0,0,1,0,0,40.2236328125,0,0,0,0
19,SCFB,109.0158691406,0,,0,0,1,1,0,0,0,3,0,0,1,1,0,45.282836914,0,0,0,0
19,SCFB,116.0119628906,0,,0,0,1,1,0,0,0,3,2,0,1,2,0,52.278930664,0,0,0,2
19,SCFB,122.7409667969,0,,0,0,1,1,0,0,0,3,3,0,1,2,0,59.007934570299994,0,0,0,3
19,SCFB,127.9338378906,0,,0,0,1,1,0,0,0,3,5,0,1,2,0,60.0,0,0,0,5
19,SCFB,134.7796630859,0,,1,0,1,1,0,0,0,3,4,0,0,0,0,60.0,0,4,0,4
19,SCFB,140.6236572266,0,,0,0,1,1,0,0,2,3,2,1,1,1,0,5.075927734399983,0,0,2,3
19,SCFB,145.9333496094,0,,0,0,1,1,0,0,2,3,1,3,1,1,0,10.385620117200006,0,0,2,4
19,SCFB,152.6623535156,0,,0,0,1,1,0,0,2,3,0,4,1,2,0,17.114624023399983,0,0,2,4
19,SCFB,159.4080810547,0,,0,0,1,1,0,0,0,3,2,4,1,3,0,23.8603515625,0,0,0,6
19,SCFB,165.6528320312,0,,0,0,1,1,0,0,0,3,3,2,1,3,0,30.105102539,0,0,0,5
19,SCFB,170.8790283203,0,,1,0,1,1,0,0,0,3,3,2,1,2,0,35.33129882809999,0,5,0,5
19,SCFB,176.7230224609,0,,0,0,1,1,0,0,2,3,1,1,1,2,0,5.226196289000001,0,0,2,2
19,SCFB,182.6171875,0,,1,0,1,1,0,0,2,3,1,1,1,2,0,11.120361328099989,2,2,2,2
19,SCFB,189.5297851562,0,,0,0,1,1,0,0,2,3,1,1,1,2,0,18.032958984299995,0,0,2,2
19,SCFB,195.57421875,0,,0,0,1,1,0,0,0,3,2,0,1,3,0,24.07739257809999,0,0,0,2
19,SCFB,201.1844482422,0,,0,0,1,1,0,0,1,3,3,0,1,3,0,4.708618164100017,0,0,1,3
19,SCFB,207.3289794922,0,,1,0,1,1,0,0,1,3,3,0,1,3,0,10.853149414100017,1,3,1,3
19,SCFB,213.1896972656,0,,0,0,1,1,0,0,3,3,1,0,1,3,0,5.3096923827999944,0,0,3,1
19,SCFB,220.1691894531,0,,1,0,1,1,0,0,2,3,0,0,1,1,0,12.289184570299994,2,0,2,0
19,SCFB,225.9296875,0,,0,0,1,1,0,0,2,3,0,0,1,1,0,18.049682617200006,0,0,2,0
19,SCFB,232.2244873047,0,,0,0,1,1,0,0,2,3,0,0,1,1,0,5.510009765600017,0,0,2,0
19,SCFB,238.6362304688,0,,0,0,1,1,0,0,2,3,0,0,1,0,0,11.921752929700006,0,0,2,0
19,SCFB,244.8142089844,0,,0,0,1,1,0,0,2,3,1,0,1,0,0,18.099731445300023,0,0,2,1
19,SCFB,250.8919677734,0,,0,0,1,1,0,0,0,3,4,0,1,0,0,24.177490234300024,0,0,0,4
19,SCFB,256.6024169922,0,,0,0,1,1,0,0,0,3,8,0,1,0,0,29.887939453100017,0,0,0,8
19,SCFB,263.4649658203,0,,0,0,1,1,0,0,0,3,7,0,1,0,0,36.750488281200006,0,0,0,7
19,SCFB,268.8081054688,0,,0,0,1,1,0,0,0,3,5,0,1,0,0,42.093627929700034,0,0,0,5
19,SCFB,275.3033447266,0,,0,0,1,1,0,0,0,3,0,0,1,0,0,48.58886718750003,0,0,0,0
19,SCFB,281.9821777344,1,0.7847900389999722,1,0,1,1,0,0,1,3,0,2,1,1,0,5.0926513672000056,1,2,1,2
19,SCFB,288.4606933594,0,,0,0,1,1,0,0,3,3,0,3,1,2,1,5.927490234400011,0,0,3,3
19,SCFB,293.7370605469,0,,0,0,1,1,0,0,3,3,0,3,1,2,1,11.203857421900011,0,0,3,3
19,SCFB,299.2972412109,0,,0,0,1,1,0,0,2,3,2,2,1,1,1,16.764038085899983,0,0,2,4
19,SCFB,304.6069335938,0,,0,0,1,1,0,0,0,3,3,0,1,2,1,22.073730468800022,0,0,0,3
19,SCFB,310.5009765625,0,,1,0,1,1,0,0,0,3,3,0,0,1,1,27.9677734375,0,3,0,3
19,SCFB,317.1131591797,0,,0,0,1,1,0,0,0,3,2,0,1,1,1,34.579956054700006,0,0,0,2
19,SCFB,322.5396728516,0,,0,0,1,1,0,0,0,3,1,0,1,0,1,40.00646972660002,0,0,0,1
19,SCFB,328.7510986328,0,,0,0,1,1,0,0,0,3,1,0,1,1,1,46.217895507799994,0,0,0,1
19,SCFB,334.7453613281,0,,0,0,1,1,0,0,0,3,1,1,1,2,1,52.21215820309999,0,0,0,2
19,SCFB,340.0050048828,0,,0,0,1,1,0,0,0,3,1,2,1,3,1,57.471801757799994,0,0,0,3
19,SCFB,345.1142578125,0,,0,0,1,1,0,0,0,3,0,2,1,3,0,60.0,0,0,0,2
19,SCFB,350.6076660156,0,,0,0,1,1,0,0,0,3,0,2,2,2,0,60.0,0,0,0,2
19,SCFB,357.4201660156,0,,0,0,1,1,0,0,0,3,0,1,1,0,0,60.0,0,0,0,1
19,SCFB,363.1973876953,0,,0,0,1,1,0,0,0,3,1,0,1,1,0,60.0,0,0,0,1
19,SCFB,369.6926269531,0,,0,0,1,1,0,0,0,3,1,0,0,3,0,60.0,0,0,0,1
19,SCFB,375.1860351562,0,,0,0,1,1,0,0,0,3,1,0,1,3,0,60.0,0,0,0,1
19,SCFB,381.0968017578,0,,0,0,1,1,0,0,0,3,1,0,1,3,0,60.0,0,0,0,1
19,SCFB,387.0577392578,0,,0,0,1,1,0,0,0,3,0,0,1,0,0,60.0,0,0,0,0
19,SCFB,393.5028076172,0,,0,0,1,1,0,0,0,3,1,0,0,0,0,60.0,0,0,0,1
19,SCFB,398.7624511719,0,,0,0,1,1,0,0,0,3,2,0,0,0,0,60.0,0,0,0,2
19,SCFB,405.0239257812,0,,1,0,1,1,0,0,0,3,3,0,0,0,0,60.0,0,3,0,3
19,SCFB,410.8344726562,0,,1,0,1,1,0,0,2,3,5,0,0,0,0,5.226196288999972,2,5,2,5
19,SCFB,416.9122314453,0,,0,0,1,1,0,0,2,3,3,0,0,0,0,11.303955078099989,0,0,2,3
19,SCFB,422.0717773438,0,,0,0,1,1,0,0,4,3,3,0,0,0,0,4.558349609400011,0,0,4,3
19,SCFB,427.8990478516,0,,0,0,1,1,0,0,2,3,1,0,0,0,0,10.385620117200006,0,0,2,1
19,SCFB,434.2940673828,0,,1,0,1,1,0,0,2,3,1,0,0,0,0,16.780639648399983,2,1,2,1
19,SCFB,440.8060302734,0,,0,0,1,1,0,0,0,3,3,0,0,1,0,23.292602538999972,0,0,0,3
19,SCFB,447.6518554688,0,,0,0,1,1,0,0,0,3,5,0,0,1,0,30.13842773440001,0,0,0,5
19,SCFB,454.1636962891,0,,0,0,1,1,0,0,0,3,6,0,0,1,0,36.650268554700006,0,0,0,6
19,SCFB,461.0096435547,0,,1,0,1,1,0,0,0,3,6,0,1,0,0,43.496215820299994,0,6,0,6
19,SCFB,467.5047607422,0,,0,0,1,1,0,0,2,3,5,0,1,0,0,5.743774414100017,0,0,2,5
19,SCFB,472.5974121094,0,,0,0,1,1,0,0,2,3,4,0,1,0,0,10.836425781300022,0,0,2,4
19,SCFB,478.6918945312,0,,0,0,1,1,0,0,2,3,2,0,1,0,0,16.93090820309999,0,0,2,2
19,SCFB,484.2353515625,0,,0,0,1,1,0,0,0,3,0,0,1,0,0,22.47436523440001,0,0,0,0
19,SCFB,490.7807617188,0,,0,0,1,1,0,0,0,3,0,0,1,0,0,29.019775390700033,0,0,0,0
19,SCFB,496.6915283203,0,,0,0,1,1,0,0,0,3,1,0,1,1,0,34.930541992200006,0,0,0,1
19,SCFB,502.1682128906,0,,1,0,1,1,0,0,0,3,2,0,1,2,0,40.4072265625,0,2,0,2
19,SCFB,508.5632324219,0,,0,0,1,1,0,0,2,3,3,2,1,3,0,5.843994140700033,0,0,2,5
19,SCFB,515.5260009766,0,,0,0,1,1,0,0,2,3,3,3,1,4,0,12.806762695400039,0,0,2,6
19,SCFB,521.0861816406,0,,0,0,1,1,0,0,3,3,2,5,1,4,0,4.508300781199978,0,0,3,7
19,SCFB,527.2807617188,0,,1,0,1,1,0,0,1,3,2,4,1,3,0,10.702880859400011,1,6,1,6
19,SCFB,534.2268066406,0,,0,0,1,1,0,0,3,3,3,2,1,3,0,6.344970703099989,0,0,3,5
19,SCFB,541.0560302734,0,,0,0,1,1,0,0,2,3,3,0,1,0,0,13.174194335899983,0,0,2,3
19,SCFB,547.7683105469,0,,1,0,1,1,0,0,2,3,1,0,1,0,0,19.88647460940001,2,1,2,1
19,SCFB,554.3803710938,0,,0,0,1,1,0,0,3,3,1,0,1,1,0,5.743896484400011,0,0,3,1
19,SCFB,561.0926513672,0,,0,0,1,1,0,0,3,3,1,0,1,1,0,12.456176757799994,0,0,3,1
19,SCFB,567.6212158203,0,,0,0,1,1,0,0,3,3,1,0,1,1,0,18.984741210899983,0,0,3,1
19,SCFB,574.0830078125,0,,0,0,1,1,0,0,0,3,0,0,1,0,0,25.44653320309999,0,0,0,0
19,SCFB,579.4929199219,0,,0,0,1,1,0,0,0,3,0,0,1,0,0,30.8564453125,0,0,0,0
19,SCFB,585.6041259766,0,,0,0,1,1,0,0,0,3,0,0,1,0,0,36.967651367200006,0,0,0,0
19,SCFB,591.0473632812,0,,0,0,1,1,0,0,0,3,1,0,1,0,0,42.41088867179997,0,0,0,1
19,SCFB,596.1567382812,0,,0,0,1,1,0,0,0,3,1,0,1,0,0,47.52026367179997,0,0,0,1
19,SCFB,602.8189697266,0,,1,0,1,1,0,0,0,3,1,0,1,1,0,54.182495117200006,0,1,0,1
19,SCFB,608.3957519531,1,0.8015136719000111,1,0,1,1,0,0,2,3,1,2,1,2,0,5.059204101499972,2,3,2,3
19,SCFB,614.3901367188,0,,0,0,1,1,0,0,4,3,0,4,1,2,1,5.359863281300022,0,0,4,4
19,SCFB,619.93359375,0,,1,0,1,1,0,0,4,3,0,5,1,1,1,10.9033203125,4,5,4,5
19,SCFB,626.1783447266,0,,1,0,1,1,0,0,4,3,0,4,1,0,1,5.5936279297000056,4,4,4,4
19,SCFB,631.6215820312,0,,0,0,1,1,0,0,4,3,0,2,1,0,1,4.842163085899983,0,0,4,2
19,SCFB,637.6993408203,0,,0,0,1,1,0,0,4,3,0,0,1,0,1,10.919921875,0,0,4,0
19,SCFB,643.3931884766,0,,0,0,1,1,0,0,2,3,1,0,0,0,1,16.613769531300022,0,0,2,1
19,SCFB,649.5544433594,0,,0,0,1,1,0,0,0,3,1,2,0,0,1,22.775024414100017,0,0,0,3
19,SCFB,656.2165527344,0,,0,0,1,1,0,0,0,3,4,4,0,0,1,29.437133789100017,0,0,0,8
19,SCFB,662.9622802734,0,,0,0,1,1,0,0,0,3,3,4,0,0,1,36.18286132809999,0,0,0,7
19,SCFB,668.7895507812,0,,0,0,1,1,0,0,0,3,4,2,0,0,1,42.01013183589998,0,0,0,6
19,SCFB,675.6354980469,0,,0,0,1,1,0,0,0,3,1,0,0,0,0,48.85607910160002,0,0,0,1
19,SCFB,681.2790527344,0,,0,0,1,1,0,0,0,3,1,0,0,0,0,54.49963378910002,0,0,0,1
19,SCFB,686.3884277344,0,,0,0,1,1,0,0,0,3,3,0,0,0,0,59.60900878910002,0,0,0,3
19,SCFB,691.4810791016,0,,1,0,1,1,0,0,0,3,3,0,0,0,0,60.0,0,3,0,3
19,SCFB,696.9912109375,0,,0,0,1,1,0,0,2,3,4,0,0,0,0,4.207763671900011,0,0,2,4
19,SCFB,703.5197753906,0,,0,0,1,1,0,0,2,3,4,0,0,0,0,10.736328125,0,0,2,4
19,SCFB,709.4305419922,0,,0,0,1,1,0,0,2,3,2,0,1,1,0,16.647094726600017,0,0,2,2
19,SCFB,714.9239501953,0,,0,0,1,1,0,0,0,3,2,1,1,2,0,22.140502929700006,0,0,0,3
19,SCFB,721.8699951172,0,,0,0,1,1,0,0,0,3,4,2,1,4,0,29.086547851600017,0,0,0,6
19,SCFB,728.8660888672,0,,0,0,1,1,0,0,0,3,4,3,1,3,0,36.08264160160002,0,0,0,7
19,SCFB,735.6118164062,0,,0,0,1,1,0,0,0,2,2,2,1,2,0,42.82836914059999,0,0,0,4
19,SCFB,742.1571044922,0,,1,0,1,1,0,0,0,3,0,0,1,0,0,49.37365722660002,0,0,0,0
19,SCFB,748.8861083984,0,,1,0,1,1,0,0,2,3,0,0,1,1,0,6.1446533202999944,2,0,2,0
19,SCMM,56.4515380859,0,,0,0,0,0,0,1,0,0,0,1,0,0,0,60.0,0,0,0,0
19,SCMM,61.5264892578,0,,0,0,0,0,0,1,0,1,0,1,1,0,0,60.0,0,0,0,0
19,SCMM,66.9853515625,0,,0,0,0,0,0,1,0,2,0,1,1,0,0,60.0,0,0,0,0
19,SCMM,73.3291015625,0,,0,0,0,0,0,1,0,3,0,0,1,0,0,60.0,0,0,0,0
19,SCMM,78.98828125,0,,0,0,0,0,0,1,0,3,0,0,1,0,0,60.0,0,0,0,0
19,SCMM,84.630859375,0,,0,0,0,0,0,1,0,3,0,0,1,0,0,60.0,0,0,0,0
19,SCMM,89.9561767578,0,,0,0,0,0,0,1,0,3,0,0,1,0,0,60.0,0,0,0,0
19,SCMM,95.7322998047,0,,0,0,0,0,0,1,0,3,0,0,1,0,0,60.0,0,0,0,0
19,SCMM,101.3079833984,0,,0,0,0,0,0,1,0,3,0,0,1,0,0,60.0,0,0,0,0
19,SCMM,107.4847412109,0,,0,0,0,0,0,1,0,3,0,0,1,0,0,60.0,0,0,0,0
19,SCMM,113.1273193359,0,,0,0,0,0,0,1,0,3,1,0,1,0,0,60.0,0,0,0,0
19,SCMM,119.9050292969,0,,0,0,0,0,0,1,0,3,1,0,2,0,0,60.0,0,0,0,0
19,SCMM,125.5308837891,0,,0,0,0,0,0,1,0,3,1,0,1,0,0,60.0,0,0,0,0
19,SCMM,132.2751464844,0,,0,0,0,0,0,1,1,2,0,0,1,0,0,1.736083984400011,0,0,0,0
19,SCMM,137.4503173828,0,,0,0,0,0,0,1,1,2,0,0,1,0,0,6.9112548827999944,0,0,0,0
19,SCMM,143.6771240234,0,,0,0,0,0,0,1,1,2,0,0,1,0,0,13.138061523400012,0,0,0,0
19,SCMM,150.5048828125,0,,1,0,0,0,0,1,1,3,0,0,1,0,0,19.9658203125,1,0,0,0
19,SCMM,157.2993164062,0,,0,0,0,0,0,1,2,3,0,0,1,0,0,6.176757812400012,0,0,0,0
19,SCMM,163.1087646484,1,0.7679443359999993,1,0,0,0,0,1,2,3,0,0,1,0,0,11.986206054600018,2,0,0,0
19,SCMM,169.0518798828,0,,1,0,0,0,0,1,4,2,1,0,1,0,1,5.458984375,4,1,0,0
19,SCMM,174.9281005859,0,,0,0,0,0,0,1,4,2,1,0,1,0,1,5.325317382800023,0,0,0,0
19,SCMM,180.9545898438,0,,0,0,0,0,0,1,4,2,1,0,1,0,1,11.351806640700005,0,0,0,0
19,SCMM,186.8475341797,0,,1,0,0,0,0,1,2,3,2,0,1,0,1,17.244750976600017,2,2,0,0
19,SCMM,192.9908447266,0,,0,0,0,0,0,1,2,3,1,0,1,0,1,5.625854492199977,0,0,0,0
19,SCMM,199.0006103516,0,,0,0,0,0,0,1,2,3,1,0,1,0,1,11.635620117199977,0,0,0,0
19,SCMM,205.4444580078,0,,0,0,0,0,0,1,2,3,0,0,1,0,1,18.079467773399983,0,0,0,0
19,SCMM,212.3223876953,0,,0,0,0,0,0,1,0,3,0,0,1,0,1,24.957397460899983,0,0,0,0
19,SCMM,218.5992431641,0,,1,0,0,0,0,1,1,3,0,0,1,0,1,5.4755859375,1,0,0,0
19,SCMM,224.4088134766,0,,0,0,0,0,0,1,3,3,0,0,1,0,0,5.2919921875,0,0,0,0
19,SCMM,230.9027099609,0,,0,0,0,0,0,1,3,3,0,0,1,0,0,11.785888671800024,0,0,0,0
19,SCMM,237.3966064453,0,,0,0,0,0,0,1,3,3,0,0,1,0,0,1.4189453125,0,0,0,0
19,SCMM,244.0908203125,0,,0,0,0,0,0,1,1,3,0,0,1,0,0,8.113159179700006,0,0,0,0
19,SCMM,250.9854736328,0,,0,0,0,0,0,1,1,3,0,0,1,0,0,15.0078125,0,0,0,0
19,SCMM,257.3291015625,0,,0,0,0,0,0,1,0,3,0,0,1,0,0,21.351440429700006,0,0,0,0
19,SCMM,262.5208740234,0,,0,0,0,0,0,1,0,3,0,0,1,0,0,26.54321289059999,0,0,0,0
19,SCMM,268.3637695312,0,,0,0,0,0,0,1,0,3,0,0,1,0,0,32.38610839839998,0,0,0,0
19,SCMM,273.7225341797,0,,0,0,0,0,0,1,0,3,0,0,1,0,0,37.74487304690001,0,0,0,0
19,SCMM,279.0478515625,0,,0,0,0,0,0,1,0,3,0,0,1,0,0,43.070190429700006,0,0,0,0
19,SCMM,286.0593261719,0,,0,0,0,0,0,1,0,3,0,0,1,0,0,50.08166503910002,0,0,0,0
19,SCMM,292.2694091797,0,,0,0,0,0,0,1,0,3,0,0,1,0,0,56.29174804690001,0,0,0,0
19,SCMM,298.6297607422,0,,0,0,0,0,0,1,0,3,0,0,1,0,0,60.0,0,0,0,0
19,SCMM,305.1403808594,0,,0,0,0,0,0,1,0,3,0,0,1,0,0,60.0,0,0,0,0
19,SCMM,311.0,0,,0,0,0,0,0,1,0,3,0,0,1,0,0,60.0,0,0,0,0
19,SCMM,316.7259521484,0,,1,0,0,0,0,1,0,3,0,0,1,0,0,60.0,0,0,0,0
19,SCMM,323.0362548828,0,,0,0,0,0,0,1,2,2,1,0,1,0,0,5.609130859400011,0,0,0,0
19,SCMM,328.4117431641,0,,0,0,0,0,0,1,2,2,2,0,1,0,0,10.984619140700033,0,0,0,0
19,SCMM,334.4715576172,0,,1,0,0,0,0,1,2,2,2,0,1,0,0,17.044433593800022,2,2,0,0
19,SCMM,340.4312744141,0,,0,0,0,0,0,1,2,3,1,0,1,0,0,5.442138671900011,0,0,0,0
19,SCMM,346.5245361328,0,,0,0,0,0,0,1,2,3,0,0,1,0,0,11.535400390599989,0,0,0,0
19,SCMM,352.1170654297,0,,0,0,0,0,0,1,2,3,0,0,1,0,0,17.1279296875,0,0,0,0
19,SCMM,358.5942382812,0,,0,0,0,0,0,1,0,3,0,0,1,0,0,23.605102538999972,0,0,0,0
19,SCMM,364.4204101562,0,,0,0,0,0,0,1,0,3,0,0,1,0,0,29.431274413999972,0,0,0,0
19,SCMM,370.6304931641,0,,1,0,0,0,0,1,0,3,0,0,2,0,0,35.64135742190001,0,0,0,0
19,SCMM,375.6888427734,0,,0,0,0,0,0,1,2,3,0,0,1,0,0,4.57421875,0,0,0,0
19,SCMM,382.4998779297,0,,0,0,0,0,0,1,2,3,0,0,1,0,0,11.385253906300022,0,0,0,0
19,SCMM,388.5598144531,0,,0,0,0,0,0,1,2,3,1,0,1,0,0,17.445190429700006,0,0,0,0
19,SCMM,395.2039794922,0,,1,0,0,0,0,1,0,3,1,1,0,0,0,24.089355468800022,0,2,0,0
19,SCMM,402.1485595703,0,,1,0,0,0,0,1,2,3,3,1,0,0,0,6.2100830077999944,2,4,0,0
19,SCMM,407.5740966797,0,,0,0,0,0,0,1,2,3,2,1,0,0,0,11.635620117200006,0,0,0,0
19,SCSB,44.45703125,0,,0,0,1,0,1,0,0,0,0,1,0,1,0,60.0,0,0,0,1
19,SCSB,49.7490234375,0,,0,0,1,0,1,0,0,1,0,1,1,1,0,60.0,0,0,0,1
19,SCSB,56.0926513672,0,,0,0,1,0,1,0,0,2,0,1,1,1,0,60.0,0,0,0,1
19,SCSB,62.119140625,0,,1,0,1,0,1,0,0,3,0,0,1,0,0,60.0,0,0,0,0
19,SCSB,68.8468017578,0,,1,0,1,0,1,0,2,3,0,0,1,0,0,6.1934814452999944,2,0,2,0
19,SCSB,74.9400634766,0,,0,0,1,0,1,0,4,3,0,1,1,2,0,5.492309570399996,0,0,4,1
19,SCSB,81.0666503906,0,,0,0,1,0,1,0,4,3,0,2,1,2,0,11.618896484399997,0,0,4,2
19,SCSB,86.6591796875,0,,0,0,1,0,1,0,2,3,0,2,2,2,0,17.211425781299994,0,0,2,2
19,SCSB,93.2866210938,0,,0,0,1,0,1,0,0,3,0,1,1,1,0,23.838867187599988,0,0,0,1
19,SCSB,99.3298339844,0,,0,0,1,0,1,0,0,3,0,0,1,0,0,29.88208007819999,0,0,0,0
19,SCSB,104.4047851562,0,,0,0,1,0,1,0,0,3,0,0,1,0,0,34.95703125,0,0,0,0
19,SCSB,111.2825927734,0,,1,0,1,0,1,0,0,3,0,0,1,0,0,41.83483886719999,0,0,0,0
19,SCSB,117.0587158203,0,,0,0,1,0,1,0,2,3,1,0,1,0,0,5.024902343699992,0,0,2,1
19,SCSB,123.21875,0,,0,0,1,0,1,0,2,3,1,0,1,0,0,11.184936523399998,0,0,2,1
19,SCSB,128.9614257812,0,,0,0,1,0,1,0,2,3,1,0,1,0,0,16.927612304600004,0,0,2,1
19,SCSB,134.7208251953,0,,0,0,1,0,1,0,0,3,1,0,1,0,0,22.687011718699992,0,0,0,1
19,SCSB,141.7489013672,0,,0,0,1,0,1,0,0,3,2,0,1,0,0,29.715087890600003,0,0,0,2
19,SCSB,147.8088378906,0,,0,0,1,0,1,0,0,3,2,0,1,0,0,35.77502441399999,0,0,0,2
19,SCSB,154.3360595703,0,,1,0,1,0,1,0,0,3,1,0,1,0,0,42.30224609369999,0,1,0,1
19,SCSB,159.9786376953,0,,0,0,1,0,1,0,2,3,0,0,1,0,0,5.1083984375,0,0,2,0
19,SCSB,165.7213134766,0,,0,0,1,0,1,0,2,3,0,0,1,0,0,10.851074218799994,0,0,2,0
19,SCSB,171.7310791016,0,,0,0,1,0,1,0,2,3,0,1,1,1,0,16.860839843799994,0,0,2,1
19,SCSB,177.6740722656,0,,0,0,1,0,1,0,0,3,0,2,1,2,0,22.803833007799994,0,0,0,2
19,SCSB,182.7490234375,0,,0,0,1,0,1,0,0,3,0,3,1,2,0,27.878784179700006,0,0,0,3
19,SCSB,188.2078857422,0,,0,0,1,0,1,0,0,3,0,3,1,2,0,33.33764648440001,0,0,0,3
19,SCSB,193.8671875,0,,0,0,1,0,1,0,0,3,1,2,1,1,0,38.996948242200006,0,0,0,3
19,SCSB,199.5931396484,0,,0,0,1,0,1,0,0,3,2,0,1,0,0,44.72290039060002,0,0,0,2
19,SCSB,205.5695800781,0,,0,0,1,0,1,0,0,3,2,0,1,0,0,50.699340820299994,0,0,0,2
19,SCSB,212.4808349609,0,,0,0,1,0,1,0,0,3,2,0,1,0,0,57.61059570310002,0,0,0,2
19,SCSB,218.5406494141,0,,0,0,1,0,1,0,0,3,0,0,1,0,0,60.0,0,0,0,0
19,SCSB,225.5354003906,0,,0,0,1,0,1,0,0,3,0,0,1,0,0,60.0,0,0,0,0
19,SCSB,231.5451660156,0,,0,0,1,0,1,0,0,3,0,0,1,0,0,60.0,0,0,0,0
19,SCSB,238.2395019531,0,,0,0,1,0,1,0,0,3,4,0,1,0,0,60.0,0,0,0,4
19,SCSB,244.2158203125,0,,1,0,1,0,1,0,0,3,4,0,1,0,0,60.0,0,4,0,4
19,SCSB,251.0770263672,0,,1,0,1,0,1,0,2,3,4,0,1,0,0,6.310302734400011,2,4,2,4
19,SCSB,257.2370605469,0,,0,0,1,0,1,0,2,3,0,0,1,0,0,12.470336914100017,0,0,2,0
19,SCSB,263.9814453125,0,,0,0,1,0,1,0,2,3,1,0,1,0,0,19.214721679700006,0,0,2,1
19,SCSB,270.0579833984,0,,0,0,1,0,1,0,0,3,1,1,1,1,0,25.29125976559999,0,0,0,2
19,SCSB,276.0009765625,0,,1,0,1,0,1,0,0,3,1,1,1,2,0,31.234252929700006,0,2,0,2
19,SCSB,281.2094726562,0,,1,0,1,0,1,0,2,3,0,1,1,2,0,4.4405517577999944,2,1,2,1
19,SCSB,287.9704589844,0,,1,0,1,0,1,0,2,3,0,1,1,2,0,11.201538086000028,2,1,2,1
19,SCSB,294.2640380859,0,,0,0,1,0,1,0,2,3,0,0,1,0,0,17.4951171875,0,0,2,0
19,SCSB,300.9749755859,0,,0,0,1,0,1,0,0,3,0,0,1,0,0,24.2060546875,0,0,0,0
19,SCSB,306.4672851562,0,,0,0,1,0,1,0,2,3,0,0,1,0,0,4.907958984299967,0,0,2,0
19,SCSB,312.193359375,0,,0,0,1,0,1,0,2,3,0,0,1,0,0,10.634033203099989,0,0,2,0
19,SCSB,318.6538085938,0,,0,0,1,0,1,0,2,3,2,0,1,0,0,17.09448242190001,0,0,2,2
19,SCSB,325.3814697266,0,,0,0,1,0,1,0,0,3,2,0,1,0,0,23.822143554700006,0,0,0,2
19,SCSB,330.5899658203,0,,0,0,1,0,1,0,0,3,2,0,1,0,0,29.030639648399983,0,0,0,2
19,SCSB,335.9152832031,0,,0,0,1,0,1,0,0,3,1,0,1,0,0,34.35595703119998,0,0,0,1
19,SCSB,342.2589111328,0,,0,0,1,0,1,0,0,3,1,0,1,0,0,40.69958496089998,0,0,0,1
19,SCSB,348.2186279297,0,,0,0,1,0,1,0,0,3,1,0,1,0,0,46.659301757799994,0,0,0,1
19,SCSB,354.6124267578,0,,0,0,1,0,1,0,0,3,0,0,1,0,0,53.05310058589998,0,0,0,0
19,SCSB,360.8057861328,0,,0,0,1,0,1,0,0,3,0,0,1,0,0,59.24645996089998,0,0,0,0
19,SCSB,366.2145996094,0,,1,0,1,0,1,0,0,3,0,0,1,0,0,60.0,0,0,0,0
19,SCSB,371.3062744141,0,,0,0,1,0,1,0,2,3,0,1,1,1,0,4.357055664100017,0,0,2,1
19,SCSB,376.9321289062,1,0.7177734376000444,1,0,1,0,1,0,2,3,0,3,1,1,0,9.982910156199978,2,3,2,3
19,SCSB,382.3909912109,0,,0,0,1,0,1,0,4,3,0,3,1,1,1,4.94140625,0,0,4,3
19,SCSB,389.0518798828,0,,0,0,1,0,1,0,2,3,0,2,1,1,1,11.602294921900011,0,0,2,2
19,SCSB,395.6625976562,0,,0,0,1,0,1,0,2,3,1,0,1,0,1,18.213012695299994,0,0,2,1
19,SCSB,401.755859375,0,,0,0,1,0,1,0,0,3,2,1,1,0,1,24.306274414100017,0,0,0,3
19,SCSB,407.1813964844,0,,0,0,1,0,1,0,0,3,2,1,0,0,1,29.731811523500028,0,0,0,3
19,SCSB,413.1411132812,0,,1,0,1,0,1,0,0,3,3,1,0,0,1,35.691528320299994,0,4,0,4
19,SCSB,419.0673828125,0,,0,0,1,0,1,0,0,3,2,0,0,0,1,41.61779785160002,0,0,0,2
19,SCSB,424.2926025391,0,,0,0,1,0,1,0,0,3,2,0,0,0,1,46.84301757820003,0,0,0,2
19,SCSB,429.6846923828,0,,1,0,1,0,1,0,0,3,0,0,0,0,1,52.23510742190001,0,0,0,0
19,SCSB,436.1787109375,0,,0,0,1,0,1,0,0,3,0,0,0,0,1,58.72912597660002,0,0,0,0
19,SCSB,441.7878417969,0,,0,0,1,0,1,0,0,3,2,0,0,0,0,60.0,0,0,0,2
19,SCSB,448.4987792969,0,,0,0,1,0,1,0,0,3,2,0,0,0,0,60.0,0,0,0,2
19,SCSB,455.5268554688,0,,0,0,1,0,1,0,0,3,3,0,0,1,0,60.0,0,0,0,3
19,SCSB,461.2362060547,0,,0,0,1,0,1,0,0,3,1,0,0,1,0,60.0,0,0,0,1
19,SCSB,467.8803710938,0,,0,0,1,0,1,0,0,3,1,0,0,1,0,60.0,0,0,0,1
19,SCSB,474.2072753906,0,,0,0,1,0,1,0,0,3,0,0,1,0,0,60.0,0,0,0,0
19,SCSB,479.5827636719,0,,0,0,1,0,1,0,0,3,1,0,1,0,0,60.0,0,0,0,1
19,SCSB,485.5424804688,0,,0,0,1,0,1,0,0,3,1,0,1,0,0,60.0,0,0,0,1
19,SCSB,491.6690673828,0,,0,0,1,0,1,0,0,3,1,0,0,0,0,60.0,0,0,0,1
19,SCSB,498.4134521484,0,,1,0,1,0,1,0,0,3,1,1,1,1,0,60.0,0,2,0,2
19,SCSB,504.9573974609,0,,0,0,1,0,1,0,2,3,0,3,1,1,0,5.9764404297000056,0,0,2,3
19,SCSB,511.2342529297,0,,0,0,1,0,1,0,3,2,1,3,2,1,0,1.2686767577999944,0,0,3,4
19,SCSB,517.1939697266,0,,0,0,1,0,1,0,3,2,1,2,1,2,0,7.2283935547000056,0,0,3,3
19,SCSB,523.3540039062,0,,0,0,1,0,1,0,1,2,1,0,1,1,0,13.388427734299967,0,0,1,1
19,SCSB,528.7628173828,0,,0,0,1,0,1,0,1,3,0,0,1,1,0,18.797241210899983,0,0,1,0
19,SCSB,534.9228515625,0,,0,0,1,0,1,0,2,3,0,0,1,1,0,5.375366210899983,0,0,2,0
19,SCSB,541.5502929688,0,,0,0,1,0,1,0,2,3,0,0,1,0,0,12.002807617200006,0,0,2,0
19,SCSB,548.3280029297,0,,0,0,1,0,1,0,2,3,0,0,1,0,0,18.78051757809999,0,0,2,0
19,SCSB,554.9555664062,0,,0,0,1,0,1,0,0,3,0,0,1,0,0,25.40808105459996,0,0,0,0
19,SCSB,561.2491455078,0,,0,0,1,0,1,0,0,3,1,0,1,0,0,31.701660156199978,0,0,0,1
19,SCSB,566.7915039062,0,,0,0,1,0,1,0,0,3,1,0,1,0,0,37.24401855459996,0,0,0,1
19,SCSB,572.4674072266,0,,0,0,1,0,1,0,0,3,1,0,1,0,0,42.919921875,0,0,0,1
19,SCSB,579.078125,0,,0,0,1,0,1,0,1,3,1,1,1,2,0,5.909545898399983,0,0,1,2
19,SCSB,584.2532958984,0,,0,0,1,0,1,0,1,3,1,1,1,2,0,11.084716796799967,0,0,1,2
19,SCSB,590.4968261719,0,,0,0,1,0,1,0,1,3,1,1,2,2,0,17.328247070299994,0,0,1,2
19,SCSB,596.0557861328,0,,0,0,1,0,1,0,0,3,1,0,1,1,0,22.887207031199978,0,0,0,1
19,SCSB,602.5163574219,0,,0,0,1,0,1,0,0,3,1,0,1,0,0,29.347778320299994,0,0,0,1
19,SCSB,607.7415771484,0,,0,0,1,0,1,0,0,3,0,0,1,0,0,34.57299804679997,0,0,0,0
19,SCSB,614.5693359375,0,,0,0,1,0,1,0,0,3,0,0,1,0,0,41.40075683589998,0,0,0,0
19,SCSB,620.6125488281,0,,0,0,1,0,1,0,0,3,1,0,1,0,0,47.44396972649997,0,0,0,1
19,SCSB,626.3719482422,0,,0,0,1,0,1,0,0,3,1,0,1,0,0,53.20336914059999,0,0,0,1
19,SCSB,632.8491210938,0,,1,0,1,0,1,0,1,2,1,0,1,0,0,1.4691162110000278,1,1,1,1
19,SCSB,639.3096923828,0,,0,0,1,0,1,0,3,2,1,0,1,0,0,5.6258544922000056,0,0,3,1
19,SCSB,645.6198730469,0,,0,0,1,0,1,0,5,2,2,0,1,0,0,5.6591796875,0,0,5,2
19,SCSB,651.1956787109,0,,0,0,1,0,1,0,5,3,2,0,0,0,0,11.234985351499972,0,0,5,2
19,SCSB,656.955078125,0,,0,0,1,0,1,0,2,3,3,2,0,1,0,16.99438476559999,0,0,2,5
19,SCSB,663.1651611328,0,,0,0,1,0,1,0,0,3,1,2,0,1,0,23.204467773399983,0,0,0,3
19,SCSB,669.3919677734,0,,1,0,1,0,1,0,0,3,5,2,0,2,0,29.431274413999972,0,7,0,7
19,SCSB,676.3366699219,0,,0,0,1,0,1,0,2,3,4,0,0,1,0,6.226806640700033,0,0,2,4
19,SCSB,681.4616699219,0,,0,0,1,0,1,0,2,3,5,0,0,1,0,11.351806640700033,0,0,2,5
19,SCSB,687.5882568359,0,,0,0,1,0,1,0,2,3,3,0,0,0,0,17.478393554700006,0,0,2,3
19,SCSB,694.1156005859,0,,0,0,1,0,1,0,0,3,1,0,0,0,0,24.005737304700006,0,0,0,1
19,SCSB,699.9584960938,0,,0,0,1,0,1,0,0,3,4,0,0,0,0,29.848632812600044,0,0,0,4
19,SCSB,706.5358886719,0,,0,0,1,0,1,0,0,3,3,0,0,0,1,36.42602539070003,0,0,0,3
19,SCSB,713.4304199219,0,,0,0,1,0,1,0,0,3,3,0,0,0,1,43.32055664070003,0,0,0,3
19,SCSB,720.3583984375,0,,0,0,1,0,1,0,0,3,3,0,0,0,1,50.24853515630002,0,0,0,3
19,SCSB,726.4849853516,0,,0,0,1,0,1,0,0,3,3,0,1,0,1,56.37512207040004,0,0,0,3
19,SCSB,732.0440673828,0,,0,0,1,0,1,0,0,3,3,2,1,1,1,60.0,0,0,0,5
19,SCSB,737.9537353516,0,,1,0,1,0,1,0,0,3,0,3,1,2,1,60.0,0,3,0,3
19,SCSB,743.6296386719,0,,0,0,1,0,1,0,2,3,0,3,1,2,1,5.1083984375,0,0,2,3
19,SCSB,750.0902099609,0,,0,0,1,0,1,0,2,3,0,1,1,1,1,11.568969726499972,0,0,2,1
19,SCSB,756.4671630859,0,,0,0,1,0,1,0,2,3,0,0,1,0,1,17.945922851499972,0,0,2,0
19,SCSB,762.4603271484,0,,0,0,1,0,1,0,0,3,0,0,1,0,1,23.939086913999972,0,0,0,0
19,SCSG,25.0192871094,0,,0,0,0,0,1,0,0,0,0,1,0,1,0,60.0,0,0,0,0
19,SCSG,30.3948974609,0,,0,0,0,0,1,0,0,1,0,1,1,1,0,60.0,0,0,0,0
19,SCSG,35.9874267578,0,,0,0,0,0,1,0,0,2,0,1,1,1,0,60.0,0,0,0,0
19,SCSG,41.3963623047,0,,0,0,0,0,1,0,0,3,0,0,1,0,0,60.0,0,0,0,0
19,SCSG,47.2894287109,0,,0,0,0,0,1,0,0,3,0,0,1,0,0,60.0,0,0,0,0
19,SCSG,53.7668457031,0,,0,0,0,0,1,0,0,3,0,0,1,0,0,60.0,0,0,0,0
19,SCSG,60.39453125,0,,0,0,0,0,1,0,0,3,0,0,1,0,0,60.0,0,0,0,0
19,SCSG,67.3059082031,0,,0,0,0,0,1,0,0,3,0,0,2,0,0,60.0,0,0,0,0
19,SCSG,73.75,0,,0,0,0,0,1,0,0,3,0,0,1,0,0,60.0,0,0,0,0
19,SCSG,80.611328125,0,,1,0,0,0,1,0,0,3,0,0,1,0,0,60.0,0,0,0,0
19,SCSG,85.88671875,0,,0,0,0,0,1,0,2,3,0,0,1,0,0,4.7244873047000056,0,0,0,0
19,SCSG,91.0118408203,0,,0,0,0,0,1,0,2,3,0,0,1,0,0,9.849609375,0,0,0,0
19,SCSG,97.9233398438,0,,1,0,0,0,1,0,2,3,1,0,1,0,0,16.7611083985,2,1,0,0
19,SCSG,104.8848876953,0,,0,0,0,0,1,0,2,3,1,0,1,0,0,6.360595703099989,0,0,0,0
19,SCSG,110.6611328125,0,,0,0,0,0,1,0,2,3,1,0,1,0,0,12.136840820299994,0,0,0,0
19,SCSG,116.1701660156,0,,0,0,0,0,1,0,2,3,1,0,1,0,0,17.645874023399998,0,0,0,0
19,SCSG,122.630859375,0,,0,0,0,0,1,0,0,3,2,0,1,0,0,24.106567382799994,0,0,0,0
19,SCSG,127.8729248047,0,,0,0,0,0,1,0,0,3,2,0,1,0,0,29.3486328125,0,0,0,0
19,SCSG,132.998046875,0,,0,0,0,0,1,0,0,3,2,0,1,0,0,34.473754882799994,0,0,0,0
19,SCSG,138.0731201172,0,,1,0,0,0,1,0,0,3,0,0,1,0,0,39.548828125,0,0,0,0
19,SCSG,144.3334960938,0,,0,0,0,0,1,0,0,3,0,0,2,0,0,45.80920410159999,0,0,0,0
19,SCSG,151.2282714844,0,,0,0,0,0,1,0,0,3,0,0,1,0,0,52.703979492200006,0,0,0,0
19,SCSG,158.1730957031,0,,0,0,0,0,1,0,0,3,0,0,1,0,0,59.64880371089998,0,0,0,0
19,SCSG,163.8825683594,0,,0,0,0,0,1,0,0,3,0,0,1,0,0,60.0,0,0,0,0
19,SCSG,169.041015625,0,,0,0,0,0,1,0,0,3,0,0,1,0,0,60.0,0,0,0,0
19,SCSG,175.3681640625,0,,1,0,0,0,1,0,0,3,0,0,1,0,0,60.0,0,0,0,0
19,SCSG,180.5767822266,0,,0,0,0,0,1,0,2,3,0,0,1,0,0,4.4572753906999765,0,0,0,0
19,SCSG,186.5533447266,0,,0,0,0,0,1,0,2,3,0,0,1,0,0,10.433837890699976,0,0,0,0
19,SCSG,192.4130859375,0,,0,0,0,0,1,0,2,3,0,0,1,0,0,16.29357910159999,0,0,0,0
19,SCSG,198.8070068359,0,,0,0,0,0,1,0,0,3,0,0,1,0,0,22.6875,0,0,0,0
19,SCSG,203.9655761719,0,,1,0,0,0,1,0,0,3,0,0,1,0,0,27.846069336,0,0,0,0
19,SCSG,210.0422363281,0,,0,0,0,0,1,0,0,3,0,0,1,0,0,33.92272949219998,0,0,0,0
19,SCSG,216.6866455078,0,,0,0,0,0,1,0,0,3,0,0,1,0,0,40.56713867189998,0,0,0,0
19,SCSG,221.9620361328,0,,0,0,0,0,1,0,0,3,0,0,1,0,0,45.84252929689998,0,0,0,0
19,SCSG,227.9553222656,0,,0,0,0,0,1,0,0,3,0,0,1,0,0,51.83581542969998,0,0,0,0
19,SCSG,232.9969482422,0,,0,0,0,0,1,0,0,3,0,0,1,0,0,56.877441406299994,0,0,0,0
19,SCSG,238.5228271484,0,,0,0,0,0,1,0,0,3,0,0,1,0,0,60.0,0,0,0,0
19,SCSG,244.8665771484,0,,0,0,0,0,1,0,0,3,0,0,1,0,0,60.0,0,0,0,0
19,SCSG,251.6945800781,0,,0,0,0,0,1,0,0,3,0,0,1,0,0,60.0,0,0,0,0
19,SCSG,256.9866943359,0,,0,0,0,0,1,0,0,3,1,0,1,0,0,60.0,0,0,0,0
19,SCSG,262.9799804688,0,,0,0,0,0,1,0,0,3,1,0,1,0,0,60.0,0,0,0,0
19,SCSG,268.5557861328,0,,0,0,0,0,1,0,0,3,1,0,1,0,0,60.0,0,0,0,0
19,SCSG,275.033203125,0,,0,0,0,0,1,0,0,3,0,0,1,0,0,60.0,0,0,0,0
19,SCSG,280.2919921875,0,,1,0,0,0,1,0,0,3,0,0,1,0,0,60.0,0,0,0,0
19,SCSG,285.5339355469,0,,0,0,0,0,1,0,2,3,0,0,1,0,0,4.674438476600017,0,0,0,0
19,SCSG,291.3269042969,0,,0,0,0,0,1,0,4,3,0,0,1,0,0,5.1085205077999944,0,0,0,0
19,SCSG,297.5872802734,0,,0,0,0,0,1,0,4,3,0,0,1,0,0,11.368896484299967,0,0,0,0
19,SCSG,303.1297607422,0,,0,0,0,0,1,0,2,3,0,0,1,0,0,16.91137695309999,0,0,0,0
19,SCSG,308.9560546875,0,,1,0,0,0,1,0,0,3,0,0,1,0,0,22.737670898399983,0,0,0,0
19,SCSG,315.7005615234,0,,0,0,0,0,1,0,0,3,0,0,1,0,0,29.482177734299967,0,0,0,0
19,SCSG,322.6286621094,0,,0,0,0,0,1,0,0,3,0,0,1,0,0,36.410278320299994,0,0,0,0
19,SCSG,327.7037353516,0,,0,0,0,0,1,0,0,3,0,0,1,0,0,41.4853515625,0,0,0,0
19,SCSG,333.6970214844,0,,0,0,0,0,1,0,0,3,1,0,1,0,0,47.478637695299994,0,0,0,0
19,SCSG,339.4732666016,0,,0,0,0,0,1,0,0,3,1,0,1,0,0,53.2548828125,0,0,0,0
19,SCSG,345.9339599609,0,,0,0,0,0,1,0,0,3,1,0,1,0,0,59.71557617179997,0,0,0,0
19,SCSG,352.5616455078,0,,0,0,0,0,1,0,0,3,0,0,1,0,0,60.0,0,0,0,0
19,SCSG,357.8870849609,0,,1,0,0,0,1,0,0,3,0,0,1,0,0,60.0,0,0,0,0
19,SCSG,364.314453125,0,,0,0,0,0,1,0,2,3,0,0,1,0,0,5.876464843800022,0,0,0,0
19,SCSG,370.3243408203,0,,1,0,0,0,1,0,2,3,0,0,1,0,0,11.886352539100017,2,0,0,0
19,SCSG,376.9686279297,0,,0,0,0,0,1,0,4,3,0,0,1,0,0,6.026611328099989,0,0,0,0
19,SCSG,382.0103759766,0,,1,0,0,0,1,0,4,3,0,0,1,0,0,4.340576171900011,4,0,0,0
19,SCSG,387.6696777344,0,,1,0,0,0,1,0,6,3,2,0,1,0,0,4.974853515599989,6,2,0,0
19,SCSG,394.3474121094,0,,0,0,0,0,1,0,4,3,3,0,1,0,0,11.652587890599989,0,0,0,0
19,SCSG,400.6077880859,0,,0,0,0,0,1,0,2,3,4,0,0,0,0,17.91296386709996,0,0,0,0
19,SCSG,406.3840332031,0,,0,0,0,0,1,0,0,3,4,0,0,0,0,23.689208984299967,0,0,0,0
19,SCSG,413.3455810547,0,,0,0,0,0,1,0,0,3,2,0,0,0,0,30.650756835899983,0,0,0,0
19,SCSG,419.8397216797,0,,0,0,0,0,1,0,0,3,1,0,0,0,0,37.14489746089998,0,0,0,0
19,SCSG,426.4339599609,0,,0,0,0,0,1,0,0,3,0,0,0,0,0,43.73913574209996,0,0,0,0
19,SCSG,432.1934814453,0,,0,0,0,0,1,0,0,3,1,0,0,0,0,49.49865722649997,0,0,0,0
19,SCSG,438.2535400391,0,,0,0,0,0,1,0,0,3,1,0,0,0,0,55.558715820299994,0,0,0,0
19,SCSG,444.48046875,0,,0,0,0,0,1,0,0,3,2,0,0,0,0,60.0,0,0,0,0
19,SCSG,449.755859375,0,,0,0,0,0,1,0,0,3,1,0,0,0,0,60.0,0,0,0,0
19,SCSG,456.43359375,0,,0,0,0,0,1,0,0,3,1,0,0,0,0,60.0,0,0,0,0
19,SCSG,462.9777832031,0,,0,0,0,0,1,0,0,3,0,0,1,0,0,60.0,0,0,0,0
19,SCSG,468.3699951172,0,,0,0,0,0,1,0,0,3,0,0,1,0,0,60.0,0,0,0,0
19,SCSG,473.6287841797,0,,0,0,0,0,1,0,0,3,0,0,1,0,0,60.0,0,0,0,0
19,SCSG,479.5051269531,0,,0,0,0,0,1,0,0,3,0,0,1,0,0,60.0,0,0,0,0
19,SCSG,485.6486816406,0,,0,0,0,0,1,0,0,3,0,0,1,0,0,60.0,0,0,0,0
19,SCSG,492.6602783203,0,,0,0,0,0,1,0,0,3,0,0,1,0,0,60.0,0,0,0,0
19,SCSG,499.6051025391,0,,0,0,0,0,1,0,0,3,0,0,1,0,0,60.0,0,0,0,0
19,SCSG,505.7987060547,0,,0,0,0,0,1,0,0,3,0,0,1,0,0,60.0,0,0,0,0
19,SCSG,512.6099853516,0,,0,0,0,0,1,0,0,3,0,0,1,0,0,60.0,0,0,0,0
19,SCSG,519.2709960938,0,,0,0,0,0,1,0,0,3,0,0,2,0,0,60.0,0,0,0,0
19,SCSG,525.6649169922,0,,1,0,0,0,1,0,0,3,0,0,1,0,0,60.0,0,0,0,0
19,SCSG,531.9418945312,0,,0,0,0,0,1,0,2,3,1,0,1,0,0,5.642578125,0,0,0,0
19,SCSG,537.4844970703,0,,0,0,0,0,1,0,2,3,1,0,1,0,0,11.185180664100017,0,0,0,0
19,SCSG,543.8116455078,0,,1,0,0,0,1,0,2,3,1,0,1,0,0,17.512329101600017,2,1,0,0
19,SCSG,550.83984375,0,,1,0,0,0,1,0,2,3,0,0,1,0,0,6.1768798827999944,2,0,0,0
19,SCSG,557.150390625,0,,0,0,0,0,1,0,3,3,0,0,1,0,0,5.509155273399983,0,0,0,0
19,SCSG,564.1118164062,0,,0,0,0,0,1,0,5,3,0,0,1,0,0,6.377197265599989,0,0,0,0
19,SCSG,570.4724121094,0,,0,0,0,0,1,0,3,3,0,0,1,0,0,12.737792968800022,0,0,0,0
19,SCSG,575.8480224609,0,,1,0,0,0,1,0,2,3,0,0,1,0,0,18.113403320299994,2,0,0,0
19,SCSG,582.2252197266,0,,1,0,0,0,1,0,2,3,0,0,1,0,0,5.709472656300022,2,0,0,0
19,SCSG,588.9029541016,0,,1,0,0,0,1,0,2,3,0,0,1,0,0,12.387207031300022,2,0,0,0
19,SCSG,595.296875,0,,1,0,0,0,1,0,4,3,0,0,1,0,0,5.709472656199978,4,0,0,0
19,SCSG,601.5572509766,0,,1,0,0,0,1,0,2,3,0,0,1,0,0,11.969848632799994,2,0,0,0
19,SCSG,607.8509521484,0,,1,0,0,0,1,0,2,3,1,0,1,0,0,18.26354980459996,2,1,0,0
19,SCSG,614.2115478516,0,,0,0,0,0,1,0,2,3,1,0,1,0,0,5.692871093800022,0,0,0,0
19,SCSG,620.5386962891,0,,0,0,0,0,1,0,4,3,1,0,1,0,0,5.575927734400011,0,0,0,0
19,SCSG,626.5986328125,0,,0,0,0,0,1,0,6,3,2,0,1,0,0,5.325439453099989,0,0,0,0
19,SCSG,632.4583740234,0,,0,0,0,0,1,0,6,3,3,0,1,0,0,5.175292968699978,0,0,0,0
19,SCSG,638.1010742188,0,,0,0,0,0,1,0,4,3,3,0,0,0,0,10.817993164100017,0,0,0,0
19,SCSG,644.3447265625,0,,0,0,0,0,1,0,2,3,3,0,0,0,0,17.061645507799994,0,0,0,0
19,SCSG,649.7203369141,0,,0,0,0,0,1,0,0,3,3,0,0,0,0,22.43725585940001,0,0,0,0
19,SCSG,656.4981689453,0,,0,0,0,0,1,0,0,3,3,2,0,1,0,29.21508789059999,0,0,0,0
19,SCSG,662.1741943359,0,,0,0,0,0,1,0,0,3,4,3,0,2,0,34.89111328119998,0,0,0,0
19,SCSG,668.5515136719,0,,0,0,0,0,1,0,0,3,4,3,0,2,0,41.268432617200006,0,0,0,0
19,SCSG,674.4278564453,0,,0,0,0,0,1,0,0,3,2,1,1,1,0,47.14477539059999,0,0,0,0
19,SCSG,681.3726806641,0,,0,0,0,0,1,0,0,3,1,0,1,0,0,54.08959960940001,0,0,0,0
19,SCSG,686.9151611328,0,,0,0,0,0,1,0,0,3,0,0,1,0,0,59.63208007809999,0,0,0,0
19,SCSG,693.0419921875,1,0.8347167969000111,1,0,0,0,1,0,0,3,0,0,1,0,0,60.0,0,0,0,0
19,SCSG,699.5194091797,0,,0,0,0,0,1,0,2,3,0,0,1,0,1,5.893066406300022,0,0,0,0
20,SCFB,23.9384765625,0,,0,0,1,1,0,0,0,0,0,1,0,0,0,60.0,0,0,0,1
20,SCFB,29.23046875,0,,0,0,1,1,0,0,2,1,0,1,0,0,0,4.173828125,0,0,2,1
20,SCFB,36.2080078125,1,1.134765625,1,0,1,1,0,0,2,2,0,1,1,0,0,11.1513671875,2,1,2,1
20,SCFB,41.6669921875,0,,0,0,1,1,0,0,7,3,0,1,1,0,1,1.5361328125,0,0,7,1
20,SCFB,48.427734375,0,,0,0,1,1,0,0,5,3,0,0,1,0,1,8.296875,0,0,5,0
20,SCFB,55.1884765625,0,,0,0,1,1,0,0,8,3,0,0,1,0,1,4.8740234375,0,0,8,0
20,SCFB,60.580078125,1,1.1357421875,1,0,1,1,0,0,6,3,0,0,1,0,1,3.2880859375,6,0,6,0
20,SCFB,66.9404296875,0,,0,0,1,1,0,0,12,4,0,0,1,0,2,3.154296875,0,0,12,0
20,SCFB,72.232421875,0,,0,0,1,1,0,0,9,4,0,0,1,0,2,8.4462890625,0,0,9,0
20,SCFB,77.6416015625,0,,0,0,1,1,0,0,6,4,2,0,1,0,2,13.85546875,0,0,6,2
20,SCFB,83.583984375,0,,0,0,1,1,0,0,1,3,3,0,1,0,2,19.7978515625,0,0,1,3
20,SCFB,88.826171875,0,,0,0,1,1,0,0,0,3,3,0,1,0,2,25.0400390625,0,0,0,3
20,SCFB,94.0341796875,0,,0,0,1,1,0,0,0,3,2,0,1,0,2,30.248046875,0,0,0,2
20,SCFB,100.4443359375,0,,0,0,1,1,0,0,0,3,2,2,1,0,1,36.658203125,0,0,0,4
20,SCFB,106.7216796875,0,,0,0,1,1,0,0,0,3,4,4,1,0,1,42.935546875,0,0,0,8
20,SCFB,113.515625,0,,0,0,1,1,0,0,0,3,7,7,1,0,1,49.7294921875,0,0,0,14
20,SCFB,120.2431640625,0,,0,0,1,1,0,0,1,3,5,7,1,0,1,6.076171875,0,0,1,12
20,SCFB,127.2041015625,0,,0,0,1,1,0,0,1,3,2,6,1,0,0,13.037109375,0,0,1,8
20,SCFB,133.59765625,0,,0,0,1,1,0,0,1,3,0,4,1,0,0,19.4306640625,0,0,1,4
20,SCFB,140.5087890625,1,1.1015625,1,0,1,1,0,0,1,3,2,2,1,0,0,1.2685546875,1,4,1,4
20,SCFB,145.7841796875,0,,0,0,1,1,0,0,6,3,2,0,1,0,1,3.021484375,0,0,6,2
20,SCFB,151.109375,1,0.984375,1,0,1,1,0,0,6,3,2,0,1,0,1,8.3466796875,6,2,6,2
20,SCFB,157.1025390625,0,,0,0,1,1,0,0,11,3,1,2,1,0,2,3.439453125,0,0,11,3
20,SCFB,162.5107421875,0,,0,0,1,1,0,0,6,3,0,4,1,0,2,8.84765625,0,0,6,4
20,SCFB,168.5869140625,0,,0,0,1,1,0,0,5,3,0,6,2,0,2,14.923828125,0,0,5,6
20,SCFB,174.4130859375,0,,0,0,1,1,0,0,1,3,0,6,1,0,2,5.0576171875,0,0,1,6
20,SCFB,180.0390625,0,,0,0,1,1,0,0,3,3,1,6,1,0,2,1.6025390625,0,0,3,7
20,SCFB,185.865234375,0,,0,0,1,1,0,0,3,3,1,6,1,0,2,7.4287109375,0,0,3,7
20,SCFB,190.9736328125,0,,1,0,1,1,0,0,2,3,1,5,1,0,2,12.537109375,2,6,2,6
20,SCFB,196.0986328125,0,,0,0,1,1,0,0,6,3,1,3,1,0,2,3.40625,0,0,6,4
20,SCFB,201.640625,0,,0,0,1,1,0,0,4,3,1,1,1,0,1,8.9482421875,0,0,4,2
20,SCFB,207.3994140625,0,,0,0,1,1,0,0,5,3,3,0,1,0,1,1.6689453125,0,0,5,3
20,SCFB,213.9931640625,0,,0,0,1,1,0,0,1,3,5,0,1,0,0,8.2626953125,0,0,1,5
20,SCFB,219.76953125,0,,0,0,1,1,0,0,1,3,5,0,1,0,0,14.0390625,0,0,1,5
20,SCFB,225.9462890625,0,,0,0,1,1,0,0,0,3,3,0,1,0,0,20.2158203125,0,0,0,3
20,SCFB,231.85546875,0,,1,0,1,1,0,0,0,3,1,0,1,0,0,26.125,0,1,0,1
20,SCFB,238.5,0,,0,0,1,1,0,0,3,3,0,0,1,0,0,4.140625,0,0,3,0
20,SCFB,245.2939453125,0,,0,0,1,1,0,0,3,3,0,0,1,0,0,10.9345703125,0,0,3,0
20,SCFB,251.87109375,0,,0,0,1,1,0,0,5,3,0,0,1,0,0,5.341796875,0,0,5,0
20,SCFB,256.9130859375,0,,0,0,1,1,0,0,3,3,1,2,1,0,0,4.474609375,0,0,3,3
20,SCFB,262.00390625,0,,0,0,1,1,0,0,3,3,3,4,1,0,0,9.5654296875,0,0,3,7
20,SCFB,267.3291015625,0,,0,0,1,1,0,0,1,3,5,6,2,0,0,14.890625,0,0,1,11
20,SCFB,272.6376953125,1,1.0185546875,1,0,1,1,0,0,0,3,5,6,1,0,0,20.19921875,0,11,0,11
20,SCFB,277.8291015625,0,,0,0,1,1,0,0,8,3,3,7,1,0,1,2.4697265625,0,0,8,10
20,SCFB,284.423828125,0,,0,0,1,1,0,0,8,3,2,6,1,0,1,9.064453125,0,0,8,8
20,SCFB,290.1826171875,0,,0,0,1,1,0,0,8,3,1,5,1,0,1,14.8232421875,0,0,8,6
20,SCFB,296.458984375,0,,0,0,1,1,0,0,0,3,2,2,1,0,1,21.099609375,0,0,0,4
20,SCFB,303.0537109375,0,,0,0,1,1,0,0,0,3,1,0,1,0,1,27.6943359375,0,0,0,1
20,SCFB,308.9296875,0,,1,0,1,1,0,0,0,3,1,0,1,0,1,33.5703125,0,1,0,1
20,SCFB,314.421875,0,,0,0,1,1,0,0,2,3,2,0,1,0,1,4.94140625,0,0,2,2
20,SCFB,320.1142578125,1,1.0517578125,1,0,1,1,0,0,3,3,2,0,1,0,1,4.7578125,3,2,3,2
20,SCFB,325.740234375,0,,1,0,1,1,0,0,8,3,3,0,1,0,2,2.00390625,8,3,8,3
20,SCFB,331.9833984375,0,,0,0,1,1,0,0,8,3,2,0,1,0,2,5.42578125,0,0,8,2
20,SCFB,338.7109375,0,,0,0,1,1,0,0,7,3,3,0,1,0,1,12.1533203125,0,0,7,3
20,SCFB,344.5869140625,0,,0,0,1,1,0,0,2,3,1,0,1,0,1,18.029296875,0,0,2,1
20,SCFB,350.7470703125,0,,1,0,1,1,0,0,0,3,1,0,1,0,1,24.189453125,0,1,0,1
20,SCFB,357.607421875,0,,0,0,1,1,0,0,2,3,2,2,1,0,1,6.326171875,0,0,2,4
20,SCFB,363.4501953125,0,,0,0,1,1,0,0,2,3,4,2,1,0,1,12.1689453125,0,0,2,6
20,SCFB,368.92578125,0,,1,0,1,1,0,0,2,3,6,2,0,0,1,17.64453125,2,8,2,8
20,SCFB,374.6689453125,0,,0,0,1,1,0,0,0,3,4,1,0,0,1,23.3876953125,0,0,0,5
20,SCFB,381.49609375,0,,0,0,1,1,0,0,3,3,6,0,0,0,0,5.826171875,0,0,3,6
20,SCFB,386.6044921875,0,,0,0,1,1,0,0,7,4,5,0,0,0,0,0.517578125,0,0,7,5
20,SCFB,392.9140625,0,,0,0,1,1,0,0,7,4,6,0,0,0,0,6.8271484375,0,0,7,6
20,SCFB,399.892578125,0,,1,0,1,1,0,0,4,4,6,0,0,0,0,13.8056640625,4,6,4,6
20,SCFB,406.2021484375,1,2.1708984375,0,0,1,1,0,0,2,3,5,0,0,0,0,5.525390625,0,0,2,5
20,SCFB,411.3603515625,0,,0,0,1,1,0,0,4,3,5,0,0,0,2,3.7392578125,0,0,4,5
20,SCFB,417.203125,0,,0,0,1,1,0,0,7,3,4,0,0,0,2,4.8408203125,0,0,7,4
20,SCFB,423.6806640625,0,,1,0,1,1,0,0,5,3,4,0,0,0,2,11.318359375,5,4,5,4
20,SCFB,429.2060546875,0,,0,0,1,1,0,0,7,3,2,0,1,0,2,3.138671875,0,0,7,2
20,SCFB,435.93359375,0,,0,0,1,1,0,0,5,3,0,0,1,0,2,5.943359375,0,0,5,0
20,SCFB,441.1083984375,0,,0,0,1,1,0,0,5,3,0,0,1,0,2,11.1181640625,0,0,5,0
20,SCFB,447.3681640625,0,,0,0,1,1,0,0,1,3,0,0,1,0,2,17.3779296875,0,0,1,0
20,SCFB,453.662109375,0,,0,0,1,1,0,0,0,3,2,0,1,0,2,23.671875,0,0,0,2
20,SCFB,460.5068359375,0,,0,0,1,1,0,0,1,3,3,0,1,0,2,6.2099609375,0,0,1,3
20,SCFB,466.716796875,0,,0,0,1,1,0,0,2,3,5,0,1,0,2,5.3427734375,0,0,2,5
20,SCFB,473.0595703125,0,,0,0,1,1,0,0,3,3,4,1,1,0,0,5.158203125,0,0,3,5
20,SCFB,478.8359375,0,,0,0,1,1,0,0,3,3,3,3,1,0,0,4.08984375,0,0,3,6
20,SCFB,485.0126953125,0,,0,0,1,1,0,0,2,3,1,3,1,0,0,10.2666015625,0,0,2,4
20,SCFB,490.0537109375,0,,0,0,1,1,0,0,1,3,0,3,1,0,0,15.3076171875,0,0,1,3
20,SCFB,496.84765625,0,,0,0,1,1,0,0,0,3,2,1,1,0,0,22.1015625,0,0,0,3
20,SCFB,503.091796875,0,,0,0,1,1,0,0,0,3,3,0,1,0,0,28.345703125,0,0,0,3
20,SCFB,508.1826171875,0,,0,0,1,1,0,0,0,3,4,0,1,0,0,33.4365234375,0,0,0,4
20,SCFB,513.3583984375,0,,0,0,1,1,0,0,0,3,5,0,1,0,0,38.6123046875,0,0,0,5
20,SCFB,519.234375,0,,0,0,1,1,0,0,0,3,5,0,1,0,0,44.48828125,0,0,0,5
20,SCFB,524.9599609375,0,,0,0,1,1,0,0,0,3,5,0,1,0,0,50.2138671875,0,0,0,5
20,SCFB,530.736328125,0,,0,0,1,1,0,0,0,3,4,0,1,0,0,55.990234375,0,0,0,4
20,SCFB,537.24609375,0,,0,0,1,1,0,0,0,3,4,0,1,0,0,60.0,0,0,0,4
20,SCFB,543.7900390625,0,,0,0,1,1,0,0,0,3,4,0,1,0,0,60.0,0,0,0,4
20,SCFB,550.1171875,0,,0,0,1,1,0,0,1,3,3,1,1,0,0,2.50390625,0,0,1,4
20,SCFB,556.64453125,0,,0,0,1,1,0,0,1,3,3,3,1,0,1,9.03125,0,0,1,6
20,SCFB,563.0380859375,0,,0,0,1,1,0,0,1,3,4,3,1,0,1,15.4248046875,0,0,1,7
20,SCFB,568.763671875,0,,0,0,1,1,0,0,0,3,5,2,1,0,1,21.150390625,0,0,0,7
20,SCFB,575.1904296875,0,,0,0,1,1,0,0,0,3,5,0,1,0,1,27.5771484375,0,0,0,5
20,SCFB,581.734375,0,,0,0,1,1,0,0,0,3,3,0,1,0,1,34.12109375,0,0,0,3
20,SCFB,588.361328125,0,,0,0,1,1,0,0,0,3,2,0,1,0,1,40.748046875,0,0,0,2
20,SCFB,594.638671875,0,,0,0,1,1,0,0,1,2,1,0,1,3,1,1.2685546875,0,0,1,1
20,SCFB,599.8466796875,0,,0,0,1,1,0,0,1,2,1,0,1,3,1,6.4765625,0,0,1,1
20,SCFB,605.439453125,0,,0,0,1,1,0,0,2,2,1,0,1,3,1,4.724609375,0,0,2,1
20,SCFB,611.7490234375,0,,0,0,1,1,0,0,3,3,1,0,1,1,0,5.5751953125,0,0,3,1
20,SCFB,617.6923828125,0,,0,0,1,1,0,0,2,3,1,0,1,0,0,11.5185546875,0,0,2,1
20,SCFB,623.30078125,0,,0,0,1,1,0,0,2,3,2,0,1,0,0,4.9912109375,0,0,2,2
20,SCFB,628.576171875,0,,0,0,1,1,0,0,1,3,3,0,0,0,0,10.2666015625,0,0,1,3
20,SCFB,635.0537109375,0,,0,0,1,1,0,0,1,3,4,0,0,0,0,16.744140625,0,0,1,4
20,SCFB,641.2470703125,0,,0,0,1,1,0,0,0,3,2,0,0,0,0,22.9375,0,0,0,2
20,SCFB,647.673828125,0,,0,0,1,1,0,0,3,3,1,0,0,0,0,5.3916015625,0,0,3,1
20,SCFB,653.93359375,0,,0,0,1,1,0,0,3,3,0,0,0,0,0,11.6513671875,0,0,3,0
20,SCFB,660.52734375,0,,1,0,1,1,0,0,3,3,0,0,0,0,0,18.2451171875,3,0,3,0
20,SCFB,666.13671875,0,,0,0,1,1,0,0,2,3,0,0,0,0,0,4.9248046875,0,0,2,0
20,SCFB,672.5302734375,0,,0,0,1,1,0,0,3,3,0,0,0,0,0,5.458984375,0,0,3,0
20,SCFB,678.95703125,0,,0,0,1,1,0,0,3,3,0,0,0,0,0,11.8857421875,0,0,3,0
20,SCFB,685.9521484375,0,,0,0,1,1,0,0,2,3,0,0,0,0,0,6.126953125,0,0,2,0
20,SCFB,691.828125,0,,0,0,1,1,0,0,1,3,0,1,0,0,0,12.0029296875,0,0,1,1
20,SCFB,698.572265625,0,,0,0,1,1,0,0,2,3,0,3,1,0,0,5.759765625,0,0,2,3
20,SCFB,705.3330078125,0,,1,0,1,1,0,0,1,3,0,5,1,0,0,12.5205078125,1,5,1,5
20,SCFB,712.2939453125,0,,0,0,1,1,0,0,2,3,0,6,1,0,0,6.0927734375,0,0,2,6
20,SCFB,719.255859375,0,,0,0,1,1,0,0,2,2,2,4,1,0,0,6.009765625,0,0,2,6
20,SCFB,724.3466796875,0,,0,0,1,1,0,0,3,3,2,2,1,0,0,4.1396484375,0,0,3,4
20,SCFB,730.0224609375,0,,0,0,1,1,0,0,3,3,2,0,1,0,0,5.0078125,0,0,3,2
20,SCFG,21.986328125,0,,0,0,0,1,0,0,0,0,0,1,0,0,0,60.0,0,0,0,0
20,SCFG,28.330078125,0,,0,0,0,1,0,0,0,1,0,1,0,0,0,60.0,0,0,0,0
20,SCFG,34.07421875,0,,0,0,0,1,0,0,0,2,0,1,1,0,0,60.0,0,0,0,0
20,SCFG,40.384765625,0,,0,0,0,1,0,0,0,3,2,2,1,0,0,60.0,0,0,0,0
20,SCFG,45.828125,0,,0,0,0,1,0,0,0,3,2,1,1,0,0,60.0,0,0,0,0
20,SCFG,52.5224609375,1,0.96875,1,0,0,1,0,0,0,3,2,2,1,0,0,60.0,0,4,0,0
20,SCFG,58.015625,0,,0,0,0,1,0,0,2,3,3,3,1,1,1,4.8583984375,0,0,0,0
20,SCFG,64.2763671875,0,,0,0,0,1,0,0,3,3,2,2,1,1,1,5.458984375,0,0,0,0
20,SCFG,70.6708984375,0,,0,0,0,1,0,0,3,3,2,1,1,1,1,11.853515625,0,0,0,0
20,SCFG,77.416015625,0,,0,0,0,1,0,0,1,3,1,0,1,0,1,18.5986328125,0,0,0,0
20,SCFG,83.5263671875,0,,0,0,0,1,0,0,0,3,0,0,1,0,1,24.708984375,0,0,0,0
20,SCFG,88.6025390625,0,,0,0,0,1,0,0,0,3,0,0,1,0,1,29.78515625,0,0,0,0
20,SCFG,93.7451171875,1,0.8173828125,1,0,0,1,0,0,0,3,0,0,1,0,1,34.927734375,0,0,0,0
20,SCFG,100.3056640625,0,,0,0,0,1,0,0,5,3,0,0,1,0,2,3.3720703125,0,0,0,0
20,SCFG,105.765625,0,,0,0,0,1,0,0,5,3,0,0,1,0,2,8.83203125,0,0,0,0
20,SCFG,111.79296875,0,,1,0,0,1,0,0,5,3,0,0,1,0,2,14.859375,5,0,0,0
20,SCFG,116.9013671875,0,,0,0,0,1,0,0,3,3,1,0,1,0,1,4.4912109375,0,0,0,0
20,SCFG,122.51171875,0,,0,0,0,1,0,0,2,3,1,0,1,0,1,10.1015625,0,0,0,0
20,SCFG,127.6875,1,1.068359375,1,0,0,1,0,0,2,3,1,0,1,0,1,15.27734375,2,1,0,0
20,SCFG,133.146484375,0,,0,0,0,1,0,0,6,3,1,0,1,0,2,1.869140625,0,0,0,0
20,SCFG,138.7734375,0,,0,0,0,1,0,0,6,3,0,0,1,0,2,7.49609375,0,0,0,0
20,SCFG,145.4521484375,0,,0,0,0,1,0,0,6,3,0,0,1,0,2,14.1748046875,0,0,0,0
20,SCFG,151.111328125,0,,0,0,0,1,0,0,1,3,0,0,1,0,2,19.833984375,0,0,0,0
20,SCFG,157.0888671875,0,,0,0,0,1,0,0,0,3,0,0,1,0,1,25.8115234375,0,0,0,0
20,SCFG,163.416015625,0,,0,0,0,1,0,0,0,3,0,0,1,0,1,32.138671875,0,0,0,0
20,SCFG,169.8447265625,0,,0,0,0,1,0,0,2,3,0,0,1,0,1,5.84375,0,0,0,0
20,SCFG,175.73828125,0,,0,0,0,1,0,0,2,3,0,0,1,0,1,11.7373046875,0,0,0,0
20,SCFG,182.31640625,0,,0,0,0,1,0,0,2,3,0,0,1,0,1,18.3154296875,0,0,0,0
20,SCFG,189.02734375,0,,0,0,0,1,0,0,0,3,0,0,1,0,0,25.0263671875,0,0,0,0
20,SCFG,194.537109375,0,,0,0,0,1,0,0,0,3,0,0,1,0,0,30.5361328125,0,0,0,0
20,SCFG,199.6630859375,0,,0,0,0,1,0,0,0,3,0,0,1,0,0,35.662109375,0,0,0,0
20,SCFG,206.67578125,0,,0,0,0,1,0,0,0,3,0,0,2,0,0,42.6748046875,0,0,0,0
20,SCFG,212.8193359375,0,,0,0,0,1,0,0,0,3,0,0,1,0,0,48.818359375,0,0,0,0
20,SCFG,218.12890625,0,,0,0,0,1,0,0,0,3,0,0,1,0,0,54.1279296875,0,0,0,0
20,SCFG,223.5048828125,0,,1,0,0,1,0,0,0,3,0,0,1,0,0,59.50390625,0,0,0,0
20,SCFG,230.533203125,0,,0,0,0,1,0,0,3,3,0,0,1,0,0,6.1435546875,0,0,0,0
20,SCFG,235.609375,0,,0,0,0,1,0,0,3,3,0,0,1,0,0,11.2197265625,0,0,0,0
20,SCFG,241.703125,0,,0,0,0,1,0,0,3,3,0,0,1,0,0,17.3134765625,0,0,0,0
20,SCFG,247.3798828125,0,,0,0,0,1,0,0,0,3,0,0,1,0,0,22.990234375,0,0,0,0
20,SCFG,253.240234375,0,,0,0,0,1,0,0,0,3,0,0,1,0,0,28.8505859375,0,0,0,0
20,SCFG,259.9013671875,0,,0,0,0,1,0,0,0,3,1,0,1,0,0,35.51171875,0,0,0,0
20,SCFG,265.794921875,0,,0,0,0,1,0,0,0,3,1,0,1,0,0,41.4052734375,0,0,0,0
20,SCFG,271.021484375,0,,0,0,0,1,0,0,0,3,1,0,1,0,0,46.6318359375,0,0,0,0
20,SCFG,277.6826171875,0,,0,0,0,1,0,0,0,3,0,0,1,0,0,53.29296875,0,0,0,0
20,SCFG,283.2919921875,0,,1,0,0,1,0,0,0,3,0,0,1,0,0,58.90234375,0,0,0,0
20,SCFG,290.1708984375,0,,1,0,0,1,0,0,0,3,0,0,1,0,0,60.0,0,0,0,0
20,SCFG,296.515625,0,,0,0,0,1,0,0,0,3,0,0,1,0,0,60.0,0,0,0,0
20,SCFG,301.6416015625,0,,0,0,0,1,0,0,0,3,0,0,1,0,0,60.0,0,0,0,0
20,SCFG,307.150390625,0,,0,0,0,1,0,0,0,3,0,0,1,0,0,60.0,0,0,0,0
20,SCFG,313.478515625,0,,0,0,0,1,0,0,0,3,0,0,1,0,0,60.0,0,0,0,0
20,SCFG,319.689453125,0,,1,0,0,1,0,0,0,3,0,0,1,0,0,60.0,0,0,0,0
20,SCFG,326.701171875,0,,0,0,0,1,0,0,0,3,0,0,1,0,0,60.0,0,0,0,0
20,SCFG,331.9609375,0,,0,0,0,1,0,0,0,3,0,0,1,0,0,60.0,0,0,0,0
20,SCFG,337.13671875,1,0.91796875,1,0,0,1,0,0,0,3,0,0,1,0,0,60.0,0,0,0,0
20,SCFG,343.5810546875,0,,0,0,0,1,0,0,2,3,0,0,2,0,1,5.810546875,0,0,0,0
20,SCFG,349.4912109375,0,,0,0,0,1,0,0,4,3,0,0,1,0,1,5.3427734375,0,0,0,0
20,SCFG,355.5517578125,0,,0,0,0,1,0,0,4,3,1,0,1,0,1,11.4033203125,0,0,0,0
20,SCFG,360.6611328125,0,,0,0,0,1,0,0,2,3,3,0,1,0,1,16.5126953125,0,0,0,0
20,SCFG,366.1875,0,,0,0,0,1,0,0,0,3,4,0,0,0,1,22.0390625,0,0,0,0
20,SCFG,372.1640625,0,,1,0,0,1,0,0,0,3,5,0,0,0,1,28.015625,0,5,0,0
20,SCFG,377.640625,0,,1,0,0,1,0,0,2,3,3,0,0,0,1,4.57421875,2,3,0,0
20,SCFG,382.849609375,0,,0,0,0,1,0,0,2,3,4,0,0,0,1,9.783203125,0,0,0,0
20,SCFG,389.87890625,0,,0,0,0,1,0,0,2,3,2,0,0,0,1,16.8125,0,0,0,0
20,SCFG,396.6572265625,0,,0,0,0,1,0,0,0,3,4,0,0,0,2,23.5908203125,0,0,0,0
20,SCFG,402.6845703125,0,,0,0,0,1,0,0,0,3,4,0,0,0,1,29.6181640625,0,0,0,0
20,SCFG,407.8935546875,0,,0,0,0,1,0,0,0,3,5,0,0,0,1,34.8271484375,0,0,0,0
20,SCFG,414.5048828125,0,,0,0,0,1,0,0,2,3,5,0,0,2,1,5.4931640625,0,0,0,0
20,SCFG,419.697265625,0,,0,0,0,1,0,0,3,3,4,0,0,4,1,1.5859375,0,0,0,0
20,SCFG,426.7099609375,0,,0,0,0,1,0,0,3,3,5,0,0,7,1,8.5986328125,0,0,0,0
20,SCFG,433.087890625,0,,0,0,0,1,0,0,1,3,3,0,1,6,1,14.9765625,0,0,0,0
20,SCFG,440.033203125,0,,0,0,0,1,0,0,1,3,2,0,1,3,1,6.0107421875,0,0,0,0
20,SCFG,445.42578125,0,,0,0,0,1,0,0,1,3,1,0,1,0,1,11.4033203125,0,0,0,0
20,SCFG,452.0205078125,0,,0,0,0,1,0,0,1,3,1,0,1,0,1,17.998046875,0,0,0,0
20,SCFG,458.798828125,0,,0,0,0,1,0,0,0,3,0,1,1,0,0,24.7763671875,0,0,0,0
20,SCFG,464.1416015625,1,1.068359375,1,0,0,1,0,0,0,3,0,3,1,0,0,30.119140625,0,3,0,0
20,SCFG,470.001953125,0,,0,0,0,1,0,0,2,3,0,5,1,0,1,5.1259765625,0,0,0,0
20,SCFG,475.361328125,0,,0,0,0,1,0,0,2,3,2,7,1,0,1,10.4853515625,0,0,0,0
20,SCFG,481.7060546875,0,,0,0,0,1,0,0,2,3,4,6,1,0,1,16.830078125,0,0,0,0
20,SCFG,486.998046875,0,,0,0,0,1,0,0,2,3,6,4,1,1,1,4.6748046875,0,0,0,0
20,SCFG,493.5595703125,0,,1,0,0,1,0,0,2,3,5,2,1,1,1,11.236328125,2,7,0,0
20,SCFG,499.5869140625,0,,0,0,0,1,0,0,2,3,3,0,1,1,1,17.263671875,0,0,0,0
20,SCFG,505.8984375,0,,0,0,0,1,0,0,0,3,1,0,1,1,1,23.5751953125,0,0,0,0
20,SCFG,512.6767578125,0,,0,0,0,1,0,0,0,3,0,0,2,0,1,30.353515625,0,0,0,0
20,SCFG,517.7353515625,0,,0,0,0,1,0,0,0,3,0,0,1,0,1,35.412109375,0,0,0,0
20,SCFG,524.330078125,0,,1,0,0,1,0,0,0,3,0,0,1,0,1,42.0068359375,0,0,0,0
20,SCFG,530.724609375,1,1.068359375,1,0,0,1,0,0,0,3,0,0,2,0,0,48.4013671875,0,0,0,0
20,SCFG,537.15234375,0,,0,0,0,1,0,0,3,3,0,0,1,0,1,5.609375,0,0,0,0
20,SCFG,543.96484375,0,,1,0,0,1,0,0,3,3,0,0,1,0,1,12.421875,3,0,0,0
20,SCFG,549.7744140625,1,1.0517578125,1,0,0,1,0,0,3,3,0,0,1,0,1,18.2314453125,3,0,0,0
20,SCFG,556.15234375,1,0.7509765625,1,0,0,1,0,0,2,3,0,0,1,0,2,5.5595703125,2,0,0,0
20,SCFG,562.61328125,0,,0,0,0,1,0,0,2,3,0,0,1,0,3,12.0205078125,0,0,0,0
20,SCFG,569.125,0,,0,0,0,1,0,0,2,3,0,0,1,0,3,18.5322265625,0,0,0,0
20,SCFG,574.9189453125,0,,0,0,0,1,0,0,0,3,0,0,1,0,3,24.326171875,0,0,0,0
20,SCFG,580.328125,0,,0,0,0,1,0,0,1,2,0,0,1,0,3,0.400390625,0,0,0,0
20,SCFG,585.8212890625,1,1.068359375,1,0,0,1,0,0,1,2,0,0,1,0,3,5.8935546875,1,0,0,0
20,SCFG,591.2470703125,0,,0,0,0,1,0,0,9,2,0,0,1,0,4,2.1708984375,0,0,0,0
20,SCFG,596.5234375,0,,0,0,0,1,0,0,9,3,0,0,1,0,3,7.447265625,0,0,0,0
20,SCFG,602.2998046875,0,,1,0,0,1,0,0,8,3,0,0,1,0,3,13.2236328125,8,0,0,0
20,SCFG,608.4267578125,0,,0,0,0,1,0,0,6,3,0,0,1,0,3,4.974609375,0,0,0,0
20,SCFG,614.37109375,0,,0,0,0,1,0,0,5,3,2,0,0,1,2,5.208984375,0,0,0,0
20,SCFG,620.2314453125,0,,0,0,0,1,0,0,5,3,4,0,0,4,1,11.0693359375,0,0,0,0
20,SCFG,626.525390625,0,,1,0,0,1,0,0,2,3,5,0,0,5,1,17.36328125,2,5,0,0
20,SCFG,632.919921875,0,,0,0,0,1,0,0,2,4,5,1,0,4,1,5.7763671875,0,0,0,0
20,SCFG,638.9638671875,0,,1,0,0,1,0,0,2,4,4,1,0,3,1,11.8203125,2,5,0,0
20,SCFG,645.7255859375,0,,1,0,0,1,0,0,2,4,2,1,0,1,1,18.58203125,2,3,0,0
20,SCFG,651.9697265625,0,,0,0,0,1,0,0,0,3,3,0,0,1,0,24.826171875,0,0,0,0
20,SCFG,657.947265625,0,,0,0,0,1,0,0,0,3,4,0,0,0,0,30.8037109375,0,0,0,0
20,SCFG,664.859375,0,,0,0,0,1,0,0,0,3,5,0,0,0,0,37.7158203125,0,0,0,0
20,SCFG,671.7548828125,0,,0,0,0,1,0,0,0,3,5,0,0,0,0,44.611328125,0,0,0,0
20,SCFG,678.666015625,0,,0,0,0,1,0,0,0,3,4,0,0,0,0,51.5224609375,0,0,0,0
20,SCFG,684.9775390625,0,,0,0,0,1,0,0,0,3,3,0,1,0,0,57.833984375,0,0,0,0
20,SCFG,691.65625,0,,0,0,0,1,0,0,0,3,1,0,1,0,0,60.0,0,0,0,0
20,SCFG,696.814453125,0,,0,0,0,1,0,0,0,3,0,0,1,0,0,60.0,0,0,0,0
20,SCFG,702.4580078125,0,,0,0,0,1,0,0,0,3,0,0,1,0,0,60.0,0,0,0,0
20,SCFG,707.8671875,0,,1,0,0,1,0,0,0,3,0,0,1,0,0,60.0,0,0,0,0
20,SCFG,712.943359375,0,,0,0,0,1,0,0,2,3,0,0,1,0,0,4.4248046875,0,0,0,0
20,SCFG,719.103515625,0,,0,0,0,1,0,0,2,3,0,0,1,0,0,10.5849609375,0,0,0,0
20,SCFG,724.6298828125,0,,0,0,0,1,0,0,2,3,0,0,1,0,0,16.111328125,0,0,0,0
20,SCFG,731.30859375,0,,0,0,0,1,0,0,0,3,1,0,1,0,0,22.7900390625,0,0,0,0
20,SCMM,29.1826171875,0,,0,0,0,0,0,1,0,0,0,1,0,0,0,60.0,0,0,0,0
20,SCMM,34.7255859375,0,,0,0,0,0,0,1,1,1,1,1,1,0,0,4.9912109375,0,0,0,0
20,SCMM,40.8525390625,0,,0,0,0,0,0,1,2,2,3,1,1,0,0,2.1201171875,0,0,0,0
20,SCMM,46.2783203125,0,,0,0,0,0,0,1,3,3,4,0,1,0,0,4.640625,0,0,0,0
20,SCMM,52.5224609375,0,,0,0,0,0,0,1,2,3,3,0,1,0,0,10.884765625,0,0,0,0
20,SCMM,59.466796875,0,,0,0,0,0,0,1,1,3,1,0,1,0,0,17.8291015625,0,0,0,0
20,SCMM,65.9951171875,0,,0,0,0,0,0,1,0,3,1,0,1,0,0,24.357421875,0,0,0,0
20,SCMM,71.2373046875,0,,0,0,0,0,0,1,1,3,1,0,1,0,0,4.3740234375,0,0,0,0
20,SCMM,77.0302734375,0,,0,0,0,0,0,1,1,3,1,0,1,0,0,10.1669921875,0,0,0,0
20,SCMM,82.1220703125,0,,0,0,0,0,0,1,1,3,2,0,1,0,0,15.2587890625,0,0,0,0
20,SCMM,87.7314453125,0,,0,0,0,0,0,1,1,3,3,0,1,0,0,2.0537109375,0,0,0,0
20,SCMM,94.3759765625,0,,0,0,0,0,0,1,1,3,5,0,1,0,0,8.6982421875,0,0,0,0
20,SCMM,100.21875,1,1.03515625,1,0,0,0,0,1,1,3,6,0,1,0,0,14.541015625,1,6,0,0
20,SCMM,105.328125,0,,1,0,0,0,0,1,4,4,4,1,1,0,1,4.541015625,4,5,0,0
20,SCMM,110.970703125,0,,0,0,0,0,0,1,4,4,3,3,1,0,1,4.2744140625,0,0,0,0
20,SCMM,116.1796875,0,,0,0,0,0,0,1,4,4,3,5,1,0,1,9.4833984375,0,0,0,0
20,SCMM,122.3564453125,0,,0,0,0,0,0,1,2,3,2,5,1,0,1,5.5927734375,0,0,0,0
20,SCMM,128.0830078125,0,,0,0,0,0,0,1,2,3,2,3,1,0,1,5.0751953125,0,0,0,0
20,SCMM,133.658203125,0,,0,0,0,0,0,1,4,3,2,1,1,0,1,5.125,0,0,0,0
20,SCMM,139.90234375,0,,0,0,0,0,0,1,3,3,1,2,1,0,1,11.369140625,0,0,0,0
20,SCMM,145.328125,0,,0,0,0,0,0,1,2,3,1,3,1,0,1,16.794921875,0,0,0,0
20,SCMM,151.5888671875,0,,0,0,0,0,0,1,0,3,1,5,1,0,1,23.0556640625,0,0,0,0
20,SCMM,158.0,0,,0,0,0,0,0,1,0,3,0,7,1,0,1,29.466796875,0,0,0,0
20,SCMM,163.8759765625,0,,0,0,0,0,0,1,0,3,0,6,1,0,0,35.3427734375,0,0,0,0
20,SCMM,169.0849609375,0,,1,0,0,0,0,1,0,3,0,5,1,0,0,40.5517578125,0,5,0,0
20,SCMM,174.2265625,0,,0,0,0,0,0,1,4,2,1,4,1,0,0,3.0546875,0,0,0,0
20,SCMM,179.65234375,1,1.068359375,1,0,0,0,0,1,6,2,1,2,1,0,0,4.9580078125,6,3,0,0
20,SCMM,185.9462890625,0,,0,0,0,0,0,1,8,2,1,0,1,0,1,5.8427734375,0,0,0,0
20,SCMM,191.572265625,0,,0,0,0,0,0,1,4,3,1,0,1,0,1,11.46875,0,0,0,0
20,SCMM,196.6142578125,0,,0,0,0,0,0,1,4,3,1,0,1,0,1,4.4404296875,0,0,0,0
20,SCMM,202.841796875,0,,0,0,0,0,0,1,2,3,2,0,1,0,1,10.66796875,0,0,0,0
20,SCMM,208.8681640625,0,,0,0,0,0,0,1,2,3,4,0,1,0,1,16.6943359375,0,0,0,0
20,SCMM,214.0771484375,0,,0,0,0,0,0,1,0,3,4,0,1,0,1,21.9033203125,0,0,0,0
20,SCMM,219.703125,1,1.0185546875,1,0,0,0,0,1,0,3,4,0,1,0,1,27.529296875,0,4,0,0
20,SCMM,225.3798828125,0,,0,0,0,0,0,1,5,3,5,0,1,0,2,2.103515625,0,0,0,0
20,SCMM,231.740234375,0,,1,0,0,0,0,1,5,3,3,0,1,0,2,8.4638671875,5,3,0,0
20,SCMM,237.783203125,0,,0,0,0,0,0,1,7,3,3,0,1,0,2,5.3916015625,0,0,0,0
20,SCMM,244.6953125,0,,0,0,0,0,0,1,2,3,3,0,1,0,1,12.3037109375,0,0,0,0
20,SCMM,251.40625,0,,0,0,0,0,0,1,3,3,2,0,1,0,1,6.2265625,0,0,0,0
20,SCMM,258.3515625,0,,1,0,0,0,0,1,1,3,1,0,1,0,1,13.171875,1,1,0,0
20,SCMM,263.7939453125,0,,0,0,0,0,0,1,4,3,0,1,1,0,1,4.0732421875,0,0,0,0
20,SCMM,269.9541015625,0,,0,0,0,0,0,1,5,3,0,4,1,0,1,5.67578125,0,0,0,0
20,SCMM,275.880859375,0,,0,0,0,0,0,1,5,3,2,5,1,0,1,11.6025390625,0,0,0,0
20,SCMM,281.1728515625,0,,0,0,0,0,0,1,2,3,2,5,1,0,0,16.89453125,0,0,0,0
20,SCMM,288.0009765625,0,,0,0,0,0,0,1,0,3,2,3,1,0,0,23.72265625,0,0,0,0
20,SCMM,293.5439453125,0,,1,0,0,0,0,1,0,3,1,1,1,0,0,29.265625,0,2,0,0
20,SCMM,300.572265625,0,,0,0,0,0,0,1,3,3,0,1,1,0,0,5.859375,0,0,0,0
20,SCMM,306.1318359375,0,,0,0,0,0,0,1,3,3,1,3,1,0,0,11.4189453125,0,0,0,0
20,SCMM,313.1435546875,0,,0,0,0,0,0,1,3,3,1,5,1,0,0,18.4306640625,0,0,0,0
20,SCMM,318.251953125,0,,0,0,0,0,0,1,1,3,1,7,1,0,0,4.5244140625,0,0,0,0
20,SCMM,323.5107421875,0,,0,0,0,0,0,1,1,3,1,5,2,0,0,9.783203125,0,0,0,0
20,SCMM,328.9365234375,0,,0,0,0,0,0,1,2,3,0,4,1,0,0,4.4404296875,0,0,0,0
20,SCMM,335.748046875,0,,0,0,0,0,0,1,1,3,0,3,1,0,0,11.251953125,0,0,0,0
20,SCMM,342.4765625,0,,0,0,0,0,0,1,3,3,0,4,1,0,0,6.126953125,0,0,0,0
20,SCMM,347.9521484375,0,,0,0,0,0,0,1,3,3,0,6,1,0,0,4.9921875,0,0,0,0
20,SCMM,353.845703125,0,,0,0,0,0,0,1,3,3,0,5,1,0,0,10.8857421875,0,0,0,0
20,SCMM,359.9384765625,0,,1,0,0,0,0,1,1,3,0,3,1,0,0,16.978515625,1,3,0,0
20,SCMM,365.248046875,0,,0,0,0,0,0,1,3,3,0,1,0,0,0,2.4208984375,0,0,0,0
20,SCMM,370.5068359375,0,,0,0,0,0,0,1,5,3,1,0,0,0,0,1.5361328125,0,0,0,0
20,SCMM,375.9326171875,0,,0,0,0,0,0,1,6,3,3,0,0,0,0,3.7734375,0,0,0,0
20,SCMM,381.9423828125,0,,0,0,0,0,0,1,6,4,5,0,0,0,0,5.1083984375,0,0,0,0
20,SCMM,388.7373046875,0,,0,0,0,0,0,1,4,4,7,0,0,0,0,11.9033203125,0,0,0,0
20,SCMM,394.48046875,0,,0,0,0,0,0,1,3,4,5,0,0,0,0,3.6064453125,0,0,0,0
20,SCMM,401.5087890625,0,,0,0,0,0,0,1,3,3,4,0,0,0,0,2.37109375,0,0,0,0
20,SCMM,407.318359375,0,,1,0,0,0,0,1,3,3,2,0,0,0,0,8.1806640625,3,2,0,0
20,SCMM,413.044921875,0,,0,0,0,0,0,1,4,3,3,0,0,0,0,4.9248046875,0,0,0,0
20,SCMM,418.4375,0,,0,0,0,0,0,1,4,3,2,0,0,0,0,4.5078125,0,0,0,0
20,SCMM,423.9296875,0,,1,0,0,0,0,1,3,3,1,0,0,0,0,10.0,3,1,0,0
20,SCMM,430.69140625,0,,0,0,0,0,0,1,4,3,1,0,0,0,0,5.42578125,0,0,0,0
20,SCMM,436.06640625,0,,0,0,0,0,0,1,3,3,0,0,1,0,0,10.80078125,0,0,0,0
20,SCMM,441.6591796875,0,,0,0,0,0,0,1,5,3,0,2,1,0,0,5.0576171875,0,0,0,0
20,SCMM,447.369140625,0,,0,0,0,0,0,1,4,3,0,4,1,0,0,4.1904296875,0,0,0,0
20,SCMM,453.9638671875,1,0.884765625,1,0,0,0,0,1,6,3,0,6,2,0,0,3.2060546875,6,6,0,0
20,SCMM,459.5400390625,0,,0,0,0,0,0,1,6,3,0,5,1,0,1,5.05859375,0,0,0,0
20,SCMM,466.5517578125,0,,0,0,0,0,0,1,4,3,0,3,1,0,1,12.0703125,0,0,0,0
20,SCMM,471.6767578125,0,,0,0,0,0,0,1,3,3,1,1,1,0,1,4.6240234375,0,0,0,0
20,SCMM,476.90234375,0,,0,0,0,0,0,1,1,3,2,0,1,0,1,9.849609375,0,0,0,0
20,SCMM,483.84765625,0,,0,0,0,0,0,1,1,3,5,0,1,0,1,16.794921875,0,0,0,0
20,SCMM,489.8740234375,0,,0,0,0,0,0,1,0,3,5,0,1,0,1,22.8212890625,0,0,0,0
20,SCMM,495.166015625,0,,0,0,0,0,0,1,0,3,5,0,1,0,1,28.11328125,0,0,0,0
20,SCMM,502.0615234375,0,,1,0,0,0,0,1,1,3,3,0,1,0,1,6.2607421875,1,3,0,0
20,SCMM,509.0390625,1,1.3359375,1,0,0,0,0,1,3,3,1,0,1,0,1,6.4267578125,3,1,0,0
20,SCMM,514.7822265625,0,,1,0,0,0,0,1,7,4,0,2,1,0,2,2.3701171875,7,2,0,0
20,SCMM,520.2080078125,0,,0,0,0,0,0,1,6,4,0,4,1,0,1,7.7958984375,0,0,0,0
20,SCMM,525.7177734375,0,,0,0,0,0,0,1,4,4,1,6,1,0,1,13.3056640625,0,0,0,0
20,SCMM,532.26171875,0,,0,0,0,0,0,1,2,3,2,5,1,0,1,5.9765625,0,0,0,0
20,SCMM,537.3203125,0,,0,0,0,0,0,1,2,3,3,3,1,0,1,4.3408203125,0,0,0,0
20,SCMM,542.5625,0,,0,0,0,0,0,1,2,3,3,1,1,0,1,9.5830078125,0,0,0,0
20,SCMM,549.1572265625,0,,1,0,0,0,0,1,1,3,1,0,1,0,1,16.177734375,1,1,0,0
20,SCMM,555.2333984375,0,,1,0,0,0,0,1,0,3,0,1,1,0,1,22.25390625,0,1,0,0
20,SCMM,561.7109375,0,,1,0,0,0,0,1,1,3,1,3,1,0,1,5.9599609375,1,4,0,0
20,SCMM,567.4873046875,0,,0,0,0,0,0,1,2,3,2,5,1,0,1,3.3046875,0,0,0,0
20,SCMM,573.748046875,0,,0,0,0,0,0,1,6,3,2,7,1,0,0,4.640625,0,0,0,0
20,SCMM,580.05859375,0,,0,0,0,0,0,1,5,3,2,7,1,0,0,10.951171875,0,0,0,0
20,SCMM,585.8857421875,0,,0,0,0,0,0,1,4,3,1,5,1,0,0,16.7783203125,0,0,0,0
20,SCMM,591.1279296875,0,,0,0,0,0,0,1,1,3,0,3,1,0,0,4.658203125,0,0,0,0
20,SCMM,597.9560546875,0,,0,0,0,0,0,1,1,3,0,1,1,0,0,11.486328125,0,0,0,0
20,SCMM,604.650390625,0,,0,0,0,0,0,1,1,3,0,0,1,0,0,18.1806640625,0,0,0,0
20,SCMM,611.4619140625,1,0.951171875,1,0,0,0,0,1,1,3,0,2,1,0,0,5.54296875,1,2,0,0
20,SCMM,616.63671875,0,,1,0,0,0,0,1,3,3,0,3,1,0,1,4.640625,3,3,0,0
20,SCMM,622.2626953125,0,,0,0,0,0,0,1,5,3,0,5,1,0,1,4.5400390625,0,0,0,0
20,SCMM,628.556640625,0,,0,0,0,0,0,1,5,3,0,6,0,0,2,5.609375,0,0,0,0
20,SCMM,633.9326171875,0,,1,0,0,0,0,1,3,3,1,5,0,0,2,10.9853515625,3,6,0,0
20,SCMM,639.458984375,0,,0,0,0,0,0,1,3,3,1,3,0,0,2,4.9248046875,0,0,0,0
20,SCMM,645.7021484375,0,,0,0,0,0,0,1,2,3,1,1,0,0,2,11.16796875,0,0,0,0
20,SCMM,652.11328125,0,,0,0,0,0,0,1,2,3,0,0,0,0,2,17.5791015625,0,0,0,0
20,SCMM,659.091796875,0,,0,0,0,0,0,1,0,3,0,0,0,0,2,24.5576171875,0,0,0,0
20,SCMM,665.03515625,0,,0,0,0,0,0,1,0,3,0,0,0,0,2,30.5009765625,0,0,0,0
20,SCMM,672.013671875,0,,0,0,0,0,0,1,0,3,2,0,0,0,2,37.4794921875,0,0,0,0
20,SCMM,677.806640625,0,,0,0,0,0,0,1,0,3,2,0,0,0,1,43.2724609375,0,0,0,0
20,SCMM,683.5498046875,0,,0,0,0,0,0,1,0,3,2,0,0,0,1,49.015625,0,0,0,0
20,SCMM,689.642578125,0,,0,0,0,0,0,1,0,3,0,0,0,0,0,55.1083984375,0,0,0,0
20,SCMM,695.51953125,0,,0,0,0,0,0,1,0,3,0,0,0,0,0,60.0,0,0,0,0
20,SCMM,700.8115234375,0,,0,0,0,0,0,1,0,3,1,2,1,0,0,60.0,0,0,0,0
20,SCMM,713.19921875,0,,0,0,0,0,0,1,1,2,4,5,1,0,0,6.2099609375,0,0,0,0
20,SCMM,720.0771484375,0,,0,0,0,0,0,1,1,2,6,4,1,0,0,13.087890625,0,0,0,0
20,SCMM,725.4365234375,0,,0,0,0,0,0,1,2,2,5,2,1,0,0,4.357421875,0,0,0,0
20,SCMM,731.212890625,0,,1,0,0,0,0,1,2,3,3,0,1,0,0,5.1923828125,2,3,0,0
20,SCSB,24.009765625,0,,1,0,1,0,1,0,0,0,0,1,1,1,0,60.0,0,1,0,1
20,SCSB,29.21875,0,,1,0,1,0,1,0,2,1,1,1,1,1,0,4.57421875,2,2,2,2
20,SCSB,34.7451171875,0,,0,0,1,0,1,0,4,2,3,1,1,1,0,4.6416015625,0,0,4,4
20,SCSB,40.7724609375,0,,0,0,1,0,1,0,7,3,3,0,1,0,0,5.0087890625,0,0,7,3
20,SCSB,47.55078125,0,,1,0,1,0,1,0,5,3,2,0,1,0,0,11.787109375,5,2,5,2
20,SCSB,52.876953125,0,,0,0,1,0,1,0,5,3,3,0,1,0,0,4.7578125,0,0,5,3
20,SCSB,58.052734375,0,,0,0,1,0,1,0,2,3,3,0,1,0,0,9.93359375,0,0,2,3
20,SCSB,64.2138671875,0,,0,0,1,0,1,0,2,3,3,0,1,0,0,16.0947265625,0,0,2,3
20,SCSB,70.4912109375,0,,1,0,1,0,1,0,0,3,3,0,1,0,0,22.3720703125,0,3,0,3
20,SCSB,76.568359375,0,,0,0,1,0,1,0,0,3,4,0,1,0,0,28.44921875,0,0,0,4
20,SCSB,81.7939453125,0,,0,0,1,0,1,0,0,3,3,0,1,0,0,33.6748046875,0,0,0,3
20,SCSB,87.6708984375,0,,0,0,1,0,1,0,0,3,3,0,1,0,0,39.5517578125,0,0,0,3
20,SCSB,93.865234375,0,,1,0,1,0,1,0,0,3,4,0,1,0,0,45.74609375,0,4,0,4
20,SCSB,99.92578125,0,,0,0,1,0,1,0,0,3,3,0,1,0,0,51.806640625,0,0,0,3
20,SCSB,105.53515625,0,,0,0,1,0,1,0,0,3,2,0,1,0,0,57.416015625,0,0,0,2
20,SCSB,110.64453125,0,,0,0,1,0,1,0,0,3,1,1,1,0,0,60.0,0,0,0,2
20,SCSB,117.4560546875,0,,0,0,1,0,1,0,0,3,0,3,1,0,0,60.0,0,0,0,3
20,SCSB,124.3515625,0,,0,0,1,0,1,0,0,3,0,6,2,0,0,60.0,0,0,0,6
20,SCSB,130.228515625,0,,0,0,1,0,1,0,0,3,0,6,1,0,0,60.0,0,0,0,6
20,SCSB,135.955078125,0,,0,0,1,0,1,0,0,3,1,6,1,0,0,60.0,0,0,0,7
20,SCSB,142.1494140625,0,,0,0,1,0,1,0,0,3,1,6,1,0,0,60.0,0,0,0,7
20,SCSB,148.142578125,0,,0,0,1,0,1,0,0,3,1,4,1,0,0,60.0,0,0,0,5
20,SCSB,155.138671875,0,,0,0,1,0,1,0,0,3,2,2,1,0,0,60.0,0,0,0,4
20,SCSB,161.19921875,0,,0,0,1,0,1,0,0,3,2,0,1,0,0,60.0,0,0,0,2
20,SCSB,167.509765625,0,,0,0,1,0,1,0,1,3,2,1,1,1,0,1.7529296875,0,0,1,3
20,SCSB,173.203125,0,,0,0,1,0,1,0,1,3,0,3,1,1,0,7.4462890625,0,0,1,3
20,SCSB,179.5478515625,0,,0,0,1,0,1,0,1,3,0,3,1,1,0,13.791015625,0,0,1,3
20,SCSB,185.6416015625,0,,0,0,1,0,1,0,1,3,0,3,1,1,0,19.884765625,0,0,1,3
20,SCSB,191.3681640625,0,,0,0,1,0,1,0,0,3,2,1,1,0,0,25.611328125,0,0,0,3
20,SCSB,198.3466796875,0,,0,0,1,0,1,0,0,3,2,0,1,0,0,32.58984375,0,0,0,2
20,SCSB,205.0751953125,0,,0,0,1,0,1,0,0,3,2,1,1,0,0,39.318359375,0,0,0,3
20,SCSB,211.0859375,0,,0,0,1,0,1,0,1,3,0,3,1,0,0,2.1533203125,0,0,1,3
20,SCSB,217.4140625,0,,0,0,1,0,1,0,1,3,0,6,1,0,0,8.4814453125,0,0,1,6
20,SCSB,223.357421875,0,,0,0,1,0,1,0,1,3,0,7,1,0,0,14.4248046875,0,0,1,7
20,SCSB,229.1845703125,0,,1,0,1,0,1,0,0,3,0,6,1,0,0,20.251953125,0,6,0,6
20,SCSB,234.5771484375,1,1.1513671875,1,0,1,0,1,0,2,3,2,4,1,0,0,4.7255859375,2,6,2,6
20,SCSB,240.5869140625,0,,0,0,1,0,1,0,4,3,2,2,1,1,1,5.341796875,0,0,4,4
20,SCSB,247.5498046875,0,,0,0,1,0,1,0,4,3,3,0,1,1,1,12.3046875,0,0,4,3
20,SCSB,254.4619140625,0,,0,0,1,0,1,0,2,3,3,0,1,1,1,19.216796875,0,0,2,3
20,SCSB,259.7041015625,0,,0,0,1,0,1,0,0,3,3,0,1,0,1,24.458984375,0,0,0,3
20,SCSB,264.8291015625,0,,1,0,1,0,1,0,0,3,2,0,1,0,1,29.583984375,0,2,0,2
20,SCSB,271.4580078125,0,,0,0,1,0,1,0,0,3,0,2,1,1,1,36.212890625,0,0,0,2
20,SCSB,277.6689453125,0,,0,0,1,0,1,0,0,3,0,4,1,1,1,42.423828125,0,0,0,4
20,SCSB,283.712890625,0,,0,0,1,0,1,0,0,3,1,6,1,1,1,48.4677734375,0,0,0,7
20,SCSB,290.1064453125,0,,0,0,1,0,1,0,0,3,3,4,1,1,1,54.861328125,0,0,0,7
20,SCSB,296.3173828125,0,,0,0,1,0,1,0,0,3,3,2,1,0,0,60.0,0,0,0,5
20,SCSB,303.0791015625,0,,0,0,1,0,1,0,0,3,2,0,1,0,0,60.0,0,0,0,2
20,SCSB,309.69140625,0,,0,0,1,0,1,0,0,3,0,0,1,0,0,60.0,0,0,0,0
20,SCSB,315.751953125,0,,0,0,1,0,1,0,0,3,0,0,1,0,0,60.0,0,0,0,0
20,SCSB,321.1279296875,0,,0,0,1,0,1,0,0,3,0,1,1,0,0,60.0,0,0,0,1
20,SCSB,327.021484375,0,,0,0,1,0,1,0,0,3,0,3,1,0,0,60.0,0,0,0,3
20,SCSB,333.03125,0,,0,0,1,0,1,0,2,3,0,5,1,0,0,5.4423828125,0,0,2,5
20,SCSB,338.9755859375,0,,0,0,1,0,1,0,2,3,0,7,2,0,0,11.38671875,0,0,2,7
20,SCSB,344.65234375,0,,0,0,1,0,1,0,2,3,0,7,1,0,0,17.0634765625,0,0,2,7
20,SCSB,350.8291015625,0,,1,0,1,0,1,0,0,3,0,7,1,0,0,23.240234375,0,7,0,7
20,SCSB,357.7578125,0,,0,0,1,0,1,0,0,3,3,6,0,0,0,30.1689453125,0,0,0,9
20,SCSB,363.16796875,0,,0,0,1,0,1,0,0,3,3,4,0,0,0,35.5791015625,0,0,0,7
20,SCSB,370.146484375,0,,0,0,1,0,1,0,0,3,3,2,0,0,0,42.5576171875,0,0,0,5
20,SCSB,375.65625,0,,0,0,1,0,1,0,0,3,1,0,0,0,0,48.0673828125,0,0,0,1
20,SCSB,381.3994140625,0,,0,0,1,0,1,0,0,3,0,1,0,0,0,53.810546875,0,0,0,1
20,SCSB,387.7265625,0,,0,0,1,0,1,0,0,3,1,1,0,0,0,60.0,0,0,0,2
20,SCSB,393.1865234375,0,,1,0,1,0,1,0,0,3,1,1,0,0,0,60.0,0,2,0,2
20,SCSB,398.228515625,0,,0,0,1,0,1,0,0,3,2,1,0,0,0,60.0,0,0,0,3
20,SCSB,404.689453125,0,,1,0,1,0,1,0,0,3,1,0,0,0,0,60.0,0,1,0,1
20,SCSB,411.4013671875,0,,0,0,1,0,1,0,0,3,1,1,0,0,0,60.0,0,0,0,2
20,SCSB,417.9296875,0,,0,0,1,0,1,0,0,3,0,1,0,0,0,60.0,0,0,0,1
20,SCSB,423.623046875,0,,1,0,1,0,1,0,0,3,0,2,0,0,0,60.0,0,2,0,2
20,SCSB,429.2158203125,0,,0,0,1,0,1,0,0,3,0,3,1,0,0,60.0,0,0,0,3
20,SCSB,434.859375,0,,0,0,1,0,1,0,0,3,0,5,1,0,0,60.0,0,0,0,5
20,SCSB,440.869140625,0,,0,0,1,0,1,0,0,3,0,7,1,0,0,60.0,0,0,0,7
20,SCSB,446.4462890625,0,,1,0,1,0,1,0,0,3,0,7,1,0,0,60.0,0,7,0,7
20,SCSB,453.140625,0,,0,0,1,0,1,0,2,3,0,7,1,0,0,6.02734375,0,0,2,7
20,SCSB,459.3349609375,1,1.21875,1,0,1,0,1,0,2,3,1,7,1,0,0,12.2216796875,2,8,2,8
20,SCSB,465.5126953125,0,,0,0,1,0,1,0,3,3,2,7,1,0,1,2.220703125,0,0,3,9
20,SCSB,472.541015625,0,,0,0,1,0,1,0,1,3,2,6,1,0,1,9.2490234375,0,0,1,8
20,SCSB,477.80078125,0,,0,0,1,0,1,0,1,3,3,7,1,0,1,14.5087890625,0,0,1,10
20,SCSB,483.5107421875,0,,0,0,1,0,1,0,1,3,2,7,1,0,1,5.109375,0,0,1,9
20,SCSB,489.0703125,0,,0,0,1,0,1,0,1,3,2,7,1,0,1,10.6689453125,0,0,1,9
20,SCSB,495.380859375,0,,0,0,1,0,1,0,1,3,1,6,1,0,1,16.9794921875,0,0,1,7
20,SCSB,501.30859375,0,,0,0,1,0,1,0,0,3,0,4,1,0,1,22.9072265625,0,0,0,4
20,SCSB,506.701171875,0,,0,0,1,0,1,0,0,3,0,4,1,0,1,28.2998046875,0,0,0,4
20,SCSB,512.2607421875,0,,0,0,1,0,1,0,1,3,0,4,1,0,1,4.9423828125,0,0,1,4
20,SCSB,518.404296875,0,,0,0,1,0,1,0,1,3,2,6,1,0,1,11.0859375,0,0,1,8
20,SCSB,524.982421875,0,,0,0,1,0,1,0,1,3,2,7,1,0,0,17.6640625,0,0,1,9
20,SCSB,530.6259765625,0,,0,0,1,0,1,0,0,3,2,7,1,0,0,23.3076171875,0,0,0,9
20,SCSB,536.8701171875,1,1.0185546875,1,0,1,0,1,0,0,3,1,7,1,1,0,29.5517578125,0,8,0,8
20,SCSB,542.095703125,0,,0,0,1,0,1,0,2,4,2,5,1,1,1,4.724609375,0,0,2,7
20,SCSB,547.7392578125,0,,0,0,1,0,1,0,2,4,2,3,1,1,1,10.3681640625,0,0,2,5
20,SCSB,553.81640625,0,,0,0,1,0,1,0,2,4,4,2,1,0,1,16.4453125,0,0,2,6
20,SCSB,560.09375,0,,0,0,1,0,1,0,0,3,2,3,1,0,1,22.72265625,0,0,0,5
20,SCSB,566.5048828125,0,,0,0,1,0,1,0,0,3,2,6,2,0,1,29.1337890625,0,0,0,8
20,SCSB,572.4482421875,0,,0,0,1,0,1,0,1,2,1,7,1,1,1,0.9345703125,0,0,1,8
20,SCSB,579.244140625,0,,0,0,1,0,1,0,1,2,0,6,1,1,1,7.73046875,0,0,1,6
20,SCSB,585.1708984375,0,,0,0,1,0,1,0,1,2,0,4,1,1,1,13.6572265625,0,0,1,4
20,SCSB,591.1650390625,0,,0,0,1,0,1,0,1,3,0,2,1,0,1,19.6513671875,0,0,1,2
20,SCSB,598.09375,0,,0,0,1,0,1,0,0,3,2,0,1,0,0,26.580078125,0,0,0,2
20,SCSB,604.6884765625,0,,0,0,1,0,1,0,0,3,2,0,1,0,0,33.1748046875,0,0,0,2
20,SCSB,609.947265625,0,,0,0,1,0,1,0,0,3,3,1,0,0,1,38.43359375,0,0,0,4
20,SCSB,616.158203125,0,,0,0,1,0,1,0,0,3,3,2,0,0,1,44.64453125,0,0,0,5
20,SCSB,623.13671875,0,,0,0,1,0,1,0,1,3,5,2,0,0,1,6.34375,0,0,1,7
20,SCSB,628.86328125,0,,1,0,1,0,1,0,1,3,4,3,0,0,1,12.0703125,1,7,1,7
20,SCSB,634.6240234375,0,,0,0,1,0,1,0,4,3,2,1,0,0,1,4.474609375,0,0,4,3
20,SCSB,640.2666015625,0,,0,0,1,0,1,0,3,3,1,1,0,0,1,10.1171875,0,0,3,2
20,SCSB,646.76171875,0,,0,0,1,0,1,0,3,3,0,0,0,0,1,16.6123046875,0,0,3,0
20,SCSB,651.8701171875,0,,0,0,1,0,1,0,0,3,2,1,0,0,1,21.720703125,0,0,0,3
20,SCSB,657.3134765625,0,,0,0,1,0,1,0,0,3,2,3,0,0,1,27.1640625,0,0,0,5
20,SCSB,662.6728515625,0,,0,0,1,0,1,0,0,3,2,5,0,0,1,32.5234375,0,0,0,7
20,SCSB,669.0166015625,0,,0,0,1,0,1,0,0,3,2,5,0,0,0,38.8671875,0,0,0,7
20,SCSB,674.1923828125,0,,0,0,1,0,1,0,0,3,1,4,0,0,0,44.04296875,0,0,0,5
20,SCSB,679.9189453125,0,,1,0,1,0,1,0,0,3,1,2,1,0,0,49.76953125,0,3,0,3
20,SCSB,686.59765625,0,,0,0,1,0,1,0,0,3,0,0,1,0,0,56.4482421875,0,0,0,0
20,SCSB,693.576171875,0,,0,0,1,0,1,0,0,3,0,0,1,0,0,60.0,0,0,0,0
20,SCSB,698.8359375,0,,0,0,1,0,1,0,0,3,0,0,1,0,0,60.0,0,0,0,0
20,SCSB,704.712890625,0,,0,0,1,0,1,0,0,3,0,2,1,0,0,60.0,0,0,0,2
20,SCSB,710.171875,1,0.8515625,1,0,1,0,1,0,1,3,1,4,1,0,0,1.134765625,1,5,1,5
20,SCSB,715.6318359375,1,1.03515625,1,0,1,0,1,0,3,3,1,6,1,0,1,4.841796875,3,7,3,7
20,SCSB,722.4599609375,0,,0,0,1,0,1,0,5,3,1,6,1,0,2,6.1435546875,0,0,5,7
20,SCSG,34.0830078125,0,,0,0,0,0,1,0,0,0,0,1,0,0,0,60.0,0,0,0,0
20,SCSG,40.978515625,0,,0,0,0,0,1,0,0,1,0,1,1,0,0,60.0,0,0,0,0
20,SCSG,47.5888671875,0,,0,0,0,0,1,0,0,2,2,1,1,0,0,60.0,0,0,0,0
20,SCSG,53.8662109375,0,,0,0,0,0,1,0,1,3,3,0,1,0,0,1.9365234375,0,0,0,0
20,SCSG,59.2421875,1,1.068359375,1,0,0,0,1,0,1,3,3,0,1,0,0,7.3125,1,3,0,0
20,SCSG,64.6337890625,0,,0,0,0,0,1,0,4,3,2,0,1,0,1,2.3701171875,0,0,0,0
20,SCSG,70.4775390625,0,,0,0,0,0,1,0,4,3,2,0,1,0,1,8.2138671875,0,0,0,0
20,SCSG,76.654296875,0,,0,0,0,0,1,0,3,3,4,0,1,0,1,14.390625,0,0,0,0
20,SCSG,83.1650390625,0,,1,0,0,0,1,0,0,3,5,0,1,0,1,20.9013671875,0,5,0,0
20,SCSG,89.05859375,0,,1,0,0,0,1,0,2,3,5,0,1,0,1,5.1923828125,2,5,0,0
20,SCSG,96.01953125,0,,0,0,0,0,1,0,2,3,5,0,1,0,1,12.1533203125,0,0,0,0
20,SCSG,102.2470703125,0,,0,0,0,0,1,0,2,3,6,0,1,0,1,18.380859375,0,0,0,0
20,SCSG,108.4736328125,0,,0,0,0,0,1,0,0,3,4,0,1,0,1,24.607421875,0,0,0,0
20,SCSG,114.9853515625,0,,0,0,0,0,1,0,0,3,1,0,1,0,1,31.119140625,0,0,0,0
20,SCSG,121.3623046875,0,,0,0,0,0,1,0,0,3,0,0,2,0,0,37.49609375,0,0,0,0
20,SCSG,126.4873046875,0,,0,0,0,0,1,0,0,3,2,0,1,0,0,42.62109375,0,0,0,0
20,SCSG,133.2822265625,0,,0,0,0,0,1,0,2,3,3,0,1,0,0,6.126953125,0,0,0,0
20,SCSG,138.7080078125,0,,0,0,0,0,1,0,2,3,3,0,1,0,0,11.552734375,0,0,0,0
20,SCSG,145.40234375,0,,1,0,0,0,1,0,2,3,2,0,1,0,0,18.2470703125,2,2,0,0
20,SCSG,151.01171875,0,,0,0,0,0,1,0,0,3,1,0,1,1,0,23.8564453125,0,0,0,0
20,SCSG,157.505859375,0,,0,0,0,0,1,0,0,3,1,0,1,1,0,30.3505859375,0,0,0,0
20,SCSG,163.1484375,0,,1,0,0,0,1,0,0,3,2,2,1,1,0,35.9931640625,0,4,0,0
20,SCSG,169.609375,0,,0,0,0,0,1,0,2,3,2,4,1,0,0,5.693359375,0,0,0,0
20,SCSG,175.15234375,0,,0,0,0,0,1,0,2,3,4,6,1,0,0,11.236328125,0,0,0,0
20,SCSG,181.3955078125,0,,0,0,0,0,1,0,2,3,3,6,1,0,0,17.4794921875,0,0,0,0
20,SCSG,186.9384765625,0,,0,0,0,0,1,0,0,3,2,6,1,0,0,23.0224609375,0,0,0,0
20,SCSG,193.7998046875,0,,0,0,0,0,1,0,0,3,1,6,1,0,0,29.8837890625,0,0,0,0
20,SCSG,198.8583984375,0,,0,0,0,0,1,0,0,3,0,7,2,0,0,34.9423828125,0,0,0,0
20,SCSG,204.451171875,0,,0,0,0,0,1,0,0,3,0,7,1,0,0,40.53515625,0,0,0,0
20,SCSG,210.5439453125,0,,0,0,0,0,1,0,0,3,0,5,1,0,0,46.6279296875,0,0,0,0
20,SCSG,216.955078125,0,,0,0,0,0,1,0,0,3,3,3,1,0,0,53.0390625,0,0,0,0
20,SCSG,222.0302734375,1,1.1513671875,1,0,0,0,1,0,0,3,5,1,1,0,0,58.1142578125,0,6,0,0
20,SCSG,227.4052734375,0,,0,0,0,0,1,0,7,3,6,2,1,0,1,1.7861328125,0,0,0,0
20,SCSG,233.1484375,0,,0,0,0,0,1,0,7,3,8,4,1,0,1,7.529296875,0,0,0,0
20,SCSG,239.8095703125,1,1.001953125,1,0,0,0,1,0,7,3,6,6,1,0,1,14.1904296875,7,12,0,0
20,SCSG,245.7861328125,0,,0,0,0,0,1,0,2,3,4,7,1,0,2,5.2080078125,0,0,0,0
20,SCSG,251.4287109375,0,,1,0,0,0,1,0,2,3,2,7,1,0,2,10.8505859375,2,9,0,0
20,SCSG,257.6396484375,0,,0,0,0,0,1,0,2,3,0,7,1,0,2,17.0615234375,0,0,0,0
20,SCSG,263.365234375,0,,0,0,0,0,1,0,0,3,0,7,1,0,2,22.787109375,0,0,0,0
20,SCSG,268.908203125,0,,1,0,0,0,1,0,0,3,0,6,1,0,2,28.330078125,0,6,0,0
20,SCSG,275.15234375,0,,0,0,0,0,1,0,0,3,0,5,1,0,2,34.57421875,0,0,0,0
20,SCSG,280.9619140625,0,,0,0,0,0,1,0,0,3,0,5,1,0,2,40.3837890625,0,0,0,0
20,SCSG,286.0537109375,0,,0,0,0,0,1,0,0,3,1,5,1,0,1,45.4755859375,0,0,0,0
20,SCSG,291.1455078125,0,,0,0,0,0,1,0,2,2,2,7,1,0,1,4.32421875,0,0,0,0
20,SCSG,297.90625,0,,0,0,0,0,1,0,2,2,2,7,1,0,1,11.0849609375,0,0,0,0
20,SCSG,303.5322265625,0,,0,0,0,0,1,0,2,2,1,7,1,0,0,16.7109375,0,0,0,0
20,SCSG,309.5595703125,0,,0,0,0,0,1,0,0,3,2,5,1,0,0,22.73828125,0,0,0,0
20,SCSG,316.404296875,0,,1,0,0,0,1,0,0,3,3,3,1,1,0,29.5830078125,0,6,0,0
20,SCSG,321.4462890625,0,,0,0,0,0,1,0,2,3,3,1,1,1,0,4.1240234375,0,0,0,0
20,SCSG,326.7880859375,0,,0,0,0,0,1,0,2,3,2,0,1,1,0,9.4658203125,0,0,0,0
20,SCSG,332.080078125,0,,0,0,0,0,1,0,2,3,1,0,1,0,0,14.7578125,0,0,0,0
20,SCSG,337.58984375,0,,0,0,0,0,1,0,0,4,0,0,1,0,0,20.267578125,0,0,0,0
20,SCSG,344.6015625,0,,0,0,0,0,1,0,0,3,1,0,1,0,0,27.279296875,0,0,0,0
20,SCSG,350.4443359375,0,,0,0,0,0,1,0,0,3,2,0,1,0,0,33.1220703125,0,0,0,0
20,SCSG,357.021484375,0,,0,0,0,0,1,0,0,3,2,0,1,0,0,39.69921875,0,0,0,0
20,SCSG,362.2138671875,0,,0,0,0,0,1,0,0,3,2,0,1,0,0,44.8916015625,0,0,0,0
20,SCSG,367.4560546875,0,,0,0,0,0,1,0,0,3,2,0,1,0,0,50.1337890625,0,0,0,0
20,SCSG,372.998046875,0,,0,0,0,0,1,0,0,3,3,0,1,0,0,55.67578125,0,0,0,0
20,SCSG,378.140625,0,,0,0,0,0,1,0,0,3,5,0,0,0,0,60.0,0,0,0,0
20,SCSG,384.4345703125,0,,0,0,0,0,1,0,1,2,6,0,0,0,0,1.2861328125,0,0,0,0
20,SCSG,391.12890625,0,,0,0,0,0,1,0,1,2,5,0,0,0,0,7.98046875,0,0,0,0
20,SCSG,396.5380859375,0,,0,0,0,0,1,0,1,2,4,0,0,1,0,13.3896484375,0,0,0,0
20,SCSG,402.7646484375,0,,1,0,0,0,1,0,1,3,3,0,0,1,0,19.6162109375,1,3,0,0
20,SCSG,408.69140625,0,,0,0,0,0,1,0,2,4,2,0,0,1,0,5.125,0,0,0,0
20,SCSG,413.8662109375,0,,0,0,0,0,1,0,2,4,2,0,0,1,0,10.2998046875,0,0,0,0
20,SCSG,419.609375,0,,0,0,0,0,1,0,2,4,1,0,0,0,0,16.04296875,0,0,0,0
20,SCSG,426.1875,0,,0,0,0,0,1,0,0,3,1,0,0,0,0,22.62109375,0,0,0,0
20,SCSG,432.5478515625,0,,1,0,0,0,1,0,0,3,1,0,0,0,0,28.9814453125,0,1,0,0
20,SCSG,437.72265625,0,,0,0,0,0,1,0,2,3,0,0,0,0,0,4.490234375,0,0,0,0
20,SCSG,443.3662109375,0,,0,0,0,0,1,0,2,3,0,0,1,0,0,10.1337890625,0,0,0,0
20,SCSG,449.275390625,0,,0,0,0,0,1,0,2,3,0,0,1,0,0,16.04296875,0,0,0,0
20,SCSG,456.0703125,0,,0,0,0,0,1,0,0,3,0,0,1,0,0,22.837890625,0,0,0,0
20,SCSG,462.2138671875,0,,1,0,0,0,1,0,0,3,0,0,1,0,0,28.9814453125,0,0,0,0
20,SCSG,468.4580078125,0,,0,0,0,0,1,0,0,3,2,0,1,0,0,35.2255859375,0,0,0,0
20,SCSG,473.75,0,,1,0,0,0,1,0,0,3,3,0,1,0,0,40.517578125,0,3,0,0
20,SCSG,478.9755859375,0,,0,0,0,0,1,0,0,3,3,0,1,0,0,45.7431640625,0,0,0,0
20,SCSG,485.302734375,0,,0,0,0,0,1,0,0,3,3,0,1,0,0,52.0703125,0,0,0,0
20,SCSG,492.013671875,0,,0,0,0,0,1,0,0,3,4,3,1,0,0,58.78125,0,0,0,0
20,SCSG,497.6396484375,0,,0,0,0,0,1,0,1,3,4,5,1,0,0,0.7509765625,0,0,0,0
20,SCSG,503.3994140625,0,,0,0,0,0,1,0,1,3,3,6,1,0,0,6.5107421875,0,0,0,0
20,SCSG,510.4111328125,0,,0,0,0,0,1,0,1,3,1,6,1,0,0,13.5224609375,0,0,0,0
20,SCSG,516.2041015625,0,,1,0,0,0,1,0,1,3,0,5,1,0,0,19.3154296875,1,5,0,0
20,SCSG,523.1826171875,0,,0,0,0,0,1,0,2,3,0,5,1,0,0,6.2607421875,0,0,0,0
20,SCSG,529.05859375,0,,0,0,0,0,1,0,2,3,1,5,1,0,0,12.13671875,0,0,0,0
20,SCSG,535.3525390625,0,,0,0,0,0,1,0,3,3,1,6,1,0,0,5.759765625,0,0,0,0
20,SCSG,541.712890625,0,,0,0,0,0,1,0,3,3,2,6,1,0,0,5.892578125,0,0,0,0
20,SCSG,547.6396484375,0,,0,0,0,0,1,0,3,3,3,4,1,0,0,11.8193359375,0,0,0,0
20,SCSG,552.8818359375,0,,1,0,0,0,1,0,2,3,3,2,1,0,0,17.0615234375,2,5,0,0
20,SCSG,558.173828125,0,,0,0,0,0,1,0,2,3,3,2,0,0,0,4.3740234375,0,0,0,0
20,SCSG,563.6162109375,0,,0,0,0,0,1,0,2,3,4,3,1,0,0,9.81640625,0,0,0,0
20,SCSG,569.609375,0,,0,0,0,0,1,0,3,3,4,5,1,0,0,5.3251953125,0,0,0,0
20,SCSG,576.00390625,0,,0,0,0,0,1,0,1,3,4,7,1,0,0,11.7197265625,0,0,0,0
20,SCSG,581.896484375,0,,0,0,0,0,1,0,1,3,3,7,1,0,0,17.6123046875,0,0,0,0
20,SCSG,586.98828125,0,,0,0,0,0,1,0,0,3,2,7,1,0,0,22.7041015625,0,0,0,0
20,SCSG,592.8486328125,0,,0,0,0,0,1,0,0,3,2,5,1,0,0,28.564453125,0,0,0,0
20,SCSG,599.8271484375,0,,1,0,0,0,1,0,0,3,2,3,1,0,0,35.54296875,0,5,0,0
20,SCSG,606.671875,0,,1,0,0,0,1,0,2,3,1,0,1,0,0,6.1611328125,2,1,0,0
20,SCSG,613.666015625,0,,1,0,0,0,1,0,2,2,0,0,1,0,0,13.1552734375,2,0,0,0
20,SCSG,620.3779296875,0,,1,0,0,0,1,0,6,3,0,2,1,0,0,5.326171875,6,2,0,0
20,SCSG,626.3544921875,0,,0,0,0,0,1,0,6,3,2,4,1,0,0,5.359375,0,0,0,0
20,SCSG,631.830078125,0,,0,0,0,0,1,0,6,3,2,5,1,0,0,10.8349609375,0,0,0,0
20,SCSG,637.58984375,0,,0,0,0,0,1,0,2,3,2,6,0,0,0,16.5947265625,0,0,0,0
20,SCSG,643.0654296875,0,,0,0,0,0,1,0,1,3,1,6,0,0,0,4.8583984375,0,0,0,0
20,SCSG,648.3408203125,0,,0,0,0,0,1,0,1,3,1,5,0,0,0,10.1337890625,0,0,0,0
20,SCSG,654.18359375,0,,0,0,0,0,1,0,1,3,1,3,0,0,0,15.9765625,0,0,0,0
20,SCSG,660.1103515625,0,,0,0,0,0,1,0,0,3,1,1,0,0,0,21.9033203125,0,0,0,0
20,SCSG,665.21875,0,,0,0,0,0,1,0,0,3,0,0,0,0,0,27.01171875,0,0,0,0
20,SCSG,670.6787109375,0,,0,0,0,0,1,0,0,3,0,0,0,0,0,32.4716796875,0,0,0,0
20,SCSG,676.9384765625,0,,0,0,0,0,1,0,0,3,0,0,0,0,0,38.7314453125,0,0,0,0
20,SCSG,682.7314453125,0,,0,0,0,0,1,0,0,3,1,0,0,0,0,44.5244140625,0,0,0,0
20,SCSG,689.5263671875,0,,1,0,0,0,1,0,0,3,2,0,0,0,0,51.3193359375,0,2,0,0
20,SCSG,696.3212890625,0,,0,0,0,0,1,0,2,3,2,0,0,0,0,6.060546875,0,0,0,0
20,SCSG,701.796875,0,,0,0,0,0,1,0,2,3,1,0,0,0,0,11.5361328125,0,0,0,0
20,SCSG,708.591796875,0,,0,0,0,0,1,0,2,3,0,0,1,0,0,18.3310546875,0,0,0,0
20,SCSG,713.716796875,0,,0,0,0,0,1,0,0,3,0,0,1,0,0,23.4560546875,0,0,0,0
20,SCSG,720.14453125,0,,0,0,0,0,1,0,1,2,0,0,1,0,0,1.419921875,0,0,0,0
20,SCSG,726.3046875,0,,0,0,0,0,1,0,1,2,0,0,1,0,0,7.580078125,0,0,0,0
20,SCSG,732.130859375,0,,0,0,0,0,1,0,1,2,0,2,1,0,0,13.40625,0,0,0,0
20,SCSG,737.4228515625,0,,0,0,0,0,1,0,3,3,0,4,1,0,0,0.6845703125,0,0,0,0
20,SCSG,744.2841796875,0,,1,0,0,0,1,0,2,3,1,6,2,0,0,7.5458984375,2,7,0,0
21,SCFB,28.953125,0,,0,0,1,1,0,0,0,0,0,1,0,1,0,60.0,0,0,0,1
21,SCFB,35.1318359375,0,,0,0,1,1,0,0,1,0,0,1,1,1,0,1.1689453125,0,0,1,1
21,SCFB,41.87890625,0,,0,0,1,1,0,0,1,1,0,1,1,1,0,7.916015625,0,0,1,1
21,SCFB,47.0390625,0,,0,0,1,1,0,0,1,2,0,0,1,1,0,13.076171875,0,0,1,0
21,SCFB,53.234375,0,,1,0,1,1,0,0,1,3,0,0,1,0,0,19.271484375,1,0,1,0
21,SCFB,59.8974609375,0,,0,0,1,1,0,0,2,3,0,0,1,0,0,6.1455078125,0,0,2,0
21,SCFB,66.9111328125,0,,0,0,1,1,0,0,2,3,0,0,1,0,0,13.1591796875,0,0,2,0
21,SCFB,72.0546875,0,,0,0,1,1,0,0,2,3,0,0,1,0,0,18.302734375,0,0,2,0
21,SCFB,78.5673828125,0,,0,0,1,1,0,0,0,3,0,0,1,0,0,24.8154296875,0,0,0,0
21,SCFB,85.4814453125,0,,0,0,1,1,0,0,0,3,0,2,1,1,0,31.7294921875,0,0,0,2
21,SCFB,92.4287109375,0,,0,0,1,1,0,0,0,3,2,5,1,1,0,38.6767578125,0,0,0,7
21,SCFB,97.6884765625,0,,0,0,1,1,0,0,0,3,2,6,1,1,0,43.9365234375,0,0,0,8
21,SCFB,104.5517578125,0,,0,0,1,1,0,0,0,3,5,5,1,1,0,50.7998046875,0,0,0,10
21,SCFB,109.962890625,0,,0,0,1,1,0,0,0,3,4,3,1,0,0,56.2109375,0,0,0,7
21,SCFB,116.392578125,0,,0,0,1,1,0,0,0,3,3,1,1,0,0,60.0,0,0,0,4
21,SCFB,122.4541015625,0,,0,0,1,1,0,0,0,3,1,0,1,0,0,60.0,0,0,0,1
21,SCFB,129.267578125,0,,1,0,1,1,0,0,0,3,0,0,1,0,0,60.0,0,0,0,0
21,SCFB,134.4443359375,0,,0,0,1,1,0,0,2,3,0,0,1,0,0,4.458984375,0,0,2,0
21,SCFB,140.0888671875,0,,1,0,1,1,0,0,2,3,1,0,1,0,0,10.103515625,2,1,2,1
21,SCFB,146.2841796875,0,,1,0,1,1,0,0,2,3,2,0,1,0,0,16.298828125,2,2,2,2
21,SCFB,151.9453125,0,,0,0,1,1,0,0,0,3,2,0,1,0,0,21.9599609375,0,0,0,2
21,SCFB,158.07421875,0,,0,0,1,1,0,0,0,3,2,0,1,0,0,28.0888671875,0,0,0,2
21,SCFB,164.537109375,0,,0,0,1,1,0,0,0,3,0,0,1,0,0,34.5517578125,0,0,0,0
21,SCFB,171.2333984375,0,,1,0,1,1,0,0,0,3,0,0,1,0,0,41.248046875,0,0,0,0
21,SCFB,176.7109375,0,,0,0,1,1,0,0,3,3,0,1,1,0,0,4.5419921875,0,0,3,1
21,SCFB,182.421875,0,,0,0,1,1,0,0,3,3,0,2,1,0,0,10.2529296875,0,0,3,2
21,SCFB,189.2685546875,0,,0,0,1,1,0,0,3,3,0,4,1,0,0,17.099609375,0,0,3,4
21,SCFB,195.4140625,0,,0,0,1,1,0,0,0,3,0,4,1,0,0,23.2451171875,0,0,0,4
21,SCFB,201.7939453125,0,,0,0,1,1,0,0,0,3,0,2,1,0,0,29.625,0,0,0,2
21,SCFB,207.3876953125,0,,0,0,1,1,0,0,0,3,0,0,1,0,0,35.21875,0,0,0,0
21,SCFB,212.5986328125,0,,0,0,1,1,0,0,0,3,0,0,1,0,0,40.4296875,0,0,0,0
21,SCFB,219.111328125,0,,0,0,1,1,0,0,0,3,0,0,1,0,0,46.9423828125,0,0,0,0
21,SCFB,225.2734375,0,,0,0,1,1,0,0,0,3,0,0,1,0,0,53.1044921875,0,0,0,0
21,SCFB,231.685546875,0,,0,0,1,1,0,0,0,3,0,0,1,0,0,59.5166015625,0,0,0,0
21,SCFB,237.4140625,0,,0,0,1,1,0,0,0,3,0,0,1,0,0,60.0,0,0,0,0
21,SCFB,244.0263671875,0,,1,0,1,1,0,0,0,3,0,0,1,0,0,60.0,0,0,0,0
21,SCFB,250.7734375,0,,0,0,1,1,0,0,2,3,0,0,1,0,0,6.162109375,0,0,2,0
21,SCFB,256.201171875,0,,0,0,1,1,0,0,2,3,0,0,1,0,0,11.58984375,0,0,2,0
21,SCFB,263.181640625,0,,0,0,1,1,0,0,2,3,0,0,1,0,0,18.5703125,0,0,2,0
21,SCFB,270.078125,0,,0,0,1,1,0,0,0,3,0,0,1,0,0,25.466796875,0,0,0,0
21,SCFB,276.0400390625,0,,0,0,1,1,0,0,1,2,0,1,1,0,0,0.9521484375,0,0,1,1
21,SCFB,281.2001953125,0,,0,0,1,1,0,0,1,2,0,2,1,0,0,6.1123046875,0,0,1,2
21,SCFB,287.3955078125,0,,0,0,1,1,0,0,1,2,0,4,1,0,0,12.3076171875,0,0,1,4
21,SCFB,293.7578125,0,,0,0,1,1,0,0,1,3,0,5,1,0,0,18.669921875,0,0,1,5
21,SCFB,300.521484375,0,,1,0,1,1,0,0,0,3,1,3,1,0,0,25.43359375,0,4,0,4
21,SCFB,307.2177734375,0,,0,0,1,1,0,0,2,3,1,1,1,0,0,6.078125,0,0,2,2
21,SCFB,313.2294921875,0,,0,0,1,1,0,0,2,3,1,0,1,0,0,12.08984375,0,0,2,1
21,SCFB,319.7587890625,0,,0,0,1,1,0,0,2,3,2,0,1,0,0,18.619140625,0,0,2,2
21,SCFB,324.8857421875,0,,0,0,1,1,0,0,0,3,1,0,1,0,0,23.74609375,0,0,0,1
21,SCFB,331.115234375,0,,0,0,1,1,0,0,0,3,1,0,0,0,0,29.9755859375,0,0,0,1
21,SCFB,336.609375,0,,0,0,1,1,0,0,0,3,1,0,1,0,0,35.4697265625,0,0,0,1
21,SCFB,342.8046875,0,,0,0,1,1,0,0,0,3,4,0,1,0,0,41.6650390625,0,0,0,4
21,SCFB,348.0146484375,0,,0,0,1,1,0,0,0,3,5,0,1,0,0,46.875,0,0,0,5
21,SCFB,353.275390625,0,,0,0,1,1,0,0,0,3,5,0,1,0,0,52.1357421875,0,0,0,5
21,SCFB,359.1865234375,0,,0,0,1,1,0,0,0,3,6,0,1,0,0,58.046875,0,0,0,6
21,SCFB,365.115234375,0,,0,0,1,1,0,0,0,3,4,2,1,0,0,60.0,0,0,0,6
21,SCFB,370.576171875,0,,0,0,1,1,0,0,0,3,6,4,1,0,0,60.0,0,0,0,10
21,SCFB,377.40625,0,,0,0,1,1,0,0,0,3,8,7,0,1,0,60.0,0,0,0,15
21,SCFB,382.8671875,0,,0,0,1,1,0,0,1,3,8,6,0,4,0,4.30859375,0,0,1,14
21,SCFB,389.697265625,0,,0,0,1,1,0,0,1,3,8,7,0,4,0,11.138671875,0,0,1,15
21,SCFB,395.19140625,0,,0,0,1,1,0,0,1,3,7,6,0,4,0,16.6328125,0,0,1,13
21,SCFB,402.1044921875,0,,0,0,1,1,0,0,0,3,6,7,0,1,0,23.5458984375,0,0,0,13
21,SCFB,407.248046875,0,,0,0,1,1,0,0,0,3,4,6,1,0,0,28.689453125,0,0,0,10
21,SCFB,413.9609375,1,0.8017578125,1,0,1,1,0,0,0,3,3,7,1,0,0,35.40234375,0,10,0,10
21,SCFB,419.12109375,0,,1,0,1,1,0,0,2,2,2,6,1,0,1,4.55859375,2,8,2,8
21,SCFB,425.634765625,0,,0,0,1,1,0,0,2,2,1,5,1,0,1,11.072265625,0,0,2,6
21,SCFB,432.380859375,0,,0,0,1,1,0,0,2,2,2,3,1,0,1,17.818359375,0,0,2,5
21,SCFB,438.7431640625,0,,0,0,1,1,0,0,0,3,4,1,1,0,1,24.1806640625,0,0,0,5
21,SCFB,443.853515625,0,,0,0,1,1,0,0,0,3,4,0,1,0,1,29.291015625,0,0,0,4
21,SCFB,450.716796875,0,,0,0,1,1,0,0,0,3,2,0,1,0,1,36.154296875,0,0,0,2
21,SCFB,457.4638671875,0,,0,0,1,1,0,0,0,3,2,0,1,0,1,42.9013671875,0,0,0,2
21,SCFB,464.4111328125,0,,0,0,1,1,0,0,0,3,1,0,1,0,1,49.8486328125,0,0,0,1
21,SCFB,470.2392578125,0,,0,0,1,1,0,0,0,3,1,0,1,0,1,55.6767578125,0,0,0,1
21,SCFB,475.482421875,0,,1,0,1,1,0,0,0,3,0,0,1,0,0,60.0,0,0,0,0
21,SCFB,481.193359375,0,,0,0,1,1,0,0,2,2,0,0,1,0,0,4.158203125,0,0,2,0
21,SCFB,487.83984375,0,,0,0,1,1,0,0,2,2,1,1,1,0,0,10.8046875,0,0,2,2
21,SCFB,493.30078125,0,,0,0,1,1,0,0,2,2,1,2,1,0,0,16.265625,0,0,2,3
21,SCFB,498.64453125,0,,0,0,1,1,0,0,0,3,1,4,1,0,0,21.609375,0,0,0,5
21,SCFB,503.85546875,0,,0,0,1,1,0,0,0,3,0,6,2,0,0,26.8203125,0,0,0,6
21,SCFB,509.265625,0,,0,0,1,1,0,0,0,3,1,7,1,0,0,32.23046875,0,0,0,8
21,SCFB,514.4423828125,0,,0,0,1,1,0,0,0,3,1,5,1,0,0,37.4072265625,0,0,0,6
21,SCFB,520.48828125,0,,0,0,1,1,0,0,0,3,2,3,1,0,0,43.453125,0,0,0,5
21,SCFB,527.451171875,0,,0,0,1,1,0,0,0,3,2,1,1,0,0,50.416015625,0,0,0,3
21,SCFB,532.51171875,0,,0,0,1,1,0,0,0,3,1,0,1,0,0,55.4765625,0,0,0,1
21,SCFB,538.2060546875,0,,0,0,1,1,0,0,0,3,0,0,1,0,0,60.0,0,0,0,0
21,SCFB,544.3681640625,0,,0,0,1,1,0,0,2,3,0,0,0,0,0,5.4609375,0,0,2,0
21,SCFB,550.814453125,0,,0,0,1,1,0,0,2,3,0,0,1,0,0,11.9072265625,0,0,2,0
21,SCFB,557.27734375,1,1.068359375,1,0,1,1,0,0,2,3,0,0,1,0,0,18.3701171875,2,0,2,0
21,SCFB,563.990234375,0,,0,0,1,1,0,0,2,3,0,0,1,0,1,6.1455078125,0,0,2,0
21,SCFB,570.5693359375,0,,1,0,1,1,0,0,2,3,0,2,1,0,1,12.724609375,2,2,2,2
21,SCFB,575.896484375,0,,0,0,1,1,0,0,4,3,1,3,1,0,1,4.6591796875,0,0,4,4
21,SCFB,581.1904296875,0,,0,0,1,1,0,0,2,3,3,5,1,0,1,9.953125,0,0,2,8
21,SCFB,586.7177734375,0,,0,0,1,1,0,0,2,3,4,7,0,0,1,15.48046875,0,0,2,11
21,SCFB,592.6962890625,0,,0,0,1,1,0,0,0,3,4,7,0,1,1,21.458984375,0,0,0,11
21,SCFB,598.291015625,1,1.2353515625,1,0,1,1,0,0,0,3,2,7,0,1,1,27.0537109375,0,9,0,9
21,SCFB,605.2880859375,0,,0,0,1,1,0,0,3,3,5,7,0,1,2,6.095703125,0,0,3,12
21,SCFB,612.21875,0,,1,0,1,1,0,0,3,3,5,6,0,0,2,13.0263671875,3,11,3,11
21,SCFB,618.330078125,0,,0,0,1,1,0,0,5,3,5,6,0,0,2,5.376953125,0,0,5,11
21,SCFB,623.4404296875,0,,0,0,1,1,0,0,2,3,2,6,1,0,1,10.4873046875,0,0,2,8
21,SCFB,630.0703125,0,,0,0,1,1,0,0,2,3,1,6,1,0,1,17.1171875,0,0,2,7
21,SCFB,635.564453125,0,,0,0,1,1,0,0,0,3,2,6,1,1,1,22.611328125,0,0,0,8
21,SCFB,642.3779296875,0,,0,0,1,1,0,0,0,3,4,6,1,1,1,29.4248046875,0,0,0,10
21,SCFB,649.2578125,0,,0,0,1,1,0,0,0,3,4,7,1,1,1,36.3046875,0,0,0,11
21,SCFG,36.1572265625,0,,0,0,0,1,0,0,0,0,1,1,1,1,0,60.0,0,0,0,0
21,SCFG,42.66796875,0,,0,0,0,1,0,0,0,1,1,1,1,1,0,60.0,0,0,0,0
21,SCFG,48.828125,0,,0,0,0,1,0,0,0,2,0,0,1,0,0,60.0,0,0,0,0
21,SCFG,54.837890625,0,,0,0,0,1,0,0,0,3,0,0,1,0,0,60.0,0,0,0,0
21,SCFG,61.1484375,0,,0,0,0,1,0,0,0,3,0,0,1,0,0,60.0,0,0,0,0
21,SCFG,67.224609375,0,,0,0,0,1,0,0,0,3,0,0,1,0,0,60.0,0,0,0,0
21,SCFG,73.1171875,0,,1,0,0,1,0,0,0,3,0,0,1,0,0,60.0,0,0,0,0
21,SCFG,79.5283203125,0,,0,0,0,1,0,0,2,2,0,0,1,0,0,5.8427734375,0,0,0,0
21,SCFG,85.0205078125,0,,0,0,0,1,0,0,2,2,1,0,1,0,0,11.3349609375,0,0,0,0
21,SCFG,90.5791015625,0,,0,0,0,1,0,0,2,2,1,0,1,0,0,16.8935546875,0,0,0,0
21,SCFG,96.388671875,0,,0,0,0,1,0,0,0,3,1,0,1,0,0,22.703125,0,0,0,0
21,SCFG,101.5478515625,0,,0,0,0,1,0,0,0,3,1,0,1,0,0,27.8623046875,0,0,0,0
21,SCFG,107.5068359375,0,,0,0,0,1,0,0,0,3,0,0,1,0,0,33.8212890625,0,0,0,0
21,SCFG,112.548828125,0,,0,0,0,1,0,0,0,3,0,0,1,0,0,38.86328125,0,0,0,0
21,SCFG,118.0244140625,0,,0,0,0,1,0,0,0,3,0,0,1,0,0,44.3388671875,0,0,0,0
21,SCFG,123.349609375,0,,0,0,0,1,0,0,0,3,0,0,1,0,0,49.6640625,0,0,0,0
21,SCFG,128.4580078125,0,,0,0,0,1,0,0,0,3,0,0,1,0,0,54.7724609375,0,0,0,0
21,SCFG,134.30078125,0,,0,0,0,1,0,0,0,3,0,0,1,0,0,60.0,0,0,0,0
21,SCFG,140.52734375,0,,0,0,0,1,0,0,0,3,0,0,1,0,0,60.0,0,0,0,0
21,SCFG,146.6044921875,0,,0,0,0,1,0,0,0,3,0,0,1,0,0,60.0,0,0,0,0
21,SCFG,153.515625,0,,1,0,0,1,0,0,0,3,0,0,1,0,0,60.0,0,0,0,0
21,SCFG,160.2763671875,0,,0,0,0,1,0,0,3,3,0,0,1,0,0,5.8095703125,0,0,0,0
21,SCFG,166.0693359375,0,,0,0,0,1,0,0,3,3,0,0,1,0,0,11.6025390625,0,0,0,0
21,SCFG,171.544921875,0,,0,0,0,1,0,0,3,3,0,0,1,0,0,17.078125,0,0,0,0
21,SCFG,177.9892578125,0,,0,0,0,1,0,0,0,3,0,0,1,0,0,23.5224609375,0,0,0,0
21,SCFG,184.5166015625,0,,0,0,0,1,0,0,0,3,0,0,1,0,0,30.0498046875,0,0,0,0
21,SCFG,190.8935546875,0,,1,0,0,1,0,0,0,3,0,0,1,0,0,36.4267578125,0,0,0,0
21,SCFG,196.853515625,0,,0,0,0,1,0,0,2,3,0,0,1,0,0,5.3427734375,0,0,0,0
21,SCFG,203.5302734375,0,,0,0,0,1,0,0,2,3,0,0,1,0,0,12.01953125,0,0,0,0
21,SCFG,209.08984375,0,,0,0,0,1,0,0,2,3,0,0,1,0,0,17.5791015625,0,0,0,0
21,SCFG,214.1982421875,0,,0,0,0,1,0,0,0,3,0,0,1,0,0,22.6875,0,0,0,0
21,SCFG,219.5732421875,0,,1,0,0,1,0,0,0,3,0,0,1,0,0,28.0625,0,0,0,0
21,SCFG,225.466796875,0,,0,0,0,1,0,0,0,3,0,0,1,0,0,33.9560546875,0,0,0,0
21,SCFG,231.109375,0,,0,0,0,1,0,0,0,3,0,0,1,0,0,39.5986328125,0,0,0,0
21,SCFG,236.9853515625,0,,0,0,0,1,0,0,0,3,0,0,1,0,0,45.474609375,0,0,0,0
21,SCFG,243.763671875,0,,0,0,0,1,0,0,0,3,0,0,1,0,0,52.2529296875,0,0,0,0
21,SCFG,249.021484375,0,,0,0,0,1,0,0,0,3,0,0,1,0,0,57.5107421875,0,0,0,0
21,SCFG,256.033203125,0,,0,0,0,1,0,0,0,3,0,0,1,0,0,60.0,0,0,0,0
21,SCFG,261.7421875,0,,0,0,0,1,0,0,0,3,0,0,1,0,0,60.0,0,0,0,0
21,SCFG,267.5859375,0,,0,0,0,1,0,0,0,3,0,0,1,0,0,60.0,0,0,0,0
21,SCFG,272.6767578125,0,,0,0,0,1,0,0,0,3,0,0,1,0,0,60.0,0,0,0,0
21,SCFG,278.052734375,0,,0,0,0,1,0,0,0,3,0,0,1,0,0,60.0,0,0,0,0
21,SCFG,284.462890625,0,,0,0,0,1,0,0,0,3,0,0,1,0,0,60.0,0,0,0,0
21,SCFG,291.44140625,0,,0,0,0,1,0,0,0,3,0,0,2,0,0,60.0,0,0,0,0
21,SCFG,296.7001953125,0,,0,0,0,1,0,0,0,3,0,0,1,0,0,60.0,0,0,0,0
21,SCFG,302.9931640625,0,,1,0,0,1,0,0,0,3,0,0,1,0,0,60.0,0,0,0,0
21,SCFG,309.6708984375,0,,1,0,0,1,0,0,0,3,0,0,1,0,0,60.0,0,0,0,0
21,SCFG,314.712890625,0,,0,0,0,1,0,0,2,3,0,0,1,0,0,4.357421875,0,0,0,0
21,SCFG,320.9892578125,0,,0,0,0,1,0,0,2,3,0,0,1,0,0,10.6337890625,0,0,0,0
21,SCFG,326.58203125,0,,1,0,0,1,0,0,2,3,0,0,1,0,0,16.2265625,2,0,0,0
21,SCFG,332.2744140625,0,,0,0,0,1,0,0,0,3,0,0,1,0,0,21.9189453125,0,0,0,0
21,SCFG,338.0673828125,0,,0,0,0,1,0,0,0,3,0,0,1,0,0,27.7119140625,0,0,0,0
21,SCFG,344.544921875,0,,0,0,0,1,0,0,0,3,0,0,1,0,0,34.189453125,0,0,0,0
21,SCFG,349.5859375,0,,0,0,0,1,0,0,0,3,0,0,1,0,0,39.23046875,0,0,0,0
21,SCFG,356.6142578125,0,,0,0,0,1,0,0,0,3,1,0,1,0,0,46.2587890625,0,0,0,0
21,SCFG,362.5908203125,0,,0,0,0,1,0,0,0,3,1,0,1,0,0,52.2353515625,0,0,0,0
21,SCFG,368.6337890625,0,,0,0,0,1,0,0,0,3,1,0,1,0,0,58.2783203125,0,0,0,0
21,SCFG,374.7109375,0,,0,0,0,1,0,0,0,3,1,0,1,0,0,60.0,0,0,0,0
21,SCFG,380.7041015625,0,,0,0,0,1,0,0,0,3,0,0,1,0,0,60.0,0,0,0,0
21,SCFG,386.7470703125,0,,0,0,0,1,0,0,0,3,2,0,1,0,0,60.0,0,0,0,0
21,SCFG,393.7080078125,0,,0,0,0,1,0,0,0,3,3,1,0,0,0,60.0,0,0,0,0
21,SCFG,400.5029296875,0,,0,0,0,1,0,0,0,3,5,1,0,0,0,60.0,0,0,0,0
21,SCFG,405.978515625,0,,0,0,0,1,0,0,0,3,5,1,0,0,0,60.0,0,0,0,0
21,SCFG,412.5556640625,0,,0,0,0,1,0,0,0,3,3,0,0,0,0,60.0,0,0,0,0
21,SCFG,418.3486328125,0,,0,0,0,1,0,0,0,3,2,0,0,0,0,60.0,0,0,0,0
21,SCFG,423.4404296875,0,,0,0,0,1,0,0,0,3,2,0,0,0,0,60.0,0,0,0,0
21,SCFG,428.4814453125,0,,0,0,0,1,0,0,0,3,4,0,0,0,0,60.0,0,0,0,0
21,SCFG,433.857421875,0,,0,0,0,1,0,0,0,3,3,0,0,1,0,60.0,0,0,0,0
21,SCFG,440.4677734375,0,,0,0,0,1,0,0,0,3,2,0,0,1,0,60.0,0,0,0,0
21,SCFG,447.37890625,0,,0,0,0,1,0,0,0,3,0,0,0,1,0,60.0,0,0,0,0
21,SCFG,453.990234375,0,,0,0,0,1,0,0,0,3,0,0,0,0,0,60.0,0,0,0,0
21,SCFG,460.1337890625,0,,0,0,0,1,0,0,0,3,0,0,1,0,0,60.0,0,0,0,0
21,SCFG,466.6279296875,0,,0,0,0,1,0,0,0,3,0,0,1,0,0,60.0,0,0,0,0
21,SCFG,473.2880859375,0,,0,0,0,1,0,0,0,3,0,0,1,0,0,60.0,0,0,0,0
21,SCFG,478.763671875,0,,1,0,0,1,0,0,0,3,0,0,1,0,0,60.0,0,0,0,0
21,SCFG,484.7568359375,0,,1,0,0,1,0,0,2,3,0,0,1,0,0,5.4248046875,2,0,0,0
21,SCFG,490.0322265625,0,,0,0,0,1,0,0,2,3,0,0,1,0,0,10.7001953125,0,0,0,0
21,SCFG,496.9267578125,0,,1,0,0,1,0,0,2,3,1,0,1,0,0,17.5947265625,2,1,0,0
21,SCFG,502.5859375,0,,0,0,0,1,0,0,0,3,1,0,1,0,0,23.25390625,0,0,0,0
21,SCFG,509.013671875,0,,0,0,0,1,0,0,2,3,2,0,1,0,0,5.79296875,0,0,0,0
21,SCFG,515.0400390625,0,,0,0,0,1,0,0,2,3,2,2,1,0,0,11.8193359375,0,0,0,0
21,SCFG,521.0830078125,0,,0,0,0,1,0,0,2,3,1,4,1,0,0,17.8623046875,0,0,0,0
21,SCFG,527.9609375,0,,0,0,0,1,0,0,1,3,0,6,1,1,0,6.2431640625,0,0,0,0
21,SCFG,533.0361328125,0,,0,0,0,1,0,0,2,3,0,6,1,2,0,4.45703125,0,0,0,0
21,SCFG,538.427734375,0,,0,0,0,1,0,0,2,3,0,4,1,2,0,9.8486328125,0,0,0,0
21,SCFG,543.8203125,0,,0,0,0,1,0,0,1,3,0,2,1,2,0,15.2412109375,0,0,0,0
21,SCFG,549.49609375,0,,0,0,0,1,0,0,0,3,0,1,1,1,0,20.9169921875,0,0,0,0
21,SCFG,554.6376953125,0,,0,0,0,1,0,0,0,3,0,0,1,0,0,26.05859375,0,0,0,0
21,SCFG,559.6962890625,0,,0,0,0,1,0,0,0,3,0,0,1,0,0,31.1171875,0,0,0,0
21,SCFG,565.7724609375,0,,0,0,0,1,0,0,0,3,0,0,1,0,0,37.193359375,0,0,0,0
21,SCFG,571.94921875,0,,0,0,0,1,0,0,0,3,1,0,1,0,0,43.3701171875,0,0,0,0
21,SCFG,577.341796875,0,,0,0,0,1,0,0,0,3,1,0,1,0,0,48.7626953125,0,0,0,0
21,SCFG,584.2861328125,0,,1,0,0,1,0,0,0,3,1,0,1,0,0,55.70703125,0,1,0,0
21,SCFG,589.7958984375,0,,0,0,0,1,0,0,0,3,1,0,1,0,0,60.0,0,0,0,0
21,SCFG,594.9873046875,0,,1,0,0,1,0,0,0,3,0,0,1,0,0,60.0,0,0,0,0
21,SCFG,600.9638671875,0,,0,0,0,1,0,0,2,3,0,0,1,0,0,5.30859375,0,0,0,0
21,SCFG,606.322265625,0,,1,0,0,1,0,0,4,2,0,0,1,0,0,4.7744140625,4,0,0,0
21,SCFG,611.998046875,0,,1,0,0,1,0,0,6,2,0,0,1,0,0,5.0576171875,6,0,0,0
21,SCFG,618.642578125,0,,0,0,0,1,0,0,4,2,0,0,1,0,0,11.7021484375,0,0,0,0
21,SCFG,625.3203125,0,,1,0,0,1,0,0,4,2,0,3,1,0,0,6.04296875,4,3,0,0
21,SCFG,630.4619140625,0,,1,0,0,1,0,0,2,2,0,4,1,0,0,11.1845703125,2,4,0,0
21,SCFG,637.2568359375,0,,0,0,0,1,0,0,2,2,0,5,0,0,0,17.9794921875,0,0,0,0
21,SCFG,643.80078125,0,,0,0,0,1,0,0,0,3,2,3,0,0,0,24.5234375,0,0,0,0
21,SCFG,648.92578125,0,,0,0,0,1,0,0,0,3,2,1,0,0,0,29.6484375,0,0,0,0
21,SCFG,655.5361328125,0,,1,0,0,1,0,0,0,3,2,1,0,0,0,36.2587890625,0,3,0,0
21,SCFG,660.5947265625,0,,0,0,0,1,0,0,0,3,0,0,0,0,0,41.3173828125,0,0,0,0
21,SCFG,665.9033203125,0,,1,0,0,1,0,0,0,3,0,0,0,0,0,46.6259765625,0,0,0,0
21,SCFG,671.294921875,0,,0,0,0,1,0,0,0,3,0,0,0,0,0,52.017578125,0,0,0,0
21,SCFG,677.822265625,0,,0,0,0,1,0,0,0,3,0,0,0,0,0,58.544921875,0,0,0,0
21,SCFG,683.365234375,0,,1,0,0,1,0,0,0,3,1,0,0,0,0,60.0,0,1,0,0
21,SCFG,689.859375,0,,0,0,0,1,0,0,0,3,1,0,0,0,0,60.0,0,0,0,0
21,SCFG,696.236328125,0,,1,0,0,1,0,0,0,3,1,0,0,0,0,60.0,0,1,0,0
21,SCFG,702.0625,0,,0,0,0,1,0,0,0,3,0,0,0,0,0,60.0,0,0,0,0
21,SCFG,707.404296875,0,,0,0,0,1,0,0,0,3,0,0,1,0,0,60.0,0,0,0,0
21,SCFG,714.3828125,0,,0,0,0,1,0,0,0,3,0,0,1,0,0,60.0,0,0,0,0
21,SCFG,721.3271484375,0,,0,0,0,1,0,0,0,3,0,0,1,0,0,60.0,0,0,0,0
21,SCFG,726.8193359375,0,,0,0,0,1,0,0,0,3,0,0,1,0,0,60.0,0,0,0,0
21,SCFG,732.595703125,0,,0,0,0,1,0,0,0,3,0,0,1,0,0,60.0,0,0,0,0
21,SCFG,738.1044921875,0,,1,0,0,1,0,0,1,3,4,0,1,0,0,4.724609375,1,4,0,0
21,SCFG,744.615234375,0,,0,0,0,1,0,0,3,3,4,0,1,0,0,5.79296875,0,0,0,0
21,SCFG,749.70703125,0,,0,0,0,1,0,0,3,3,4,0,1,0,0,10.884765625,0,0,0,0
21,SCFG,756.5009765625,0,,0,0,0,1,0,0,2,3,1,0,1,0,0,17.6787109375,0,0,0,0
21,SCMM,48.5400390625,0,,0,0,0,0,0,1,0,0,0,1,0,0,0,60.0,0,0,0,0
21,SCMM,54.9873046875,0,,0,0,0,0,0,1,2,1,0,3,1,0,0,5.62890625,0,0,0,0
21,SCMM,61.1005859375,0,,0,0,0,0,0,1,2,2,0,3,1,0,0,11.7421875,0,0,0,0
21,SCMM,66.4951171875,0,,0,0,0,0,0,1,2,3,0,2,1,0,0,17.13671875,0,0,0,0
21,SCMM,71.6728515625,0,,0,0,0,0,0,1,0,3,0,1,1,0,0,22.314453125,0,0,0,0
21,SCMM,77.134765625,0,,0,0,0,0,0,1,0,3,0,0,1,0,0,27.7763671875,0,0,0,0
21,SCMM,82.4794921875,0,,0,0,0,0,0,1,0,4,1,0,1,0,0,33.12109375,0,0,0,0
21,SCMM,88.2412109375,0,,0,0,0,0,0,1,0,3,2,0,1,0,0,38.8828125,0,0,0,0
21,SCMM,95.1064453125,0,,0,0,0,0,0,1,0,3,2,0,1,0,0,45.748046875,0,0,0,0
21,SCMM,101.6201171875,0,,0,0,0,0,0,1,0,3,4,0,1,0,0,52.26171875,0,0,0,0
21,SCMM,106.78125,0,,0,0,0,0,0,1,0,3,2,0,1,0,0,57.4228515625,0,0,0,0
21,SCMM,113.478515625,0,,0,0,0,0,0,1,0,3,2,0,0,0,0,60.0,0,0,0,0
21,SCMM,119.32421875,0,,0,0,0,0,0,1,0,3,0,2,1,0,0,60.0,0,0,0,0
21,SCMM,124.7529296875,0,,0,0,0,0,0,1,0,3,0,3,1,0,0,60.0,0,0,0,0
21,SCMM,130.4482421875,0,,0,0,0,0,0,1,1,3,0,5,1,0,0,2.7392578125,0,0,0,0
21,SCMM,137.1123046875,0,,0,0,0,0,0,1,1,3,1,6,1,0,0,9.4033203125,0,0,0,0
21,SCMM,142.9755859375,0,,0,0,0,0,0,1,1,3,1,4,1,0,0,15.2666015625,0,0,0,0
21,SCMM,149.1552734375,0,,0,0,0,0,0,1,0,3,1,2,1,0,0,21.4462890625,0,0,0,0
21,SCMM,155.6025390625,0,,0,0,0,0,0,1,0,3,0,0,1,0,0,27.8935546875,0,0,0,0
21,SCMM,161.53125,0,,0,0,0,0,0,1,0,3,0,0,1,0,0,33.822265625,0,0,0,0
21,SCMM,167.04296875,0,,0,0,0,0,0,1,0,3,1,0,1,0,0,39.333984375,0,0,0,0
21,SCMM,172.3876953125,0,,0,0,0,0,0,1,0,3,1,0,1,0,0,44.6787109375,0,0,0,0
21,SCMM,178.9853515625,0,,1,0,0,0,0,1,0,3,1,0,1,0,0,51.2763671875,0,1,0,0
21,SCMM,184.59765625,0,,0,0,0,0,0,1,3,3,1,0,1,0,0,4.7939453125,0,0,0,0
21,SCMM,189.724609375,0,,1,0,0,0,0,1,3,3,0,0,1,0,0,9.9208984375,3,0,0,0
21,SCMM,195.62109375,0,,0,0,0,0,0,1,5,3,0,0,1,0,0,5.328125,0,0,0,0
21,SCMM,202.1513671875,0,,0,0,0,0,0,1,2,3,0,0,1,0,0,11.8583984375,0,0,0,0
21,SCMM,208.34765625,0,,0,0,0,0,0,1,2,3,0,1,1,0,0,18.0546875,0,0,0,0
21,SCMM,213.7265625,0,,0,0,0,0,0,1,0,3,0,3,1,0,0,23.43359375,0,0,0,0
21,SCMM,220.5908203125,0,,0,0,0,0,0,1,0,3,0,3,1,0,0,30.2978515625,0,0,0,0
21,SCMM,226.353515625,0,,0,0,0,0,0,1,0,3,0,2,1,0,0,36.060546875,0,0,0,0
21,SCMM,233.0341796875,0,,0,0,0,0,0,1,0,3,0,0,1,0,0,42.7412109375,0,0,0,0
21,SCMM,239.7314453125,0,,0,0,0,0,0,1,0,3,0,0,1,0,0,49.4384765625,0,0,0,0
21,SCMM,245.8779296875,0,,0,0,0,0,0,1,0,3,0,0,1,0,0,55.5849609375,0,0,0,0
21,SCMM,252.0244140625,0,,0,0,0,0,0,1,0,3,0,0,1,0,0,60.0,0,0,0,0
21,SCMM,257.302734375,0,,0,0,0,0,0,1,0,3,0,0,1,0,0,60.0,0,0,0,0
21,SCMM,263.783203125,0,,0,0,0,0,0,1,0,3,0,0,1,0,0,60.0,0,0,0,0
21,SCMM,269.1279296875,0,,0,0,0,0,0,1,0,3,0,0,2,0,0,60.0,0,0,0,0
21,SCMM,274.5888671875,0,,0,0,0,0,0,1,0,3,0,0,1,0,0,60.0,0,0,0,0
21,SCMM,281.3203125,0,,0,0,0,0,0,1,0,3,0,0,1,0,0,60.0,0,0,0,0
21,SCMM,286.564453125,0,,0,0,0,0,0,1,0,3,0,0,1,0,0,60.0,0,0,0,0
21,SCMM,292.2939453125,0,,0,0,0,0,0,1,0,3,0,0,1,0,0,60.0,0,0,0,0
21,SCMM,298.45703125,0,,0,0,0,0,0,1,0,3,0,0,1,0,0,60.0,0,0,0,0
21,SCMM,303.5341796875,0,,0,0,0,0,0,1,0,3,0,1,1,0,0,60.0,0,0,0,0
21,SCMM,310.048828125,0,,0,0,0,0,0,1,0,3,0,2,1,0,0,60.0,0,0,0,0
21,SCMM,316.294921875,0,,0,0,0,0,0,1,0,3,1,2,1,0,0,60.0,0,0,0,0
21,SCMM,322.958984375,0,,0,0,0,0,0,1,0,3,2,1,1,0,0,60.0,0,0,0,0
21,SCMM,328.13671875,0,,0,0,0,0,0,1,0,3,2,0,1,0,0,60.0,0,0,0,0
21,SCMM,333.5654296875,0,,0,0,0,0,0,1,0,3,3,0,1,0,0,60.0,0,0,0,0
21,SCMM,340.1455078125,0,,1,0,0,0,0,1,0,3,1,0,1,0,0,60.0,0,1,0,0
21,SCMM,345.94140625,0,,0,0,0,0,0,1,2,3,1,0,0,0,0,5.2109375,0,0,0,0
21,SCMM,351.50390625,1,0.8017578125,1,0,0,0,0,1,2,3,0,1,1,0,0,10.7734375,2,1,0,0
21,SCMM,356.931640625,0,,0,0,0,0,0,1,4,3,0,2,1,0,1,4.8271484375,0,0,0,0
21,SCMM,363.2451171875,0,,0,0,0,0,0,1,2,3,0,2,1,0,1,11.140625,0,0,0,0
21,SCMM,368.890625,0,,0,0,0,0,0,1,2,3,0,2,1,0,1,16.7861328125,0,0,0,0
21,SCMM,375.0205078125,0,,0,0,0,0,0,1,0,3,1,0,1,0,1,22.916015625,0,0,0,0
21,SCMM,380.5322265625,0,,0,0,0,0,0,1,0,3,2,0,1,0,1,28.427734375,0,0,0,0
21,SCMM,385.66015625,0,,0,0,0,0,0,1,0,3,2,0,1,0,1,33.5556640625,0,0,0,0
21,SCMM,391.3046875,0,,0,0,0,0,0,1,0,3,3,0,1,0,1,39.2001953125,0,0,0,0
21,SCMM,396.4658203125,0,,0,0,0,0,0,1,0,3,3,0,1,0,1,44.361328125,0,0,0,0
21,SCMM,401.89453125,0,,0,0,0,0,0,1,0,3,3,0,1,0,1,49.7900390625,0,0,0,0
21,SCMM,406.98828125,0,,0,0,0,0,0,1,0,3,2,0,0,0,1,54.8837890625,0,0,0,0
21,SCMM,412.1162109375,0,,0,0,0,0,0,1,0,3,2,0,0,0,1,60.0,0,0,0,0
21,SCMM,417.2099609375,0,,0,0,0,0,0,1,0,3,1,0,0,0,0,60.0,0,0,0,0
21,SCMM,422.9228515625,0,,0,0,0,0,0,1,0,4,0,0,0,0,0,60.0,0,0,0,0
21,SCMM,428.9853515625,0,,0,0,0,0,0,1,0,3,0,0,0,0,0,60.0,0,0,0,0
21,SCMM,435.9833984375,0,,1,0,0,0,0,1,0,3,0,0,0,0,0,60.0,0,0,0,0
21,SCMM,441.74609375,0,,0,0,0,0,0,1,2,3,1,0,0,0,0,5.1611328125,0,0,0,0
21,SCMM,447.2080078125,0,,0,0,0,0,0,1,2,3,2,0,0,0,0,10.623046875,0,0,0,0
21,SCMM,454.22265625,0,,0,0,0,0,0,1,2,3,2,0,0,0,0,17.6376953125,0,0,0,0
21,SCMM,460.1357421875,0,,0,0,0,0,0,1,0,3,1,0,0,0,0,23.55078125,0,0,0,0
21,SCMM,466.33203125,0,,0,0,0,0,0,1,0,3,0,0,0,0,0,29.7470703125,0,0,0,0
21,SCMM,473.296875,0,,0,0,0,0,0,1,0,3,0,2,1,0,0,36.7119140625,0,0,0,0
21,SCMM,479.9443359375,0,,0,0,0,0,0,1,0,3,0,3,1,0,0,43.359375,0,0,0,0
21,SCMM,485.6064453125,0,,0,0,0,0,0,1,0,3,0,3,1,0,0,49.021484375,0,0,0,0
21,SCMM,491.7197265625,0,,1,0,0,0,0,1,0,3,0,2,1,0,0,55.134765625,0,2,0,0
21,SCMM,497.9326171875,0,,0,0,0,0,0,1,2,3,0,0,1,0,0,5.595703125,0,0,0,0
21,SCMM,503.828125,0,,0,0,0,0,0,1,2,3,0,0,1,0,0,11.4912109375,0,0,0,0
21,SCMM,510.810546875,0,,0,0,0,0,0,1,2,3,1,0,1,0,0,18.4736328125,0,0,0,0
21,SCMM,516.6220703125,0,,1,0,0,0,0,1,0,3,1,0,1,0,0,24.28515625,0,1,0,0
21,SCMM,522.71875,0,,0,0,0,0,0,1,2,3,1,1,1,0,0,5.478515625,0,0,0,0
21,SCMM,528.2978515625,0,,0,0,0,0,0,1,4,3,1,3,1,0,0,4.89453125,0,0,0,0
21,SCMM,534.76171875,0,,0,0,0,0,0,1,4,3,0,5,1,0,0,11.3583984375,0,0,0,0
21,SCMM,540.5400390625,0,,0,0,0,0,0,1,3,3,0,6,1,0,0,5.1943359375,0,0,0,0
21,SCMM,546.1357421875,0,,0,0,0,0,0,1,1,3,0,5,1,0,0,10.7900390625,0,0,0,0
21,SCMM,552.2314453125,0,,0,0,0,0,0,1,1,3,0,2,1,0,0,16.8857421875,0,0,0,0
21,SCMM,558.3779296875,0,,0,0,0,0,0,1,0,3,0,2,1,0,0,23.0322265625,0,0,0,0
21,SCMM,565.17578125,0,,1,0,0,0,0,1,0,3,0,2,1,0,0,29.830078125,0,2,0,0
21,SCMM,570.7880859375,0,,1,0,0,0,0,1,2,3,0,2,2,0,0,5.0107421875,2,2,0,0
21,SCMM,577.03515625,0,,0,0,0,0,0,1,2,3,1,1,1,0,0,11.2578125,0,0,0,0
21,SCMM,583.0478515625,0,,1,0,0,0,0,1,4,3,2,0,1,0,0,5.2451171875,4,2,0,0
21,SCMM,588.642578125,0,,0,0,0,0,0,1,5,3,2,1,1,0,0,4.6767578125,0,0,0,0
21,SCMM,595.4404296875,0,,0,0,0,0,0,1,5,3,3,3,1,0,0,11.474609375,0,0,0,0
21,SCMM,601.470703125,0,,0,0,0,0,0,1,3,3,1,4,1,0,0,17.5048828125,0,0,0,0
21,SCMM,606.6484375,0,,0,0,0,0,0,1,2,3,1,3,1,0,0,3.7080078125,0,0,0,0
21,SCMM,611.80859375,0,,0,0,0,0,0,1,2,3,0,2,1,0,0,8.8681640625,0,0,0,0
21,SCMM,617.8046875,0,,0,0,0,0,0,1,2,3,0,0,1,0,0,14.8642578125,0,0,0,0
21,SCMM,624.4189453125,0,,0,0,0,0,0,1,0,3,0,0,1,0,0,21.478515625,0,0,0,0
21,SCMM,630.548828125,0,,1,0,0,0,0,1,2,3,0,0,1,0,0,5.544921875,2,0,0,0
21,SCMM,637.0966796875,0,,1,0,0,0,0,1,4,3,0,2,1,0,0,5.9130859375,4,2,0,0
21,SCMM,643.84375,0,,1,0,0,0,0,1,6,2,0,4,1,0,0,6.0126953125,6,4,0,0
21,SCMM,650.0908203125,0,,0,0,0,0,0,1,6,2,0,6,1,0,0,5.544921875,0,0,0,0
21,SCMM,655.5185546875,0,,0,0,0,0,0,1,6,2,1,5,1,0,0,4.6259765625,0,0,0,0
21,SCMM,660.7802734375,0,,0,0,0,0,0,1,4,3,2,4,1,0,0,9.8876953125,0,0,0,0
21,SCMM,667.16015625,0,,0,0,0,0,0,1,2,3,2,2,1,0,0,16.267578125,0,0,0,0
21,SCMM,672.5888671875,0,,1,0,0,0,0,1,0,3,2,0,0,0,0,21.6962890625,0,2,0,0
21,SCMM,678.30078125,0,,0,0,0,0,0,1,0,3,0,0,0,0,0,27.408203125,0,0,0,0
21,SCMM,683.5625,0,,1,0,0,0,0,1,0,3,0,0,0,0,0,32.669921875,0,0,0,0
21,SCMM,688.6728515625,0,,0,0,0,0,0,1,0,3,0,0,0,0,0,37.7802734375,0,0,0,0
21,SCMM,694.65234375,0,,0,0,0,0,0,1,0,3,0,0,0,0,0,43.759765625,0,0,0,0
21,SCMM,700.5986328125,0,,0,0,0,0,0,1,0,3,1,0,0,0,0,49.7060546875,0,0,0,0
21,SCMM,706.09375,0,,0,0,0,0,0,1,0,3,1,0,0,0,0,55.201171875,0,0,0,0
21,SCMM,711.939453125,0,,0,0,0,0,0,1,0,3,1,0,0,0,0,60.0,0,0,0,0
21,SCMM,717.1171875,0,,0,0,0,0,0,1,0,3,0,0,0,0,0,60.0,0,0,0,0
21,SCMM,722.2275390625,0,,0,0,0,0,0,1,0,3,0,0,0,0,0,60.0,0,0,0,0
21,SCMM,728.20703125,0,,0,0,0,0,0,1,0,3,0,1,0,0,0,60.0,0,0,0,0
21,SCMM,734.0537109375,0,,0,0,0,0,0,1,0,3,0,1,1,0,0,60.0,0,0,0,0
21,SCMM,740.25,0,,0,0,0,0,0,1,0,3,0,1,1,0,0,60.0,0,0,0,0
21,SCMM,746.345703125,0,,0,0,0,0,0,1,0,3,0,0,1,0,0,60.0,0,0,0,0
21,SCMM,752.8603515625,0,,0,0,0,0,0,1,0,3,0,0,1,0,0,60.0,0,0,0,0
21,SCMM,758.0380859375,0,,0,0,0,0,0,1,0,3,0,0,1,0,0,60.0,0,0,0,0
21,SCMM,763.3154296875,0,,0,0,0,0,0,1,0,3,0,0,1,0,0,60.0,0,0,0,0
21,SCMM,770.34765625,0,,0,0,0,0,0,1,0,3,0,0,1,0,0,60.0,0,0,0,0
21,SCSB,30.4580078125,0,,0,0,1,0,1,0,0,0,0,1,0,0,0,60.0,0,0,0,1
21,SCSB,37.4208984375,0,,0,0,1,0,1,0,0,1,0,1,1,0,0,60.0,0,0,0,1
21,SCSB,42.6142578125,0,,0,0,1,0,1,0,0,2,1,1,1,0,0,60.0,0,0,0,2
21,SCSB,48.759765625,0,,0,0,1,0,1,0,0,3,2,0,1,0,0,60.0,0,0,0,2
21,SCSB,54.7548828125,0,,0,0,1,0,1,0,0,3,2,0,1,0,0,60.0,0,0,0,2
21,SCSB,60.7998046875,0,,0,0,1,0,1,0,0,3,1,0,1,0,0,60.0,0,0,0,1
21,SCSB,66.59375,0,,0,0,1,0,1,0,0,3,0,0,1,0,0,60.0,0,0,0,0
21,SCSB,72.638671875,0,,1,0,1,0,1,0,0,3,0,0,1,0,0,60.0,0,0,0,0
21,SCSB,79.0341796875,0,,0,0,1,0,1,0,2,3,0,0,1,0,0,5.744140625,0,0,2,0
21,SCSB,84.845703125,0,,0,0,1,0,1,0,2,3,0,0,1,0,0,11.5556640625,0,0,2,0
21,SCSB,91.0576171875,0,,1,0,1,0,1,0,2,3,1,0,1,0,0,17.767578125,2,1,2,1
21,SCSB,98.0380859375,0,,0,0,1,0,1,0,0,3,1,0,1,0,0,24.748046875,0,0,0,1
21,SCSB,105.05078125,0,,0,0,1,0,1,0,0,3,2,0,1,0,0,31.7607421875,0,0,0,2
21,SCSB,111.9814453125,0,,1,0,1,0,1,0,0,2,1,0,1,0,0,38.69140625,0,1,0,1
21,SCSB,118.4599609375,0,,1,0,1,0,1,0,0,3,1,1,1,1,0,45.169921875,0,2,0,2
21,SCSB,124.35546875,0,,1,0,1,0,1,0,0,3,0,1,1,1,0,51.0654296875,0,1,0,1
21,SCSB,130.2333984375,0,,1,0,1,0,1,0,0,3,0,1,1,1,0,56.943359375,0,1,0,1
21,SCSB,136.0439453125,0,,0,0,1,0,1,0,0,3,0,1,1,1,0,60.0,0,0,0,1
21,SCSB,142.9404296875,0,,0,0,1,0,1,0,2,3,0,0,1,0,0,6.228515625,0,0,2,0
21,SCSB,148.634765625,0,,0,0,1,0,1,0,2,3,0,0,1,0,0,11.9228515625,0,0,2,0
21,SCSB,154.796875,0,,0,0,1,0,1,0,2,3,0,0,1,0,0,18.0849609375,0,0,2,0
21,SCSB,160.875,0,,0,0,1,0,1,0,0,3,0,0,1,0,0,24.1630859375,0,0,0,0
21,SCSB,167.7890625,0,,0,0,1,0,1,0,0,3,1,0,1,0,0,31.0771484375,0,0,0,1
21,SCSB,174.384765625,0,,0,0,1,0,1,0,0,3,1,0,1,0,0,37.6728515625,0,0,0,1
21,SCSB,179.76171875,0,,0,0,1,0,1,0,0,3,1,0,1,0,0,43.0498046875,0,0,0,1
21,SCSB,186.0908203125,0,,0,0,1,0,1,0,0,3,0,0,1,0,0,49.37890625,0,0,0,0
21,SCSB,191.6513671875,0,,0,0,1,0,1,0,0,3,0,0,2,0,0,54.939453125,0,0,0,0
21,SCSB,198.498046875,0,,0,0,1,0,1,0,0,3,0,0,1,0,0,60.0,0,0,0,0
21,SCSB,205.34375,0,,0,0,1,0,1,0,0,3,0,0,1,0,0,60.0,0,0,0,0
21,SCSB,212.357421875,0,,0,0,1,0,1,0,0,2,0,0,1,0,0,60.0,0,0,0,0
21,SCSB,219.2041015625,0,,0,0,1,0,1,0,0,2,0,0,1,0,0,60.0,0,0,0,0
21,SCSB,225.0986328125,0,,0,0,1,0,1,0,0,3,0,0,1,0,0,60.0,0,0,0,0
21,SCSB,230.576171875,0,,0,0,1,0,1,0,0,3,0,0,1,0,0,60.0,0,0,0,0
21,SCSB,237.0380859375,0,,0,0,1,0,1,0,0,3,1,0,1,0,0,60.0,0,0,0,1
21,SCSB,243.1337890625,0,,0,0,1,0,1,0,0,3,1,0,1,0,0,60.0,0,0,0,1
21,SCSB,249.9462890625,0,,0,0,1,0,1,0,0,3,1,0,1,0,0,60.0,0,0,0,1
21,SCSB,256.17578125,0,,1,0,1,0,1,0,0,3,0,0,1,0,0,60.0,0,0,0,0
21,SCSB,263.1884765625,0,,0,0,1,0,1,0,2,3,0,0,1,0,0,6.478515625,0,0,2,0
21,SCSB,269.2001953125,0,,1,0,1,0,1,0,4,3,0,0,1,0,0,5.1259765625,4,0,4,0
21,SCSB,275.2119140625,0,,0,0,1,0,1,0,4,3,0,0,1,0,0,11.1376953125,0,0,4,0
21,SCSB,281.974609375,0,,0,0,1,0,1,0,2,3,0,0,1,0,0,17.900390625,0,0,2,0
21,SCSB,288.0029296875,0,,0,0,1,0,1,0,0,3,0,0,1,0,0,23.9287109375,0,0,0,0
21,SCSB,294.3486328125,0,,0,0,1,0,1,0,0,3,0,0,1,0,0,30.2744140625,0,0,0,0
21,SCSB,301.111328125,0,,0,0,1,0,1,0,0,3,0,0,1,0,0,37.037109375,0,0,0,0
21,SCSB,306.72265625,0,,0,0,1,0,1,0,0,3,0,1,1,0,0,42.6484375,0,0,0,1
21,SCSB,313.16796875,0,,0,0,1,0,1,0,0,3,0,2,1,1,0,49.09375,0,0,0,2
21,SCSB,320.064453125,0,,1,0,1,0,1,0,0,3,1,2,1,1,0,55.990234375,0,3,0,3
21,SCSB,326.9951171875,0,,1,0,1,0,1,0,2,3,1,1,1,1,0,6.2626953125,2,2,2,2
21,SCSB,333.69140625,0,,0,0,1,0,1,0,2,3,1,0,1,0,0,12.958984375,0,0,2,1
21,SCSB,339.4853515625,0,,0,0,1,0,1,0,4,2,0,0,1,0,0,5.1591796875,0,0,4,0
21,SCSB,345.6806640625,0,,1,0,1,0,1,0,2,2,1,0,1,0,0,11.3544921875,2,1,2,1
21,SCSB,350.9580078125,0,,0,0,1,0,1,0,2,2,1,0,1,0,0,16.6318359375,0,0,2,1
21,SCSB,356.78515625,0,,0,0,1,0,1,0,0,3,1,0,1,0,0,22.458984375,0,0,0,1
21,SCSB,362.462890625,0,,0,0,1,0,1,0,0,3,0,0,1,0,0,28.13671875,0,0,0,0
21,SCSB,368.7919921875,0,,0,0,1,0,1,0,0,3,0,0,1,0,0,34.4658203125,0,0,0,0
21,SCSB,375.3212890625,0,,0,0,1,0,1,0,0,3,0,1,1,1,0,40.9951171875,0,0,0,1
21,SCSB,381.6337890625,0,,1,0,1,0,1,0,0,3,0,1,1,1,0,47.3076171875,0,1,0,1
21,SCSB,388.212890625,0,,0,0,1,0,1,0,0,3,0,1,1,1,0,53.88671875,0,0,0,1
21,SCSB,394.173828125,0,,0,0,1,0,1,0,2,3,0,0,0,0,0,5.259765625,0,0,2,0
21,SCSB,400.9873046875,0,,0,0,1,0,1,0,2,3,0,0,0,0,0,12.0732421875,0,0,2,0
21,SCSB,407.4501953125,0,,0,0,1,0,1,0,2,3,1,0,0,0,0,18.5361328125,0,0,2,1
21,SCSB,412.9599609375,0,,0,0,1,0,1,0,0,3,1,0,0,0,0,24.0458984375,0,0,0,1
21,SCSB,418.5380859375,0,,0,0,1,0,1,0,0,3,1,0,0,0,0,29.6240234375,0,0,0,1
21,SCSB,424.9169921875,0,,0,0,1,0,1,0,0,3,1,0,0,0,0,36.0029296875,0,0,0,1
21,SCSB,431.0283203125,0,,0,0,1,0,1,0,0,3,0,0,0,0,0,42.1142578125,0,0,0,0
21,SCSB,437.8251953125,0,,1,0,1,0,1,0,0,3,4,0,0,0,0,48.9111328125,0,4,0,4
21,SCSB,444.0869140625,0,,0,0,1,0,1,0,0,3,4,0,0,0,0,55.1728515625,0,0,0,4
21,SCSB,450.6162109375,0,,0,0,1,0,1,0,0,3,5,0,0,0,0,60.0,0,0,0,5
21,SCSB,457.0283203125,0,,0,0,1,0,1,0,0,3,1,0,0,0,0,60.0,0,0,0,1
21,SCSB,463.7744140625,0,,1,0,1,0,1,0,0,3,1,0,1,2,0,60.0,0,1,0,1
21,SCSB,469.919921875,0,,0,0,1,0,1,0,0,3,1,0,1,2,0,60.0,0,0,0,1
21,SCSB,476.33203125,0,,0,0,1,0,1,0,0,3,1,0,1,2,0,60.0,0,0,0,1
21,SCSB,482.0263671875,0,,0,0,1,0,1,0,0,3,1,0,1,0,0,60.0,0,0,0,1
21,SCSB,488.271484375,0,,1,0,1,0,1,0,0,3,1,0,1,0,0,60.0,0,1,0,1
21,SCSB,494.06640625,0,,0,0,1,0,1,0,0,3,1,0,1,0,0,60.0,0,0,0,1
21,SCSB,499.193359375,0,,0,0,1,0,1,0,2,2,1,0,1,0,0,4.54296875,0,0,2,1
21,SCSB,504.7705078125,0,,0,0,1,0,1,0,2,2,1,2,1,0,0,10.1201171875,0,0,2,3
21,SCSB,510.23046875,0,,0,0,1,0,1,0,2,2,1,3,1,0,0,15.580078125,0,0,2,4
21,SCSB,517.0439453125,0,,0,0,1,0,1,0,0,3,0,3,1,0,0,22.3935546875,0,0,0,3
21,SCSB,523.255859375,0,,1,0,1,0,1,0,0,3,0,1,1,0,0,28.60546875,0,1,0,1
21,SCSB,529.9521484375,0,,0,0,1,0,1,0,0,3,0,0,1,0,0,35.3017578125,0,0,0,0
21,SCSB,536.0302734375,0,,0,0,1,0,1,0,0,3,0,0,1,0,0,41.3798828125,0,0,0,0
21,SCSB,542.876953125,0,,0,0,1,0,1,0,0,3,0,0,1,0,0,48.2265625,0,0,0,0
21,SCSB,548.3037109375,0,,0,0,1,0,1,0,0,3,0,0,1,0,0,53.6533203125,0,0,0,0
21,SCSB,554.900390625,0,,0,0,1,0,1,0,0,3,0,0,1,0,0,60.0,0,0,0,0
21,SCSB,561.6298828125,0,,1,0,1,0,1,0,0,3,0,0,1,0,0,60.0,0,0,0,0
21,SCSB,567.8916015625,0,,0,0,1,0,1,0,0,3,0,0,1,0,0,60.0,0,0,0,0
21,SCSB,574.220703125,0,,1,0,1,0,1,0,0,3,0,0,1,0,0,60.0,0,0,0,0
21,SCSB,580.7666015625,0,,0,0,1,0,1,0,2,2,0,1,1,0,0,5.6943359375,0,0,2,1
21,SCSB,587.763671875,0,,1,0,1,0,1,0,2,2,1,3,1,0,0,12.69140625,2,4,2,4
21,SCSB,594.4423828125,0,,0,0,1,0,1,0,2,2,1,5,1,0,0,19.3701171875,0,0,2,6
21,SCSB,599.703125,0,,0,0,1,0,1,0,0,3,1,5,1,0,0,24.630859375,0,0,0,6
21,SCSB,605.564453125,0,,0,0,1,0,1,0,0,3,0,4,1,0,0,30.4921875,0,0,0,4
21,SCSB,611.6259765625,0,,0,0,1,0,1,0,0,3,0,1,1,0,0,36.5537109375,0,0,0,1
21,SCSB,617.3701171875,0,,0,0,1,0,1,0,2,2,0,0,1,0,0,5.1767578125,0,0,2,0
21,SCSB,624.216796875,0,,1,0,1,0,1,0,2,2,0,2,1,0,0,12.0234375,2,2,2,2
21,SCSB,629.6103515625,0,,0,0,1,0,1,0,2,2,0,3,1,0,0,17.4169921875,0,0,2,3
21,SCSB,635.638671875,0,,1,0,1,0,1,0,0,3,0,3,2,0,0,23.4453125,0,3,0,3
21,SCSB,642.4521484375,0,,0,0,1,0,1,0,2,3,0,2,1,0,0,6.162109375,0,0,2,2
21,SCSB,647.7958984375,0,,0,0,1,0,1,0,4,2,0,0,1,0,0,4.6591796875,0,0,4,0
21,SCSB,652.9892578125,0,,0,0,1,0,1,0,4,2,0,0,1,0,0,9.8525390625,0,0,4,0
21,SCSB,658.1650390625,0,,0,0,1,0,1,0,2,2,0,0,0,0,0,15.0283203125,0,0,2,0
21,SCSB,663.2080078125,0,,0,0,1,0,1,0,0,3,0,0,0,0,0,20.0712890625,0,0,0,0
21,SCSB,670.0546875,0,,0,0,1,0,1,0,0,3,0,0,0,0,0,26.91796875,0,0,0,0
21,SCSB,676.6845703125,0,,0,0,1,0,1,0,0,3,0,0,0,0,0,33.5478515625,0,0,0,0
21,SCSB,682.6123046875,0,,0,0,1,0,1,0,0,3,0,0,0,0,0,39.4755859375,0,0,0,0
21,SCSB,688.423828125,0,,0,0,1,0,1,0,0,3,0,0,0,0,0,45.287109375,0,0,0,0
21,SCSB,694.3515625,0,,0,0,1,0,1,0,0,3,3,0,0,0,0,51.21484375,0,0,0,3
21,SCSB,700.48046875,0,,1,0,1,0,1,0,0,3,3,0,0,0,0,57.34375,0,3,0,3
21,SCSB,707.3271484375,0,,0,0,1,0,1,0,0,3,3,0,0,0,0,60.0,0,0,0,3
21,SCSB,713.0380859375,0,,0,0,1,0,1,0,0,3,0,0,0,0,0,60.0,0,0,0,0
21,SCSB,718.5146484375,0,,1,0,1,0,1,0,0,3,0,0,0,0,0,60.0,0,0,0,0
21,SCSB,725.2275390625,0,,0,0,1,0,1,0,2,3,0,0,1,0,0,5.7607421875,0,0,2,0
21,SCSB,731.255859375,0,,0,0,1,0,1,0,2,3,0,0,1,0,0,11.7890625,0,0,2,0
21,SCSB,737.7685546875,0,,0,0,1,0,1,0,2,3,0,0,1,0,0,18.3017578125,0,0,2,0
21,SCSB,743.6796875,0,,0,0,1,0,1,0,0,3,0,0,1,0,0,24.212890625,0,0,0,0
21,SCSB,750.2255859375,0,,0,0,1,0,1,0,0,3,0,1,1,0,0,30.7587890625,0,0,0,1
21,SCSB,756.6552734375,0,,0,0,1,0,1,0,0,3,1,4,1,0,0,37.1884765625,0,0,0,5
21,SCSG,48.0673828125,0,,0,0,0,0,1,0,0,0,0,2,1,0,0,60.0,0,0,0,0
21,SCSG,53.244140625,0,,0,0,0,0,1,0,1,1,0,4,1,1,0,3.5732421875,0,0,0,0
21,SCSG,60.0576171875,0,,0,0,0,0,1,0,1,2,1,4,1,1,0,10.38671875,0,0,0,0
21,SCSG,66.9365234375,0,,0,0,0,0,1,0,1,3,2,3,1,1,0,17.265625,0,0,0,0
21,SCSG,72.48046875,0,,0,0,0,0,1,0,0,3,2,1,1,0,0,22.8095703125,0,0,0,0
21,SCSG,78.5751953125,0,,0,0,0,0,1,0,0,3,1,0,1,0,0,28.904296875,0,0,0,0
21,SCSG,85.48828125,0,,0,0,0,0,1,0,0,3,2,0,2,1,0,35.8173828125,0,0,0,0
21,SCSG,91.1494140625,0,,1,0,0,0,1,0,0,3,2,0,1,1,0,41.478515625,0,2,0,0
21,SCSG,97.794921875,0,,0,0,0,0,1,0,2,2,2,0,1,1,0,6.111328125,0,0,0,0
21,SCSG,104.390625,0,,0,0,0,0,1,0,2,2,0,0,1,1,0,12.70703125,0,0,0,0
21,SCSG,111.3037109375,0,,0,0,0,0,1,0,2,2,0,0,1,0,0,19.6201171875,0,0,0,0
21,SCSG,117.515625,0,,0,0,0,0,1,0,0,3,1,0,1,0,0,25.83203125,0,0,0,0
21,SCSG,122.79296875,0,,1,0,0,0,1,0,0,3,1,0,1,1,0,31.109375,0,1,0,0
21,SCSG,128.7373046875,0,,0,0,0,0,1,0,2,3,1,0,1,1,0,5.376953125,0,0,0,0
21,SCSG,134.314453125,0,,1,0,0,0,1,0,2,3,2,0,1,1,0,10.9541015625,2,2,0,0
21,SCSG,139.8916015625,0,,0,0,0,0,1,0,5,3,2,0,1,1,0,4.5751953125,0,0,0,0
21,SCSG,146.0703125,0,,0,0,0,0,1,0,3,3,2,0,1,0,0,10.75390625,0,0,0,0
21,SCSG,152.548828125,0,,0,0,0,0,1,0,3,3,1,0,1,1,0,17.232421875,0,0,0,0
21,SCSG,158.1259765625,0,,0,0,0,0,1,0,0,3,0,0,1,1,0,22.8095703125,0,0,0,0
21,SCSG,163.51953125,0,,0,0,0,0,1,0,0,3,0,0,2,1,0,28.203125,0,0,0,0
21,SCSG,169.78125,0,,0,0,0,0,1,0,0,3,0,0,1,0,0,34.46484375,0,0,0,0
21,SCSG,176.2607421875,0,,0,0,0,0,1,0,0,3,0,0,1,0,0,40.9443359375,0,0,0,0
21,SCSG,181.8046875,0,,0,0,0,0,1,0,0,3,0,0,1,0,0,46.48828125,0,0,0,0
21,SCSG,187.798828125,0,,0,0,0,0,1,0,0,3,0,0,1,1,0,52.482421875,0,0,0,0
21,SCSG,193.17578125,0,,0,0,0,0,1,0,0,3,0,0,1,1,0,57.859375,0,0,0,0
21,SCSG,199.771484375,0,,0,0,0,0,1,0,0,3,0,0,1,2,0,60.0,0,0,0,0
21,SCSG,206.6513671875,0,,1,0,0,0,1,0,0,3,0,0,1,1,0,60.0,0,0,0,0
21,SCSG,213.013671875,0,,0,0,0,0,1,0,2,3,0,0,1,1,0,5.8779296875,0,0,0,0
21,SCSG,219.458984375,0,,0,0,0,0,1,0,3,3,1,0,1,0,0,5.6611328125,0,0,0,0
21,SCSG,226.205078125,0,,0,0,0,0,1,0,3,3,1,0,1,0,0,12.4072265625,0,0,0,0
21,SCSG,232.6005859375,0,,0,0,0,0,1,0,1,3,1,2,1,0,0,18.802734375,0,0,0,0
21,SCSG,237.8935546875,0,,0,0,0,0,1,0,0,3,1,4,1,0,0,24.095703125,0,0,0,0
21,SCSG,243.6875,0,,0,0,0,0,1,0,0,3,1,5,2,0,0,29.8896484375,0,0,0,0
21,SCSG,250.333984375,0,,0,0,0,0,1,0,0,3,3,4,1,0,0,36.5361328125,0,0,0,0
21,SCSG,255.994140625,0,,0,0,0,0,1,0,0,3,3,2,1,0,0,42.1962890625,0,0,0,0
21,SCSG,262.4736328125,0,,0,0,0,0,1,0,0,3,3,0,0,0,0,48.67578125,0,0,0,0
21,SCSG,269.3369140625,0,,1,0,0,0,1,0,0,3,1,0,1,0,0,55.5390625,0,1,0,0
21,SCSG,276.1328125,0,,0,0,0,0,1,0,2,3,0,0,1,0,0,6.0283203125,0,0,0,0
21,SCSG,282.3447265625,0,,0,0,0,0,1,0,2,3,0,0,1,1,0,12.240234375,0,0,0,0
21,SCSG,288.9736328125,0,,0,0,0,0,1,0,2,3,0,0,1,1,0,18.869140625,0,0,0,0
21,SCSG,295.0517578125,0,,0,0,0,0,1,0,1,3,2,0,1,1,0,5.193359375,0,0,0,0
21,SCSG,302.08203125,0,,0,0,0,0,1,0,1,3,2,0,1,0,0,12.2236328125,0,0,0,0
21,SCSG,307.642578125,0,,0,0,0,0,1,0,1,3,2,0,1,0,0,17.7841796875,0,0,0,0
21,SCSG,313.4365234375,0,,0,0,0,0,1,0,0,3,1,0,1,0,0,23.578125,0,0,0,0
21,SCSG,319.6484375,0,,0,0,0,0,1,0,0,3,1,0,1,0,0,29.7900390625,0,0,0,0
21,SCSG,325.3095703125,0,,0,0,0,0,1,0,0,3,1,0,1,0,0,35.451171875,0,0,0,0
21,SCSG,332.1884765625,0,,0,0,0,0,1,0,0,3,0,0,1,0,0,42.330078125,0,0,0,0
21,SCSG,338.66796875,0,,1,0,0,0,1,0,0,3,0,0,1,0,0,48.8095703125,0,0,0,0
21,SCSG,344.478515625,0,,1,0,0,0,1,0,3,3,0,0,1,0,0,4.9091796875,3,0,0,0
21,SCSG,350.5234375,0,,0,0,0,0,1,0,3,3,2,0,1,0,0,10.9541015625,0,0,0,0
21,SCSG,356.150390625,0,,0,0,0,0,1,0,3,3,2,0,1,0,0,16.5810546875,0,0,0,0
21,SCSG,363.1806640625,0,,0,0,0,0,1,0,0,3,2,0,1,0,0,23.611328125,0,0,0,0
21,SCSG,369.30859375,0,,0,0,0,0,1,0,0,3,2,0,1,0,0,29.7392578125,0,0,0,0
21,SCSG,375.1533203125,0,,0,0,0,0,1,0,0,3,2,0,1,1,0,35.583984375,0,0,0,0
21,SCSG,380.998046875,0,,1,0,0,0,1,0,0,3,2,1,1,1,0,41.4287109375,0,3,0,0
21,SCSG,386.859375,0,,1,0,0,0,1,0,0,3,1,1,0,1,0,47.2900390625,0,2,0,0
21,SCSG,392.9541015625,0,,0,0,0,0,1,0,0,3,2,1,0,0,0,53.384765625,0,0,0,0
21,SCSG,398.6142578125,0,,0,0,0,0,1,0,0,3,1,0,0,0,0,59.044921875,0,0,0,0
21,SCSG,403.94140625,0,,0,0,0,0,1,0,0,3,1,0,0,0,0,60.0,0,0,0,0
21,SCSG,409.8193359375,0,,0,0,0,0,1,0,0,3,1,0,0,0,0,60.0,0,0,0,0
21,SCSG,416.6484375,0,,0,0,0,0,1,0,0,3,0,0,0,0,0,60.0,0,0,0,0
21,SCSG,422.9775390625,0,,0,0,0,0,1,0,0,3,1,0,0,0,0,60.0,0,0,0,0
21,SCSG,429.439453125,0,,1,0,0,0,1,0,0,3,1,0,0,0,0,60.0,0,1,0,0
21,SCSG,435.30078125,0,,0,0,0,0,1,0,2,3,1,0,0,0,0,5.2431640625,0,0,0,0
21,SCSG,441.595703125,0,,0,0,0,0,1,0,2,3,0,0,0,0,0,11.5380859375,0,0,0,0
21,SCSG,447.3232421875,0,,0,0,0,0,1,0,2,3,0,0,0,0,0,17.265625,0,0,0,0
21,SCSG,453.4013671875,0,,0,0,0,0,1,0,0,3,0,2,1,0,0,23.34375,0,0,0,0
21,SCSG,459.2958984375,0,,0,0,0,0,1,0,2,2,1,2,1,0,0,5.142578125,0,0,0,0
21,SCSG,464.5888671875,0,,0,0,0,0,1,0,2,2,3,2,1,0,0,10.435546875,0,0,0,0
21,SCSG,470.650390625,0,,0,0,0,0,1,0,2,2,3,1,1,1,0,16.4970703125,0,0,0,0
21,SCSG,477.447265625,0,,0,0,0,0,1,0,0,3,3,0,1,1,0,23.2939453125,0,0,0,0
21,SCSG,483.2744140625,0,,0,0,0,0,1,0,0,3,1,0,1,1,0,29.12109375,0,0,0,0
21,SCSG,488.9521484375,0,,1,0,0,0,1,0,0,3,1,0,1,0,0,34.798828125,0,1,0,0
21,SCSG,495.7314453125,0,,0,0,0,0,1,0,2,2,2,0,1,0,0,6.14453125,0,0,0,0
21,SCSG,501.125,0,,0,0,0,0,1,0,2,2,4,0,1,1,0,11.5380859375,0,0,0,0
21,SCSG,506.9697265625,0,,0,0,0,0,1,0,2,2,5,0,1,1,0,17.3828125,0,0,0,0
21,SCSG,512.9140625,0,,0,0,0,0,1,0,0,3,4,0,1,1,0,23.3271484375,0,0,0,0
21,SCSG,518.8583984375,0,,0,0,0,0,1,0,0,3,3,0,1,1,0,29.271484375,0,0,0,0
21,SCSG,525.7548828125,0,,0,0,0,0,1,0,0,3,1,0,1,0,0,36.16796875,0,0,0,0
21,SCSG,531.716796875,0,,0,0,0,0,1,0,0,3,1,0,1,0,0,42.1298828125,0,0,0,0
21,SCSG,536.859375,0,,0,0,0,0,1,0,0,3,1,0,1,0,0,47.2724609375,0,0,0,0
21,SCSG,542.0693359375,0,,0,0,0,0,1,0,0,3,0,0,1,0,0,52.482421875,0,0,0,0
21,SCSG,547.4462890625,0,,0,0,0,0,1,0,1,3,1,0,1,0,0,4.6923828125,0,0,0,0
21,SCSG,553.0732421875,0,,0,0,0,0,1,0,1,3,1,0,1,0,0,10.3193359375,0,0,0,0
21,SCSG,558.9345703125,0,,0,0,0,0,1,0,1,3,1,0,1,0,0,16.1806640625,0,0,0,0
21,SCSG,564.26171875,0,,1,0,0,0,1,0,0,3,2,0,1,0,0,21.5078125,0,2,0,0
21,SCSG,570.923828125,0,,0,0,0,0,1,0,2,3,3,0,1,0,0,6.01171875,0,0,0,0
21,SCSG,577.3193359375,0,,1,0,0,0,1,0,2,3,3,2,1,0,0,12.4072265625,2,5,0,0
21,SCSG,583.1298828125,0,,0,0,0,0,1,0,2,3,1,3,1,0,0,18.2177734375,0,0,0,0
21,SCSG,588.240234375,0,,0,0,0,0,1,0,0,3,1,4,1,1,0,23.328125,0,0,0,0
21,SCSG,593.984375,0,,0,0,0,0,1,0,0,3,1,4,1,1,0,29.072265625,0,0,0,0
21,SCSG,600.546875,0,,0,0,0,0,1,0,0,3,1,1,1,1,0,35.634765625,0,0,0,0
21,SCSG,606.958984375,0,,1,0,0,0,1,0,0,3,0,0,1,0,0,42.046875,0,0,0,0
21,SCSG,613.98828125,0,,0,0,0,0,1,0,2,3,0,0,1,0,0,6.3447265625,0,0,0,0
21,SCSG,620.06640625,0,,0,0,0,0,1,0,2,3,1,0,1,1,0,12.4228515625,0,0,0,0
21,SCSG,626.9462890625,0,,0,0,0,0,1,0,2,3,2,2,1,1,0,19.302734375,0,0,0,0
21,SCSG,632.8076171875,0,,0,0,0,0,1,0,0,3,5,4,0,1,0,25.1640625,0,0,0,0
21,SCSG,639.1865234375,0,,0,0,0,0,1,0,0,3,7,6,0,1,0,31.54296875,0,0,0,0
21,SCSG,644.6796875,0,,0,0,0,0,1,0,0,3,8,7,0,1,0,37.0361328125,0,0,0,0
21,SCSG,650.9921875,0,,0,0,0,0,1,0,0,3,5,7,0,2,0,43.3486328125,0,0,0,0
21,SCSG,656.435546875,0,,0,0,0,0,1,0,0,3,5,6,0,2,0,48.7919921875,0,0,0,0
21,SCSG,663.2490234375,0,,1,0,0,0,1,0,0,3,5,7,0,1,0,55.60546875,0,12,0,0
21,SCSG,669.3603515625,0,,0,0,0,0,1,0,2,3,7,7,0,0,0,5.4775390625,0,0,0,0
21,SCSG,676.22265625,0,,0,0,0,0,1,0,2,3,7,7,1,1,0,12.33984375,0,0,0,0
21,SCSG,682.2509765625,0,,0,0,0,0,1,0,3,2,7,7,1,2,0,1.0185546875,0,0,0,0
21,SCSG,687.8447265625,0,,0,0,0,0,1,0,1,2,6,7,1,2,0,6.6123046875,0,0,0,0
21,SCSG,694.7080078125,1,0.7685546875,1,0,0,0,1,0,2,1,3,6,0,1,0,1.853515625,2,9,0,0
21,SCSG,701.0029296875,0,,0,0,0,0,1,0,4,1,4,6,1,0,1,5.5771484375,0,0,0,0
21,SCSG,707.0146484375,0,,0,0,0,0,1,0,4,1,4,6,1,0,1,5.259765625,0,0,0,0
22,SCFB,64.1923828125,0,,1,0,1,1,0,0,0,0,1,2,1,1,0,60.0,0,3,0,3
22,SCFB,69.333984375,0,,0,0,1,1,0,0,2,1,1,2,1,1,0,4.33984375,0,0,2,3
22,SCFB,75.8779296875,0,,0,0,1,1,0,0,2,2,1,1,1,1,0,10.8837890625,0,0,2,2
22,SCFB,81.5205078125,0,,0,0,1,1,0,0,2,3,1,0,1,0,0,16.5263671875,0,0,2,1
22,SCFB,88.2978515625,0,,0,0,1,1,0,0,0,3,0,0,1,0,0,23.3037109375,0,0,0,0
22,SCFB,94.2900390625,0,,1,0,1,1,0,0,0,3,0,0,1,0,0,29.2958984375,0,0,0,0
22,SCFB,100.033203125,0,,1,0,1,1,0,0,0,3,0,0,1,0,0,35.0390625,0,0,0,0
22,SCFB,105.6416015625,0,,0,0,1,1,0,0,2,3,0,0,1,0,0,5.0576171875,0,0,2,0
22,SCFB,112.3857421875,0,,0,0,1,1,0,0,2,3,0,3,1,0,1,11.8017578125,0,0,2,3
22,SCFB,118.8955078125,0,,0,0,1,1,0,0,2,3,0,3,1,0,1,18.3115234375,0,0,2,3
22,SCFB,125.623046875,0,,0,0,1,1,0,0,0,3,0,3,1,0,1,25.0390625,0,0,0,3
22,SCFB,131.7998046875,0,,0,0,1,1,0,0,0,3,0,1,1,0,1,31.2158203125,0,0,0,1
22,SCFB,137.9765625,0,,0,0,1,1,0,0,0,3,0,0,1,0,1,37.392578125,0,0,0,0
22,SCFB,144.75390625,0,,0,0,1,1,0,0,0,3,0,0,1,0,1,44.169921875,0,0,0,0
22,SCFB,150.5126953125,0,,0,0,1,1,0,0,0,3,0,0,1,0,1,49.9287109375,0,0,0,0
22,SCFB,156.5390625,0,,0,0,1,1,0,0,0,3,0,0,1,0,1,55.955078125,0,0,0,0
22,SCFB,162.7822265625,0,,0,0,1,1,0,0,0,3,0,0,1,0,1,60.0,0,0,0,0
22,SCFB,168.80859375,0,,0,0,1,1,0,0,0,3,1,0,1,0,0,60.0,0,0,0,1
22,SCFB,175.736328125,0,,0,0,1,1,0,0,0,3,2,0,1,0,0,60.0,0,0,0,2
22,SCFB,182.6640625,0,,1,0,1,1,0,0,0,3,2,0,1,0,0,60.0,0,2,0,2
22,SCFB,188.6396484375,0,,0,0,1,1,0,0,2,3,1,0,1,0,0,5.3916015625,0,0,2,1
22,SCFB,194.7998046875,0,,0,0,1,1,0,0,2,3,1,0,1,0,0,11.5517578125,0,0,2,1
22,SCFB,201.77734375,0,,0,0,1,1,0,0,2,3,2,0,1,0,0,18.529296875,0,0,2,2
22,SCFB,207.6201171875,0,,0,0,1,1,0,0,0,3,4,1,1,0,0,24.3720703125,0,0,0,5
22,SCFB,213.9130859375,1,0.96875,1,0,1,1,0,0,0,3,4,3,1,1,0,30.6650390625,0,7,0,7
22,SCFB,220.5908203125,0,,0,0,1,1,0,0,2,2,4,5,2,1,1,6.09375,0,0,2,9
22,SCFB,226.19921875,0,,0,0,1,1,0,0,2,2,2,7,1,1,1,11.7021484375,0,0,2,9
22,SCFB,231.7578125,0,,0,0,1,1,0,0,2,2,0,5,1,0,1,17.2607421875,0,0,2,5
22,SCFB,238.4521484375,0,,0,0,1,1,0,0,0,3,0,3,1,0,1,23.955078125,0,0,0,3
22,SCFB,244.578125,0,,1,0,1,1,0,0,0,3,0,2,1,0,1,30.0810546875,0,2,0,2
22,SCFB,251.5732421875,0,,0,0,1,1,0,0,2,3,0,1,1,0,1,6.2265625,0,0,2,1
22,SCFB,258.0166015625,0,,0,0,1,1,0,0,2,3,0,1,1,1,1,12.669921875,0,0,2,1
22,SCFB,264.84375,0,,0,0,1,1,0,0,2,3,0,0,1,1,1,19.4970703125,0,0,2,0
22,SCFB,271.287109375,0,,0,0,1,1,0,0,0,3,0,0,1,1,1,25.9404296875,0,0,0,0
22,SCFB,277.0966796875,0,,1,0,1,1,0,0,0,3,0,0,1,1,0,31.75,0,0,0,0
22,SCFB,282.3544921875,0,,0,0,1,1,0,0,0,3,0,0,1,0,0,37.0078125,0,0,0,0
22,SCFB,289.0986328125,0,,1,0,1,1,0,0,0,3,2,0,1,0,0,43.751953125,0,2,0,2
22,SCFB,294.20703125,0,,1,0,1,1,0,0,2,3,2,0,1,0,0,4.490234375,2,2,2,2
22,SCFB,300.5341796875,0,,0,0,1,1,0,0,2,3,2,0,1,0,0,10.8173828125,0,0,2,2
22,SCFB,307.060546875,0,,0,0,1,1,0,0,2,3,1,0,1,0,0,17.34375,0,0,2,1
22,SCFB,312.4697265625,0,,0,0,1,1,0,0,2,3,0,0,1,0,0,4.658203125,0,0,2,0
22,SCFB,318.595703125,0,,0,0,1,1,0,0,2,3,0,0,1,0,0,10.7841796875,0,0,2,0
22,SCFB,325.439453125,0,,0,0,1,1,0,0,2,3,0,0,1,0,0,17.6279296875,0,0,2,0
22,SCFB,330.5146484375,0,,1,0,1,1,0,0,0,3,0,0,1,0,0,22.703125,0,0,0,0
22,SCFB,337.5419921875,0,,0,0,1,1,0,0,2,3,0,0,1,0,0,6.4267578125,0,0,2,0
22,SCFB,344.2197265625,0,,0,0,1,1,0,0,2,3,0,1,1,1,0,13.1044921875,0,0,2,1
22,SCFB,349.6953125,0,,0,0,1,1,0,0,4,3,0,1,1,1,0,4.5908203125,0,0,4,1
22,SCFB,354.8701171875,0,,0,0,1,1,0,0,2,3,0,1,1,1,0,9.765625,0,0,2,1
22,SCFB,360.7294921875,0,,0,0,1,1,0,0,3,2,1,1,1,2,0,0.8515625,0,0,3,2
22,SCFB,366.087890625,0,,0,0,1,1,0,0,1,2,2,0,1,1,0,6.2099609375,0,0,1,2
22,SCFB,371.6796875,0,,0,0,1,1,0,0,1,2,4,0,1,1,0,11.8017578125,0,0,1,4
22,SCFB,377.7060546875,0,,0,0,1,1,0,0,1,3,4,0,1,0,0,17.828125,0,0,1,4
22,SCFB,383.46484375,0,,0,0,1,1,0,0,0,3,3,1,1,1,0,23.5869140625,0,0,0,4
22,SCFB,389.1240234375,0,,1,0,1,1,0,0,0,3,1,1,1,1,0,29.24609375,0,2,0,2
22,SCFB,395.0166015625,0,,1,0,1,1,0,0,2,3,0,1,1,1,0,5.2412109375,2,1,2,1
22,SCFB,400.525390625,0,,0,0,1,1,0,0,4,3,0,1,1,1,0,4.94140625,0,0,4,1
22,SCFB,406.234375,0,,1,0,1,1,0,0,4,3,0,0,1,0,0,10.650390625,4,0,4,0
22,SCFB,412.09375,0,,0,0,1,1,0,0,5,3,0,0,1,0,0,5.0244140625,0,0,5,0
22,SCFB,418.3037109375,0,,0,0,1,1,0,0,3,3,0,0,0,0,0,11.234375,0,0,3,0
22,SCFB,424.4296875,0,,0,0,1,1,0,0,4,3,2,1,0,0,0,4.974609375,0,0,4,3
22,SCFB,429.638671875,0,,0,0,1,1,0,0,1,3,2,1,0,0,0,10.18359375,0,0,1,3
22,SCFB,434.8134765625,0,,0,0,1,1,0,0,1,3,2,1,0,0,0,15.3583984375,0,0,1,3
22,SCFB,440.087890625,0,,0,0,1,1,0,0,0,3,1,1,0,0,0,20.6328125,0,0,0,2
22,SCFB,445.513671875,0,,1,0,1,1,0,0,0,3,0,0,0,0,0,26.05859375,0,0,0,0
22,SCFB,452.357421875,0,,0,0,1,1,0,0,0,3,0,0,0,0,0,32.90234375,0,0,0,0
22,SCFB,457.732421875,0,,0,0,1,1,0,0,0,3,2,0,0,0,0,38.27734375,0,0,0,2
22,SCFB,462.7744140625,0,,0,0,1,1,0,0,0,3,4,0,0,0,0,43.3193359375,0,0,0,4
22,SCFB,469.0673828125,0,,1,0,1,1,0,0,0,3,4,0,0,0,0,49.6123046875,0,4,0,4
22,SCFB,475.009765625,0,,0,0,1,1,0,0,2,3,4,0,0,0,0,5.2412109375,0,0,2,4
22,SCFB,480.7861328125,0,,0,0,1,1,0,0,2,3,1,0,0,0,0,11.017578125,0,0,2,1
22,SCFB,486.544921875,0,,1,0,1,1,0,0,2,3,1,0,1,0,0,16.7763671875,2,1,2,1
22,SCFB,492.3212890625,0,,0,0,1,1,0,0,3,3,1,0,1,0,0,4.791015625,0,0,3,1
22,SCFB,498.78125,0,,0,0,1,1,0,0,3,3,0,0,1,0,0,11.2509765625,0,0,3,0
22,SCFB,504.0732421875,0,,0,0,1,1,0,0,3,3,0,0,1,0,0,16.54296875,0,0,3,0
22,SCFB,510.349609375,0,,0,0,1,1,0,0,0,3,0,0,1,0,0,22.8193359375,0,0,0,0
22,SCFB,516.8935546875,0,,0,0,1,1,0,0,0,3,0,0,1,0,0,29.36328125,0,0,0,0
22,SCFB,522.134765625,0,,0,0,1,1,0,0,2,3,0,0,1,0,0,4.6572265625,0,0,2,0
22,SCFB,528.544921875,0,,0,0,1,1,0,0,2,3,0,0,1,0,0,11.0673828125,0,0,2,0
22,SCFB,534.3544921875,0,,1,0,1,1,0,0,2,3,0,0,1,0,0,16.876953125,2,0,2,0
22,SCFB,539.6455078125,0,,0,0,1,1,0,0,2,3,0,0,1,0,0,4.5234375,0,0,2,0
22,SCFB,546.33984375,0,,0,0,1,1,0,0,2,3,0,0,1,0,0,11.2177734375,0,0,2,0
22,SCFB,552.0654296875,0,,0,0,1,1,0,0,2,3,0,0,1,1,0,16.943359375,0,0,2,0
22,SCFB,558.8759765625,0,,0,0,1,1,0,0,0,3,0,0,1,1,0,23.75390625,0,0,0,0
22,SCFB,563.951171875,0,,0,0,1,1,0,0,0,3,0,0,1,1,0,28.8291015625,0,0,0,0
22,SCFB,570.4443359375,0,,0,0,1,1,0,0,0,3,0,0,1,1,0,35.322265625,0,0,0,0
22,SCFB,576.654296875,0,,0,0,1,1,0,0,0,3,1,0,1,0,0,41.5322265625,0,0,0,1
22,SCFB,582.8642578125,0,,0,0,1,1,0,0,0,3,1,0,1,0,0,47.7421875,0,0,0,1
22,SCFB,589.107421875,0,,0,0,1,1,0,0,0,3,2,0,1,0,0,53.9853515625,0,0,0,2
22,SCFB,595.66796875,0,,0,0,1,1,0,0,0,3,2,0,1,0,0,60.0,0,0,0,2
22,SCFB,601.7607421875,0,,0,0,1,1,0,0,0,3,2,0,0,0,0,60.0,0,0,0,2
22,SCFB,608.6220703125,0,,0,0,1,1,0,0,0,3,3,0,1,0,0,60.0,0,0,0,3
22,SCFB,614.6650390625,0,,0,0,1,1,0,0,0,3,4,0,1,1,0,60.0,0,0,0,4
22,SCFB,621.525390625,0,,1,0,1,1,0,0,0,3,4,0,1,1,0,60.0,0,4,0,4
22,SCFB,627.6015625,0,,0,0,1,1,0,0,2,2,4,1,1,1,0,5.3583984375,0,0,2,5
22,SCFB,633.2109375,0,,0,0,1,1,0,0,3,2,2,1,1,1,0,4.724609375,0,0,3,3
22,SCFB,639.0703125,0,,0,0,1,1,0,0,3,2,1,1,1,0,0,10.583984375,0,0,3,2
22,SCFB,644.74609375,0,,0,0,1,1,0,0,1,3,0,1,1,0,0,16.259765625,0,0,1,1
22,SCFB,650.6884765625,0,,0,0,1,1,0,0,0,3,0,0,1,0,0,22.2021484375,0,0,0,0
22,SCFB,657.08203125,0,,0,0,1,1,0,0,0,3,0,0,1,0,0,28.595703125,0,0,0,0
22,SCFB,663.1748046875,0,,1,0,1,1,0,0,0,3,0,0,1,0,0,34.6884765625,0,0,0,0
22,SCFB,668.7841796875,0,,1,0,1,1,0,0,2,3,0,0,1,0,0,4.875,2,0,2,0
22,SCFB,675.2275390625,0,,0,0,1,1,0,0,2,3,0,0,1,0,0,11.318359375,0,0,2,0
22,SCFB,681.0361328125,0,,0,0,1,1,0,0,2,3,1,0,0,0,0,17.126953125,0,0,2,1
22,SCFB,686.1279296875,0,,0,0,1,1,0,0,0,3,2,0,0,0,0,22.21875,0,0,0,2
22,SCFB,691.4697265625,0,,0,0,1,1,0,0,0,3,3,0,0,0,0,27.560546875,0,0,0,3
22,SCFB,697.529296875,0,,0,0,1,1,0,0,0,3,3,0,0,0,0,33.6201171875,0,0,0,3
22,SCFB,702.6376953125,0,,0,0,1,1,0,0,0,3,2,0,0,0,0,38.728515625,0,0,0,2
22,SCFB,709.58203125,0,,0,0,1,1,0,0,0,3,0,0,0,0,0,45.6728515625,0,0,0,0
22,SCFB,716.3427734375,0,,0,0,1,1,0,0,0,3,0,0,0,0,0,52.43359375,0,0,0,0
22,SCFB,722.1015625,0,,0,0,1,1,0,0,0,3,0,0,0,0,0,58.1923828125,0,0,0,0
22,SCFB,728.779296875,0,,0,0,1,1,0,0,0,3,2,0,0,0,0,60.0,0,0,0,2
22,SCFB,733.8369140625,0,,1,0,1,1,0,0,0,3,3,0,0,0,1,60.0,0,3,0,3
22,SCFB,739.2119140625,0,,0,0,1,1,0,0,2,3,3,0,0,0,1,4.70703125,0,0,2,3
22,SCFB,745.1552734375,0,,0,0,1,1,0,0,2,3,3,1,0,0,1,10.650390625,0,0,2,4
22,SCFB,751.615234375,0,,0,0,1,1,0,0,2,3,2,3,1,0,1,17.1103515625,0,0,2,5
22,SCFB,758.3427734375,0,,0,0,1,1,0,0,0,3,1,5,1,0,1,23.837890625,0,0,0,6
22,SCFB,764.2685546875,0,,0,0,1,1,0,0,0,3,0,6,1,0,1,29.763671875,0,0,0,6
22,SCFB,769.6103515625,0,,0,0,1,1,0,0,0,3,0,5,1,0,1,35.10546875,0,0,0,5
22,SCFB,774.66796875,0,,0,0,1,1,0,0,0,3,0,3,1,0,1,40.1630859375,0,0,0,3
22,SCFB,780.2939453125,0,,0,0,1,1,0,0,1,3,0,1,1,0,1,4.82421875,0,0,1,1
22,SCFB,785.953125,0,,0,0,1,1,0,0,1,3,0,0,1,0,1,10.4833984375,0,0,1,0
22,SCFG,54.328125,0,,0,0,0,1,0,0,0,0,0,3,0,0,0,60.0,0,0,0,0
22,SCFG,60.421875,0,,0,0,0,1,0,0,0,1,1,4,1,0,0,60.0,0,0,0,0
22,SCFG,65.7646484375,0,,0,0,0,1,0,0,0,2,3,4,1,0,0,60.0,0,0,0,0
22,SCFG,71.408203125,0,,0,0,0,1,0,0,0,3,3,2,1,1,0,60.0,0,0,0,0
22,SCFG,78.337890625,0,,0,0,0,1,0,0,0,3,3,0,1,1,0,60.0,0,0,0,0
22,SCFG,85.3505859375,0,,0,0,0,1,0,0,0,3,0,0,1,1,0,60.0,0,0,0,0
22,SCFG,91.0107421875,0,,1,0,0,1,0,0,0,3,0,0,1,0,0,60.0,0,0,0,0
22,SCFG,96.654296875,0,,0,0,0,1,0,0,1,3,0,0,1,0,0,4.7421875,0,0,0,0
22,SCFG,101.947265625,0,,0,0,0,1,0,0,1,3,0,0,1,0,0,10.03515625,0,0,0,0
22,SCFG,108.0244140625,0,,0,0,0,1,0,0,1,3,0,0,1,0,0,16.1123046875,0,0,0,0
22,SCFG,114.7705078125,0,,0,0,0,1,0,0,0,3,0,0,1,0,0,22.8583984375,0,0,0,0
22,SCFG,120.23046875,0,,0,0,0,1,0,0,0,3,0,0,1,0,0,28.318359375,0,0,0,0
22,SCFG,126.07421875,0,,1,0,0,1,0,0,0,3,0,0,1,0,0,34.162109375,0,0,0,0
22,SCFG,131.7177734375,0,,0,0,0,1,0,0,2,3,0,0,1,0,0,5.0927734375,0,0,0,0
22,SCFG,136.876953125,0,,1,0,0,1,0,0,2,3,0,0,1,0,0,10.251953125,2,0,0,0
22,SCFG,142.01953125,0,,0,0,0,1,0,0,4,3,0,0,1,0,0,4.591796875,0,0,0,0
22,SCFG,147.6962890625,0,,0,0,0,1,0,0,2,3,1,0,1,0,0,10.2685546875,0,0,0,0
22,SCFG,153.58984375,0,,0,0,0,1,0,0,2,3,1,0,1,0,0,16.162109375,0,0,0,0
22,SCFG,159.0166015625,0,,0,0,0,1,0,0,2,3,1,0,1,0,0,4.8916015625,0,0,0,0
22,SCFG,164.359375,0,,0,0,0,1,0,0,2,3,0,0,1,0,0,10.234375,0,0,0,0
22,SCFG,170.3369140625,0,,0,0,0,1,0,0,2,3,0,0,1,0,0,16.2119140625,0,0,0,0
22,SCFG,176.3310546875,0,,1,0,0,1,0,0,0,3,0,0,1,0,0,22.2060546875,0,0,0,0
22,SCFG,183.0595703125,0,,0,0,0,1,0,0,2,3,0,0,1,0,0,6.2109375,0,0,0,0
22,SCFG,188.486328125,0,,0,0,0,1,0,0,2,3,0,0,1,0,0,11.6376953125,0,0,0,0
22,SCFG,193.6796875,0,,0,0,0,1,0,0,2,3,0,0,2,0,0,16.8310546875,0,0,0,0
22,SCFG,200.0908203125,0,,0,0,0,1,0,0,0,3,0,0,1,0,0,23.2421875,0,0,0,0
22,SCFG,206.0009765625,0,,0,0,0,1,0,0,0,3,0,0,1,0,0,29.15234375,0,0,0,0
22,SCFG,211.060546875,0,,1,0,0,1,0,0,0,3,0,0,1,0,0,34.2119140625,0,0,0,0
22,SCFG,216.3369140625,0,,1,0,0,1,0,0,0,3,0,0,1,0,0,39.48828125,0,0,0,0
22,SCFG,221.61328125,0,,1,0,0,1,0,0,2,3,0,0,1,0,0,4.67578125,2,0,0,0
22,SCFG,227.6572265625,0,,0,0,0,1,0,0,6,3,1,0,1,0,0,3.7734375,0,0,0,0
22,SCFG,234.4189453125,0,,0,0,0,1,0,0,8,3,1,0,1,0,0,6.2109375,0,0,0,0
22,SCFG,240.1298828125,0,,1,0,0,1,0,0,6,3,1,0,1,0,0,11.921875,6,1,0,0
22,SCFG,246.107421875,0,,0,0,0,1,0,0,4,3,0,0,1,0,0,5.4267578125,0,0,0,0
22,SCFG,251.4833984375,0,,1,0,0,1,0,0,2,3,0,0,2,0,0,10.802734375,2,0,0,0
22,SCFG,257.3271484375,0,,0,0,0,1,0,0,4,3,0,0,1,0,0,5.3427734375,0,0,0,0
22,SCFG,263.90625,0,,0,0,0,1,0,0,2,3,0,0,1,0,0,11.921875,0,0,0,0
22,SCFG,270.884765625,0,,1,0,0,1,0,0,2,3,0,0,1,0,0,18.900390625,2,0,0,0
22,SCFG,276.4619140625,0,,0,0,0,1,0,0,3,3,0,0,1,0,0,4.7255859375,0,0,0,0
22,SCFG,281.6044921875,0,,0,0,0,1,0,0,3,3,0,0,1,0,0,9.8681640625,0,0,0,0
22,SCFG,287.03125,0,,0,0,0,1,0,0,6,3,0,0,1,0,0,4.1748046875,0,0,0,0
22,SCFG,293.693359375,0,,0,0,0,1,0,0,3,3,0,0,1,0,0,10.8369140625,0,0,0,0
22,SCFG,300.23828125,0,,0,0,0,1,0,0,3,3,0,0,1,0,0,17.3818359375,0,0,0,0
22,SCFG,305.6982421875,0,,0,0,0,1,0,0,0,3,0,0,1,0,0,22.841796875,0,0,0,0
22,SCFG,310.7568359375,0,,0,0,0,1,0,0,0,3,0,0,1,0,0,27.900390625,0,0,0,0
22,SCFG,317.2685546875,0,,0,0,0,1,0,0,0,3,0,0,1,0,0,34.412109375,0,0,0,0
22,SCFG,323.796875,0,,1,0,0,1,0,0,2,3,0,0,1,0,0,5.9267578125,2,0,0,0
22,SCFG,330.326171875,0,,0,0,0,1,0,0,4,3,0,0,1,0,0,5.861328125,0,0,0,0
22,SCFG,335.7021484375,0,,1,0,0,1,0,0,4,3,0,0,1,0,0,11.2373046875,4,0,0,0
22,SCFG,340.978515625,0,,0,0,0,1,0,0,2,3,0,0,1,0,0,16.513671875,0,0,0,0
22,SCFG,347.7236328125,0,,0,0,0,1,0,0,0,3,0,0,1,0,0,23.2587890625,0,0,0,0
22,SCFG,353.484375,0,,0,0,0,1,0,0,0,3,0,0,1,0,0,29.01953125,0,0,0,0
22,SCFG,359.4453125,0,,0,0,0,1,0,0,0,3,0,0,1,0,0,34.98046875,0,0,0,0
22,SCFG,364.87109375,0,,0,0,0,1,0,0,0,3,0,0,1,0,0,40.40625,0,0,0,0
22,SCFG,370.21484375,0,,1,0,0,1,0,0,0,3,0,0,1,0,0,45.75,0,0,0,0
22,SCFG,375.8408203125,0,,0,0,0,1,0,0,0,3,0,0,1,0,0,51.3759765625,0,0,0,0
22,SCFG,382.4697265625,0,,0,0,0,1,0,0,0,3,1,0,1,0,0,58.0048828125,0,0,0,0
22,SCFG,389.1982421875,0,,0,0,0,1,0,0,0,3,1,0,1,0,0,60.0,0,0,0,0
22,SCFG,394.9423828125,0,,0,0,0,1,0,0,1,3,1,0,1,0,0,5.0927734375,0,0,0,0
22,SCFG,401.62109375,1,0.91796875,1,0,0,1,0,0,1,3,0,0,1,0,0,11.771484375,1,0,0,0
22,SCFG,408.6171875,0,,0,0,0,1,0,0,3,4,1,0,1,0,1,6.412109375,0,0,0,0
22,SCFG,414.578125,0,,0,0,0,1,0,0,2,4,3,0,0,0,1,12.373046875,0,0,0,0
22,SCFG,421.189453125,0,,0,0,0,1,0,0,2,4,4,0,0,0,1,18.984375,0,0,0,0
22,SCFG,426.4326171875,0,,0,0,0,1,0,0,0,3,4,0,0,0,1,24.2275390625,0,0,0,0
22,SCFG,432.2099609375,0,,0,0,0,1,0,0,0,3,3,0,0,0,1,30.0048828125,0,0,0,0
22,SCFG,438.0869140625,0,,1,0,0,1,0,0,0,3,2,0,0,0,1,35.8818359375,0,2,0,0
22,SCFG,443.9638671875,0,,0,0,0,1,0,0,2,3,4,0,0,0,1,5.091796875,0,0,0,0
22,SCFG,450.7265625,0,,0,0,0,1,0,0,3,2,4,0,0,1,1,1.7529296875,0,0,0,0
22,SCFG,455.8857421875,0,,0,0,0,1,0,0,3,2,3,0,0,1,1,6.912109375,0,0,0,0
22,SCFG,462.1298828125,0,,0,0,0,1,0,0,1,2,2,0,0,1,1,13.15625,0,0,0,0
22,SCFG,468.708984375,0,,0,0,0,1,0,0,1,3,1,0,0,0,0,19.7353515625,0,0,0,0
22,SCFG,474.619140625,0,,0,0,0,1,0,0,0,3,0,1,1,0,0,25.6455078125,0,0,0,0
22,SCFG,479.662109375,0,,0,0,0,1,0,0,0,3,0,1,1,0,0,30.6884765625,0,0,0,0
22,SCFG,485.7060546875,0,,1,0,0,1,0,0,2,3,0,1,1,0,0,4.07421875,2,1,0,0
22,SCFG,492.501953125,0,,0,0,0,1,0,0,5,4,0,0,1,0,0,3.2392578125,0,0,0,0
22,SCFG,498.6962890625,0,,0,0,0,1,0,0,5,4,0,0,1,0,0,9.43359375,0,0,0,0
22,SCFG,504.8076171875,0,,0,0,0,1,0,0,4,4,0,0,1,0,0,5.560546875,0,0,0,0
22,SCFG,510.7509765625,0,,0,0,0,1,0,0,1,3,0,0,1,0,0,11.50390625,0,0,0,0
22,SCFG,515.8935546875,0,,0,0,0,1,0,0,2,3,0,0,1,0,0,4.5078125,0,0,0,0
22,SCFG,522.23828125,0,,0,0,0,1,0,0,1,3,0,0,1,0,0,10.8525390625,0,0,0,0
22,SCFG,529.1845703125,0,,0,0,0,1,0,0,1,3,0,0,1,0,0,17.798828125,0,0,0,0
22,SCFG,534.9951171875,0,,0,0,0,1,0,0,0,3,0,0,1,0,0,23.609375,0,0,0,0
22,SCFG,541.673828125,0,,0,0,0,1,0,0,0,3,0,0,1,0,0,30.2880859375,0,0,0,0
22,SCFG,548.001953125,0,,0,0,0,1,0,0,0,3,0,0,1,0,0,36.6162109375,0,0,0,0
22,SCFG,553.9462890625,0,,0,0,0,1,0,0,2,3,0,0,1,0,0,5.443359375,0,0,0,0
22,SCFG,560.3740234375,0,,1,0,0,1,0,0,3,3,0,0,1,0,0,5.8603515625,3,0,0,0
22,SCFG,566.568359375,0,,0,0,0,1,0,0,5,3,0,0,1,0,0,5.66015625,0,0,0,0
22,SCFG,572.61328125,0,,0,0,0,1,0,0,3,3,1,0,1,1,0,11.705078125,0,0,0,0
22,SCFG,577.8720703125,0,,0,0,0,1,0,0,2,3,3,1,1,1,0,16.9638671875,0,0,0,0
22,SCFG,584.3173828125,0,,0,0,0,1,0,0,0,3,3,1,1,1,0,23.4091796875,0,0,0,0
22,SCFG,590.2451171875,0,,0,0,0,1,0,0,0,3,2,1,2,1,0,29.3369140625,0,0,0,0
22,SCFG,595.921875,0,,0,0,0,1,0,0,0,3,0,1,1,0,0,35.013671875,0,0,0,0
22,SCFG,601.4814453125,0,,0,0,0,1,0,0,0,3,1,0,1,0,0,40.5732421875,0,0,0,0
22,SCFG,606.875,0,,0,0,0,1,0,0,0,3,1,0,1,0,0,45.966796875,0,0,0,0
22,SCFG,613.5703125,0,,0,0,0,1,0,0,0,3,1,0,1,0,0,52.662109375,0,0,0,0
22,SCFG,620.2490234375,0,,0,0,0,1,0,0,0,3,1,0,1,0,0,59.3408203125,0,0,0,0
22,SCFG,626.9775390625,0,,0,0,0,1,0,0,0,3,1,0,1,0,0,60.0,0,0,0,0
22,SCFG,632.8544921875,0,,0,0,0,1,0,0,2,3,1,0,1,0,0,5.0751953125,0,0,0,0
22,SCFG,638.28125,0,,0,0,0,1,0,0,3,3,1,0,1,0,0,4.8916015625,0,0,0,0
22,SCFG,644.79296875,0,,0,0,0,1,0,0,3,3,1,0,1,0,0,11.4033203125,0,0,0,0
22,SCFG,650.3193359375,0,,1,0,0,1,0,0,1,3,1,0,0,0,0,16.9296875,1,1,0,0
22,SCFG,656.3310546875,0,,0,0,0,1,0,0,2,3,1,0,1,1,0,5.5107421875,0,0,0,0
22,SCFG,662.44140625,0,,0,0,0,1,0,0,3,3,0,1,1,1,0,5.2255859375,0,0,0,0
22,SCFG,668.3017578125,0,,0,0,0,1,0,0,3,3,1,1,1,1,0,11.0859375,0,0,0,0
22,SCFG,673.361328125,0,,0,0,0,1,0,0,1,3,1,1,0,1,0,16.1455078125,0,0,0,0
22,SCFG,680.3076171875,0,,1,0,0,1,0,0,0,3,1,0,0,0,0,23.091796875,0,1,0,0
22,SCFG,685.5,0,,0,0,0,1,0,0,2,3,2,0,0,0,0,4.4580078125,0,0,0,0
22,SCFG,691.310546875,0,,0,0,0,1,0,0,2,3,1,0,0,1,0,10.2685546875,0,0,0,0
22,SCFG,696.669921875,0,,0,0,0,1,0,0,3,3,3,0,0,1,0,4.541015625,0,0,0,0
22,SCFG,703.265625,0,,1,0,0,1,0,0,1,3,3,0,0,1,0,11.13671875,1,3,0,0
22,SCFG,709.6103515625,0,,0,0,0,1,0,0,4,3,4,0,0,1,0,5.009765625,0,0,0,0
22,SCFG,714.9697265625,0,,0,0,0,1,0,0,3,3,4,0,0,1,0,10.369140625,0,0,0,0
22,SCFG,720.546875,0,,0,0,0,1,0,0,3,3,3,0,0,1,0,15.9462890625,0,0,0,0
22,SCFG,727.0244140625,0,,0,0,0,1,0,0,0,3,2,0,0,1,0,22.423828125,0,0,0,0
22,SCFG,732.66796875,0,,0,0,0,1,0,0,1,3,3,0,0,2,0,4.0400390625,0,0,0,0
22,SCFG,739.5302734375,0,,0,0,0,1,0,0,2,3,2,0,1,1,0,5.6435546875,0,0,0,0
22,SCFG,744.95703125,0,,0,0,0,1,0,0,2,3,2,0,1,1,0,11.0703125,0,0,0,0
22,SCFG,751.7197265625,0,,0,0,0,1,0,0,2,3,2,0,1,0,0,6.0107421875,0,0,0,0
22,SCFG,757.9306640625,0,,0,0,0,1,0,0,1,3,1,0,1,0,0,12.2216796875,0,0,0,0
22,SCFG,763.8583984375,0,,0,0,0,1,0,0,1,3,1,0,1,0,0,18.1494140625,0,0,0,0
22,SCFG,770.119140625,0,,0,0,0,1,0,0,0,3,0,0,1,0,0,24.41015625,0,0,0,0
22,SCFG,776.6474609375,0,,0,0,0,1,0,0,1,3,0,0,1,0,0,5.9267578125,0,0,0,0
22,SCFG,781.890625,0,,0,0,0,1,0,0,2,3,0,0,1,0,0,2.2041015625,0,0,0,0
22,SCFG,787.06640625,0,,0,0,0,1,0,0,2,3,0,0,1,0,0,7.3798828125,0,0,0,0
22,SCFG,792.3095703125,0,,0,0,0,1,0,0,1,3,0,0,1,0,0,12.623046875,0,0,0,0
22,SCMM,129.4970703125,0,,0,0,0,0,0,1,0,0,0,1,0,0,0,60.0,0,0,0,0
22,SCMM,136.208984375,0,,0,0,0,0,0,1,0,1,0,3,1,0,0,60.0,0,0,0,0
22,SCMM,141.4677734375,0,,0,0,0,0,0,1,1,2,0,5,1,0,0,3.623046875,0,0,0,0
22,SCMM,147.8115234375,0,,0,0,0,0,0,1,1,3,1,4,1,0,0,9.966796875,0,0,0,0
22,SCMM,154.2392578125,0,,0,0,0,0,0,1,2,3,1,2,1,0,0,5.8935546875,0,0,0,0
22,SCMM,159.798828125,0,,0,0,0,0,0,1,1,3,1,1,1,0,0,11.453125,0,0,0,0
22,SCMM,166.576171875,0,,0,0,0,0,0,1,1,3,0,0,1,0,0,18.23046875,0,0,0,0
22,SCMM,173.455078125,0,,0,0,0,0,0,1,0,3,0,0,1,0,0,25.109375,0,0,0,0
22,SCMM,179.916015625,0,,0,0,0,0,0,1,0,3,0,1,1,0,0,31.5703125,0,0,0,0
22,SCMM,185.5087890625,0,,1,0,0,0,0,1,1,3,0,3,1,0,0,1.001953125,1,3,0,0
22,SCMM,191.3857421875,0,,0,0,0,0,0,1,3,2,2,5,1,0,0,5.208984375,0,0,0,0
22,SCMM,196.9609375,0,,0,0,0,0,0,1,4,2,2,5,1,0,0,0.5673828125,0,0,0,0
22,SCMM,202.3203125,0,,0,0,0,0,0,1,4,1,2,3,1,0,0,5.9267578125,0,0,0,0
22,SCMM,208.998046875,0,,0,0,0,0,0,1,1,2,3,1,1,0,0,12.6044921875,0,0,0,0
22,SCMM,214.9248046875,0,,0,0,0,0,0,1,1,3,2,0,1,0,0,18.53125,0,0,0,0
22,SCMM,220.5517578125,0,,0,0,0,0,0,1,0,3,2,0,1,0,0,24.158203125,0,0,0,0
22,SCMM,226.76171875,0,,1,0,0,0,0,1,0,3,1,0,1,0,0,30.3681640625,0,1,0,0
22,SCMM,233.005859375,0,,0,0,0,0,0,1,5,3,0,0,1,0,0,2.98828125,0,0,0,0
22,SCMM,239.5,0,,0,0,0,0,0,1,5,3,0,0,1,0,0,9.482421875,0,0,0,0
22,SCMM,244.7919921875,0,,1,0,0,0,0,1,5,3,1,0,1,0,0,14.7744140625,5,1,0,0
22,SCMM,250.53515625,0,,0,0,0,0,0,1,2,3,1,0,1,0,0,5.2255859375,0,0,0,0
22,SCMM,255.7275390625,0,,0,0,0,0,0,1,3,3,1,0,1,0,0,4.724609375,0,0,0,0
22,SCMM,261.5703125,0,,0,0,0,0,0,1,4,3,1,0,1,0,0,5.3583984375,0,0,0,0
22,SCMM,268.548828125,0,,0,0,0,0,0,1,3,3,0,0,1,0,0,6.4775390625,0,0,0,0
22,SCMM,274.208984375,0,,0,0,0,0,0,1,2,3,0,0,1,0,0,12.1376953125,0,0,0,0
22,SCMM,279.5341796875,0,,1,0,0,0,0,1,1,3,0,0,1,0,0,17.462890625,1,0,0,0
22,SCMM,285.87890625,0,,0,0,0,0,0,1,2,3,0,0,1,0,0,5.7265625,0,0,0,0
22,SCMM,292.3056640625,0,,1,0,0,0,0,1,2,3,0,0,1,0,0,12.1533203125,2,0,0,0
22,SCMM,297.6650390625,0,,0,0,0,0,0,1,4,3,0,0,1,0,0,4.7744140625,0,0,0,0
22,SCMM,303.0908203125,0,,0,0,0,0,0,1,2,3,1,0,1,0,0,10.2001953125,0,0,0,0
22,SCMM,308.8173828125,0,,0,0,0,0,0,1,2,3,1,0,1,0,0,15.9267578125,0,0,0,0
22,SCMM,315.7958984375,0,,0,0,0,0,0,1,2,3,1,0,1,0,0,6.4609375,0,0,0,0
22,SCMM,320.837890625,0,,0,0,0,0,0,1,2,3,1,0,1,0,0,11.5029296875,0,0,0,0
22,SCMM,327.8662109375,0,,0,0,0,0,0,1,2,3,0,0,1,0,0,18.53125,0,0,0,0
22,SCMM,333.30859375,0,,0,0,0,0,0,1,0,3,0,0,1,0,0,23.9736328125,0,0,0,0
22,SCMM,339.369140625,0,,1,0,0,0,0,1,1,3,0,1,1,0,0,4.390625,1,1,0,0
22,SCMM,345.796875,0,,0,0,0,0,0,1,3,3,0,1,1,0,0,5.7265625,0,0,0,0
22,SCMM,352.775390625,0,,0,0,0,0,0,1,3,3,0,1,2,0,0,12.705078125,0,0,0,0
22,SCMM,359.453125,0,,0,0,0,0,0,1,2,3,0,0,1,0,0,19.3828125,0,0,0,0
22,SCMM,366.3984375,0,,0,0,0,0,0,1,0,3,1,0,1,0,0,26.328125,0,0,0,0
22,SCMM,371.923828125,0,,0,0,0,0,0,1,2,3,1,0,1,0,0,4.9580078125,0,0,0,0
22,SCMM,377.3330078125,0,,0,0,0,0,0,1,2,3,1,0,1,0,0,10.3671875,0,0,0,0
22,SCMM,382.8095703125,0,,0,0,0,0,0,1,2,3,0,1,1,0,0,15.84375,0,0,0,0
22,SCMM,389.2705078125,0,,0,0,0,0,0,1,0,3,0,1,1,0,0,22.3046875,0,0,0,0
22,SCMM,394.4794921875,0,,0,0,0,0,0,1,0,3,0,1,1,0,0,27.513671875,0,0,0,0
22,SCMM,401.140625,0,,0,0,0,0,0,1,0,3,0,0,1,0,0,34.1748046875,0,0,0,0
22,SCMM,406.8837890625,0,,0,0,0,0,0,1,0,3,0,0,1,0,0,39.91796875,0,0,0,0
22,SCMM,412.8935546875,0,,0,0,0,0,0,1,0,3,0,0,1,0,0,45.927734375,0,0,0,0
22,SCMM,418.8203125,0,,0,0,0,0,0,1,0,3,1,0,1,0,0,51.8544921875,0,0,0,0
22,SCMM,424.396484375,0,,0,0,0,0,0,1,0,3,2,0,1,0,0,57.4306640625,0,0,0,0
22,SCMM,429.455078125,0,,0,0,0,0,0,1,0,3,2,0,1,0,0,60.0,0,0,0,0
22,SCMM,436.216796875,0,,0,0,0,0,0,1,0,3,2,0,1,0,0,60.0,0,0,0,0
22,SCMM,442.1435546875,0,,0,0,0,0,0,1,1,3,0,2,1,0,0,4.474609375,0,0,0,0
22,SCMM,448.87109375,0,,0,0,0,0,0,1,2,3,0,2,2,0,0,5.759765625,0,0,0,0
22,SCMM,455.4658203125,0,,0,0,0,0,0,1,2,3,0,2,1,0,0,12.3544921875,0,0,0,0
22,SCMM,461.3759765625,0,,1,0,0,0,0,1,1,3,2,1,1,0,0,18.2646484375,1,3,0,0
22,SCMM,467.2861328125,0,,0,0,0,0,0,1,2,4,4,1,1,0,0,4.3916015625,0,0,0,0
22,SCMM,472.39453125,0,,0,0,0,0,0,1,3,4,6,1,0,0,0,3.923828125,0,0,0,0
22,SCMM,478.0537109375,0,,0,0,0,0,0,1,4,4,5,1,0,0,0,4.974609375,0,0,0,0
22,SCMM,483.212890625,0,,0,0,0,0,0,1,6,3,3,0,0,0,0,3.740234375,0,0,0,0
22,SCMM,488.3544921875,0,,0,0,0,0,0,1,6,3,2,0,0,0,0,8.8818359375,0,0,0,0
22,SCMM,493.98046875,0,,0,0,0,0,0,1,4,3,0,0,0,0,0,14.5078125,0,0,0,0
22,SCMM,500.525390625,0,,0,0,0,0,0,1,0,3,2,0,0,0,0,21.052734375,0,0,0,0
22,SCMM,506.953125,0,,0,0,0,0,0,1,0,3,3,0,0,0,0,27.48046875,0,0,0,0
22,SCMM,512.7294921875,0,,0,0,0,0,0,1,0,3,3,0,0,0,0,33.2568359375,0,0,0,0
22,SCMM,518.8564453125,0,,1,0,0,0,0,1,0,3,2,0,0,0,0,39.3837890625,0,2,0,0
22,SCMM,524.7333984375,0,,0,0,0,0,0,1,2,3,1,1,0,0,0,5.3095703125,0,0,0,0
22,SCMM,530.2587890625,0,,0,0,0,0,0,1,3,3,1,2,0,0,0,4.841796875,0,0,0,0
22,SCMM,537.1376953125,0,,0,0,0,0,0,1,6,3,0,2,1,0,0,6.1103515625,0,0,0,0
22,SCMM,542.396484375,0,,0,0,0,0,0,1,4,3,1,1,1,0,0,11.369140625,0,0,0,0
22,SCMM,548.6064453125,0,,0,0,0,0,0,1,3,3,1,0,1,0,0,17.5791015625,0,0,0,0
22,SCMM,553.8818359375,0,,0,0,0,0,0,1,0,3,1,0,1,0,0,22.8544921875,0,0,0,0
22,SCMM,560.4599609375,0,,0,0,0,0,0,1,0,3,0,0,1,0,0,29.4326171875,0,0,0,0
22,SCMM,566.26953125,0,,0,0,0,0,0,1,0,3,0,0,1,0,0,35.2421875,0,0,0,0
22,SCMM,572.5634765625,0,,1,0,0,0,0,1,2,2,0,0,1,0,0,0.4169921875,2,0,0,0
22,SCMM,579.1083984375,0,,0,0,0,0,0,1,4,2,0,1,1,0,0,4.9580078125,0,0,0,0
22,SCMM,585.03515625,0,,1,0,0,0,0,1,5,2,0,1,1,0,0,5.0751953125,5,1,0,0
22,SCMM,591.8798828125,0,,0,0,0,0,0,1,7,3,0,1,2,0,0,6.16015625,0,0,0,0
22,SCMM,597.35546875,0,,0,0,0,0,0,1,3,3,0,0,1,0,0,11.6357421875,0,0,0,0
22,SCMM,603.9169921875,0,,0,0,0,0,0,1,2,3,0,0,1,0,0,18.197265625,0,0,0,0
22,SCMM,610.794921875,0,,0,0,0,0,0,1,1,3,0,0,0,0,0,6.34375,0,0,0,0
22,SCMM,616.220703125,0,,0,0,0,0,0,1,1,3,0,0,1,0,0,11.76953125,0,0,0,0
22,SCMM,623.0322265625,0,,0,0,0,0,0,1,1,3,2,0,1,0,0,18.5810546875,0,0,0,0
22,SCMM,628.4248046875,0,,0,0,0,0,0,1,0,3,2,0,1,0,0,23.9736328125,0,0,0,0
22,SCMM,634.3349609375,0,,0,0,0,0,0,1,0,3,2,0,1,0,0,29.8837890625,0,0,0,0
22,SCMM,639.41015625,0,,0,0,0,0,0,1,0,3,1,1,1,0,0,34.958984375,0,0,0,0
22,SCMM,645.6376953125,0,,0,0,0,0,0,1,0,3,0,3,1,0,0,41.1865234375,0,0,0,0
22,SCMM,651.23046875,0,,0,0,0,0,0,1,0,3,1,3,2,0,0,46.779296875,0,0,0,0
22,SCMM,657.1904296875,0,,1,0,0,0,0,1,1,3,1,2,1,0,0,5.2919921875,1,3,0,0
22,SCMM,663.0341796875,0,,0,0,0,0,0,1,3,2,2,0,1,0,0,5.1591796875,0,0,0,0
22,SCMM,669.5615234375,0,,0,0,0,0,0,1,4,2,1,0,0,0,0,6.009765625,0,0,0,0
22,SCMM,675.455078125,0,,0,0,0,0,0,1,4,2,1,0,1,0,0,4.474609375,0,0,0,0
22,SCMM,681.1982421875,0,,0,0,0,0,0,1,2,3,1,0,1,0,0,10.2177734375,0,0,0,0
22,SCMM,688.2099609375,0,,0,0,0,0,0,1,1,3,1,0,1,0,0,17.2294921875,0,0,0,0
22,SCMM,693.5517578125,0,,0,0,0,0,0,1,0,3,1,0,1,0,0,22.5712890625,0,0,0,0
22,SCMM,699.8623046875,0,,0,0,0,0,0,1,0,3,1,0,1,0,0,28.8818359375,0,0,0,0
22,SCMM,710.998046875,0,,0,0,0,0,0,1,3,2,2,0,0,0,0,5.642578125,0,0,0,0
22,SCMM,716.9921875,0,,0,0,0,0,0,1,3,2,4,1,0,0,0,11.63671875,0,0,0,0
22,SCMM,722.1005859375,0,,0,0,0,0,0,1,1,2,4,2,0,0,0,16.7451171875,0,0,0,0
22,SCMM,728.611328125,0,,0,0,0,0,0,1,0,3,3,3,0,0,0,23.255859375,0,0,0,0
22,SCMM,733.8701171875,0,,0,0,0,0,0,1,0,3,1,3,0,0,0,28.5146484375,0,0,0,0
22,SCMM,740.1640625,0,,0,0,0,0,0,1,0,3,0,1,0,0,0,34.80859375,0,0,0,0
22,SCMM,745.3896484375,0,,0,0,0,0,0,1,0,3,1,0,0,0,1,40.0341796875,0,0,0,0
22,SCMM,751.4169921875,0,,1,0,0,0,0,1,1,3,1,1,0,0,1,2.220703125,1,2,0,0
22,SCMM,756.6923828125,0,,0,0,0,0,0,1,3,3,1,2,0,0,1,4.140625,0,0,0,0
22,SCMM,762.8359375,0,,0,0,0,0,0,1,3,3,0,2,0,0,1,10.2841796875,0,0,0,0
22,SCMM,769.4140625,0,,0,0,0,0,0,1,2,3,0,2,0,0,1,16.8623046875,0,0,0,0
22,SCMM,776.42578125,0,,0,0,0,0,0,1,0,3,1,2,1,0,1,23.8740234375,0,0,0,0
22,SCMM,782.2021484375,0,,1,0,0,0,0,1,0,3,1,2,1,0,1,29.650390625,0,3,0,0
22,SCMM,787.4609375,0,,1,0,0,0,0,1,3,3,1,1,1,0,1,1.8359375,3,2,0,0
22,SCMM,793.25390625,0,,0,0,0,0,0,1,5,4,0,0,1,0,1,5.2255859375,0,0,0,0
22,SCMM,798.36328125,0,,0,0,0,0,0,1,5,4,0,0,1,0,1,10.3349609375,0,0,0,0
22,SCMM,805.19140625,0,,0,0,0,0,0,1,3,4,0,0,1,0,0,17.1630859375,0,0,0,0
22,SCMM,810.767578125,0,,0,0,0,0,0,1,0,3,0,0,1,0,0,22.7392578125,0,0,0,0
22,SCMM,816.6767578125,1,1.0693359375,1,0,0,0,0,1,1,3,0,0,1,0,0,5.2919921875,1,0,0,0
22,SCMM,822.38671875,0,,0,0,0,0,0,1,4,3,1,0,1,0,1,4.7412109375,0,0,0,0
22,SCMM,828.5810546875,0,,1,0,0,0,0,1,4,3,2,0,1,0,1,10.935546875,4,2,0,0
22,SCSB,39.2373046875,0,,0,0,1,0,1,0,0,0,0,1,0,0,0,60.0,0,0,0,1
22,SCSB,46.1328125,0,,0,0,1,0,1,0,0,1,0,3,1,0,0,60.0,0,0,0,3
22,SCSB,51.4423828125,0,,0,0,1,0,1,0,0,2,0,4,1,0,0,60.0,0,0,0,4
22,SCSB,56.7353515625,0,,0,0,1,0,1,0,0,3,2,4,1,0,0,60.0,0,0,0,6
22,SCSB,62.830078125,0,,0,0,1,0,1,0,0,3,2,2,1,0,0,60.0,0,0,0,4
22,SCSB,68.4736328125,0,,0,0,1,0,1,0,0,3,2,0,1,0,0,60.0,0,0,0,2
22,SCSB,74.6005859375,0,,0,0,1,0,1,0,0,3,1,0,1,0,0,60.0,0,0,0,1
22,SCSB,80.4775390625,0,,0,0,1,0,1,0,0,3,1,0,1,0,0,60.0,0,0,0,1
22,SCSB,87.33984375,0,,0,0,1,0,1,0,1,3,1,0,1,0,0,5.943359375,0,0,1,1
22,SCSB,92.783203125,0,,0,0,1,0,1,0,1,3,1,0,1,0,0,11.38671875,0,0,1,1
22,SCSB,99.4951171875,0,,0,0,1,0,1,0,1,3,0,0,1,0,0,18.0986328125,0,0,1,0
22,SCSB,105.255859375,0,,1,0,1,0,1,0,0,3,0,0,2,0,0,23.859375,0,0,0,0
22,SCSB,112.0341796875,0,,0,0,1,0,1,0,2,3,0,0,1,0,0,6.2275390625,0,0,2,0
22,SCSB,117.16015625,0,,0,0,1,0,1,0,4,3,0,0,1,0,0,4.6416015625,0,0,4,0
22,SCSB,122.552734375,0,,1,0,1,0,1,0,4,3,0,0,1,0,0,10.0341796875,4,0,4,0
22,SCSB,129.0146484375,0,,0,0,1,0,1,0,4,3,0,0,1,0,0,5.876953125,0,0,4,0
22,SCSB,134.6748046875,0,,0,0,1,0,1,0,3,3,0,0,1,0,0,5.0927734375,0,0,3,0
22,SCSB,139.8173828125,0,,0,0,1,0,1,0,3,3,1,0,1,0,0,10.2353515625,0,0,3,1
22,SCSB,145.9951171875,0,,0,0,1,0,1,0,1,3,1,0,1,0,0,16.4130859375,0,0,1,1
22,SCSB,151.705078125,0,,1,0,1,0,1,0,2,3,1,0,1,0,0,5.1923828125,2,1,2,1
22,SCSB,157.4326171875,0,,0,0,1,0,1,0,4,3,0,0,1,0,0,5.17578125,0,0,4,0
22,SCSB,164.294921875,0,,0,0,1,0,1,0,4,3,0,0,1,0,0,12.0380859375,0,0,4,0
22,SCSB,170.0380859375,0,,0,0,1,0,1,0,2,3,0,0,1,0,0,17.78125,0,0,2,0
22,SCSB,176.56640625,0,,0,0,1,0,1,0,0,3,0,0,1,0,0,24.3095703125,0,0,0,0
22,SCSB,183.1787109375,0,,0,0,1,0,1,0,1,3,0,0,1,0,0,5.7275390625,0,0,1,0
22,SCSB,189.740234375,0,,1,0,1,0,1,0,1,3,0,0,1,0,0,12.2890625,1,0,1,0
22,SCSB,195.2001953125,0,,0,0,1,0,1,0,3,4,0,0,1,0,0,4.8759765625,0,0,3,0
22,SCSB,202.1123046875,0,,0,0,1,0,1,0,2,4,0,0,1,0,0,11.7880859375,0,0,2,0
22,SCSB,208.373046875,0,,0,0,1,0,1,0,2,4,0,0,1,0,0,18.048828125,0,0,2,0
22,SCSB,214.41796875,0,,1,0,1,0,1,0,0,3,1,0,1,0,0,24.09375,0,1,0,1
22,SCSB,220.912109375,0,,0,0,1,0,1,0,0,3,1,0,1,0,0,30.587890625,0,0,0,1
22,SCSB,226.9404296875,0,,0,0,1,0,1,0,0,3,1,0,1,0,0,36.6162109375,0,0,0,1
22,SCSB,233.8525390625,0,,0,0,1,0,1,0,0,3,1,0,1,0,0,43.5283203125,0,0,0,1
22,SCSB,240.71484375,0,,0,0,1,0,1,0,0,3,0,0,1,0,0,50.390625,0,0,0,0
22,SCSB,247.025390625,0,,0,0,1,0,1,0,0,3,0,0,1,0,0,56.701171875,0,0,0,0
22,SCSB,252.5859375,0,,0,0,1,0,1,0,0,3,1,0,1,0,0,60.0,0,0,0,1
22,SCSB,258.462890625,0,,1,0,1,0,1,0,0,3,2,0,1,0,0,60.0,0,2,0,2
22,SCSB,264.2236328125,0,,0,0,1,0,1,0,2,2,2,0,1,0,0,4.9921875,0,0,2,2
22,SCSB,269.482421875,0,,0,0,1,0,1,0,4,2,2,0,1,0,0,4.658203125,0,0,4,2
22,SCSB,275.41015625,0,,0,0,1,0,1,0,4,2,1,0,1,0,0,10.5859375,0,0,4,1
22,SCSB,282.205078125,0,,0,0,1,0,1,0,2,3,0,0,1,0,0,17.380859375,0,0,2,0
22,SCSB,289.083984375,0,,0,0,1,0,1,0,1,3,0,0,1,0,0,6.4111328125,0,0,1,0
22,SCSB,295.646484375,0,,1,0,1,0,1,0,3,3,0,0,1,0,0,4.1748046875,3,0,3,0
22,SCSB,301.923828125,0,,0,0,1,0,1,0,5,3,0,0,1,0,0,5.7099609375,0,0,5,0
22,SCSB,308.8369140625,0,,0,0,1,0,1,0,4,3,0,1,1,0,0,12.623046875,0,0,4,1
22,SCSB,315.2978515625,0,,0,0,1,0,1,0,2,3,0,2,1,0,0,19.083984375,0,0,2,2
22,SCSB,321.42578125,0,,0,0,1,0,1,0,0,3,0,2,1,0,0,25.2119140625,0,0,0,2
22,SCSB,327.7705078125,0,,1,0,1,0,1,0,2,3,0,2,1,0,0,5.744140625,2,2,2,2
22,SCSB,333.3798828125,0,,1,0,1,0,1,0,4,3,0,0,1,0,0,5.025390625,4,0,4,0
22,SCSB,338.4892578125,0,,0,0,1,0,1,0,4,3,0,0,1,0,0,10.134765625,0,0,4,0
22,SCSB,343.765625,0,,0,0,1,0,1,0,2,3,0,0,1,0,0,15.4111328125,0,0,2,0
22,SCSB,349.7431640625,0,,0,0,1,0,1,0,0,3,0,0,1,0,0,21.388671875,0,0,0,0
22,SCSB,355.9541015625,0,,0,0,1,0,1,0,0,3,0,0,1,0,0,27.599609375,0,0,0,0
22,SCSB,361.1796875,0,,0,0,1,0,1,0,0,3,0,0,0,0,0,32.8251953125,0,0,0,0
22,SCSB,367.591796875,0,,0,0,1,0,1,0,0,3,0,0,1,0,0,39.2373046875,0,0,0,0
22,SCSB,373.4853515625,0,,0,0,1,0,1,0,0,3,0,0,1,0,0,45.130859375,0,0,0,0
22,SCSB,380.3974609375,0,,0,0,1,0,1,0,0,3,1,0,2,0,0,52.04296875,0,0,0,1
22,SCSB,387.29296875,0,,0,0,1,0,1,0,1,3,2,0,1,0,0,6.310546875,0,0,1,2
22,SCSB,393.25390625,0,,0,0,1,0,1,0,2,3,4,2,1,0,0,5.142578125,0,0,2,6
22,SCSB,400.283203125,0,,0,0,1,0,1,0,3,3,3,3,0,0,0,6.3115234375,0,0,3,6
22,SCSB,406.8115234375,0,,0,0,1,0,1,0,2,3,3,3,0,0,0,12.83984375,0,0,2,6
22,SCSB,413.123046875,0,,1,0,1,0,1,0,1,3,1,1,0,0,0,19.1513671875,1,2,1,2
22,SCSB,420.1025390625,0,,0,0,1,0,1,0,3,3,1,0,0,0,0,4.67578125,0,0,3,1
22,SCSB,425.4619140625,0,,0,0,1,0,1,0,4,3,0,0,0,0,0,4.474609375,0,0,4,0
22,SCSB,431.171875,0,,0,0,1,0,1,0,4,3,0,0,0,0,0,10.1845703125,0,0,4,0
22,SCSB,437.75,0,,0,0,1,0,1,0,2,3,0,0,0,0,0,5.6259765625,0,0,2,0
22,SCSB,443.3271484375,0,,0,0,1,0,1,0,1,3,0,0,0,0,0,11.203125,0,0,1,0
22,SCSB,450.0556640625,0,,0,0,1,0,1,0,3,3,0,1,0,0,0,5.7265625,0,0,3,1
22,SCSB,455.7158203125,0,,0,0,1,0,1,0,2,3,0,1,0,0,0,11.38671875,0,0,2,1
22,SCSB,462.2939453125,0,,0,0,1,0,1,0,2,3,0,1,0,0,0,17.96484375,0,0,2,1
22,SCSB,469.056640625,0,,0,0,1,0,1,0,1,3,0,1,1,0,0,6.0107421875,0,0,1,1
22,SCSB,475.0673828125,0,,0,0,1,0,1,0,2,3,2,0,1,0,0,5.376953125,0,0,2,2
22,SCSB,480.1591796875,0,,0,0,1,0,1,0,2,3,2,0,1,0,0,10.46875,0,0,2,2
22,SCSB,485.9697265625,0,,0,0,1,0,1,0,1,3,2,0,1,0,0,16.279296875,0,0,1,2
22,SCSB,492.21484375,0,,0,0,1,0,1,0,1,3,1,0,1,0,0,5.6767578125,0,0,1,1
22,SCSB,497.7412109375,0,,0,0,1,0,1,0,1,3,2,0,1,0,0,11.203125,0,0,1,2
22,SCSB,503.5009765625,0,,0,0,1,0,1,0,1,3,2,0,1,0,0,16.962890625,0,0,1,2
22,SCSB,510.0126953125,0,,0,0,1,0,1,0,0,3,2,1,1,0,0,23.474609375,0,0,0,3
22,SCSB,515.7060546875,0,,0,0,1,0,1,0,2,3,1,3,1,0,0,4.7412109375,0,0,2,4
22,SCSB,521.166015625,0,,0,0,1,0,1,0,2,3,0,3,1,0,0,10.201171875,0,0,2,3
22,SCSB,527.611328125,0,,0,0,1,0,1,0,2,3,0,3,1,0,0,16.646484375,0,0,2,3
22,SCSB,533.6552734375,0,,0,0,1,0,1,0,1,3,0,1,1,0,0,5.3427734375,0,0,1,1
22,SCSB,538.880859375,0,,0,0,1,0,1,0,1,3,0,0,1,0,0,10.568359375,0,0,1,0
22,SCSB,545.1923828125,0,,1,0,1,0,1,0,1,3,0,0,1,0,0,16.8798828125,1,0,1,0
22,SCSB,552.138671875,0,,0,0,1,0,1,0,3,3,2,0,1,0,0,4.8427734375,0,0,3,2
22,SCSB,557.4140625,0,,0,0,1,0,1,0,3,3,2,0,1,0,0,10.1181640625,0,0,3,2
22,SCSB,564.109375,0,,1,0,1,0,1,0,3,3,2,0,1,0,0,16.8134765625,3,2,3,2
22,SCSB,569.3359375,0,,0,0,1,0,1,0,3,4,1,0,1,0,0,4.3076171875,0,0,3,1
22,SCSB,575.7138671875,0,,0,0,1,0,1,0,4,4,0,0,1,0,0,5.810546875,0,0,4,0
22,SCSB,581.32421875,0,,0,0,1,0,1,0,4,4,0,0,0,0,0,11.4208984375,0,0,4,0
22,SCSB,586.5830078125,0,,0,0,1,0,1,0,1,3,0,1,1,0,0,16.6796875,0,0,1,1
22,SCSB,593.2451171875,0,,0,0,1,0,1,0,0,3,0,2,1,0,0,23.341796875,0,0,0,2
22,SCSB,599.2060546875,0,,1,0,1,0,1,0,0,3,0,2,1,0,0,29.302734375,0,2,0,2
22,SCSB,604.3984375,0,,0,0,1,0,1,0,2,4,0,2,1,0,0,4.55859375,0,0,2,2
22,SCSB,611.16015625,0,,0,0,1,0,1,0,2,4,0,0,1,0,0,11.3203125,0,0,2,0
22,SCSB,616.5869140625,0,,0,0,1,0,1,0,2,4,0,0,1,0,0,16.7470703125,0,0,2,0
22,SCSB,621.779296875,0,,0,0,1,0,1,0,0,3,0,0,1,0,0,21.939453125,0,0,0,0
22,SCSB,627.673828125,0,,0,0,1,0,1,0,1,3,0,0,1,0,0,5.29296875,0,0,1,0
22,SCSB,633.984375,0,,1,0,1,0,1,0,1,3,0,0,1,0,0,11.603515625,1,0,1,0
22,SCSB,639.2939453125,0,,0,0,1,0,1,0,3,3,2,0,1,0,0,4.5908203125,0,0,3,2
22,SCSB,645.4384765625,0,,0,0,1,0,1,0,2,3,4,0,0,0,0,10.7353515625,0,0,2,4
22,SCSB,651.265625,0,,0,0,1,0,1,0,2,3,4,1,0,0,0,16.5625,0,0,2,5
22,SCSB,656.775390625,0,,0,0,1,0,1,0,0,3,3,1,0,0,0,22.072265625,0,0,0,4
22,SCSB,662.8193359375,0,,0,0,1,0,1,0,0,3,0,1,0,0,0,28.1162109375,0,0,0,1
22,SCSB,668.279296875,0,,0,0,1,0,1,0,0,3,0,0,0,0,0,33.576171875,0,0,0,0
22,SCSB,674.5908203125,0,,1,0,1,0,1,0,0,3,1,0,0,0,0,39.8876953125,0,1,0,1
22,SCSB,681.5029296875,0,,0,0,1,0,1,0,0,3,3,0,0,0,0,46.7998046875,0,0,0,3
22,SCSB,687.1630859375,0,,0,0,1,0,1,0,0,3,3,0,0,0,0,52.4599609375,0,0,0,3
22,SCSB,692.6396484375,0,,1,0,1,0,1,0,0,3,3,0,0,0,0,57.9365234375,0,3,0,3
22,SCSB,698.0830078125,0,,0,0,1,0,1,0,2,3,0,0,0,0,0,4.8427734375,0,0,2,0
22,SCSB,704.6611328125,0,,0,0,1,0,1,0,2,3,0,0,0,0,0,11.4208984375,0,0,2,0
22,SCSB,710.3046875,0,,0,0,1,0,1,0,2,3,0,0,1,0,0,17.064453125,0,0,2,0
22,SCSB,716.849609375,0,,0,0,1,0,1,0,0,3,0,0,1,0,0,23.609375,0,0,0,0
22,SCSB,722.626953125,0,,0,0,1,0,1,0,1,3,0,0,1,0,0,5.142578125,0,0,1,0
22,SCSB,728.2197265625,0,,1,0,1,0,1,0,1,3,0,0,1,0,0,10.7353515625,1,0,1,0
22,SCSB,734.798828125,0,,0,0,1,0,1,0,4,4,1,0,1,0,0,5.677734375,0,0,4,1
22,SCSB,741.3603515625,0,,0,0,1,0,1,0,5,4,2,0,1,0,0,5.927734375,0,0,5,2
22,SCSB,746.4521484375,0,,0,0,1,0,1,0,5,4,2,0,1,0,0,11.01953125,0,0,5,2
22,SCSG,28.6337890625,0,,0,0,0,0,1,0,0,0,0,2,0,0,0,60.0,0,0,0,0
22,SCSG,34.009765625,0,,0,0,0,0,1,0,0,1,0,4,1,0,0,60.0,0,0,0,0
22,SCSG,40.755859375,0,,0,0,0,0,1,0,0,2,2,4,1,0,0,60.0,0,0,0,0
22,SCSG,47.634765625,0,,0,0,0,0,1,0,1,3,3,3,1,0,0,6.2119140625,0,0,0,0
22,SCSG,53.14453125,0,,0,0,0,0,1,0,1,3,3,1,1,1,0,11.7216796875,0,0,0,0
22,SCSG,59.9736328125,0,,0,0,0,0,1,0,3,3,1,0,1,2,0,5.29296875,0,0,0,0
22,SCSG,66.619140625,1,1.0009765625,0,0,0,0,1,0,2,3,0,0,1,3,0,11.9384765625,0,0,0,0
22,SCSG,73.380859375,0,,0,0,0,0,1,0,2,3,1,0,1,4,1,18.7001953125,0,0,0,0
22,SCSG,78.94140625,0,,0,0,0,0,1,0,0,3,2,0,1,3,1,24.2607421875,0,0,0,0
22,SCSG,84.751953125,0,,0,0,0,0,1,0,0,3,2,0,1,2,1,30.0712890625,0,0,0,0
22,SCSG,90.9296875,0,,1,0,0,0,1,0,1,3,1,0,1,1,1,5.626953125,1,1,0,0
22,SCSG,96.47265625,0,,0,0,0,0,1,0,3,3,0,0,1,0,1,5.025390625,0,0,0,0
22,SCSG,101.9990234375,0,,0,0,0,0,1,0,3,3,0,0,1,0,1,10.5517578125,0,0,0,0
22,SCSG,107.876953125,0,,0,0,0,0,1,0,2,3,0,0,1,0,1,16.4296875,0,0,0,0
22,SCSG,113.6533203125,0,,0,0,0,0,1,0,0,3,0,0,1,0,1,22.2060546875,0,0,0,0
22,SCSG,120.3662109375,0,,0,0,0,0,1,0,0,3,2,0,1,0,1,28.9189453125,0,0,0,0
22,SCSG,125.6591796875,0,,1,0,0,0,1,0,0,3,3,0,1,0,1,34.2119140625,0,3,0,0
22,SCSG,131.0517578125,0,,0,0,0,0,1,0,2,3,3,0,1,0,0,4.8251953125,0,0,0,0
22,SCSG,137.6474609375,0,,0,0,0,0,1,0,3,3,3,0,1,0,0,5.560546875,0,0,0,0
22,SCSG,143.2734375,0,,0,0,0,0,1,0,3,3,3,0,1,0,0,11.1865234375,0,0,0,0
22,SCSG,148.75,0,,0,0,0,0,1,0,1,3,2,0,1,0,0,16.6630859375,0,0,0,0
22,SCSG,153.9599609375,0,,0,0,0,0,1,0,0,3,2,0,1,0,0,21.873046875,0,0,0,0
22,SCSG,160.4052734375,0,,0,0,0,0,1,0,0,3,0,0,1,0,0,28.318359375,0,0,0,0
22,SCSG,167.3505859375,0,,0,0,0,0,1,0,0,3,0,0,1,0,0,35.263671875,0,0,0,0
22,SCSG,173.078125,0,,0,0,0,0,1,0,0,3,1,0,1,0,0,40.9912109375,0,0,0,0
22,SCSG,178.2373046875,0,,0,0,0,0,1,0,0,3,2,0,1,0,0,46.150390625,0,0,0,0
22,SCSG,183.98046875,0,,1,0,0,0,1,0,0,3,3,0,1,0,0,51.8935546875,0,3,0,0
22,SCSG,189.357421875,0,,0,0,0,0,1,0,2,3,3,0,1,0,0,4.7587890625,0,0,0,0
22,SCSG,195.0009765625,0,,0,0,0,0,1,0,4,3,2,0,1,0,0,4.958984375,0,0,0,0
22,SCSG,201.3291015625,0,,0,0,0,0,1,0,4,3,2,0,1,0,0,11.287109375,0,0,0,0
22,SCSG,207.923828125,0,,0,0,0,0,1,0,2,3,2,0,1,0,0,17.8818359375,0,0,0,0
22,SCSG,214.802734375,0,,0,0,0,0,1,0,0,3,2,0,1,0,0,24.7607421875,0,0,0,0
22,SCSG,220.12890625,0,,0,0,0,0,1,0,0,3,0,0,1,0,0,30.0869140625,0,0,0,0
22,SCSG,226.45703125,0,,0,0,0,0,1,0,0,3,0,0,1,0,0,36.4150390625,0,0,0,0
22,SCSG,232.4345703125,0,,0,0,0,0,1,0,0,3,0,0,1,0,0,42.392578125,0,0,0,0
22,SCSG,237.59375,0,,1,0,0,0,1,0,1,3,0,0,1,0,0,2.1533203125,1,0,0,0
22,SCSG,244.0224609375,0,,0,0,0,0,1,0,4,3,0,0,1,0,0,4.9755859375,0,0,0,0
22,SCSG,250.30078125,0,,1,0,0,0,1,0,6,3,0,0,1,0,0,5.626953125,6,0,0,0
22,SCSG,256.39453125,0,,0,0,0,0,1,0,5,3,2,0,1,0,0,11.720703125,0,0,0,0
22,SCSG,262.8232421875,0,,0,0,0,0,1,0,2,3,2,0,1,0,0,18.1494140625,0,0,0,0
22,SCSG,269.685546875,0,,0,0,0,0,1,0,0,3,2,0,1,0,0,25.01171875,0,0,0,0
22,SCSG,276.46484375,0,,0,0,0,0,1,0,1,3,0,0,1,0,0,5.16015625,0,0,0,0
22,SCSG,283.0927734375,0,,0,0,0,0,1,0,2,3,0,0,1,0,0,1.6865234375,0,0,0,0
22,SCSG,288.787109375,0,,0,0,0,0,1,0,2,3,0,0,1,0,0,7.380859375,0,0,0,0
22,SCSG,294.9814453125,0,,0,0,0,0,1,0,3,3,1,0,1,0,0,5.66015625,0,0,0,0
22,SCSG,300.4912109375,0,,1,0,0,0,1,0,3,3,1,0,1,0,0,11.169921875,3,1,0,0
22,SCSG,306.8359375,0,,0,0,0,0,1,0,3,3,1,0,1,0,0,2.37109375,0,0,0,0
22,SCSG,312.044921875,0,,0,0,0,0,1,0,2,3,2,0,1,0,0,4.5078125,0,0,0,0
22,SCSG,318.5068359375,0,,0,0,0,0,1,0,3,3,2,0,1,0,0,5.9443359375,0,0,0,0
22,SCSG,324.484375,0,,0,0,0,0,1,0,2,3,2,0,1,0,0,11.921875,0,0,0,0
22,SCSG,331.11328125,0,,0,0,0,0,1,0,2,3,1,0,1,0,0,5.9111328125,0,0,0,0
22,SCSG,337.591796875,0,,1,0,0,0,1,0,2,3,1,0,1,0,0,5.744140625,2,1,0,0
22,SCSG,343.318359375,0,,0,0,0,0,1,0,6,4,1,0,1,0,0,0.6845703125,0,0,0,0
22,SCSG,349.212890625,0,,0,0,0,0,1,0,5,4,1,0,1,0,0,6.5791015625,0,0,0,0
22,SCSG,355.423828125,0,,0,0,0,0,1,0,4,4,2,0,1,0,0,12.7900390625,0,0,0,0
22,SCSG,361.8515625,0,,0,0,0,0,1,0,1,3,2,0,1,0,0,19.2177734375,0,0,0,0
22,SCSG,367.078125,0,,0,0,0,0,1,0,1,3,2,0,1,0,0,3.4892578125,0,0,0,0
22,SCSG,373.5234375,0,,0,0,0,0,1,0,1,3,1,0,1,0,0,9.9345703125,0,0,0,0
22,SCSG,379.4169921875,0,,1,0,0,0,1,0,1,3,0,0,1,0,0,15.828125,1,0,0,0
22,SCSG,386.4130859375,0,,0,0,0,0,1,0,3,3,0,0,1,0,0,5.1923828125,0,0,0,0
22,SCSG,391.455078125,0,,0,0,0,0,1,0,3,3,1,0,1,0,0,10.234375,0,0,0,0
22,SCSG,396.9990234375,0,,0,0,0,0,1,0,3,3,4,0,1,0,0,15.7783203125,0,0,0,0
22,SCSG,403.5439453125,0,,0,0,0,0,1,0,0,3,6,0,0,0,0,22.3232421875,0,0,0,0
22,SCSG,408.703125,0,,0,0,0,0,1,0,1,2,7,0,0,0,1,0.150390625,0,0,0,0
22,SCSG,414.146484375,0,,0,0,0,0,1,0,2,1,6,0,0,0,1,0.4345703125,0,0,0,0
22,SCSG,419.8564453125,0,,0,0,0,0,1,0,3,1,3,0,0,0,1,4.4912109375,0,0,0,0
22,SCSG,426.8525390625,0,,0,0,0,0,1,0,3,2,1,0,0,0,1,11.4873046875,0,0,0,0
22,SCSG,433.0302734375,0,,0,0,0,0,1,0,2,3,0,0,0,0,1,17.6650390625,0,0,0,0
22,SCSG,439.8427734375,0,,0,0,0,0,1,0,0,3,2,0,0,0,1,24.4775390625,0,0,0,0
22,SCSG,445.8369140625,0,,0,0,0,0,1,0,0,3,4,0,0,0,1,30.4716796875,0,0,0,0
22,SCSG,451.0634765625,0,,0,0,0,0,1,0,1,3,4,0,0,0,1,3.189453125,0,0,0,0
22,SCSG,456.3056640625,0,,0,0,0,0,1,0,1,3,3,0,0,0,1,8.431640625,0,0,0,0
22,SCSG,461.46484375,0,,0,0,0,0,1,0,1,3,2,0,0,0,1,13.5908203125,0,0,0,0
22,SCSG,468.1435546875,0,,0,0,0,0,1,0,0,3,0,0,0,0,0,20.26953125,0,0,0,0
22,SCSG,473.6201171875,0,,1,0,0,0,1,0,1,3,0,0,0,0,0,3.138671875,1,0,0,0
22,SCSG,480.1484375,0,,0,0,0,0,1,0,1,3,1,0,0,0,0,9.6669921875,0,0,0,0
22,SCSG,486.3935546875,0,,1,0,0,0,1,0,1,3,1,0,1,0,0,15.912109375,1,1,0,0
22,SCSG,492.2373046875,0,,0,0,0,0,1,0,2,3,1,0,1,0,0,5.2255859375,0,0,0,0
22,SCSG,498.8828125,0,,0,0,0,0,1,0,2,3,0,0,1,0,0,11.87109375,0,0,0,0
22,SCSG,505.39453125,0,,1,0,0,0,1,0,2,3,0,0,1,0,0,18.3828125,2,0,0,0
22,SCSG,510.720703125,0,,0,0,0,0,1,0,3,3,0,0,1,0,0,4.140625,0,0,0,0
22,SCSG,517.4326171875,0,,0,0,0,0,1,0,3,3,0,0,1,0,0,10.8525390625,0,0,0,0
22,SCSG,524.044921875,0,,0,0,0,0,1,0,3,3,0,0,1,0,0,17.46484375,0,0,0,0
22,SCSG,530.7568359375,0,,1,0,0,0,1,0,0,3,0,0,1,0,0,24.1767578125,0,0,0,0
22,SCSG,536.2001953125,0,,0,0,0,0,1,0,5,3,0,0,1,0,0,2.1201171875,0,0,0,0
22,SCSG,543.1962890625,0,,0,0,0,0,1,0,8,3,0,0,1,0,0,5.7109375,0,0,0,0
22,SCSG,548.939453125,0,,0,0,0,0,1,0,8,3,0,0,1,0,0,11.4541015625,0,0,0,0
22,SCSG,555.634765625,0,,0,0,0,0,1,0,3,3,0,0,1,0,0,18.1494140625,0,0,0,0
22,SCSG,561.078125,0,,0,0,0,0,1,0,0,3,0,0,1,0,0,23.5927734375,0,0,0,0
22,SCSG,568.0244140625,0,,0,0,0,0,1,0,0,3,1,0,1,0,0,30.5390625,0,0,0,0
22,SCSG,574.6025390625,1,1.1025390625,1,0,0,0,1,0,0,3,1,0,1,0,0,37.1171875,0,1,0,0
22,SCSG,581.1650390625,0,,0,0,0,0,1,0,4,3,1,0,1,0,1,3.22265625,0,0,0,0
22,SCSG,587.5263671875,0,,1,0,0,0,1,0,5,3,0,0,1,0,1,5.7275390625,5,0,0,0
22,SCSG,592.8857421875,0,,0,0,0,0,1,0,7,3,1,0,1,0,1,4.7587890625,0,0,0,0
22,SCSG,599.3310546875,0,,0,0,0,0,1,0,3,3,2,0,1,0,1,11.2041015625,0,0,0,0
22,SCSG,604.9912109375,0,,0,0,0,0,1,0,2,3,2,0,1,0,1,16.8642578125,0,0,0,0
22,SCSG,610.6845703125,0,,0,0,0,0,1,0,0,3,1,0,1,0,1,22.5576171875,0,0,0,0
22,SCSG,617.029296875,0,,1,0,0,0,1,0,0,3,0,0,1,0,1,28.90234375,0,0,0,0
22,SCSG,623.357421875,0,,0,0,0,0,1,0,2,3,0,0,1,0,1,5.810546875,0,0,0,0
22,SCSG,630.0859375,0,,0,0,0,0,1,0,2,3,0,0,1,0,1,12.5390625,0,0,0,0
22,SCSG,636.1474609375,0,,0,0,0,0,1,0,2,3,0,0,1,0,0,18.6005859375,0,0,0,0
22,SCSG,642.1748046875,0,,0,0,0,0,1,0,0,3,0,0,1,0,0,24.6279296875,0,0,0,0
22,SCSG,648.9541015625,0,,0,0,0,0,1,0,0,3,2,1,1,0,0,31.4072265625,0,0,0,0
22,SCSG,655.2822265625,0,,0,0,0,0,1,0,1,3,4,1,1,0,0,5.5439453125,0,0,0,0
22,SCSG,660.8583984375,0,,0,0,0,0,1,0,1,3,7,1,0,1,0,11.1201171875,0,0,0,0
22,SCSG,666.919921875,0,,0,0,0,0,1,0,1,3,6,1,0,1,0,17.181640625,0,0,0,0
22,SCSG,672.7470703125,0,,0,0,0,0,1,0,0,3,5,2,0,1,0,23.0087890625,0,0,0,0
22,SCSG,679.458984375,0,,1,0,0,0,1,0,0,3,2,3,0,0,0,29.720703125,0,5,0,0
22,SCSG,686.2041015625,0,,0,0,0,0,1,0,4,3,4,3,0,0,0,5.443359375,0,0,0,0
22,SCSG,693.18359375,0,,0,0,0,0,1,0,5,3,5,1,0,0,0,6.0771484375,0,0,0,0
22,SCSG,699.4619140625,0,,0,0,0,0,1,0,5,3,5,0,0,0,0,12.35546875,0,0,0,0
22,SCSG,705.4052734375,0,,0,0,0,0,1,0,1,3,3,0,0,0,0,18.298828125,0,0,0,0
22,SCSG,710.4482421875,0,,0,0,0,0,1,0,0,3,2,0,0,0,0,23.341796875,0,0,0,0
22,SCSG,716.8759765625,0,,1,0,0,0,1,0,0,3,2,0,0,0,0,29.76953125,0,2,0,0
22,SCSG,723.638671875,0,,0,0,0,0,1,0,0,3,2,0,1,0,0,36.5322265625,0,0,0,0
22,SCSG,729.0654296875,0,,0,0,0,0,1,0,0,3,1,1,1,0,0,41.958984375,0,0,0,0
22,SCSG,735.0927734375,0,,1,0,0,0,1,0,0,3,1,1,1,0,0,47.986328125,0,2,0,0
22,SCSG,740.369140625,0,,0,0,0,0,1,0,2,2,1,1,1,1,0,4.5419921875,0,0,0,0
22,SCSG,746.4794921875,0,,0,0,0,0,1,0,2,2,1,0,1,1,0,10.65234375,0,0,0,0
22,SCSG,752.32421875,0,,0,0,0,0,1,0,2,2,2,0,1,1,0,16.4970703125,0,0,0,0
22,SCSG,758.451171875,0,,0,0,0,0,1,0,0,3,2,0,1,0,0,22.6240234375,0,0,0,0
23,SCFB,30.357421875,0,,0,0,1,1,0,0,0,0,0,1,0,1,0,60.0,0,0,0,1
23,SCFB,37.2861328125,0,,1,0,1,1,0,0,0,1,0,3,1,1,0,60.0,0,3,0,3
23,SCFB,42.595703125,0,,0,0,1,1,0,0,2,2,0,3,1,1,0,4.6416015625,0,0,2,3
23,SCFB,49.5244140625,0,,0,0,1,1,0,0,2,3,0,2,1,1,0,11.5703125,0,0,2,2
23,SCFB,55.4013671875,0,,0,0,1,1,0,0,2,3,0,0,1,0,0,17.447265625,0,0,2,0
23,SCFB,61.328125,0,,0,0,1,1,0,0,0,3,0,2,1,1,0,23.3740234375,0,0,0,2
23,SCFB,66.5712890625,0,,0,0,1,1,0,0,0,3,1,3,1,1,0,28.6171875,0,0,0,4
23,SCFB,71.646484375,0,,0,0,1,1,0,0,0,3,1,3,2,1,0,33.6923828125,0,0,0,4
23,SCFB,77.673828125,0,,0,0,1,1,0,0,0,3,1,2,1,0,0,39.7197265625,0,0,0,3
23,SCFB,84.119140625,0,,0,0,1,1,0,0,0,3,1,0,1,0,0,46.1650390625,0,0,0,1
23,SCFB,89.6787109375,0,,0,0,1,1,0,0,0,3,0,0,1,1,0,51.724609375,0,0,0,0
23,SCFB,95.171875,0,,0,0,1,1,0,0,0,3,2,0,1,1,0,57.2177734375,0,0,0,2
23,SCFB,100.498046875,0,,0,0,1,1,0,0,0,3,3,0,1,2,0,60.0,0,0,0,3
23,SCFB,107.326171875,0,,1,0,1,1,0,0,0,3,3,0,1,2,0,60.0,0,3,0,3
23,SCFB,114.138671875,0,,1,0,1,1,0,0,2,3,2,0,1,1,0,6.26171875,2,2,2,2
23,SCFB,120.75,0,,0,0,1,1,0,0,4,3,0,0,1,0,0,5.8935546875,0,0,4,0
23,SCFB,126.4599609375,0,,0,0,1,1,0,0,4,3,0,0,1,0,0,11.603515625,0,0,4,0
23,SCFB,133.3720703125,0,,0,0,1,1,0,0,2,3,0,0,1,0,0,18.515625,0,0,2,0
23,SCFB,138.6318359375,0,,1,0,1,1,0,0,0,3,0,0,1,0,0,23.775390625,0,0,0,0
23,SCFB,144.6923828125,0,,0,0,1,1,0,0,2,3,0,0,1,0,0,5.443359375,0,0,2,0
23,SCFB,151.3037109375,0,,0,0,1,1,0,0,4,3,0,0,1,0,0,5.9765625,0,0,4,0
23,SCFB,157.5986328125,0,,0,0,1,1,0,0,4,3,1,1,1,2,0,12.271484375,0,0,4,2
23,SCFB,163.275390625,0,,1,0,1,1,0,0,4,3,1,3,1,2,0,4.80859375,4,4,4,4
23,SCFB,170.1875,0,,0,0,1,1,0,0,4,3,1,4,2,2,0,6.328125,0,0,4,5
23,SCFB,176.9990234375,0,,0,0,1,1,0,0,4,3,1,3,1,0,0,13.1396484375,0,0,4,4
23,SCFB,183.9111328125,0,,0,0,1,1,0,0,0,3,0,1,1,0,0,20.0517578125,0,0,0,1
23,SCFB,189.4375,0,,0,0,1,1,0,0,0,3,0,0,1,0,0,25.578125,0,0,0,0
23,SCFB,195.732421875,0,,1,0,1,1,0,0,0,3,0,0,1,0,0,31.873046875,0,0,0,0
23,SCFB,202.34375,0,,0,0,1,1,0,0,0,3,0,0,1,0,0,38.484375,0,0,0,0
23,SCFB,208.521484375,0,,0,0,1,1,0,0,0,3,0,0,1,1,0,44.662109375,0,0,0,0
23,SCFB,214.4150390625,0,,0,0,1,1,0,0,0,3,0,0,1,1,0,50.5556640625,0,0,0,0
23,SCFB,220.3759765625,0,,0,0,1,1,0,0,0,3,0,0,1,1,0,56.5166015625,0,0,0,0
23,SCFB,225.869140625,0,,0,0,1,1,0,0,0,3,1,0,1,1,0,60.0,0,0,0,1
23,SCFB,232.513671875,0,,0,0,1,1,0,0,0,3,1,0,1,0,0,60.0,0,0,0,1
23,SCFB,238.5078125,0,,1,0,1,1,0,0,0,3,1,0,1,0,0,60.0,0,1,0,1
23,SCFB,244.41796875,0,,0,0,1,1,0,0,0,3,0,0,1,0,0,60.0,0,0,0,0
23,SCFB,249.5107421875,0,,0,0,1,1,0,0,0,3,0,0,1,0,0,60.0,0,0,0,0
23,SCFB,255.705078125,0,,0,0,1,1,0,0,0,3,0,1,1,1,0,60.0,0,0,0,1
23,SCFB,262.099609375,0,,1,0,1,1,0,0,0,3,0,1,1,1,0,60.0,0,1,0,1
23,SCFB,269.12890625,0,,0,0,1,1,0,0,0,3,0,1,1,1,0,60.0,0,0,0,1
23,SCFB,275.95703125,0,,0,0,1,1,0,0,0,3,0,0,1,1,0,60.0,0,0,0,0
23,SCFB,282.501953125,0,,0,0,1,1,0,0,0,3,1,0,1,2,0,60.0,0,0,0,1
23,SCFB,288.4296875,0,,0,0,1,1,0,0,0,3,1,0,1,2,0,60.0,0,0,0,1
23,SCFB,294.9072265625,0,,0,0,1,1,0,0,0,3,1,0,1,2,0,60.0,0,0,0,1
23,SCFB,300.033203125,0,,0,0,1,1,0,0,0,3,1,0,1,1,0,60.0,0,0,0,1
23,SCFB,306.1611328125,0,,0,0,1,1,0,0,0,3,1,0,1,1,0,60.0,0,0,0,1
23,SCFB,311.3193359375,0,,0,0,1,1,0,0,0,3,1,0,1,0,0,60.0,0,0,0,1
23,SCFB,318.0986328125,0,,1,0,1,1,0,0,0,3,3,0,1,1,0,60.0,0,3,0,3
23,SCFB,324.0927734375,0,,1,0,1,1,0,0,2,3,2,0,1,1,0,5.3427734375,2,2,2,2
23,SCFB,330.0361328125,0,,0,0,1,1,0,0,2,3,2,0,1,1,0,11.2861328125,0,0,2,2
23,SCFB,335.412109375,0,,1,0,1,1,0,0,2,3,1,0,1,0,0,16.662109375,2,1,2,1
23,SCFB,342.44140625,0,,0,0,1,1,0,0,0,3,0,0,1,0,0,23.69140625,0,0,0,0
23,SCFB,347.6337890625,0,,0,0,1,1,0,0,0,3,0,0,1,0,0,28.8837890625,0,0,0,0
23,SCFB,354.1787109375,0,,0,0,1,1,0,0,0,3,0,0,1,0,0,35.4287109375,0,0,0,0
23,SCFB,359.8388671875,0,,0,0,1,1,0,0,0,3,0,0,1,0,0,41.0888671875,0,0,0,0
23,SCFB,366.0166015625,0,,1,0,1,1,0,0,0,3,1,0,1,1,0,47.2666015625,0,1,0,1
23,SCFB,371.458984375,0,,0,0,1,1,0,0,1,2,3,0,0,2,0,0.43359375,0,0,1,3
23,SCFB,376.568359375,0,,0,0,1,1,0,0,2,2,4,1,0,2,0,4.0576171875,0,0,2,5
23,SCFB,382.0947265625,0,,1,0,1,1,0,0,2,2,4,1,0,1,0,9.583984375,2,5,2,5
23,SCFB,388.439453125,0,,0,0,1,1,0,0,4,3,2,1,0,0,0,5.7939453125,0,0,4,3
23,SCFB,394.048828125,0,,0,0,1,1,0,0,2,3,0,1,0,0,0,11.4033203125,0,0,2,1
23,SCFB,400.16015625,0,,0,0,1,1,0,0,2,3,0,0,0,0,0,17.5146484375,0,0,2,0
23,SCFB,406.470703125,0,,1,0,1,1,0,0,0,3,0,0,0,0,0,23.8251953125,0,0,0,0
23,SCFB,413.3828125,0,,0,0,1,1,0,0,0,3,1,0,0,0,0,30.7373046875,0,0,0,1
23,SCFB,419.9619140625,0,,0,0,1,1,0,0,0,3,2,0,0,0,0,37.31640625,0,0,0,2
23,SCFB,426.189453125,0,,0,0,1,1,0,0,0,3,2,0,0,0,0,43.5439453125,0,0,0,2
23,SCFB,432.7177734375,0,,0,0,1,1,0,0,0,3,2,0,0,0,0,50.072265625,0,0,0,2
23,SCFB,438.0263671875,0,,0,0,1,1,0,0,0,3,0,0,1,0,0,55.380859375,0,0,0,0
23,SCFB,444.60546875,0,,0,0,1,1,0,0,0,3,0,0,1,1,0,60.0,0,0,0,0
23,SCFB,450.064453125,0,,0,0,1,1,0,0,0,3,1,0,1,1,0,60.0,0,0,0,1
23,SCFB,456.6259765625,0,,0,0,1,1,0,0,0,3,1,0,0,1,0,60.0,0,0,0,1
23,SCFB,462.904296875,0,,0,0,1,1,0,0,0,3,1,0,1,2,0,60.0,0,0,0,1
23,SCFB,469.365234375,0,,0,0,1,1,0,0,0,3,1,0,1,1,0,60.0,0,0,0,1
23,SCFB,475.05859375,0,,1,0,1,1,0,0,0,3,1,0,1,1,0,60.0,0,1,0,1
23,SCFB,481.6533203125,0,,0,0,1,1,0,0,2,3,1,0,1,0,0,5.759765625,0,0,2,1
23,SCFB,487.7314453125,0,,0,0,1,1,0,0,2,3,0,2,1,0,0,11.837890625,0,0,2,2
23,SCFB,493.291015625,0,,0,0,1,1,0,0,2,3,3,2,1,0,0,17.3974609375,0,0,2,5
23,SCFB,498.7841796875,0,,0,0,1,1,0,0,1,2,4,2,1,0,0,0.484375,0,0,1,6
23,SCFB,503.9267578125,0,,0,0,1,1,0,0,1,2,4,1,1,0,0,5.626953125,0,0,1,5
23,SCFB,509.919921875,0,,0,0,1,1,0,0,1,2,3,0,1,0,0,11.6201171875,0,0,1,3
23,SCFB,516.2646484375,0,,0,0,1,1,0,0,1,3,0,0,1,0,0,17.96484375,0,0,1,0
23,SCFB,522.2587890625,0,,0,0,1,1,0,0,0,3,0,0,1,0,0,23.958984375,0,0,0,0
23,SCFB,527.96875,0,,0,0,1,1,0,0,0,3,0,0,1,0,0,29.6689453125,0,0,0,0
23,SCFB,534.6474609375,0,,0,0,1,1,0,0,0,3,0,0,2,1,0,36.34765625,0,0,0,0
23,SCFB,541.5927734375,0,,0,0,1,1,0,0,0,3,2,0,1,1,0,43.29296875,0,0,0,2
23,SCFB,547.8876953125,0,,0,0,1,1,0,0,0,3,4,0,1,1,0,49.587890625,0,0,0,4
23,SCFB,553.0126953125,0,,0,0,1,1,0,0,0,3,4,0,1,2,0,54.712890625,0,0,0,4
23,SCFB,558.9404296875,0,,0,0,1,1,0,0,0,3,3,0,1,1,0,60.0,0,0,0,3
23,SCFB,564.80078125,0,,0,0,1,1,0,0,0,3,0,0,1,1,0,60.0,0,0,0,0
23,SCFB,571.1279296875,0,,0,0,1,1,0,0,0,3,1,0,1,0,0,60.0,0,0,0,1
23,SCFB,577.923828125,0,,0,0,1,1,0,0,0,3,2,1,1,2,0,60.0,0,0,0,3
23,SCFB,584.9365234375,0,,1,0,1,1,0,0,0,3,3,1,1,2,0,60.0,0,4,0,4
23,SCFB,590.01171875,0,,1,0,1,1,0,0,0,3,2,1,1,3,0,60.0,0,3,0,3
23,SCFB,595.3544921875,0,,0,0,1,1,0,0,2,3,2,1,1,2,0,4.7587890625,0,0,2,3
23,SCFB,601.6318359375,0,,0,0,1,1,0,0,2,3,0,0,1,2,0,11.0361328125,0,0,2,0
23,SCFB,607.5087890625,0,,0,0,1,1,0,0,2,3,0,0,1,2,0,16.9130859375,0,0,2,0
23,SCFB,612.6181640625,0,,0,0,1,1,0,0,0,3,0,0,1,3,0,22.0224609375,0,0,0,0
23,SCFB,618.6455078125,0,,0,0,1,1,0,0,0,3,0,0,1,5,0,28.0498046875,0,0,0,0
23,SCFB,625.5078125,0,,0,0,1,1,0,0,0,3,1,0,1,4,0,34.912109375,0,0,0,1
23,SCFB,632.169921875,0,,0,0,1,1,0,0,0,3,3,1,1,2,0,41.57421875,0,0,0,4
23,SCFB,638.6806640625,0,,0,0,1,1,0,0,0,3,3,1,0,0,0,48.0849609375,0,0,0,4
23,SCFB,644.908203125,0,,0,0,1,1,0,0,0,3,2,1,0,0,0,54.3125,0,0,0,3
23,SCFB,651.1025390625,0,,0,0,1,1,0,0,0,3,0,0,0,0,0,60.0,0,0,0,0
23,SCFB,658.0322265625,0,,0,0,1,1,0,0,0,3,0,0,0,0,0,60.0,0,0,0,0
23,SCFB,663.80859375,0,,0,0,1,1,0,0,0,3,0,0,0,0,0,60.0,0,0,0,0
23,SCFB,670.3701171875,0,,0,0,1,1,0,0,0,3,2,0,0,0,0,60.0,0,0,0,2
23,SCFB,676.1640625,0,,1,0,1,1,0,0,0,3,2,0,0,0,0,60.0,0,2,0,2
23,SCFB,682.7255859375,0,,0,0,1,1,0,0,0,3,2,0,0,0,0,60.0,0,0,0,2
23,SCFB,689.103515625,0,,0,0,1,1,0,0,0,3,1,0,0,0,0,60.0,0,0,0,1
23,SCFB,694.5458984375,0,,0,0,1,1,0,0,0,3,0,0,0,1,0,60.0,0,0,0,0
23,SCFB,699.85546875,0,,0,0,1,1,0,0,0,3,0,0,0,1,0,60.0,0,0,0,0
23,SCFB,706.150390625,0,,0,0,1,1,0,0,0,3,0,0,1,2,0,60.0,0,0,0,0
23,SCFB,711.1923828125,0,,0,0,1,1,0,0,0,3,1,0,1,3,0,60.0,0,0,0,1
23,SCFB,716.318359375,0,,0,0,1,1,0,0,0,3,2,0,1,2,0,60.0,0,0,0,2
23,SCFB,723.0302734375,0,,0,0,1,1,0,0,0,3,2,0,1,2,0,60.0,0,0,0,2
23,SCFB,728.923828125,0,,0,0,1,1,0,0,0,3,1,2,1,1,0,60.0,0,0,0,3
23,SCFB,734.3330078125,0,,0,0,1,1,0,0,0,3,0,2,1,1,0,60.0,0,0,0,2
23,SCFG,50.84375,0,,1,0,0,1,0,0,0,0,0,1,1,1,0,60.0,0,1,0,0
23,SCFG,56.0693359375,0,,0,0,0,1,0,0,0,1,0,1,1,1,0,60.0,0,0,0,0
23,SCFG,62.330078125,0,,0,0,0,1,0,0,2,2,0,0,1,1,0,5.4765625,0,0,0,0
23,SCFG,68.0390625,0,,0,0,0,1,0,0,2,3,0,0,1,1,0,11.185546875,0,0,0,0
23,SCFG,73.21484375,0,,0,0,0,1,0,0,2,3,0,0,1,0,0,16.361328125,0,0,0,0
23,SCFG,78.2734375,0,,0,0,0,1,0,0,0,3,0,0,1,0,0,21.419921875,0,0,0,0
23,SCFG,85.1181640625,0,,0,0,0,1,0,0,0,3,0,0,1,0,0,28.2646484375,0,0,0,0
23,SCFG,91.2626953125,0,,1,0,0,1,0,0,0,3,0,0,1,0,0,34.4091796875,0,0,0,0
23,SCFG,98.291015625,0,,0,0,0,1,0,0,2,3,0,0,1,0,0,6.4775390625,0,0,0,0
23,SCFG,104.1171875,0,,0,0,0,1,0,0,2,3,0,0,1,0,0,12.3037109375,0,0,0,0
23,SCFG,110.5283203125,0,,0,0,0,1,0,0,4,3,0,0,1,0,0,5.6591796875,0,0,0,0
23,SCFG,115.75390625,0,,0,0,0,1,0,0,2,3,0,0,1,0,0,10.884765625,0,0,0,0
23,SCFG,121.11328125,0,,0,0,0,1,0,0,2,3,0,0,1,0,0,16.244140625,0,0,0,0
23,SCFG,127.875,0,,0,0,0,1,0,0,0,3,0,0,1,0,0,23.005859375,0,0,0,0
23,SCFG,133.06640625,0,,0,0,0,1,0,0,0,3,0,0,1,0,0,28.197265625,0,0,0,0
23,SCFG,138.8095703125,0,,0,0,0,1,0,0,0,3,0,0,1,0,0,33.9404296875,0,0,0,0
23,SCFG,144.6865234375,0,,0,0,0,1,0,0,0,3,0,0,1,0,0,39.8173828125,0,0,0,0
23,SCFG,150.8974609375,0,,0,0,0,1,0,0,0,3,0,0,1,0,0,46.0283203125,0,0,0,0
23,SCFG,157.341796875,0,,0,0,0,1,0,0,0,3,0,0,1,0,0,52.47265625,0,0,0,0
23,SCFG,163.3515625,0,,0,0,0,1,0,0,0,3,0,0,1,0,0,58.482421875,0,0,0,0
23,SCFG,170.212890625,0,,0,0,0,1,0,0,0,3,0,0,1,0,0,60.0,0,0,0,0
23,SCFG,176.1064453125,0,,0,0,0,1,0,0,0,3,0,0,1,0,0,60.0,0,0,0,0
23,SCFG,182.884765625,0,,0,0,0,1,0,0,0,3,0,0,1,0,0,60.0,0,0,0,0
23,SCFG,189.279296875,0,,0,0,0,1,0,0,0,3,0,0,1,0,0,60.0,0,0,0,0
23,SCFG,196.2080078125,0,,1,0,0,1,0,0,0,3,1,0,1,0,0,60.0,0,1,0,0
23,SCFG,202.5185546875,0,,0,0,0,1,0,0,2,3,1,0,1,0,0,5.5263671875,0,0,0,0
23,SCFG,208.0439453125,0,,1,0,0,1,0,0,2,3,1,0,1,0,0,11.0517578125,2,1,0,0
23,SCFG,213.720703125,0,,0,0,0,1,0,0,2,3,1,0,1,0,0,16.728515625,0,0,0,0
23,SCFG,220.181640625,0,,0,0,0,1,0,0,0,3,0,0,1,0,0,23.189453125,0,0,0,0
23,SCFG,226.17578125,0,,0,0,0,1,0,0,0,3,0,0,2,0,0,29.18359375,0,0,0,0
23,SCFG,232.736328125,0,,0,0,0,1,0,0,0,3,0,0,1,0,0,35.744140625,0,0,0,0
23,SCFG,238.3125,0,,0,0,0,1,0,0,0,3,0,0,1,0,0,41.3203125,0,0,0,0
23,SCFG,244.2060546875,0,,0,0,0,1,0,0,0,3,0,0,1,0,0,47.2138671875,0,0,0,0
23,SCFG,250.0322265625,0,,0,0,0,1,0,0,0,3,0,0,1,0,0,53.0400390625,0,0,0,0
23,SCFG,255.2578125,0,,0,0,0,1,0,0,0,3,1,0,1,0,0,58.265625,0,0,0,0
23,SCFG,260.3671875,0,,1,0,0,1,0,0,0,3,1,0,1,0,0,60.0,0,1,0,0
23,SCFG,266.0263671875,0,,0,0,0,1,0,0,2,3,1,0,0,0,0,5.0087890625,0,0,0,0
23,SCFG,271.46875,0,,0,0,0,1,0,0,2,3,1,0,1,0,0,10.451171875,0,0,0,0
23,SCFG,277.0615234375,0,,0,0,0,1,0,0,2,3,1,0,1,0,0,16.0439453125,0,0,0,0
23,SCFG,282.287109375,0,,0,0,0,1,0,0,0,3,1,0,1,0,0,21.26953125,0,0,0,0
23,SCFG,289.232421875,0,,0,0,0,1,0,0,0,3,1,0,1,0,0,28.21484375,0,0,0,0
23,SCFG,295.7607421875,1,0.7509765625,1,0,0,1,0,0,0,3,0,0,1,0,0,34.7431640625,0,0,0,0
23,SCFG,302.72265625,0,,0,0,0,1,0,0,2,3,0,0,1,0,1,6.39453125,0,0,0,0
23,SCFG,307.78125,0,,1,0,0,1,0,0,2,3,0,0,1,0,1,11.453125,2,0,0,0
23,SCFG,314.0244140625,0,,0,0,0,1,0,0,4,3,0,0,1,0,1,5.5419921875,0,0,0,0
23,SCFG,320.2353515625,0,,0,0,0,1,0,0,2,3,0,0,1,0,1,11.7529296875,0,0,0,0
23,SCFG,326.896484375,0,,0,0,0,1,0,0,2,3,0,0,1,0,1,18.4140625,0,0,0,0
23,SCFG,333.541015625,0,,0,0,0,1,0,0,0,3,0,0,1,0,1,25.05859375,0,0,0,0
23,SCFG,340.1025390625,0,,0,0,0,1,0,0,0,3,0,0,1,0,1,31.6201171875,0,0,0,0
23,SCFG,345.4619140625,0,,1,0,0,1,0,0,0,3,0,0,1,0,1,36.9794921875,0,0,0,0
23,SCFG,351.455078125,0,,0,0,0,1,0,0,2,3,0,0,1,0,1,5.4091796875,0,0,0,0
23,SCFG,356.59765625,0,,0,0,0,1,0,0,2,3,0,0,1,0,0,10.5517578125,0,0,0,0
23,SCFG,363.05859375,0,,1,0,0,1,0,0,2,3,0,0,2,0,0,17.0126953125,2,0,0,0
23,SCFG,370.0703125,0,,0,0,0,1,0,0,0,3,0,0,1,0,0,24.0244140625,0,0,0,0
23,SCFG,376.681640625,0,,0,0,0,1,0,0,0,3,3,0,1,0,0,30.6357421875,0,0,0,0
23,SCFG,382.32421875,0,,1,0,0,1,0,0,0,3,5,0,1,0,0,36.2783203125,0,5,0,0
23,SCFG,388.1845703125,0,,0,0,0,1,0,0,0,3,5,0,0,0,0,42.138671875,0,0,0,0
23,SCFG,393.8779296875,0,,0,0,0,1,0,0,0,3,3,0,0,0,0,47.83203125,0,0,0,0
23,SCFG,399.837890625,0,,0,0,0,1,0,0,0,3,3,0,0,0,0,53.7919921875,0,0,0,0
23,SCFG,405.23046875,0,,0,0,0,1,0,0,0,3,2,0,0,0,0,59.1845703125,0,0,0,0
23,SCFG,410.7900390625,0,,0,0,0,1,0,0,0,3,4,0,0,1,0,60.0,0,0,0,0
23,SCFG,417.6845703125,0,,0,0,0,1,0,0,0,3,3,0,0,1,0,60.0,0,0,0,0
23,SCFG,422.7763671875,0,,0,0,0,1,0,0,0,3,3,0,0,1,0,60.0,0,0,0,0
23,SCFG,429.3046875,0,,0,0,0,1,0,0,0,3,2,0,0,1,0,60.0,0,0,0,0
23,SCFG,434.830078125,0,,0,0,0,1,0,0,0,3,1,0,0,0,0,60.0,0,0,0,0
23,SCFG,440.1728515625,0,,0,0,0,1,0,0,0,3,0,0,0,1,0,60.0,0,0,0,0
23,SCFG,445.9326171875,0,,0,0,0,1,0,0,0,3,0,0,0,1,0,60.0,0,0,0,0
23,SCFG,452.2939453125,0,,0,0,0,1,0,0,0,3,0,0,1,1,0,60.0,0,0,0,0
23,SCFG,459.2724609375,0,,0,0,0,1,0,0,0,3,0,0,1,0,0,60.0,0,0,0,0
23,SCFG,464.7978515625,0,,0,0,0,1,0,0,0,3,0,0,1,0,0,60.0,0,0,0,0
23,SCFG,470.4912109375,0,,0,0,0,1,0,0,0,3,0,0,1,0,0,60.0,0,0,0,0
23,SCFG,476.7021484375,0,,0,0,0,1,0,0,0,3,0,0,1,0,0,60.0,0,0,0,0
23,SCFG,481.8271484375,0,,0,0,0,1,0,0,0,3,0,0,1,0,0,60.0,0,0,0,0
23,SCFG,488.8388671875,0,,0,0,0,1,0,0,0,3,0,0,1,0,0,60.0,0,0,0,0
23,SCFG,493.998046875,0,,0,0,0,1,0,0,0,3,0,0,1,0,0,60.0,0,0,0,0
23,SCFG,499.607421875,0,,0,0,0,1,0,0,0,3,0,0,1,0,0,60.0,0,0,0,0
23,SCFG,505.484375,0,,1,0,0,1,0,0,0,3,0,0,2,0,0,60.0,0,0,0,0
23,SCFG,511.3271484375,0,,0,0,0,1,0,0,0,3,0,0,1,0,0,60.0,0,0,0,0
23,SCFG,517.1376953125,0,,0,0,0,1,0,0,0,3,0,0,1,0,0,60.0,0,0,0,0
23,SCFG,522.2958984375,0,,0,0,0,1,0,0,0,3,0,0,1,0,0,60.0,0,0,0,0
23,SCFG,529.2744140625,0,,0,0,0,1,0,0,0,3,0,0,1,0,0,60.0,0,0,0,0
23,SCFG,534.3662109375,0,,1,0,0,1,0,0,0,3,0,0,1,0,0,60.0,0,0,0,0
23,SCFG,541.078125,0,,0,0,0,1,0,0,0,3,0,0,1,0,0,60.0,0,0,0,0
23,SCFG,547.873046875,0,,0,0,0,1,0,0,0,3,0,0,1,0,0,60.0,0,0,0,0
23,SCFG,553.1650390625,0,,1,0,0,1,0,0,2,3,0,0,1,0,0,4.6572265625,2,0,0,0
23,SCFG,558.3076171875,0,,1,0,0,1,0,0,2,3,0,0,1,0,0,9.7998046875,2,0,0,0
23,SCFG,565.0693359375,0,,0,0,0,1,0,0,2,3,0,0,1,0,0,16.5615234375,0,0,0,0
23,SCFG,571.6806640625,0,,0,0,0,1,0,0,0,3,0,0,1,0,0,23.1728515625,0,0,0,0
23,SCFG,578.19140625,0,,0,0,0,1,0,0,2,3,0,0,1,0,0,5.91015625,0,0,0,0
23,SCFG,583.43359375,0,,0,0,0,1,0,0,2,3,0,0,1,0,0,11.15234375,0,0,0,0
23,SCFG,589.6611328125,0,,0,0,0,1,0,0,2,3,0,0,1,0,0,17.3798828125,0,0,0,0
23,SCFG,594.8359375,0,,0,0,0,1,0,0,0,3,0,0,1,0,0,22.5546875,0,0,0,0
23,SCFG,601.630859375,0,,0,0,0,1,0,0,0,3,0,0,1,0,0,29.349609375,0,0,0,0
23,SCFG,608.4931640625,0,,1,0,0,1,0,0,0,3,0,0,1,0,0,36.2119140625,0,0,0,0
23,SCFG,615.12109375,0,,0,0,0,1,0,0,2,3,1,0,1,0,0,6.0439453125,0,0,0,0
23,SCFG,621.498046875,0,,0,0,0,1,0,0,2,3,1,0,1,0,0,12.4208984375,0,0,0,0
23,SCFG,626.640625,0,,0,0,0,1,0,0,2,3,2,0,0,1,1,17.5634765625,0,0,0,0
23,SCFG,632.8505859375,0,,1,0,0,1,0,0,0,3,2,1,0,1,1,23.7734375,0,3,0,0
23,SCFG,638.6611328125,0,,0,0,0,1,0,0,0,3,3,1,0,1,1,29.583984375,0,0,0,0
23,SCFG,644.3876953125,0,,0,0,0,1,0,0,0,3,4,2,0,0,1,35.310546875,0,0,0,0
23,SCFG,649.86328125,0,,0,0,0,1,0,0,0,3,2,2,0,0,1,40.7861328125,0,0,0,0
23,SCFG,656.541015625,0,,0,0,0,1,0,0,0,3,1,1,0,0,1,47.4638671875,0,0,0,0
23,SCFG,661.9169921875,0,,0,0,0,1,0,0,0,3,0,1,0,0,1,52.83984375,0,0,0,0
23,SCFG,667.109375,0,,0,0,0,1,0,0,0,3,0,0,0,0,1,58.0322265625,0,0,0,0
23,SCFG,672.7021484375,0,,0,0,0,1,0,0,0,3,1,0,0,0,1,60.0,0,0,0,0
23,SCFG,678.99609375,0,,1,0,0,1,0,0,0,3,1,0,0,0,1,60.0,0,1,0,0
23,SCFG,684.2890625,0,,0,0,0,1,0,0,0,3,1,0,0,0,1,60.0,0,0,0,0
23,SCFG,689.8818359375,0,,1,0,0,1,0,0,0,3,1,0,0,0,0,60.0,0,1,0,0
23,SCFG,695.57421875,0,,0,0,0,1,0,0,0,3,0,0,1,1,0,60.0,0,0,0,0
23,SCFG,700.7998046875,0,,0,0,0,1,0,0,0,3,0,0,1,1,0,60.0,0,0,0,0
23,SCFG,707.544921875,0,,0,0,0,1,0,0,0,3,0,0,1,1,0,60.0,0,0,0,0
23,SCFG,712.9873046875,0,,0,0,0,1,0,0,0,3,0,0,1,1,0,60.0,0,0,0,0
23,SCFG,718.814453125,0,,0,0,0,1,0,0,0,3,0,0,1,0,0,60.0,0,0,0,0
23,SCFG,725.0576171875,0,,0,0,0,1,0,0,0,3,0,0,1,0,0,60.0,0,0,0,0
23,SCFG,731.369140625,0,,0,0,0,1,0,0,0,3,0,0,1,0,0,60.0,0,0,0,0
23,SCFG,736.64453125,0,,0,0,0,1,0,0,0,3,0,0,1,0,0,60.0,0,0,0,0
23,SCMM,47.6103515625,0,,0,0,0,0,0,1,0,0,0,2,1,0,0,60.0,0,0,0,0
23,SCMM,54.0537109375,0,,0,0,0,0,0,1,0,1,0,2,1,0,0,60.0,0,0,0,0
23,SCMM,60.046875,0,,0,0,0,0,0,1,0,2,0,1,1,0,0,60.0,0,0,0,0
23,SCMM,65.521484375,0,,0,0,0,0,0,1,0,3,0,0,1,0,0,60.0,0,0,0,0
23,SCMM,71.96484375,0,,0,0,0,0,0,1,0,3,0,0,1,0,0,60.0,0,0,0,0
23,SCMM,78.2744140625,0,,0,0,0,0,0,1,0,3,1,0,1,0,0,60.0,0,0,0,0
23,SCMM,85.1357421875,0,,0,0,0,0,0,1,0,3,1,0,1,0,0,60.0,0,0,0,0
23,SCMM,91.62890625,0,,0,0,0,0,0,1,0,3,1,0,1,0,0,60.0,0,0,0,0
23,SCMM,96.8369140625,0,,1,0,0,0,0,1,0,3,0,0,1,0,0,60.0,0,0,0,0
23,SCMM,103.3134765625,0,,0,0,0,0,0,1,2,3,0,0,1,0,0,5.9755859375,0,0,0,0
23,SCMM,109.5732421875,0,,0,0,0,0,0,1,2,3,0,0,1,0,0,12.2353515625,0,0,0,0
23,SCMM,115.765625,0,,0,0,0,0,0,1,2,3,0,1,1,0,0,18.427734375,0,0,0,0
23,SCMM,120.82421875,0,,0,0,0,0,0,1,0,3,1,1,1,0,0,23.486328125,0,0,0,0
23,SCMM,127.0830078125,0,,1,0,0,0,0,1,0,3,1,1,1,0,0,29.7451171875,0,2,0,0
23,SCMM,132.8251953125,0,,0,0,0,0,0,1,2,3,1,0,1,0,0,5.291015625,0,0,0,0
23,SCMM,138.05078125,0,,0,0,0,0,0,1,2,3,0,0,1,0,0,10.5166015625,0,0,0,0
23,SCMM,143.3583984375,0,,0,0,0,0,0,1,2,3,0,0,1,0,0,15.82421875,0,0,0,0
23,SCMM,150.26953125,0,,0,0,0,0,0,1,0,3,0,0,1,0,0,22.7353515625,0,0,0,0
23,SCMM,156.6455078125,0,,0,0,0,0,0,1,0,3,2,0,1,0,0,29.111328125,0,0,0,0
23,SCMM,162.587890625,0,,0,0,0,0,0,1,2,3,2,0,1,0,0,5.224609375,0,0,0,0
23,SCMM,168.59765625,0,,0,0,0,0,0,1,2,3,2,1,1,0,0,11.234375,0,0,0,0
23,SCMM,175.5078125,0,,0,0,0,0,0,1,2,3,0,1,1,0,0,18.14453125,0,0,0,0
23,SCMM,180.9501953125,0,,0,0,0,0,0,1,0,3,0,1,1,0,0,23.5869140625,0,0,0,0
23,SCMM,187.2265625,0,,1,0,0,0,0,1,0,3,0,1,1,0,0,29.86328125,0,1,0,0
23,SCMM,193.8369140625,0,,0,0,0,0,0,1,0,3,1,0,1,0,0,36.4736328125,0,0,0,0
23,SCMM,200.7802734375,0,,0,0,0,0,0,1,0,3,1,0,1,0,0,43.4169921875,0,0,0,0
23,SCMM,206.3056640625,0,,0,0,0,0,0,1,0,3,1,0,1,0,0,48.9423828125,0,0,0,0
23,SCMM,212.5322265625,0,,0,0,0,0,0,1,0,3,0,0,1,0,0,55.1689453125,0,0,0,0
23,SCMM,217.890625,0,,0,0,0,0,0,1,0,3,0,0,1,0,0,60.0,0,0,0,0
23,SCMM,223.7158203125,0,,0,0,0,0,0,1,0,3,0,0,1,0,0,60.0,0,0,0,0
23,SCMM,230.0927734375,0,,0,0,0,0,0,1,0,3,0,0,1,0,0,60.0,0,0,0,0
23,SCMM,235.6171875,0,,0,0,0,0,0,1,0,3,0,0,1,0,0,60.0,0,0,0,0
23,SCMM,241.876953125,0,,0,0,0,0,0,1,0,3,0,0,1,0,0,60.0,0,0,0,0
23,SCMM,248.2373046875,0,,0,0,0,0,0,1,0,3,0,0,1,0,0,60.0,0,0,0,0
23,SCMM,253.4951171875,1,0.78515625,1,0,0,0,0,1,0,3,0,0,1,0,0,60.0,0,0,0,0
23,SCMM,259.3212890625,0,,0,0,0,0,0,1,2,3,0,0,1,0,1,5.2421875,0,0,0,0
23,SCMM,266.0478515625,0,,0,0,0,0,0,1,2,3,0,0,1,0,1,11.96875,0,0,0,0
23,SCMM,272.041015625,0,,0,0,0,0,0,1,2,3,0,0,1,0,1,17.9619140625,0,0,0,0
23,SCMM,278.25,0,,0,0,0,0,0,1,2,3,0,0,1,0,1,5.625,0,0,0,0
23,SCMM,284.3759765625,0,,0,0,0,0,0,1,2,3,0,0,1,0,1,11.7509765625,0,0,0,0
23,SCMM,291.2373046875,0,,0,0,0,0,0,1,2,3,0,0,1,0,1,18.6123046875,0,0,0,0
23,SCMM,296.662109375,0,,0,0,0,0,0,1,0,3,0,0,1,0,1,24.037109375,0,0,0,0
23,SCMM,302.103515625,0,,0,0,0,0,0,1,0,3,0,0,1,0,1,29.478515625,0,0,0,0
23,SCMM,308.8642578125,0,,1,0,0,0,0,1,0,3,0,0,1,0,1,36.2392578125,0,0,0,0
23,SCMM,314.1884765625,0,,1,0,0,0,0,1,0,3,0,0,1,0,1,41.5634765625,0,0,0,0
23,SCMM,320.1982421875,0,,0,0,0,0,0,1,2,3,0,0,2,0,0,5.4921875,0,0,0,0
23,SCMM,326.2412109375,0,,0,0,0,0,0,1,2,3,0,0,1,0,0,11.53515625,0,0,0,0
23,SCMM,332.8681640625,0,,0,0,0,0,0,1,2,3,0,0,1,0,0,18.162109375,0,0,0,0
23,SCMM,339.7451171875,0,,0,0,0,0,0,1,0,3,0,0,1,0,0,25.0390625,0,0,0,0
23,SCMM,344.953125,0,,0,0,0,0,0,1,0,3,0,0,1,0,0,30.2470703125,0,0,0,0
23,SCMM,351.580078125,0,,0,0,0,0,0,1,0,3,0,0,1,0,0,36.8740234375,0,0,0,0
23,SCMM,358.423828125,0,,0,0,0,0,0,1,0,3,0,0,1,0,0,43.7177734375,0,0,0,0
23,SCMM,364.9677734375,0,,0,0,0,0,0,1,0,3,0,0,1,0,0,50.26171875,0,0,0,0
23,SCMM,371.677734375,0,,0,0,0,0,0,1,0,3,0,0,1,0,0,56.9716796875,0,0,0,0
23,SCMM,376.869140625,0,,0,0,0,0,0,1,0,3,2,0,1,0,0,60.0,0,0,0,0
23,SCMM,382.677734375,0,,0,0,0,0,0,1,1,2,3,0,0,0,0,0.80078125,0,0,0,0
23,SCMM,388.0859375,0,,1,0,0,0,0,1,1,2,3,0,0,0,0,6.208984375,1,3,0,0
23,SCMM,394.6630859375,0,,0,0,0,0,0,1,3,2,2,0,0,0,0,6.0595703125,0,0,0,0
23,SCMM,399.7880859375,0,,0,0,0,0,0,1,3,3,0,0,0,0,0,11.1845703125,0,0,0,0
23,SCMM,406.4482421875,0,,1,0,0,0,0,1,2,3,0,0,0,0,0,17.8447265625,2,0,0,0
23,SCMM,411.505859375,0,,0,0,0,0,0,1,0,3,0,0,0,0,0,22.90234375,0,0,0,0
23,SCMM,417.765625,0,,0,0,0,0,0,1,0,3,2,0,0,0,0,29.162109375,0,0,0,0
23,SCMM,424.0751953125,0,,0,0,0,0,0,1,0,3,2,0,0,0,0,35.4716796875,0,0,0,0
23,SCMM,430.0673828125,0,,0,0,0,0,0,1,0,3,2,0,0,0,0,41.4638671875,0,0,0,0
23,SCMM,435.6767578125,0,,0,0,0,0,0,1,0,3,2,0,0,0,0,47.0732421875,0,0,0,0
23,SCMM,441.16796875,0,,0,0,0,0,0,1,0,3,0,0,0,0,0,52.564453125,0,0,0,0
23,SCMM,447.5615234375,0,,0,0,0,0,0,1,0,3,0,0,0,0,0,58.9580078125,0,0,0,0
23,SCMM,452.703125,0,,0,0,0,0,0,1,0,3,0,0,1,0,0,60.0,0,0,0,0
23,SCMM,459.1123046875,0,,0,0,0,0,0,1,0,3,0,1,1,0,0,60.0,0,0,0,0
23,SCMM,465.0380859375,0,,0,0,0,0,0,1,0,3,0,1,1,0,0,60.0,0,0,0,0
23,SCMM,470.1630859375,0,,0,0,0,0,0,1,0,3,0,1,1,0,0,60.0,0,0,0,0
23,SCMM,476.873046875,0,,0,0,0,0,0,1,0,3,1,0,1,0,0,60.0,0,0,0,0
23,SCMM,483.283203125,0,,0,0,0,0,0,1,0,3,1,0,1,0,0,60.0,0,0,0,0
23,SCMM,490.244140625,0,,0,0,0,0,0,1,0,3,1,0,1,0,0,60.0,0,0,0,0
23,SCMM,497.2216796875,0,,0,0,0,0,0,1,0,3,1,0,1,0,0,60.0,0,0,0,0
23,SCMM,502.7470703125,0,,0,0,0,0,0,1,0,3,1,0,1,0,0,60.0,0,0,0,0
23,SCMM,507.8046875,0,,0,0,0,0,0,1,0,3,1,0,1,0,0,60.0,0,0,0,0
23,SCMM,513.8974609375,0,,1,0,0,0,0,1,0,3,1,0,1,0,0,60.0,0,1,0,0
23,SCMM,520.5576171875,0,,0,0,0,0,0,1,2,3,0,0,1,0,0,6.04296875,0,0,0,0
23,SCMM,527.5849609375,0,,0,0,0,0,0,1,2,3,0,0,1,0,0,13.0703125,0,0,0,0
23,SCMM,534.5126953125,0,,0,0,0,0,0,1,2,3,0,2,1,0,0,19.998046875,0,0,0,0
23,SCMM,539.9375,0,,0,0,0,0,0,1,0,3,0,2,1,0,0,25.4228515625,0,0,0,0
23,SCMM,546.9482421875,0,,1,0,0,0,0,1,0,3,1,2,2,0,0,32.43359375,0,3,0,0
23,SCMM,552.857421875,0,,0,0,0,0,0,1,2,3,1,1,1,0,0,5.2080078125,0,0,0,0
23,SCMM,559.818359375,0,,0,0,0,0,0,1,2,3,1,0,1,0,0,12.1689453125,0,0,0,0
23,SCMM,566.76171875,0,,1,0,0,0,0,1,2,3,0,0,1,0,0,19.1123046875,2,0,0,0
23,SCMM,572.654296875,0,,0,0,0,0,0,1,2,3,0,0,1,0,0,5.107421875,0,0,0,0
23,SCMM,578.9638671875,0,,0,0,0,0,0,1,4,3,0,0,1,0,0,5.625,0,0,0,0
23,SCMM,584.22265625,0,,0,0,0,0,0,1,4,3,0,0,1,0,0,10.8837890625,0,0,0,0
23,SCMM,589.8642578125,0,,0,0,0,0,0,1,2,3,0,0,1,0,0,16.525390625,0,0,0,0
23,SCMM,595.0390625,0,,0,0,0,0,0,1,0,3,0,0,1,0,0,21.7001953125,0,0,0,0
23,SCMM,601.298828125,0,,0,0,0,0,0,1,0,3,0,0,1,0,0,27.9599609375,0,0,0,0
23,SCMM,607.9755859375,0,,0,0,0,0,0,1,0,3,0,0,1,0,0,34.63671875,0,0,0,0
23,SCMM,613.6015625,0,,0,0,0,0,0,1,0,3,0,0,1,0,0,40.2626953125,0,0,0,0
23,SCMM,620.6123046875,0,,1,0,0,0,0,1,0,3,0,0,1,0,0,47.2734375,0,0,0,0
23,SCMM,626.1201171875,0,,0,0,0,0,0,1,0,3,2,0,0,0,0,52.78125,0,0,0,0
23,SCMM,631.9462890625,0,,0,0,0,0,0,1,0,3,2,1,0,0,0,58.607421875,0,0,0,0
23,SCMM,637.98828125,0,,0,0,0,0,0,1,0,3,2,1,0,0,0,60.0,0,0,0,0
23,SCMM,644.0810546875,0,,1,0,0,0,0,1,0,3,1,1,0,0,0,60.0,0,2,0,0
23,SCMM,649.990234375,0,,0,0,0,0,0,1,0,3,0,0,0,0,0,60.0,0,0,0,0
23,SCMM,656.9345703125,0,,0,0,0,0,0,1,0,3,0,0,0,0,0,60.0,0,0,0,0
23,SCMM,662.810546875,0,,0,0,0,0,0,1,0,3,0,0,0,0,0,60.0,0,0,0,0
23,SCMM,667.91796875,0,,0,0,0,0,0,1,0,3,2,0,0,0,0,60.0,0,0,0,0
23,SCMM,674.8125,0,,0,0,0,0,0,1,0,3,3,0,0,0,0,60.0,0,0,0,0
23,SCMM,680.00390625,0,,0,0,0,0,0,1,0,3,3,0,0,0,0,60.0,0,0,0,0
23,SCMM,686.697265625,0,,1,0,0,0,0,1,2,3,1,0,0,0,0,5.7919921875,2,1,0,0
23,SCMM,693.056640625,0,,0,0,0,0,0,1,2,3,0,0,1,0,0,12.1513671875,0,0,0,0
23,SCMM,698.666015625,0,,0,0,0,0,0,1,2,3,0,0,1,0,0,17.7607421875,0,0,0,0
23,SCMM,705.4091796875,0,,0,0,0,0,0,1,0,3,0,0,1,0,0,24.50390625,0,0,0,0
23,SCMM,711.5859375,0,,0,0,0,0,0,1,0,3,0,0,1,0,0,30.6806640625,0,0,0,0
23,SCMM,717.9619140625,0,,0,0,0,0,0,1,0,3,0,0,1,0,0,37.056640625,0,0,0,0
23,SCMM,724.2548828125,0,,0,0,0,0,0,1,0,3,0,0,1,0,0,43.349609375,0,0,0,0
23,SCMM,730.6484375,0,,1,0,0,0,0,1,0,3,0,0,1,0,0,49.7431640625,0,0,0,0
23,SCMM,736.2900390625,0,,0,0,0,0,0,1,2,3,0,0,1,0,0,5.0068359375,0,0,0,0
23,SCSB,67.8017578125,0,,1,0,1,0,1,0,0,0,0,1,0,0,0,60.0,0,1,0,1
23,SCSB,74.7978515625,0,,0,0,1,0,1,0,0,1,0,1,1,1,0,60.0,0,0,0,1
23,SCSB,80.5576171875,0,,0,0,1,0,1,0,2,2,0,1,1,1,0,5.05859375,0,0,2,1
23,SCSB,86.90234375,0,,0,0,1,0,1,0,2,3,0,0,1,1,0,11.4033203125,0,0,2,0
23,SCSB,93.6640625,0,,0,0,1,0,1,0,2,3,0,0,1,0,0,18.1650390625,0,0,2,0
23,SCSB,99.8076171875,0,,0,0,1,0,1,0,0,3,0,0,1,0,0,24.30859375,0,0,0,0
23,SCSB,106.6201171875,0,,0,0,1,0,1,0,0,3,0,0,1,0,0,31.12109375,0,0,0,0
23,SCSB,113.1982421875,0,,0,0,1,0,1,0,0,3,0,0,1,0,0,37.69921875,0,0,0,0
23,SCSB,118.4736328125,0,,0,0,1,0,1,0,0,3,0,0,1,0,0,42.974609375,0,0,0,0
23,SCSB,124.4013671875,0,,0,0,1,0,1,0,0,3,0,0,1,0,0,48.90234375,0,0,0,0
23,SCSB,129.509765625,0,,0,0,1,0,1,0,0,3,0,0,1,0,0,54.0107421875,0,0,0,0
23,SCSB,134.619140625,0,,0,0,1,0,1,0,0,3,0,0,1,0,0,59.1201171875,0,0,0,0
23,SCSB,141.447265625,0,,0,0,1,0,1,0,0,3,1,0,1,0,0,60.0,0,0,0,1
23,SCSB,148.0595703125,0,,0,0,1,0,1,0,0,3,1,0,1,0,0,60.0,0,0,0,1
23,SCSB,153.2685546875,0,,0,0,1,0,1,0,0,3,1,0,1,0,0,60.0,0,0,0,1
23,SCSB,159.228515625,0,,0,0,1,0,1,0,1,3,1,1,1,1,0,5.125,0,0,1,2
23,SCSB,166.1572265625,0,,0,0,1,0,1,0,1,3,0,1,1,2,0,12.0537109375,0,0,1,1
23,SCSB,171.283203125,0,,0,0,1,0,1,0,1,3,0,1,2,2,0,17.1796875,0,0,1,1
23,SCSB,177.126953125,0,,1,0,1,0,1,0,0,3,0,0,1,1,0,23.0234375,0,0,0,0
23,SCSB,182.21875,0,,0,0,1,0,1,0,2,3,0,0,1,1,0,4.4580078125,0,0,2,0
23,SCSB,187.6279296875,0,,0,0,1,0,1,0,2,3,0,0,1,0,0,9.8671875,0,0,2,0
23,SCSB,193.1884765625,0,,0,0,1,0,1,0,2,3,0,1,1,1,0,15.427734375,0,0,2,1
23,SCSB,198.4306640625,0,,0,0,1,0,1,0,0,3,0,2,1,1,0,20.669921875,0,0,0,2
23,SCSB,204.5078125,0,,0,0,1,0,1,0,0,3,0,2,1,1,0,26.7470703125,0,0,0,2
23,SCSB,210.501953125,0,,0,0,1,0,1,0,0,3,0,2,1,2,0,32.7412109375,0,0,0,2
23,SCSB,217.1962890625,0,,0,0,1,0,1,0,0,3,1,1,1,1,0,39.435546875,0,0,0,2
23,SCSB,224.142578125,0,,0,0,1,0,1,0,0,3,1,0,1,1,0,46.3818359375,0,0,0,1
23,SCSB,230.853515625,0,,0,0,1,0,1,0,0,3,1,0,1,1,0,53.0927734375,0,0,0,1
23,SCSB,237.33203125,0,,0,0,1,0,1,0,0,3,0,0,1,2,0,59.5712890625,0,0,0,0
23,SCSB,243.6259765625,0,,1,0,1,0,1,0,0,3,0,0,1,3,0,60.0,0,0,0,0
23,SCSB,249.9208984375,0,,0,0,1,0,1,0,0,3,0,0,1,3,0,60.0,0,0,0,0
23,SCSB,256.916015625,0,,0,0,1,0,1,0,0,3,0,0,1,2,0,60.0,0,0,0,0
23,SCSB,263.4775390625,0,,0,0,1,0,1,0,0,3,0,0,1,1,0,60.0,0,0,0,0
23,SCSB,269.9892578125,0,,0,0,1,0,1,0,0,3,0,0,1,0,0,60.0,0,0,0,0
23,SCSB,276.9345703125,0,,1,0,1,0,1,0,0,3,0,0,1,0,0,60.0,0,0,0,0
23,SCSB,281.9931640625,0,,0,0,1,0,1,0,0,3,0,0,1,0,0,60.0,0,0,0,0
23,SCSB,287.4365234375,0,,0,0,1,0,1,0,0,3,0,0,1,0,0,60.0,0,0,0,0
23,SCSB,293.3798828125,0,,0,0,1,0,1,0,0,3,0,0,1,0,0,60.0,0,0,0,0
23,SCSB,300.025390625,0,,0,0,1,0,1,0,0,3,0,0,1,0,0,60.0,0,0,0,0
23,SCSB,305.634765625,0,,0,0,1,0,1,0,0,3,0,0,1,0,0,60.0,0,0,0,0
23,SCSB,310.810546875,0,,0,0,1,0,1,0,0,3,0,1,1,1,0,60.0,0,0,0,1
23,SCSB,317.0380859375,0,,0,0,1,0,1,0,0,3,0,1,1,1,0,60.0,0,0,0,1
23,SCSB,323.33203125,0,,0,0,1,0,1,0,0,3,0,1,1,2,0,60.0,0,0,0,1
23,SCSB,329.9443359375,0,,0,0,1,0,1,0,0,3,0,1,1,1,0,60.0,0,0,0,1
23,SCSB,335.5703125,0,,0,0,1,0,1,0,0,3,0,0,1,1,0,60.0,0,0,0,0
23,SCSB,341.931640625,0,,0,0,1,0,1,0,0,3,0,0,1,0,0,60.0,0,0,0,0
23,SCSB,347.1904296875,0,,0,0,1,0,1,0,0,3,0,0,1,0,0,60.0,0,0,0,0
23,SCSB,354.119140625,0,,0,0,1,0,1,0,0,3,0,1,1,1,0,60.0,0,0,0,1
23,SCSB,361.0986328125,0,,1,0,1,0,1,0,0,3,0,1,1,2,0,60.0,0,1,0,1
23,SCSB,367.9267578125,0,,0,0,1,0,1,0,2,3,0,1,1,1,0,6.1435546875,0,0,2,1
23,SCSB,374.939453125,0,,0,0,1,0,1,0,2,2,0,0,1,1,0,13.15625,0,0,2,0
23,SCSB,381.6005859375,0,,0,0,1,0,1,0,2,3,0,0,1,0,0,19.8173828125,0,0,2,0
23,SCSB,388.029296875,0,,0,0,1,0,1,0,0,3,0,0,1,0,0,26.24609375,0,0,0,0
23,SCSB,393.6552734375,0,,1,0,1,0,1,0,0,3,0,0,1,0,0,31.8720703125,0,0,0,0
23,SCSB,399.365234375,0,,0,0,1,0,1,0,0,3,0,0,1,0,0,37.58203125,0,0,0,0
23,SCSB,406.02734375,0,,0,0,1,0,1,0,0,3,0,0,1,0,0,44.244140625,0,0,0,0
23,SCSB,412.1875,0,,0,0,1,0,1,0,0,3,0,0,1,0,0,50.404296875,0,0,0,0
23,SCSB,417.8642578125,0,,0,0,1,0,1,0,0,3,1,0,1,0,0,56.0810546875,0,0,0,1
23,SCSB,423.1904296875,0,,1,0,1,0,1,0,0,3,1,0,1,0,0,60.0,0,1,0,1
23,SCSB,428.232421875,0,,0,0,1,0,1,0,0,3,1,0,1,0,0,60.0,0,0,0,1
23,SCSB,434.5439453125,0,,1,0,1,0,1,0,0,3,2,0,1,0,0,60.0,0,2,0,2
23,SCSB,440.50390625,0,,0,0,1,0,1,0,0,3,2,1,1,1,0,60.0,0,0,0,3
23,SCSB,445.7294921875,0,,0,0,1,0,1,0,0,3,2,1,0,1,0,60.0,0,0,0,3
23,SCSB,451.890625,0,,0,0,1,0,1,0,0,3,2,1,0,1,0,60.0,0,0,0,3
23,SCSB,458.6357421875,0,,1,0,1,0,1,0,0,3,0,0,0,1,0,60.0,0,0,0,0
23,SCSB,464.9462890625,0,,0,0,1,0,1,0,2,3,0,0,0,1,0,5.5087890625,0,0,2,0
23,SCSB,471.2080078125,0,,0,0,1,0,1,0,2,3,0,0,0,1,0,11.7705078125,0,0,2,0
23,SCSB,477.1181640625,0,,1,0,1,0,1,0,2,3,1,0,0,0,0,17.6806640625,2,1,2,1
23,SCSB,483.111328125,0,,0,0,1,0,1,0,0,3,2,0,0,0,0,23.673828125,0,0,0,2
23,SCSB,490.0234375,0,,0,0,1,0,1,0,0,3,2,0,0,0,0,30.5859375,0,0,0,2
23,SCSB,495.2998046875,0,,0,0,1,0,1,0,0,3,2,0,0,0,0,35.8623046875,0,0,0,2
23,SCSB,500.4921875,0,,0,0,1,0,1,0,0,3,0,0,0,0,0,41.0546875,0,0,0,0
23,SCSB,506.88671875,0,,0,0,1,0,1,0,0,3,0,0,0,0,0,47.44921875,0,0,0,0
23,SCSB,512.3291015625,0,,0,0,1,0,1,0,0,3,0,1,1,1,0,52.8916015625,0,0,0,1
23,SCSB,517.671875,0,,1,0,1,0,1,0,0,3,0,1,1,2,0,58.234375,0,1,0,1
23,SCSB,523.666015625,0,,0,0,1,0,1,0,0,3,0,1,1,2,0,60.0,0,0,0,1
23,SCSB,530.0439453125,0,,0,0,1,0,1,0,0,3,0,1,1,2,0,60.0,0,0,0,1
23,SCSB,536.087890625,0,,0,0,1,0,1,0,0,3,0,0,1,0,0,60.0,0,0,0,0
23,SCSB,543.1171875,0,,0,0,1,0,1,0,0,3,0,0,1,0,0,60.0,0,0,0,0
23,SCSB,548.4091796875,0,,0,0,1,0,1,0,0,3,0,0,1,0,0,60.0,0,0,0,0
23,SCSB,554.1865234375,0,,0,0,1,0,1,0,0,3,0,0,1,0,0,60.0,0,0,0,0
23,SCSB,561.0478515625,0,,0,0,1,0,1,0,0,3,0,0,1,0,0,60.0,0,0,0,0
23,SCSB,566.291015625,0,,0,0,1,0,1,0,0,3,0,0,1,0,0,60.0,0,0,0,0
23,SCSB,572.3515625,0,,0,0,1,0,1,0,0,3,0,1,1,1,0,60.0,0,0,0,1
23,SCSB,578.1611328125,0,,0,0,1,0,1,0,0,3,0,1,1,2,0,60.0,0,0,0,1
23,SCSB,584.65625,0,,1,0,1,0,1,0,0,3,0,1,1,2,0,60.0,0,1,0,1
23,SCSB,590.349609375,0,,0,0,1,0,1,0,0,3,0,0,1,1,0,60.0,0,0,0,0
23,SCSB,597.3779296875,0,,1,0,1,0,1,0,0,3,0,0,1,0,0,60.0,0,0,0,0
23,SCSB,603.3388671875,0,,0,0,1,0,1,0,0,3,0,0,1,0,0,60.0,0,0,0,0
23,SCSB,610.3173828125,0,,0,0,1,0,1,0,0,3,0,0,1,0,0,60.0,0,0,0,0
23,SCSB,615.7939453125,0,,0,0,1,0,1,0,0,3,1,0,1,0,0,60.0,0,0,0,1
23,SCSB,621.87109375,0,,0,0,1,0,1,0,0,3,1,0,1,0,0,60.0,0,0,0,1
23,SCSB,627.3974609375,0,,0,0,1,0,1,0,0,3,1,0,1,0,0,60.0,0,0,0,1
23,SCSB,634.359375,0,,0,0,1,0,1,0,0,3,1,0,1,0,0,60.0,0,0,0,1
23,SCSB,639.4521484375,0,,1,0,1,0,1,0,0,3,0,0,1,0,0,60.0,0,0,0,0
23,SCSB,644.8779296875,0,,0,0,1,0,1,0,2,3,0,0,1,0,0,4.8583984375,0,0,2,0
23,SCSB,651.7734375,0,,1,0,1,0,1,0,2,3,0,0,1,0,0,11.75390625,2,0,2,0
23,SCSB,658.65234375,0,,0,0,1,0,1,0,2,3,0,0,1,0,0,18.6328125,0,0,2,0
23,SCSB,664.595703125,0,,0,0,1,0,1,0,0,3,0,0,1,0,0,24.576171875,0,0,0,0
23,SCSB,671.07421875,0,,0,0,1,0,1,0,0,3,0,1,1,1,0,31.0546875,0,0,0,1
23,SCSB,677.1015625,0,,0,0,1,0,1,0,0,3,0,3,1,1,0,37.08203125,0,0,0,3
23,SCSB,682.9609375,0,,0,0,1,0,1,0,0,3,0,3,1,1,0,42.94140625,0,0,0,3
23,SCSB,688.705078125,0,,0,0,1,0,1,0,0,3,0,3,1,2,0,48.685546875,0,0,0,3
23,SCSB,695.5166015625,0,,0,0,1,0,1,0,0,3,0,1,1,2,0,55.4970703125,0,0,0,1
23,SCSB,701.828125,0,,0,0,1,0,1,0,0,3,1,1,1,2,0,60.0,0,0,0,2
23,SCSB,707.587890625,0,,1,0,1,0,1,0,0,3,1,1,0,1,0,60.0,0,2,0,2
23,SCSB,712.9140625,0,,0,0,1,0,1,0,2,3,1,1,0,0,0,4.5419921875,0,0,2,2
23,SCSB,718.9912109375,0,,0,0,1,0,1,0,2,3,0,0,0,0,0,10.619140625,0,0,2,0
23,SCSB,724.6845703125,0,,0,0,1,0,1,0,2,3,0,0,0,0,0,16.3125,0,0,2,0
23,SCSB,731.2958984375,0,,0,0,1,0,1,0,0,3,0,0,0,0,0,22.923828125,0,0,0,0
23,SCSB,737.072265625,0,,0,0,1,0,1,0,0,3,0,0,0,0,0,28.7001953125,0,0,0,0
23,SCSB,742.9326171875,0,,1,0,1,0,1,0,0,3,0,0,0,0,0,34.560546875,0,0,0,0
23,SCSB,748.54296875,0,,1,0,1,0,1,0,2,3,0,0,0,0,0,4.92578125,2,0,2,0
23,SCSB,754.7197265625,0,,0,0,1,0,1,0,2,3,0,0,0,0,0,11.1025390625,0,0,2,0
23,SCSB,761.28125,0,,0,0,1,0,1,0,2,3,0,0,0,0,0,17.6640625,0,0,2,0
23,SCSB,767.576171875,0,,0,0,1,0,1,0,0,3,0,0,0,1,0,23.958984375,0,0,0,0
23,SCSB,773.0693359375,0,,0,0,1,0,1,0,0,3,0,1,1,2,0,29.4521484375,0,0,0,1
23,SCSB,778.26171875,0,,0,0,1,0,1,0,0,3,0,2,1,2,0,34.64453125,0,0,0,2
23,SCSB,784.755859375,0,,0,0,1,0,1,0,0,3,0,3,1,2,0,41.138671875,0,0,0,3
23,SCSB,790.2822265625,0,,0,0,1,0,1,0,0,3,0,3,1,1,0,46.6650390625,0,0,0,3
23,SCSB,795.625,0,,0,0,1,0,1,0,0,3,0,2,1,0,0,52.0078125,0,0,0,2
23,SCSB,802.62109375,0,,0,0,1,0,1,0,0,3,0,0,1,1,0,59.00390625,0,0,0,0
23,SCSG,46.4345703125,0,,0,0,0,0,1,0,0,0,0,1,0,0,0,60.0,0,0,0,0
23,SCSG,52.2275390625,0,,0,0,0,0,1,0,0,1,0,1,0,0,0,60.0,0,0,0,0
23,SCSG,58.0859375,0,,0,0,0,0,1,0,0,2,0,1,1,0,0,60.0,0,0,0,0
23,SCSG,63.177734375,0,,1,0,0,0,1,0,0,3,1,1,1,0,0,60.0,0,2,0,0
23,SCSG,69.537109375,0,,0,0,0,0,1,0,2,3,1,0,1,0,0,5.775390625,0,0,0,0
23,SCSG,74.779296875,0,,1,0,0,0,1,0,2,3,1,0,1,0,0,11.017578125,2,1,0,0
23,SCSG,80.6044921875,0,,0,0,0,0,1,0,2,3,1,0,1,0,0,16.8427734375,0,0,0,0
23,SCSG,86.9140625,0,,0,0,0,0,1,0,0,3,1,0,1,0,0,23.15234375,0,0,0,0
23,SCSG,92.3896484375,0,,0,0,0,0,1,0,0,3,1,0,1,0,0,28.6279296875,0,0,0,0
23,SCSG,98.6162109375,0,,0,0,0,0,1,0,0,3,1,0,1,0,0,34.8544921875,0,0,0,0
23,SCSG,105.3095703125,0,,0,0,0,0,1,0,0,3,0,0,1,0,0,41.5478515625,0,0,0,0
23,SCSG,111.953125,0,,0,0,0,0,1,0,0,3,0,0,1,0,0,48.19140625,0,0,0,0
23,SCSG,117.37890625,0,,0,0,0,0,1,0,0,3,0,0,1,0,0,53.6171875,0,0,0,0
23,SCSG,124.3564453125,0,,0,0,0,0,1,0,0,3,0,0,1,0,0,60.0,0,0,0,0
23,SCSG,130.1484375,0,,0,0,0,0,1,0,0,3,0,0,1,0,0,60.0,0,0,0,0
23,SCSG,135.9404296875,0,,0,0,0,0,1,0,0,3,0,0,1,1,0,60.0,0,0,0,0
23,SCSG,141.81640625,0,,0,0,0,0,1,0,0,3,0,0,1,1,0,60.0,0,0,0,0
23,SCSG,148.2431640625,0,,0,0,0,0,1,0,0,3,0,0,1,1,0,60.0,0,0,0,0
23,SCSG,153.30078125,0,,0,0,0,0,1,0,0,3,0,0,1,1,0,60.0,0,0,0,0
23,SCSG,159.6943359375,0,,1,0,0,0,1,0,0,3,0,0,1,0,0,60.0,0,0,0,0
23,SCSG,166.37109375,0,,1,0,0,0,1,0,0,3,0,0,1,0,0,60.0,0,0,0,0
23,SCSG,173.33203125,0,,0,0,0,0,1,0,0,3,0,0,1,0,0,60.0,0,0,0,0
23,SCSG,179.892578125,0,,0,0,0,0,1,0,0,3,0,0,1,0,0,60.0,0,0,0,0
23,SCSG,185.267578125,0,,0,0,0,0,1,0,0,3,0,0,1,0,0,60.0,0,0,0,0
23,SCSG,191.4599609375,0,,0,0,0,0,1,0,0,3,0,0,1,0,0,60.0,0,0,0,0
23,SCSG,198.1708984375,0,,0,0,0,0,1,0,0,3,0,0,1,0,0,60.0,0,0,0,0
23,SCSG,204.0302734375,0,,1,0,0,0,1,0,0,3,0,0,1,0,0,60.0,0,0,0,0
23,SCSG,209.4716796875,0,,1,0,0,0,1,0,2,3,0,0,1,0,0,4.9072265625,2,0,0,0
23,SCSG,215.3642578125,0,,0,0,0,0,1,0,2,3,0,0,1,0,0,10.7998046875,0,0,0,0
23,SCSG,221.70703125,0,,0,0,0,0,1,0,2,3,0,0,1,0,0,17.142578125,0,0,0,0
23,SCSG,227.783203125,0,,1,0,0,0,1,0,0,3,0,0,1,0,0,23.21875,0,0,0,0
23,SCSG,233.392578125,0,,1,0,0,0,1,0,0,3,0,0,1,0,0,28.828125,0,0,0,0
23,SCSG,239.71875,0,,0,0,0,0,1,0,0,3,0,0,1,0,0,35.154296875,0,0,0,0
23,SCSG,245.2275390625,0,,0,0,0,0,1,0,2,3,1,0,1,0,0,4.974609375,0,0,0,0
23,SCSG,251.1865234375,0,,0,0,0,0,1,0,2,3,1,0,1,0,0,10.93359375,0,0,0,0
23,SCSG,256.87890625,0,,0,0,0,0,1,0,2,3,1,0,1,0,0,16.6259765625,0,0,0,0
23,SCSG,262.25390625,0,,0,0,0,0,1,0,0,3,0,0,1,0,0,22.0009765625,0,0,0,0
23,SCSG,268.1298828125,0,,0,0,0,0,1,0,0,3,0,0,1,0,0,27.876953125,0,0,0,0
23,SCSG,274.7734375,0,,1,0,0,0,1,0,0,3,0,0,1,0,0,34.5205078125,0,0,0,0
23,SCSG,280.8330078125,0,,0,0,0,0,1,0,0,3,1,0,1,0,0,40.580078125,0,0,0,0
23,SCSG,286.625,0,,0,0,0,0,1,0,0,3,1,0,1,0,0,46.3720703125,0,0,0,0
23,SCSG,292.30078125,0,,0,0,0,0,1,0,0,3,1,0,1,0,0,52.0478515625,0,0,0,0
23,SCSG,298.52734375,0,,1,0,0,0,1,0,0,3,0,0,1,0,0,58.2744140625,0,0,0,0
23,SCSG,303.8017578125,0,,0,0,0,0,1,0,2,3,1,0,1,0,0,4.70703125,0,0,0,0
23,SCSG,308.943359375,0,,0,0,0,0,1,0,2,3,1,0,1,0,0,9.8486328125,0,0,0,0
23,SCSG,315.7373046875,0,,0,0,0,0,1,0,2,3,1,0,1,0,0,16.642578125,0,0,0,0
23,SCSG,321.0283203125,0,,0,0,0,0,1,0,0,3,0,0,1,0,0,21.93359375,0,0,0,0
23,SCSG,328.0224609375,0,,0,0,0,0,1,0,0,3,0,0,2,0,0,28.927734375,0,0,0,0
23,SCSG,335.05078125,0,,0,0,0,0,1,0,0,3,0,0,1,0,0,35.9560546875,0,0,0,0
23,SCSG,340.5751953125,0,,0,0,0,0,1,0,0,3,1,0,1,0,0,41.48046875,0,0,0,0
23,SCSG,346.6015625,0,,0,0,0,0,1,0,0,3,1,0,1,0,0,47.5068359375,0,0,0,0
23,SCSG,353.3291015625,0,,1,0,0,0,1,0,0,3,1,0,1,0,0,54.234375,0,1,0,0
23,SCSG,359.8720703125,0,,1,0,0,0,1,0,0,3,0,0,1,0,0,60.0,0,0,0,0
23,SCSG,365.6982421875,0,,1,0,0,0,1,0,0,3,0,0,1,0,0,60.0,0,0,0,0
23,SCSG,372.1416015625,0,,0,0,0,0,1,0,0,3,0,0,1,0,0,60.0,0,0,0,0
23,SCSG,377.966796875,0,,0,0,0,0,1,0,2,3,0,0,1,0,0,5.0244140625,0,0,0,0
23,SCSG,383.208984375,0,,1,0,0,0,1,0,2,3,0,0,1,0,0,10.2666015625,2,0,0,0
23,SCSG,389.41796875,0,,1,0,0,0,1,0,2,3,2,0,0,0,0,16.4755859375,2,2,0,0
23,SCSG,395.5947265625,0,,1,0,0,0,1,0,0,3,2,0,0,0,0,22.65234375,0,2,0,0
23,SCSG,401.0693359375,0,,0,0,0,0,1,0,0,3,2,0,0,0,0,28.126953125,0,0,0,0
23,SCSG,407.36328125,0,,0,0,0,0,1,0,0,3,0,0,0,0,0,34.4208984375,0,0,0,0
23,SCSG,412.4208984375,0,,1,0,0,0,1,0,0,3,1,0,0,0,0,39.478515625,0,1,0,0
23,SCSG,417.62890625,0,,0,0,0,0,1,0,0,3,1,0,0,0,0,44.6865234375,0,0,0,0
23,SCSG,423.4375,0,,0,0,0,0,1,0,0,3,1,0,0,0,0,50.4951171875,0,0,0,0
23,SCSG,430.365234375,0,,0,0,0,0,1,0,0,3,2,0,0,0,0,57.4228515625,0,0,0,0
23,SCSG,436.0908203125,0,,0,0,0,0,1,0,0,3,1,0,0,0,0,60.0,0,0,0,0
23,SCSG,442.583984375,0,,0,0,0,0,1,0,0,3,1,0,0,0,0,60.0,0,0,0,0
23,SCSG,449.5615234375,0,,0,0,0,0,1,0,0,3,0,0,0,0,0,60.0,0,0,0,0
23,SCSG,454.8369140625,0,,0,0,0,0,1,0,0,3,0,0,1,0,0,60.0,0,0,0,0
23,SCSG,460.8291015625,0,,0,0,0,0,1,0,0,3,0,0,1,0,0,60.0,0,0,0,0
23,SCSG,465.970703125,0,,0,0,0,0,1,0,0,3,0,0,1,0,0,60.0,0,0,0,0
23,SCSG,471.412109375,0,,1,0,0,0,1,0,0,3,0,0,1,0,0,60.0,0,0,0,0
23,SCSG,477.9560546875,0,,0,0,0,0,1,0,2,3,0,0,1,0,0,5.958984375,0,0,0,0
23,SCSG,483.23046875,0,,0,0,0,0,1,0,2,3,0,0,1,0,0,11.2333984375,0,0,0,0
23,SCSG,489.0068359375,0,,0,0,0,0,1,0,2,3,0,0,1,0,0,17.009765625,0,0,0,0
23,SCSG,495.232421875,0,,0,0,0,0,1,0,0,3,0,0,1,0,0,23.2353515625,0,0,0,0
23,SCSG,500.69140625,0,,0,0,0,0,1,0,0,3,0,0,1,0,0,28.6943359375,0,0,0,0
23,SCSG,506.9677734375,0,,0,0,0,0,1,0,0,3,0,0,1,0,0,34.970703125,0,0,0,0
23,SCSG,513.39453125,0,,1,0,0,0,1,0,0,3,0,0,1,0,0,41.3974609375,0,0,0,0
23,SCSG,519.654296875,0,,0,0,0,0,1,0,2,3,0,0,1,0,0,5.6591796875,0,0,0,0
23,SCSG,525.7138671875,0,,0,0,0,0,1,0,4,3,1,0,1,0,0,5.4423828125,0,0,0,0
23,SCSG,531.9736328125,0,,0,0,0,0,1,0,4,3,1,0,1,0,0,11.7021484375,0,0,0,0
23,SCSG,538.3330078125,0,,1,0,0,0,1,0,2,3,1,0,1,0,0,18.0615234375,2,1,0,0
23,SCSG,544.17578125,0,,1,0,0,0,1,0,2,3,0,0,1,0,0,5.1416015625,2,0,0,0
23,SCSG,549.9013671875,0,,0,0,0,0,1,0,2,3,0,0,0,0,0,10.8671875,0,0,0,0
23,SCSG,556.8115234375,0,,0,0,0,0,1,0,2,3,0,0,1,0,0,17.77734375,0,0,0,0
23,SCSG,563.5390625,0,,1,0,0,0,1,0,0,3,0,0,1,0,0,24.5048828125,0,0,0,0
23,SCSG,568.6640625,0,,0,0,0,0,1,0,0,3,0,0,2,0,0,29.6298828125,0,0,0,0
23,SCSG,575.390625,0,,0,0,0,0,1,0,0,3,0,0,1,0,0,36.3564453125,0,0,0,0
23,SCSG,581.0830078125,0,,0,0,0,0,1,0,0,3,0,0,1,0,0,42.048828125,0,0,0,0
23,SCSG,588.09375,0,,0,0,0,0,1,0,0,3,0,0,2,0,0,49.0595703125,0,0,0,0
23,SCSG,594.7373046875,0,,0,0,0,0,1,0,0,3,0,0,1,0,0,55.703125,0,0,0,0
23,SCSG,600.5966796875,0,,0,0,0,0,1,0,0,3,1,0,1,0,0,60.0,0,0,0,0
23,SCSG,606.505859375,0,,0,0,0,0,1,0,0,3,1,0,1,0,0,60.0,0,0,0,0
23,SCSG,612.8486328125,0,,0,0,0,0,1,0,0,3,1,0,1,0,0,60.0,0,0,0,0
23,SCSG,619.876953125,0,,1,0,0,0,1,0,0,3,2,0,1,0,0,60.0,0,2,0,0
23,SCSG,625.4189453125,0,,0,0,0,0,1,0,0,3,2,0,1,0,0,60.0,0,0,0,0
23,SCSG,631.5947265625,0,,0,0,0,0,1,0,0,3,2,0,1,0,0,60.0,0,0,0,0
23,SCSG,638.138671875,0,,1,0,0,0,1,0,0,3,0,0,1,0,0,60.0,0,0,0,0
23,SCSG,644.798828125,0,,1,0,0,0,1,0,0,3,0,0,1,0,0,60.0,0,0,0,0
23,SCSG,650.0068359375,0,,0,0,0,0,1,0,0,3,0,0,1,0,0,60.0,0,0,0,0
23,SCSG,656.5673828125,0,,0,0,0,0,1,0,0,3,1,0,1,0,0,60.0,0,0,0,0
23,SCSG,662.6259765625,0,,0,0,0,0,1,0,0,3,2,0,1,0,0,60.0,0,0,0,0
23,SCSG,669.0869140625,0,,0,0,0,0,1,0,0,3,2,0,0,0,0,60.0,0,0,0,0
23,SCSG,675.1123046875,0,,0,0,0,0,1,0,0,3,2,0,0,0,0,60.0,0,0,0,0
23,SCSG,681.388671875,0,,0,0,0,0,1,0,0,3,0,0,0,0,0,60.0,0,0,0,0
23,SCSG,687.1142578125,0,,0,0,0,0,1,0,0,3,0,0,0,0,0,60.0,0,0,0,0
23,SCSG,693.875,0,,0,0,0,0,1,0,0,3,0,0,0,0,0,60.0,0,0,0,0
23,SCSG,699.734375,0,,0,0,0,0,1,0,0,3,0,0,0,0,0,60.0,0,0,0,0
23,SCSG,705.7099609375,0,,0,0,0,0,1,0,0,3,1,0,0,0,0,60.0,0,0,0,0
23,SCSG,711.001953125,0,,0,0,0,0,1,0,0,3,1,0,0,0,0,60.0,0,0,0,0
23,SCSG,716.2099609375,0,,1,0,0,0,1,0,0,3,1,0,0,0,0,60.0,0,1,0,0
23,SCSG,721.8857421875,0,,1,0,0,0,1,0,2,3,1,0,0,0,0,4.875,2,1,0,0
23,SCSG,727.41015625,0,,1,0,0,0,1,0,2,3,0,0,0,0,0,10.3994140625,2,0,0,0
23,SCSG,733.26953125,0,,0,0,0,0,1,0,2,3,0,0,1,0,0,16.2587890625,0,0,0,0
23,SCSG,739.9970703125,0,,0,0,0,0,1,0,0,3,0,0,1,0,0,22.986328125,0,0,0,0
23,SCSG,746.189453125,0,,1,0,0,0,1,0,0,3,0,0,1,0,0,29.1787109375,0,0,0,0
23,SCSG,752.6328125,0,,0,0,0,0,1,0,0,3,0,0,1,0,0,35.6220703125,0,0,0,0
23,SCSG,759.59375,0,,0,0,0,0,1,0,0,3,0,0,1,0,0,42.5830078125,0,0,0,0
23,SCSG,766.220703125,0,,0,0,0,0,1,0,2,3,0,0,1,0,0,5.859375,0,0,0,0
24,SCFB,40.6630859375,0,,0,0,1,1,0,0,0,0,0,1,0,1,0,60.0,0,0,0,1
24,SCFB,46.12109375,1,1.001953125,1,0,1,1,0,0,1,1,1,1,0,1,0,4.4404296875,1,2,1,2
24,SCFB,52.23046875,0,,0,0,1,1,0,0,3,2,3,1,1,1,1,5.3251953125,0,0,3,4
24,SCFB,57.5556640625,0,,0,0,1,1,0,0,3,3,3,1,1,1,1,10.650390625,0,0,3,4
24,SCFB,63.2978515625,0,,0,0,1,1,0,0,2,3,2,0,1,0,1,16.392578125,0,0,2,2
24,SCFB,70.041015625,0,,0,0,1,1,0,0,0,3,0,0,1,0,1,23.1357421875,0,0,0,0
24,SCFB,76.568359375,0,,1,0,1,1,0,0,0,3,2,0,1,0,1,29.6630859375,0,2,0,2
24,SCFB,82.0595703125,0,,0,0,1,1,0,0,0,3,3,0,1,0,1,35.154296875,0,0,0,3
24,SCFB,87.201171875,0,,0,0,1,1,0,0,0,3,3,0,0,0,1,40.2958984375,0,0,0,3
24,SCFB,92.4921875,0,,0,0,1,1,0,0,0,3,3,0,1,0,1,45.5869140625,0,0,0,3
24,SCFB,99.2197265625,0,,0,0,1,1,0,0,0,3,2,0,1,0,1,52.314453125,0,0,0,2
24,SCFB,104.4609375,0,,0,0,1,1,0,0,0,3,2,0,1,0,1,57.5556640625,0,0,0,2
24,SCFB,111.1376953125,0,,0,0,1,1,0,0,0,3,2,1,1,1,0,60.0,0,0,0,3
24,SCFB,116.6796875,0,,0,0,1,1,0,0,0,3,1,1,1,1,0,60.0,0,0,0,2
24,SCFB,122.8720703125,0,,0,0,1,1,0,0,0,3,0,1,1,1,0,60.0,0,0,0,1
24,SCFB,129.75,0,,0,0,1,1,0,0,0,3,2,4,1,2,0,60.0,0,0,0,6
24,SCFB,136.4599609375,0,,0,0,1,1,0,0,0,3,4,5,1,1,0,60.0,0,0,0,9
24,SCFB,141.96875,0,,0,0,1,1,0,0,0,3,5,6,1,1,0,60.0,0,0,0,11
24,SCFB,148.26171875,0,,0,0,1,1,0,0,0,3,4,4,1,0,0,60.0,0,0,0,8
24,SCFB,154.00390625,0,,0,0,1,1,0,0,0,3,3,2,1,0,0,60.0,0,0,0,5
24,SCFB,160.8974609375,0,,0,0,1,1,0,0,0,3,1,0,1,0,0,60.0,0,0,0,1
24,SCFB,166.3056640625,0,,1,0,1,1,0,0,0,3,3,0,2,0,0,60.0,0,3,0,3
24,SCFB,172.431640625,0,,0,0,1,1,0,0,2,3,5,1,1,1,0,5.44140625,0,0,2,6
24,SCFB,178.6083984375,0,,1,0,1,1,0,0,2,3,5,2,1,1,0,11.6181640625,2,7,2,7
24,SCFB,185.2353515625,0,,0,0,1,1,0,0,2,3,3,2,2,1,0,18.2451171875,0,0,2,5
24,SCFB,191.2607421875,0,,0,0,1,1,0,0,0,3,1,1,1,1,0,24.2705078125,0,0,0,2
24,SCFB,196.736328125,0,,0,0,1,1,0,0,0,3,0,0,1,1,0,29.74609375,0,0,0,0
24,SCFB,203.529296875,0,,0,0,1,1,0,0,0,3,0,0,1,1,0,36.5390625,0,0,0,0
24,SCFB,210.08984375,0,,0,0,1,1,0,0,0,3,0,0,1,0,0,43.099609375,0,0,0,0
24,SCFB,215.6982421875,0,,1,0,1,1,0,0,0,3,0,0,1,0,0,48.7080078125,0,0,0,0
24,SCFB,221.123046875,0,,0,0,1,1,0,0,0,3,2,0,1,1,0,54.1328125,0,0,0,2
24,SCFB,226.615234375,0,,0,0,1,1,0,0,0,3,2,0,1,1,0,59.625,0,0,0,2
24,SCFB,232.5244140625,1,0.6845703125,1,0,1,1,0,0,0,3,2,0,1,1,0,60.0,0,2,0,2
24,SCFB,238.43359375,0,,0,0,1,1,0,0,2,2,2,0,1,1,1,5.3583984375,0,0,2,2
24,SCFB,245.009765625,0,,1,0,1,1,0,0,2,2,1,0,2,0,1,11.9345703125,2,1,2,1
24,SCFB,250.53515625,0,,0,0,1,1,0,0,4,2,1,0,1,0,1,4.923828125,0,0,4,1
24,SCFB,257.1953125,0,,0,0,1,1,0,0,2,3,0,0,1,1,1,11.583984375,0,0,2,0
24,SCFB,262.537109375,0,,0,0,1,1,0,0,2,3,0,0,1,1,1,16.92578125,0,0,2,0
24,SCFB,267.6279296875,0,,0,0,1,1,0,0,0,3,0,0,1,1,1,22.0166015625,0,0,0,0
24,SCFB,273.353515625,0,,0,0,1,1,0,0,0,3,1,2,1,2,1,27.7421875,0,0,0,3
24,SCFB,278.9794921875,0,,0,0,1,1,0,0,0,3,1,3,1,1,1,33.3681640625,0,0,0,4
24,SCFB,284.6376953125,0,,0,0,1,1,0,0,0,3,1,3,1,1,1,39.0263671875,0,0,0,4
24,SCFB,291.03125,0,,1,0,1,1,0,0,0,3,0,2,1,0,1,45.419921875,0,2,0,2
24,SCFB,296.1220703125,0,,0,0,1,1,0,0,0,3,0,0,1,0,0,50.5107421875,0,0,0,0
24,SCFB,302.431640625,0,,0,0,1,1,0,0,0,3,1,0,1,0,0,56.8203125,0,0,0,1
24,SCFB,307.923828125,0,,0,0,1,1,0,0,2,3,1,0,1,0,0,4.5068359375,0,0,2,1
24,SCFB,314.9345703125,0,,0,0,1,1,0,0,2,3,1,0,1,0,0,11.517578125,0,0,2,1
24,SCFB,320.91015625,0,,0,0,1,1,0,0,2,3,0,0,2,0,0,17.4931640625,0,0,2,0
24,SCFB,327.5205078125,0,,0,0,1,1,0,0,0,3,0,0,1,0,0,24.103515625,0,0,0,0
24,SCFB,333.4794921875,0,,0,0,1,1,0,0,0,3,0,0,1,0,0,30.0625,0,0,0,0
24,SCFB,339.421875,0,,0,0,1,1,0,0,0,3,0,0,1,0,0,36.0048828125,0,0,0,0
24,SCFB,345.4814453125,0,,0,0,1,1,0,0,0,3,0,1,1,0,0,42.064453125,0,0,0,1
24,SCFB,352.07421875,0,,0,0,1,1,0,0,0,3,0,1,1,0,0,48.6572265625,0,0,0,1
24,SCFB,357.19921875,0,,0,0,1,1,0,0,0,3,0,1,1,0,0,53.7822265625,0,0,0,1
24,SCFB,363.2080078125,0,,1,0,1,1,0,0,0,3,0,1,1,0,0,59.791015625,0,1,0,1
24,SCFB,369.2509765625,0,,0,0,1,1,0,0,2,3,0,0,1,0,0,5.2744140625,0,0,2,0
24,SCFB,375.89453125,0,,0,0,1,1,0,0,2,3,0,0,1,0,0,11.91796875,0,0,2,0
24,SCFB,382.85546875,0,,0,0,1,1,0,0,2,3,0,0,1,0,0,18.87890625,0,0,2,0
24,SCFB,389.3818359375,0,,0,0,1,1,0,0,0,3,2,0,1,0,0,25.4052734375,0,0,0,2
24,SCFB,395.44140625,0,,0,0,1,1,0,0,0,3,2,0,1,0,0,31.46484375,0,0,0,2
24,SCFB,402.3515625,0,,1,0,1,1,0,0,0,3,3,0,0,1,0,38.375,0,3,0,3
24,SCFB,408.728515625,0,,1,0,1,1,0,0,0,3,3,0,0,2,0,44.751953125,0,3,0,3
24,SCFB,415.087890625,0,,1,0,1,1,0,0,0,3,2,0,0,2,0,51.111328125,0,2,0,2
24,SCFB,420.3291015625,0,,0,0,1,1,0,0,0,3,1,0,0,2,0,56.3525390625,0,0,0,1
24,SCFB,426.5888671875,0,,0,0,1,1,0,0,0,3,1,0,0,0,0,60.0,0,0,0,1
24,SCFB,433.3994140625,0,,0,0,1,1,0,0,0,3,2,0,0,0,0,60.0,0,0,0,2
24,SCFB,439.5595703125,0,,0,0,1,1,0,0,0,3,3,0,0,1,0,60.0,0,0,0,3
24,SCFB,445.017578125,0,,0,0,1,1,0,0,0,3,5,0,0,2,0,60.0,0,0,0,5
24,SCFB,450.5595703125,0,,0,0,1,1,0,0,0,3,3,0,0,2,0,60.0,0,0,0,3
24,SCFB,457.236328125,0,,0,0,1,1,0,0,0,3,2,0,0,1,0,60.0,0,0,0,2
24,SCFB,462.728515625,0,,0,0,1,1,0,0,0,3,0,0,1,0,0,60.0,0,0,0,0
24,SCFB,469.705078125,0,,0,0,1,1,0,0,0,3,0,0,1,0,0,60.0,0,0,0,0
24,SCFB,475.7978515625,0,,0,0,1,1,0,0,0,3,0,0,1,0,0,60.0,0,0,0,0
24,SCFB,480.90625,0,,0,0,1,1,0,0,0,3,0,0,1,0,0,60.0,0,0,0,0
24,SCFB,487.0322265625,0,,1,0,1,1,0,0,0,3,0,0,1,0,0,60.0,0,0,0,0
24,SCFB,492.6240234375,0,,0,0,1,1,0,0,2,3,0,0,1,0,0,4.7236328125,0,0,2,0
24,SCFB,498.5166015625,0,,1,0,1,1,0,0,2,3,0,0,1,0,0,10.6162109375,2,0,2,0
24,SCFB,504.05859375,0,,0,0,1,1,0,0,4,3,0,1,1,0,0,4.94140625,0,0,4,1
24,SCFB,510.1513671875,0,,0,0,1,1,0,0,2,3,1,2,1,0,0,11.0341796875,0,0,2,3
24,SCFB,515.2255859375,0,,1,0,1,1,0,0,2,3,1,2,1,0,0,16.1083984375,2,3,2,3
24,SCFB,520.533203125,0,,0,0,1,1,0,0,0,3,1,2,2,0,0,21.416015625,0,0,0,3
24,SCFB,526.5927734375,0,,0,0,1,1,0,0,2,3,1,0,1,0,0,5.07421875,0,0,2,1
24,SCFB,533.1025390625,0,,1,0,1,1,0,0,2,3,0,0,1,0,0,11.583984375,2,0,2,0
24,SCFB,538.7783203125,0,,0,0,1,1,0,0,2,3,0,0,1,0,0,17.259765625,0,0,2,0
24,SCFB,543.8193359375,0,,0,0,1,1,0,0,0,3,0,0,1,0,0,22.30078125,0,0,0,0
24,SCFB,550.212890625,0,,0,0,1,1,0,0,0,3,0,0,1,0,0,28.6943359375,0,0,0,0
24,SCFB,557.2236328125,0,,1,0,1,1,0,0,0,3,0,0,1,0,0,35.705078125,0,0,0,0
24,SCFB,563.5,0,,1,0,1,1,0,0,0,3,0,0,1,0,0,41.9814453125,0,0,0,0
24,SCFB,570.0263671875,0,,0,0,1,1,0,0,0,3,0,0,1,0,0,48.5078125,0,0,0,0
24,SCFB,576.486328125,0,,0,0,1,1,0,0,0,3,0,0,1,0,0,54.9677734375,0,0,0,0
24,SCFB,582.7958984375,0,,0,0,1,1,0,0,0,3,0,0,1,0,0,60.0,0,0,0,0
24,SCFB,589.6728515625,0,,0,0,1,1,0,0,0,3,0,0,1,0,0,60.0,0,0,0,0
24,SCFB,596.3837890625,0,,0,0,1,1,0,0,0,3,0,0,1,0,0,60.0,0,0,0,0
24,SCFB,602.2587890625,0,,0,0,1,1,0,0,0,3,0,0,1,0,0,60.0,0,0,0,0
24,SCFB,607.3173828125,0,,0,0,1,1,0,0,0,3,0,1,1,0,0,60.0,0,0,0,1
24,SCFB,613.2255859375,0,,1,0,1,1,0,0,0,3,0,1,1,0,0,60.0,0,1,0,1
24,SCFB,618.951171875,0,,0,0,1,1,0,0,2,3,0,1,2,0,0,5.041015625,0,0,2,1
24,SCFB,624.41015625,0,,0,0,1,1,0,0,2,3,0,0,1,0,0,10.5,0,0,2,0
24,SCFB,631.353515625,0,,0,0,1,1,0,0,2,3,1,0,1,0,0,17.443359375,0,0,2,1
24,SCFB,637.8134765625,0,,0,0,1,1,0,0,0,3,2,0,1,0,0,23.9033203125,0,0,0,2
24,SCFB,644.32421875,0,,0,0,1,1,0,0,0,3,2,0,0,0,0,30.4140625,0,0,0,2
24,SCFB,649.4814453125,0,,0,0,1,1,0,0,0,3,2,0,0,0,0,35.5712890625,0,0,0,2
24,SCFB,656.2255859375,0,,0,0,1,1,0,0,0,3,0,0,0,0,0,42.3154296875,0,0,0,0
24,SCFB,662.96875,0,,0,0,1,1,0,0,0,3,0,0,0,0,0,49.05859375,0,0,0,0
24,SCFB,668.3271484375,0,,0,0,1,1,0,0,0,3,1,0,0,2,0,54.4169921875,0,0,0,1
24,SCFB,673.5185546875,0,,0,0,1,1,0,0,0,3,1,0,0,2,0,59.6083984375,0,0,0,1
24,SCFB,678.626953125,0,,0,0,1,1,0,0,0,3,3,0,0,2,0,60.0,0,0,0,3
24,SCFB,684.6357421875,0,,0,0,1,1,0,0,0,3,3,0,0,1,0,60.0,0,0,0,3
24,SCFB,691.2294921875,0,,0,0,1,1,0,0,0,3,2,0,0,0,0,60.0,0,0,0,2
24,SCFB,696.4208984375,0,,0,0,1,1,0,0,0,3,0,0,0,0,0,60.0,0,0,0,0
24,SCFB,702.3798828125,0,,0,0,1,1,0,0,0,3,0,0,0,0,0,60.0,0,0,0,0
24,SCFB,708.138671875,0,,0,0,1,1,0,0,0,3,0,0,1,0,0,60.0,0,0,0,0
24,SCFB,714.8984375,0,,0,0,1,1,0,0,0,3,0,0,1,0,0,60.0,0,0,0,0
24,SCFB,720.94140625,0,,0,0,1,1,0,0,0,3,0,0,1,0,0,60.0,0,0,0,0
24,SCFB,726.533203125,0,,0,0,1,1,0,0,0,3,0,0,0,0,0,60.0,0,0,0,0
24,SCFB,733.2275390625,0,,0,0,1,1,0,0,0,3,0,0,1,0,0,60.0,0,0,0,0
24,SCFB,740.0546875,0,,0,0,1,1,0,0,0,3,0,0,1,0,0,60.0,0,0,0,0
24,SCFB,745.4462890625,0,,0,0,1,1,0,0,0,3,0,0,2,0,0,60.0,0,0,0,0
24,SCFB,750.8203125,0,,0,0,1,1,0,0,0,3,0,0,1,0,0,60.0,0,0,0,0
24,SCFG,35.4248046875,0,,0,0,0,1,0,0,0,0,0,1,0,0,0,60.0,0,0,0,0
24,SCFG,41.5517578125,0,,0,0,0,1,0,0,0,1,0,1,1,1,0,60.0,0,0,0,0
24,SCFG,48.330078125,0,,1,0,0,1,0,0,0,2,1,1,1,1,0,60.0,0,2,0,0
24,SCFG,53.4052734375,0,,0,0,0,1,0,0,2,3,1,0,1,1,0,4.474609375,0,0,0,0
24,SCFG,60.06640625,0,,0,0,0,1,0,0,2,3,1,0,1,0,0,11.1357421875,0,0,0,0
24,SCFG,66.0263671875,0,,0,0,0,1,0,0,2,3,1,0,1,0,0,17.095703125,0,0,0,0
24,SCFG,72.5869140625,0,,0,0,0,1,0,0,0,3,0,0,1,0,0,23.65625,0,0,0,0
24,SCFG,77.74609375,0,,0,0,0,1,0,0,0,3,0,0,1,0,0,28.8154296875,0,0,0,0
24,SCFG,83.8564453125,0,,0,0,0,1,0,0,0,3,0,0,1,1,0,34.92578125,0,0,0,0
24,SCFG,90.0830078125,0,,0,0,0,1,0,0,0,3,0,1,1,1,0,41.15234375,0,0,0,0
24,SCFG,95.42578125,0,,0,0,0,1,0,0,0,3,0,1,2,1,0,46.4951171875,0,0,0,0
24,SCFG,100.7841796875,0,,0,0,0,1,0,0,0,3,0,1,1,0,0,51.853515625,0,0,0,0
24,SCFG,107.228515625,0,,0,0,0,1,0,0,0,3,0,0,1,0,0,58.2978515625,0,0,0,0
24,SCFG,112.8876953125,0,,0,0,0,1,0,0,0,3,0,0,1,1,0,60.0,0,0,0,0
24,SCFG,118.1806640625,0,,0,0,0,1,0,0,0,3,0,0,1,1,0,60.0,0,0,0,0
24,SCFG,123.83984375,0,,0,0,0,1,0,0,0,3,0,0,1,1,0,60.0,0,0,0,0
24,SCFG,129.4990234375,0,,0,0,0,1,0,0,0,3,0,0,1,0,0,60.0,0,0,0,0
24,SCFG,136.0771484375,0,,1,0,0,1,0,0,0,3,0,0,1,0,0,60.0,0,0,0,0
24,SCFG,141.669921875,0,,0,0,0,1,0,0,2,3,0,0,1,0,0,5.0087890625,0,0,0,0
24,SCFG,148.34765625,0,,0,0,0,1,0,0,2,3,0,0,1,0,0,11.6865234375,0,0,0,0
24,SCFG,153.9404296875,0,,0,0,0,1,0,0,2,3,0,0,1,0,0,17.279296875,0,0,0,0
24,SCFG,159.966796875,0,,0,0,0,1,0,0,0,3,0,0,1,0,0,23.3056640625,0,0,0,0
24,SCFG,165.3427734375,0,,0,0,0,1,0,0,0,3,0,0,1,0,0,28.681640625,0,0,0,0
24,SCFG,170.751953125,0,,0,0,0,1,0,0,0,3,0,0,1,0,0,34.0908203125,0,0,0,0
24,SCFG,176.5947265625,0,,0,0,0,1,0,0,0,3,0,0,1,0,0,39.93359375,0,0,0,0
24,SCFG,181.8701171875,0,,1,0,0,1,0,0,0,3,0,0,1,0,0,45.208984375,0,0,0,0
24,SCFG,187.796875,0,,0,0,0,1,0,0,2,3,0,0,1,0,0,5.3251953125,0,0,0,0
24,SCFG,193.5732421875,0,,0,0,0,1,0,0,2,3,0,0,2,0,0,11.1015625,0,0,0,0
24,SCFG,199.466796875,0,,0,0,0,1,0,0,2,3,0,0,1,0,0,16.9951171875,0,0,0,0
24,SCFG,206.1279296875,0,,1,0,0,1,0,0,0,3,0,0,1,0,0,23.65625,0,0,0,0
24,SCFG,211.9375,0,,0,0,0,1,0,0,0,3,0,0,1,0,0,29.4658203125,0,0,0,0
24,SCFG,218.94921875,0,,0,0,0,1,0,0,0,3,0,0,1,0,0,36.4775390625,0,0,0,0
24,SCFG,225.076171875,0,,0,0,0,1,0,0,0,3,0,0,1,0,0,42.6044921875,0,0,0,0
24,SCFG,231.8544921875,0,,1,0,0,1,0,0,0,3,0,0,1,0,0,49.3828125,0,0,0,0
24,SCFG,237.1796875,0,,0,0,0,1,0,0,0,3,0,0,1,0,0,54.7080078125,0,0,0,0
24,SCFG,244.0751953125,0,,0,0,0,1,0,0,0,3,0,0,1,0,0,60.0,0,0,0,0
24,SCFG,249.2841796875,0,,0,0,0,1,0,0,0,3,0,0,1,0,0,60.0,0,0,0,0
24,SCFG,254.3251953125,0,,0,0,0,1,0,0,0,3,0,0,1,0,0,60.0,0,0,0,0
24,SCFG,260.0185546875,0,,0,0,0,1,0,0,0,3,0,0,1,0,0,60.0,0,0,0,0
24,SCFG,266.8798828125,0,,0,0,0,1,0,0,0,3,0,0,1,0,0,60.0,0,0,0,0
24,SCFG,273.2236328125,0,,0,0,0,1,0,0,0,3,0,0,1,0,0,60.0,0,0,0,0
24,SCFG,279.8349609375,0,,0,0,0,1,0,0,0,3,0,0,1,0,0,60.0,0,0,0,0
24,SCFG,285.7451171875,0,,0,0,0,1,0,0,2,3,0,0,1,0,0,4.9248046875,0,0,0,0
24,SCFG,291.7548828125,0,,0,0,0,1,0,0,2,3,0,0,2,0,0,10.9345703125,0,0,0,0
24,SCFG,297.5478515625,0,,1,0,0,1,0,0,2,3,0,0,1,0,0,16.7275390625,2,0,0,0
24,SCFG,304.1591796875,0,,0,0,0,1,0,0,0,3,0,0,1,0,0,23.3388671875,0,0,0,0
24,SCFG,310.1689453125,0,,1,0,0,1,0,0,0,3,0,0,0,0,0,29.3486328125,0,0,0,0
24,SCFG,317.03125,0,,0,0,0,1,0,0,2,3,0,0,1,0,0,6.2607421875,0,0,0,0
24,SCFG,323.3583984375,0,,0,0,0,1,0,0,2,3,0,0,1,0,0,12.587890625,0,0,0,0
24,SCFG,330.119140625,0,,0,0,0,1,0,0,2,3,0,0,2,0,0,19.3486328125,0,0,0,0
24,SCFG,336.2626953125,0,,0,0,0,1,0,0,0,3,0,0,1,0,0,25.4921875,0,0,0,0
24,SCFG,342.2568359375,0,,0,0,0,1,0,0,0,3,1,0,1,0,0,31.486328125,0,0,0,0
24,SCFG,349.251953125,0,,0,0,0,1,0,0,0,3,1,0,1,0,0,38.4814453125,0,0,0,0
24,SCFG,354.59375,0,,0,0,0,1,0,0,0,3,1,0,1,0,0,43.8232421875,0,0,0,0
24,SCFG,360.6708984375,0,,0,0,0,1,0,0,0,3,1,0,1,0,0,49.900390625,0,0,0,0
24,SCFG,367.2822265625,0,,0,0,0,1,0,0,0,3,1,0,1,0,0,56.51171875,0,0,0,0
24,SCFG,373.05859375,0,,0,0,0,1,0,0,0,3,1,0,1,0,0,60.0,0,0,0,0
24,SCFG,378.55078125,0,,0,0,0,1,0,0,0,3,0,0,1,0,0,60.0,0,0,0,0
24,SCFG,384.9951171875,0,,1,0,0,1,0,0,0,3,3,0,1,0,0,60.0,0,3,0,0
24,SCFG,390.87109375,0,,0,0,0,1,0,0,2,3,5,0,0,0,0,5.19140625,0,0,0,0
24,SCFG,397.3994140625,0,,0,0,0,1,0,0,2,3,5,0,0,0,0,11.7197265625,0,0,0,0
24,SCFG,404.27734375,0,,0,0,0,1,0,0,2,3,4,0,0,0,0,18.59765625,0,0,0,0
24,SCFG,410.7216796875,0,,0,0,0,1,0,0,0,3,2,0,0,0,0,25.0419921875,0,0,0,0
24,SCFG,416.8486328125,0,,0,0,0,1,0,0,0,3,3,0,0,0,0,31.1689453125,0,0,0,0
24,SCFG,423.7265625,0,,0,0,0,1,0,0,0,3,4,0,0,1,0,38.046875,0,0,0,0
24,SCFG,429.4033203125,0,,0,0,0,1,0,0,0,3,3,0,0,2,0,43.7236328125,0,0,0,0
24,SCFG,434.7119140625,0,,0,0,0,1,0,0,0,3,4,0,0,3,0,49.0322265625,0,0,0,0
24,SCFG,441.6396484375,0,,0,0,0,1,0,0,0,3,3,0,0,2,0,55.9599609375,0,0,0,0
24,SCFG,447.93359375,0,,0,0,0,1,0,0,0,3,2,1,0,2,0,60.0,0,0,0,0
24,SCFG,453.927734375,0,,0,0,0,1,0,0,0,3,0,1,0,1,0,60.0,0,0,0,0
24,SCFG,460.154296875,0,,0,0,0,1,0,0,0,3,0,1,1,1,0,60.0,0,0,0,0
24,SCFG,467.1494140625,0,,0,0,0,1,0,0,0,3,0,0,1,0,0,60.0,0,0,0,0
24,SCFG,472.408203125,0,,1,0,0,1,0,0,0,3,0,0,1,0,0,60.0,0,0,0,0
24,SCFG,477.951171875,0,,0,0,0,1,0,0,0,3,0,0,1,0,0,60.0,0,0,0,0
24,SCFG,483.927734375,0,,0,0,0,1,0,0,0,3,1,0,1,0,0,60.0,0,0,0,0
24,SCFG,490.9228515625,0,,0,0,0,1,0,0,0,3,1,0,1,0,0,60.0,0,0,0,0
24,SCFG,497.466796875,0,,0,0,0,1,0,0,0,3,1,0,1,0,0,60.0,0,0,0,0
24,SCFG,504.2119140625,0,,0,0,0,1,0,0,0,3,0,0,1,0,0,60.0,0,0,0,0
24,SCFG,509.25390625,0,,0,0,0,1,0,0,0,3,0,0,1,0,0,60.0,0,0,0,0
24,SCFG,515.3642578125,0,,0,0,0,1,0,0,0,3,0,0,1,0,0,60.0,0,0,0,0
24,SCFG,520.873046875,0,,0,0,0,1,0,0,0,3,0,0,1,0,0,60.0,0,0,0,0
24,SCFG,526.966796875,0,,0,0,0,1,0,0,0,3,1,0,1,0,0,60.0,0,0,0,0
24,SCFG,532.458984375,0,,0,0,0,1,0,0,0,3,1,0,1,0,0,60.0,0,0,0,0
24,SCFG,538.0185546875,0,,1,0,0,1,0,0,0,3,1,0,1,0,0,60.0,0,1,0,0
24,SCFG,544.6962890625,0,,0,0,0,1,0,0,2,3,0,0,1,0,0,6.0595703125,0,0,0,0
24,SCFG,551.724609375,0,,0,0,0,1,0,0,2,3,0,0,1,0,0,13.087890625,0,0,0,0
24,SCFG,557.05078125,0,,0,0,0,1,0,0,2,3,0,0,1,0,0,18.4140625,0,0,0,0
24,SCFG,562.9267578125,0,,1,0,0,1,0,0,2,3,0,0,1,0,0,5.0751953125,2,0,0,0
24,SCFG,568.119140625,0,,0,0,0,1,0,0,2,3,0,0,1,0,0,10.267578125,0,0,0,0
24,SCFG,575.0302734375,0,,0,0,0,1,0,0,2,3,0,0,1,0,0,17.1787109375,0,0,0,0
24,SCFG,581.4912109375,0,,1,0,0,1,0,0,0,3,0,0,1,0,0,23.6396484375,0,0,0,0
24,SCFG,586.5830078125,0,,0,0,0,1,0,0,2,3,0,0,1,0,0,4.240234375,0,0,0,0
24,SCFG,593.1279296875,0,,0,0,0,1,0,0,2,3,0,0,0,0,0,10.78515625,0,0,0,0
24,SCFG,598.75390625,0,,0,0,0,1,0,0,2,3,0,0,1,0,0,16.4111328125,0,0,0,0
24,SCFG,604.0625,0,,0,0,0,1,0,0,0,3,1,0,1,0,0,21.7197265625,0,0,0,0
24,SCFG,610.9072265625,0,,0,0,0,1,0,0,0,3,1,0,1,0,0,28.564453125,0,0,0,0
24,SCFG,616.25,0,,0,0,0,1,0,0,0,3,1,0,1,1,0,33.9072265625,0,0,0,0
24,SCFG,622.626953125,0,,0,0,0,1,0,0,0,3,2,0,1,1,0,40.2841796875,0,0,0,0
24,SCFG,627.6689453125,0,,0,0,0,1,0,0,0,3,2,2,1,1,0,45.326171875,0,0,0,0
24,SCFG,632.7607421875,0,,0,0,0,1,0,0,0,3,3,2,1,1,0,50.41796875,0,0,0,0
24,SCFG,638.9208984375,0,,1,0,0,1,0,0,0,3,3,2,0,0,0,56.578125,0,5,0,0
24,SCFG,644.748046875,0,,0,0,0,1,0,0,0,3,2,1,0,1,0,60.0,0,0,0,0
24,SCFG,651.0751953125,0,,1,0,0,1,0,0,0,3,1,0,0,2,0,60.0,0,1,0,0
24,SCFG,658.0537109375,0,,1,0,0,1,0,0,0,3,1,0,0,2,0,60.0,0,1,0,0
24,SCFG,663.5625,0,,0,0,0,1,0,0,0,3,1,0,0,1,0,60.0,0,0,0,0
24,SCFG,670.2236328125,0,,0,0,0,1,0,0,0,3,1,0,0,0,0,60.0,0,0,0,0
24,SCFG,675.9501953125,0,,0,0,0,1,0,0,0,3,1,0,0,0,0,60.0,0,0,0,0
24,SCFG,682.34375,0,,0,0,0,1,0,0,0,3,2,0,0,0,0,60.0,0,0,0,0
24,SCFG,688.287109375,0,,0,0,0,1,0,0,0,3,2,0,0,0,0,60.0,0,0,0,0
24,SCFG,693.73046875,0,,0,0,0,1,0,0,0,3,3,0,0,1,0,60.0,0,0,0,0
24,SCFG,700.4580078125,0,,0,0,0,1,0,0,0,3,3,0,0,1,0,60.0,0,0,0,0
24,SCFG,705.7998046875,0,,0,0,0,1,0,0,0,3,3,0,1,3,0,60.0,0,0,0,0
24,SCFG,711.025390625,0,,0,0,0,1,0,0,0,3,2,2,1,2,0,60.0,0,0,0,0
24,SCFG,717.9208984375,0,,0,0,0,1,0,0,0,3,2,2,1,2,0,60.0,0,0,0,0
24,SCFG,724.2646484375,0,,0,0,0,1,0,0,0,3,2,2,1,1,0,60.0,0,0,0,0
24,SCFG,730.5419921875,0,,1,0,0,1,0,0,0,3,1,0,1,0,0,60.0,0,1,0,0
24,SCFG,736.1015625,0,,0,0,0,1,0,0,2,3,0,0,1,0,0,4.9423828125,0,0,0,0
24,SCMM,33.56640625,0,,0,0,0,0,0,1,0,0,0,1,0,0,0,60.0,0,0,0,0
24,SCMM,39.994140625,0,,0,0,0,0,0,1,0,1,0,3,0,0,0,60.0,0,0,0,0
24,SCMM,46.873046875,0,,0,0,0,0,0,1,0,2,0,5,1,0,0,60.0,0,0,0,0
24,SCMM,53.201171875,0,,1,0,0,0,0,1,0,3,0,5,1,0,0,60.0,0,5,0,0
24,SCMM,58.7939453125,0,,0,0,0,0,0,1,2,3,0,3,1,0,0,4.8916015625,0,0,0,0
24,SCMM,63.9365234375,0,,0,0,0,0,0,1,2,3,0,1,1,0,0,10.0341796875,0,0,0,0
24,SCMM,70.8486328125,0,,1,0,0,0,0,1,2,3,0,0,1,0,0,16.9462890625,2,0,0,0
24,SCMM,77.828125,0,,0,0,0,0,0,1,2,3,1,0,1,0,0,6.3447265625,0,0,0,0
24,SCMM,84.7734375,0,,0,0,0,0,0,1,2,2,1,0,1,0,0,13.2900390625,0,0,0,0
24,SCMM,90.8837890625,0,,0,0,0,0,0,1,2,3,1,0,1,0,0,19.400390625,0,0,0,0
24,SCMM,96.1435546875,0,,0,0,0,0,0,1,2,3,1,0,1,0,0,4.5078125,0,0,0,0
24,SCMM,101.8369140625,0,,0,0,0,0,0,1,2,3,1,0,0,0,0,10.201171875,0,0,0,0
24,SCMM,107.7138671875,0,,0,0,0,0,0,1,2,3,1,1,1,0,0,16.078125,0,0,0,0
24,SCMM,114.19140625,0,,0,0,0,0,0,1,0,3,1,3,1,0,0,22.5556640625,0,0,0,0
24,SCMM,120.669921875,0,,0,0,0,0,0,1,0,3,0,4,2,0,0,29.0341796875,0,0,0,0
24,SCMM,127.33203125,0,,0,0,0,0,0,1,0,3,0,3,1,0,0,35.6962890625,0,0,0,0
24,SCMM,132.3740234375,0,,0,0,0,0,0,1,0,3,0,1,1,0,0,40.73828125,0,0,0,0
24,SCMM,139.302734375,0,,0,0,0,0,0,1,0,3,0,0,1,0,0,47.6669921875,0,0,0,0
24,SCMM,145.447265625,0,,0,0,0,0,0,1,0,3,1,0,1,0,0,53.8115234375,0,0,0,0
24,SCMM,152.0419921875,0,,0,0,0,0,0,1,0,3,1,0,1,0,0,60.0,0,0,0,0
24,SCMM,157.2841796875,0,,1,0,0,0,0,1,0,3,1,0,1,0,0,60.0,0,1,0,0
24,SCMM,163.228515625,0,,0,0,0,0,0,1,2,3,0,0,1,0,0,5.2763671875,0,0,0,0
24,SCMM,169.4892578125,0,,0,0,0,0,0,1,2,3,0,0,1,0,0,11.537109375,0,0,0,0
24,SCMM,175.0986328125,0,,1,0,0,0,0,1,2,3,0,0,1,0,0,17.146484375,2,0,0,0
24,SCMM,180.5751953125,0,,0,0,0,0,0,1,3,3,0,0,0,0,0,4.2236328125,0,0,0,0
24,SCMM,185.91796875,0,,1,0,0,0,0,1,3,3,0,0,1,0,0,9.56640625,3,0,0,0
24,SCMM,192.2626953125,0,,0,0,0,0,0,1,3,3,0,0,1,0,0,15.9111328125,0,0,0,0
24,SCMM,197.939453125,0,,0,0,0,0,0,1,0,3,0,0,1,0,0,21.587890625,0,0,0,0
24,SCMM,203.0146484375,0,,0,0,0,0,0,1,2,3,0,0,1,0,0,4.32421875,0,0,0,0
24,SCMM,209.025390625,0,,1,0,0,0,0,1,2,3,0,0,1,0,0,10.3349609375,2,0,0,0
24,SCMM,215.787109375,0,,0,0,0,0,0,1,2,3,0,0,1,0,0,17.0966796875,0,0,0,0
24,SCMM,221.5810546875,0,,0,0,0,0,0,1,0,3,0,0,1,0,0,22.890625,0,0,0,0
24,SCMM,228.259765625,0,,0,0,0,0,0,1,0,3,0,0,1,0,0,29.5693359375,0,0,0,0
24,SCMM,235.087890625,0,,0,0,0,0,0,1,0,3,0,0,1,0,0,36.3974609375,0,0,0,0
24,SCMM,240.748046875,0,,0,0,0,0,0,1,0,3,0,0,1,0,0,42.0576171875,0,0,0,0
24,SCMM,247.693359375,0,,0,0,0,0,0,1,0,3,0,0,1,0,0,49.0029296875,0,0,0,0
24,SCMM,252.9365234375,0,,0,0,0,0,0,1,0,3,0,0,1,0,0,54.24609375,0,0,0,0
24,SCMM,258.6630859375,0,,0,0,0,0,0,1,0,3,0,0,1,0,0,59.97265625,0,0,0,0
24,SCMM,264.923828125,0,,0,0,0,0,0,1,0,3,0,0,1,0,0,60.0,0,0,0,0
24,SCMM,270.5341796875,0,,0,0,0,0,0,1,0,3,0,0,1,0,0,60.0,0,0,0,0
24,SCMM,276.427734375,0,,1,0,0,0,0,1,0,3,0,0,1,0,0,60.0,0,0,0,0
24,SCMM,282.48828125,0,,0,0,0,0,0,1,2,3,0,0,1,0,0,5.3095703125,0,0,0,0
24,SCMM,288.064453125,0,,0,0,0,0,0,1,2,3,0,0,1,0,0,10.8857421875,0,0,0,0
24,SCMM,293.1572265625,0,,0,0,0,0,0,1,2,3,0,0,1,0,0,15.978515625,0,0,0,0
24,SCMM,299.0341796875,0,,0,0,0,0,0,1,0,3,0,0,2,0,0,21.85546875,0,0,0,0
24,SCMM,306.0458984375,0,,0,0,0,0,0,1,0,3,0,0,1,0,0,28.8671875,0,0,0,0
24,SCMM,311.7734375,0,,0,0,0,0,0,1,0,3,0,0,1,0,0,34.5947265625,0,0,0,0
24,SCMM,317.19921875,0,,1,0,0,0,0,1,0,3,0,0,1,0,0,40.0205078125,0,0,0,0
24,SCMM,322.458984375,0,,0,0,0,0,0,1,2,3,0,0,1,0,0,4.525390625,0,0,0,0
24,SCMM,327.8681640625,0,,0,0,0,0,0,1,2,3,0,0,1,0,0,9.9345703125,0,0,0,0
24,SCMM,334.2958984375,0,,0,0,0,0,0,1,2,3,0,0,1,0,0,16.3623046875,0,0,0,0
24,SCMM,339.421875,0,,0,0,0,0,0,1,0,3,0,0,1,0,0,21.48828125,0,0,0,0
24,SCMM,345.1484375,0,,0,0,0,0,0,1,0,3,0,0,1,0,0,27.21484375,0,0,0,0
24,SCMM,350.658203125,0,,1,0,0,0,0,1,0,3,0,0,1,0,0,32.724609375,0,0,0,0
24,SCMM,356.90234375,0,,0,0,0,0,0,1,2,3,0,0,2,0,0,5.509765625,0,0,0,0
24,SCMM,362.37890625,0,,0,0,0,0,0,1,2,3,0,0,1,0,0,10.986328125,0,0,0,0
24,SCMM,368.6728515625,0,,0,0,0,0,0,1,2,3,0,0,1,0,0,17.2802734375,0,0,0,0
24,SCMM,374.833984375,0,,0,0,0,0,0,1,0,3,0,0,1,0,0,23.44140625,0,0,0,0
24,SCMM,381.830078125,0,,0,0,0,0,0,1,0,3,2,0,0,0,0,30.4375,0,0,0,0
24,SCMM,388.474609375,0,,0,0,0,0,0,1,0,3,2,0,0,0,0,37.08203125,0,0,0,0
24,SCMM,395.353515625,0,,0,0,0,0,0,1,0,3,4,0,0,0,0,43.9609375,0,0,0,0
24,SCMM,401.3310546875,0,,0,0,0,0,0,1,0,3,3,0,0,0,0,49.9384765625,0,0,0,0
24,SCMM,408.193359375,0,,0,0,0,0,0,1,0,3,2,0,0,0,0,56.80078125,0,0,0,0
24,SCMM,414.587890625,0,,0,0,0,0,0,1,0,3,0,0,0,0,0,60.0,0,0,0,0
24,SCMM,421.533203125,0,,1,0,0,0,0,1,0,3,0,0,0,0,0,60.0,0,0,0,0
24,SCMM,427.4931640625,0,,0,0,0,0,0,1,0,3,2,0,0,0,0,60.0,0,0,0,0
24,SCMM,434.2216796875,0,,0,0,0,0,0,1,0,3,2,0,0,0,0,60.0,0,0,0,0
24,SCMM,440.783203125,0,,0,0,0,0,0,1,0,3,2,0,0,0,0,60.0,0,0,0,0
24,SCMM,446.810546875,0,,0,0,0,0,0,1,0,3,0,0,1,0,0,60.0,0,0,0,0
24,SCMM,452.87109375,0,,0,0,0,0,0,1,0,3,0,0,1,0,0,60.0,0,0,0,0
24,SCMM,457.947265625,0,,0,0,0,0,0,1,0,3,0,0,1,0,0,60.0,0,0,0,0
24,SCMM,464.091796875,0,,0,0,0,0,0,1,0,3,0,0,2,0,0,60.0,0,0,0,0
24,SCMM,469.267578125,0,,0,0,0,0,0,1,0,3,0,0,1,0,0,60.0,0,0,0,0
24,SCMM,474.3427734375,0,,0,0,0,0,0,1,0,3,1,0,1,0,0,60.0,0,0,0,0
24,SCMM,480.7041015625,0,,0,0,0,0,0,1,0,3,1,0,1,0,0,60.0,0,0,0,0
24,SCMM,486.9482421875,0,,0,0,0,0,0,1,0,3,1,0,1,0,0,60.0,0,0,0,0
24,SCMM,493.29296875,0,,0,0,0,0,0,1,0,3,1,0,1,0,0,60.0,0,0,0,0
24,SCMM,500.0048828125,0,,0,0,0,0,0,1,0,3,0,0,1,0,0,60.0,0,0,0,0
24,SCMM,505.6982421875,0,,1,0,0,0,0,1,0,3,0,0,1,0,0,60.0,0,0,0,0
24,SCMM,511.19140625,0,,0,0,0,0,0,1,2,3,0,0,1,0,0,4.7255859375,0,0,0,0
24,SCMM,518.0693359375,0,,0,0,0,0,0,1,2,3,0,0,1,0,0,11.603515625,0,0,0,0
24,SCMM,524.931640625,0,,1,0,0,0,0,1,2,3,0,0,1,0,0,18.4658203125,2,0,0,0
24,SCMM,530.0576171875,0,,0,0,0,0,0,1,0,3,0,1,1,0,0,23.591796875,0,0,0,0
24,SCMM,535.4169921875,0,,0,0,0,0,0,1,0,3,0,2,1,0,0,28.951171875,0,0,0,0
24,SCMM,541.09375,0,,1,0,0,0,0,1,0,3,0,2,1,0,0,34.6279296875,0,2,0,0
24,SCMM,548.0888671875,0,,0,0,0,0,0,1,2,3,0,2,1,0,0,6.2939453125,0,0,0,0
24,SCMM,554.333984375,0,,0,0,0,0,0,1,2,3,1,0,1,0,0,12.5390625,0,0,0,0
24,SCMM,560.34375,0,,0,0,0,0,0,1,2,3,1,0,1,0,0,18.548828125,0,0,0,0
24,SCMM,566.8720703125,0,,0,0,0,0,0,1,0,3,1,0,1,0,0,25.0771484375,0,0,0,0
24,SCMM,573.767578125,0,,0,0,0,0,0,1,0,3,0,0,1,0,0,31.97265625,0,0,0,0
24,SCMM,580.1123046875,0,,0,0,0,0,0,1,2,3,1,0,1,0,0,5.6435546875,0,0,0,0
24,SCMM,586.1064453125,0,,0,0,0,0,0,1,2,3,1,0,1,0,0,11.6376953125,0,0,0,0
24,SCMM,591.4326171875,0,,0,0,0,0,0,1,2,3,1,0,1,0,0,16.9638671875,0,0,0,0
24,SCMM,596.841796875,0,,0,0,0,0,0,1,0,3,0,0,1,0,0,22.373046875,0,0,0,0
24,SCMM,603.75390625,0,,0,0,0,0,0,1,0,3,0,0,1,0,0,29.28515625,0,0,0,0
24,SCMM,610.265625,0,,0,0,0,0,0,1,0,3,0,0,1,0,0,35.796875,0,0,0,0
24,SCMM,616.42578125,0,,0,0,0,0,0,1,0,3,0,0,1,0,0,41.95703125,0,0,0,0
24,SCMM,623.021484375,0,,0,0,0,0,0,1,0,3,0,0,1,0,0,48.552734375,0,0,0,0
24,SCMM,628.6474609375,0,,0,0,0,0,0,1,0,3,0,0,1,0,0,54.1787109375,0,0,0,0
24,SCMM,634.07421875,0,,1,0,0,0,0,1,0,3,3,0,1,0,0,59.60546875,0,3,0,0
24,SCMM,639.5166015625,0,,0,0,0,0,0,1,2,3,5,0,1,0,0,4.658203125,0,0,0,0
24,SCMM,645.34375,0,,0,0,0,0,0,1,2,3,6,0,0,0,0,10.4853515625,0,0,0,0
24,SCMM,652.22265625,0,,1,0,0,0,0,1,2,3,5,0,0,0,0,17.3642578125,2,5,0,0
24,SCMM,658.25,0,,0,0,0,0,0,1,0,3,1,0,0,0,0,23.3916015625,0,0,0,0
24,SCMM,665.162109375,0,,1,0,0,0,0,1,0,3,0,0,0,0,0,30.3037109375,0,0,0,0
24,SCMM,670.4716796875,0,,0,0,0,0,0,1,0,3,0,0,0,0,0,35.61328125,0,0,0,0
24,SCMM,676.0146484375,0,,0,0,0,0,0,1,0,3,2,0,0,0,0,41.15625,0,0,0,0
24,SCMM,681.3408203125,0,,1,0,0,0,0,1,0,3,2,0,0,0,0,46.482421875,0,2,0,0
24,SCMM,688.001953125,0,,1,0,0,0,0,1,0,3,4,0,0,0,0,53.1435546875,0,4,0,0
24,SCMM,693.7119140625,0,,0,0,0,0,0,1,0,3,3,0,0,0,0,58.853515625,0,0,0,0
24,SCMM,699.0546875,0,,0,0,0,0,0,1,0,3,2,0,0,0,0,60.0,0,0,0,0
24,SCMM,704.34765625,0,,1,0,0,0,0,1,0,3,2,0,0,0,0,60.0,0,2,0,0
24,SCMM,711.376953125,0,,0,0,0,0,0,1,0,3,0,0,1,0,0,60.0,0,0,0,0
24,SCMM,718.2724609375,0,,0,0,0,0,0,1,0,3,0,0,1,0,0,60.0,0,0,0,0
24,SCMM,724.9677734375,0,,1,0,0,0,0,1,0,3,0,0,0,0,0,60.0,0,0,0,0
24,SCMM,730.4775390625,0,,0,0,0,0,0,1,2,3,0,0,1,0,0,4.859375,0,0,0,0
24,SCMM,736.9716796875,0,,0,0,0,0,0,1,2,3,0,0,1,0,0,11.353515625,0,0,0,0
24,SCMM,742.013671875,0,,1,0,0,0,0,1,2,3,0,0,1,0,0,16.3955078125,2,0,0,0
24,SCMM,748.8427734375,0,,0,0,0,0,0,1,2,3,0,1,1,0,0,6.0107421875,0,0,0,0
24,SCSB,31.4765625,0,,0,0,1,0,1,0,0,0,0,1,0,0,0,60.0,0,0,0,1
24,SCSB,36.6337890625,0,,0,0,1,0,1,0,0,1,0,2,0,0,0,60.0,0,0,0,2
24,SCSB,41.9921875,0,,0,0,1,0,1,0,0,2,0,2,1,1,0,60.0,0,0,0,2
24,SCSB,48.384765625,0,,0,0,1,0,1,0,0,3,0,2,1,1,0,60.0,0,0,0,2
24,SCSB,54.7109375,0,,0,0,1,0,1,0,0,3,0,1,1,1,0,60.0,0,0,0,1
24,SCSB,60.9365234375,0,,0,0,1,0,1,0,0,3,0,0,1,0,0,60.0,0,0,0,0
24,SCSB,67.345703125,0,,0,0,1,0,1,0,0,3,0,0,1,0,0,60.0,0,0,0,0
24,SCSB,72.5703125,0,,0,0,1,0,1,0,0,3,0,0,1,0,0,60.0,0,0,0,0
24,SCSB,78.328125,0,,0,0,1,0,1,0,0,3,0,0,1,0,0,60.0,0,0,0,0
24,SCSB,83.88671875,0,,0,0,1,0,1,0,0,3,0,0,1,0,0,60.0,0,0,0,0
24,SCSB,89.6953125,0,,0,0,1,0,1,0,0,3,0,0,1,0,0,60.0,0,0,0,0
24,SCSB,95.5703125,0,,0,0,1,0,1,0,0,3,0,0,1,0,0,60.0,0,0,0,0
24,SCSB,100.6943359375,0,,0,0,1,0,1,0,0,3,0,0,1,0,0,60.0,0,0,0,0
24,SCSB,106.419921875,0,,0,0,1,0,1,0,0,3,0,0,1,0,0,60.0,0,0,0,0
24,SCSB,113.12890625,0,,0,0,1,0,1,0,0,3,0,0,1,0,0,60.0,0,0,0,0
24,SCSB,119.4716796875,0,,0,0,1,0,1,0,0,3,0,0,1,0,0,60.0,0,0,0,0
24,SCSB,125.84765625,0,,0,0,1,0,1,0,0,3,0,1,1,1,0,60.0,0,0,0,1
24,SCSB,131.005859375,0,,1,0,1,0,1,0,0,3,0,3,1,1,0,60.0,0,3,0,3
24,SCSB,137.7490234375,0,,0,0,1,0,1,0,2,3,0,3,2,1,0,6.025390625,0,0,2,3
24,SCSB,143.1064453125,0,,0,0,1,0,1,0,2,3,0,2,1,1,0,11.3828125,0,0,2,2
24,SCSB,149.2158203125,0,,0,0,1,0,1,0,2,3,0,0,1,1,0,17.4921875,0,0,2,0
24,SCSB,155.4580078125,0,,0,0,1,0,1,0,0,3,0,0,1,1,0,23.734375,0,0,0,0
24,SCSB,162.4677734375,0,,0,0,1,0,1,0,0,3,0,0,1,1,0,30.744140625,0,0,0,0
24,SCSB,168.3271484375,0,,1,0,1,0,1,0,0,3,0,0,1,0,0,36.603515625,0,0,0,0
24,SCSB,174.3525390625,0,,0,0,1,0,1,0,2,3,0,0,1,0,0,5.3916015625,0,0,2,0
24,SCSB,181.2119140625,0,,0,0,1,0,1,0,2,3,0,0,1,0,0,12.2509765625,0,0,2,0
24,SCSB,187.8720703125,0,,0,0,1,0,1,0,2,3,0,0,1,0,0,18.9111328125,0,0,2,0
24,SCSB,194.5146484375,0,,0,0,1,0,1,0,0,3,0,0,1,0,0,25.5537109375,0,0,0,0
24,SCSB,200.2236328125,0,,0,0,1,0,1,0,0,3,0,0,1,0,0,31.2626953125,0,0,0,0
24,SCSB,206.0654296875,0,,0,0,1,0,1,0,0,3,0,0,1,0,0,37.1044921875,0,0,0,0
24,SCSB,212.69140625,0,,0,0,1,0,1,0,0,3,0,0,1,0,0,43.73046875,0,0,0,0
24,SCSB,217.94921875,0,,0,0,1,0,1,0,0,3,0,0,1,0,0,48.98828125,0,0,0,0
24,SCSB,223.173828125,0,,0,0,1,0,1,0,0,3,0,3,1,1,0,54.212890625,0,0,0,3
24,SCSB,228.5478515625,0,,1,0,1,0,1,0,0,3,0,3,1,1,0,59.5869140625,0,3,0,3
24,SCSB,234.9912109375,0,,0,0,1,0,1,0,2,3,0,3,2,1,0,5.625,0,0,2,3
24,SCSB,241.2666015625,0,,0,0,1,0,1,0,2,3,0,2,1,1,0,11.900390625,0,0,2,2
24,SCSB,246.9580078125,0,,0,0,1,0,1,0,2,3,0,0,1,1,0,17.591796875,0,0,2,0
24,SCSB,253.8515625,0,,0,0,1,0,1,0,0,3,0,0,1,1,0,24.4853515625,0,0,0,0
24,SCSB,260.02734375,0,,0,0,1,0,1,0,0,3,0,0,1,0,0,30.6611328125,0,0,0,0
24,SCSB,265.5693359375,0,,0,0,1,0,1,0,0,3,0,0,1,0,0,36.203125,0,0,0,0
24,SCSB,270.7099609375,0,,1,0,1,0,1,0,0,3,0,0,1,0,0,41.34375,0,0,0,0
24,SCSB,277.236328125,0,,0,0,1,0,1,0,0,3,0,0,1,0,0,47.8701171875,0,0,0,0
24,SCSB,283.9453125,0,,0,0,1,0,1,0,0,3,0,0,1,0,0,54.5791015625,0,0,0,0
24,SCSB,290.3046875,0,,0,0,1,0,1,0,0,3,0,0,1,0,0,60.0,0,0,0,0
24,SCSB,295.6962890625,0,,0,0,1,0,1,0,0,3,0,0,1,0,0,60.0,0,0,0,0
24,SCSB,302.0390625,0,,0,0,1,0,1,0,0,3,0,1,1,1,0,60.0,0,0,0,1
24,SCSB,307.3134765625,0,,0,0,1,0,1,0,0,3,0,2,1,1,0,60.0,0,0,0,2
24,SCSB,313.6396484375,0,,0,0,1,0,1,0,0,3,0,2,2,1,0,60.0,0,0,0,2
24,SCSB,319.013671875,0,,1,0,1,0,1,0,0,3,0,1,1,1,0,60.0,0,1,0,1
24,SCSB,325.8232421875,0,,0,0,1,0,1,0,0,3,0,0,1,1,0,60.0,0,0,0,0
24,SCSB,330.880859375,0,,0,0,1,0,1,0,0,3,0,0,1,1,0,60.0,0,0,0,0
24,SCSB,337.173828125,0,,0,0,1,0,1,0,0,3,0,0,1,0,0,60.0,0,0,0,0
24,SCSB,343.3662109375,0,,0,0,1,0,1,0,0,3,0,0,1,0,0,60.0,0,0,0,0
24,SCSB,349.7919921875,0,,0,0,1,0,1,0,0,3,0,0,1,0,0,60.0,0,0,0,0
24,SCSB,356.2685546875,0,,1,0,1,0,1,0,0,3,0,0,1,0,0,60.0,0,0,0,0
24,SCSB,361.5595703125,0,,0,0,1,0,1,0,0,3,0,2,1,1,0,60.0,0,0,0,2
24,SCSB,367.4345703125,0,,0,0,1,0,1,0,0,3,1,2,1,1,0,60.0,0,0,0,3
24,SCSB,374.427734375,0,,0,0,1,0,1,0,0,3,2,2,1,1,0,60.0,0,0,0,4
24,SCSB,380.1865234375,0,,0,0,1,0,1,0,0,3,3,1,1,0,0,60.0,0,0,0,4
24,SCSB,386.712890625,0,,0,0,1,0,1,0,0,3,2,0,1,0,0,60.0,0,0,0,2
24,SCSB,393.3388671875,0,,1,0,1,0,1,0,0,3,1,0,0,1,0,60.0,0,1,0,1
24,SCSB,400.265625,0,,0,0,1,0,1,0,0,3,0,0,0,1,0,60.0,0,0,0,0
24,SCSB,406.291015625,0,,0,0,1,0,1,0,0,3,0,0,0,1,0,60.0,0,0,0,0
24,SCSB,412.951171875,0,,0,0,1,0,1,0,0,3,0,0,0,0,0,60.0,0,0,0,0
24,SCSB,418.4091796875,0,,0,0,1,0,1,0,0,3,0,0,0,0,0,60.0,0,0,0,0
24,SCSB,423.56640625,0,,0,0,1,0,1,0,0,3,2,0,0,0,0,60.0,0,0,0,2
24,SCSB,430.109375,0,,0,0,1,0,1,0,0,3,2,0,0,0,0,60.0,0,0,0,2
24,SCSB,435.3505859375,0,,0,0,1,0,1,0,0,3,2,0,0,0,0,60.0,0,0,0,2
24,SCSB,440.875,0,,0,0,1,0,1,0,0,3,0,0,0,0,0,60.0,0,0,0,0
24,SCSB,445.94921875,0,,0,0,1,0,1,0,0,3,0,0,0,0,0,60.0,0,0,0,0
24,SCSB,452.091796875,0,,0,0,1,0,1,0,0,3,0,0,1,1,0,60.0,0,0,0,0
24,SCSB,458.451171875,0,,0,0,1,0,1,0,0,3,0,0,1,2,0,60.0,0,0,0,0
24,SCSB,463.775390625,0,,0,0,1,0,1,0,0,3,0,0,1,2,0,60.0,0,0,0,0
24,SCSB,468.8662109375,0,,0,0,1,0,1,0,0,3,0,0,1,2,0,60.0,0,0,0,0
24,SCSB,475.4091796875,0,,1,0,1,0,1,0,0,3,0,0,1,1,0,60.0,0,0,0,0
24,SCSB,481.3505859375,0,,0,0,1,0,1,0,0,3,0,1,1,1,0,60.0,0,0,0,1
24,SCSB,486.6083984375,0,,0,0,1,0,1,0,0,3,0,1,1,1,0,60.0,0,0,0,1
24,SCSB,492.984375,0,,0,0,1,0,1,0,0,3,0,1,1,2,0,60.0,0,0,0,1
24,SCSB,498.6259765625,0,,0,0,1,0,1,0,0,3,0,0,1,2,0,60.0,0,0,0,0
24,SCSB,505.302734375,0,,0,0,1,0,1,0,0,3,0,0,1,3,0,60.0,0,0,0,0
24,SCSB,511.595703125,0,,0,0,1,0,1,0,0,3,0,0,1,2,0,60.0,0,0,0,0
24,SCSB,517.7880859375,0,,0,0,1,0,1,0,0,3,0,2,1,2,0,60.0,0,0,0,2
24,SCSB,523.6962890625,0,,0,0,1,0,1,0,0,3,0,2,1,2,0,60.0,0,0,0,2
24,SCSB,529.271484375,0,,0,0,1,0,1,0,0,3,0,2,2,1,0,60.0,0,0,0,2
24,SCSB,534.51171875,0,,0,0,1,0,1,0,0,3,0,2,1,0,0,60.0,0,0,0,2
24,SCSB,539.5859375,0,,1,0,1,0,1,0,0,3,0,0,1,0,0,60.0,0,0,0,0
24,SCSB,544.66015625,0,,0,0,1,0,1,0,0,3,0,0,1,1,0,60.0,0,0,0,0
24,SCSB,550.5693359375,0,,0,0,1,0,1,0,0,3,0,0,1,1,0,60.0,0,0,0,0
24,SCSB,557.3955078125,0,,0,0,1,0,1,0,0,3,0,0,1,1,0,60.0,0,0,0,0
24,SCSB,562.7197265625,0,,0,0,1,0,1,0,0,3,0,0,1,0,0,60.0,0,0,0,0
24,SCSB,568.2783203125,0,,1,0,1,0,1,0,0,3,0,0,1,0,0,60.0,0,0,0,0
24,SCSB,574.5205078125,0,,0,0,1,0,1,0,0,3,0,0,1,1,0,60.0,0,0,0,0
24,SCSB,581.3642578125,0,,0,0,1,0,1,0,0,3,0,0,1,1,0,60.0,0,0,0,0
24,SCSB,586.822265625,0,,1,0,1,0,1,0,0,3,0,0,1,2,0,60.0,0,0,0,0
24,SCSB,592.1796875,0,,0,0,1,0,1,0,0,3,0,0,1,1,0,60.0,0,0,0,0
24,SCSB,598.0048828125,0,,0,0,1,0,1,0,0,3,0,0,1,1,0,60.0,0,0,0,0
24,SCSB,605.0322265625,0,,0,0,1,0,1,0,0,3,0,0,1,0,0,60.0,0,0,0,0
24,SCSB,610.6396484375,0,,1,0,1,0,1,0,0,3,0,0,1,0,0,60.0,0,0,0,0
24,SCSB,617.3662109375,0,,0,0,1,0,1,0,0,3,1,0,1,1,0,60.0,0,0,0,1
24,SCSB,623.9599609375,0,,0,0,1,0,1,0,0,3,4,0,1,1,0,60.0,0,0,0,4
24,SCSB,629.5009765625,0,,0,0,1,0,1,0,0,3,4,0,0,1,0,60.0,0,0,0,4
24,SCSB,635.6435546875,0,,0,0,1,0,1,0,0,3,4,0,0,0,0,60.0,0,0,0,4
24,SCSB,641.2685546875,0,,0,0,1,0,1,0,0,3,2,0,0,1,0,60.0,0,0,0,2
24,SCSB,647.6279296875,0,,0,0,1,0,1,0,0,3,1,0,0,1,0,60.0,0,0,0,1
24,SCSB,652.90234375,0,,0,0,1,0,1,0,0,3,0,0,0,1,0,60.0,0,0,0,0
24,SCSB,658.560546875,0,,0,0,1,0,1,0,0,3,0,0,0,0,0,60.0,0,0,0,0
24,SCSB,664.3017578125,0,,0,0,1,0,1,0,0,3,2,0,0,0,0,60.0,0,0,0,2
24,SCSB,671.078125,0,,0,0,1,0,1,0,0,3,2,0,0,0,0,60.0,0,0,0,2
24,SCSB,677.7216796875,0,,1,0,1,0,1,0,0,3,2,0,0,0,0,60.0,0,2,0,2
24,SCSB,683.9140625,0,,0,0,1,0,1,0,0,3,0,0,0,0,0,60.0,0,0,0,0
24,SCSB,690.70703125,0,,0,0,1,0,1,0,0,3,0,0,0,1,0,60.0,0,0,0,0
24,SCSB,696.2822265625,1,0.7841796875,1,0,1,0,1,0,0,3,0,0,1,1,0,60.0,0,0,0,0
24,SCSB,701.58984375,0,,0,0,1,0,1,0,2,3,0,0,1,1,1,4.6572265625,0,0,2,0
24,SCSB,707.1640625,0,,0,0,1,0,1,0,2,3,0,0,1,1,1,10.2314453125,0,0,2,0
24,SCSB,713.908203125,0,,0,0,1,0,1,0,2,3,0,0,1,0,1,16.9755859375,0,0,2,0
24,SCSB,720.0830078125,0,,0,0,1,0,1,0,0,3,0,0,1,0,1,23.150390625,0,0,0,0
24,SCSB,726.3095703125,0,,0,0,1,0,1,0,0,3,0,0,1,0,1,29.376953125,0,0,0,0
24,SCSG,37.83984375,0,,0,0,0,0,1,0,0,0,0,1,0,0,0,60.0,0,0,0,0
24,SCSG,43.03125,0,,0,0,0,0,1,0,0,1,0,2,1,0,0,60.0,0,0,0,0
24,SCSG,49.94140625,0,,0,0,0,0,1,0,0,2,0,2,1,1,0,60.0,0,0,0,0
24,SCSG,55.951171875,0,,0,0,0,0,1,0,0,3,0,1,1,1,0,60.0,0,0,0,0
24,SCSG,62.978515625,0,,0,0,0,0,1,0,0,3,0,0,1,1,0,60.0,0,0,0,0
24,SCSG,68.654296875,0,,0,0,0,0,1,0,0,3,0,0,1,1,0,60.0,0,0,0,0
24,SCSG,74.98046875,0,,0,0,0,0,1,0,0,3,0,0,1,0,0,60.0,0,0,0,0
24,SCSG,80.755859375,0,,0,0,0,0,1,0,0,3,0,0,1,0,0,60.0,0,0,0,0
24,SCSG,86.7158203125,0,,0,0,0,0,1,0,0,3,0,0,1,1,0,60.0,0,0,0,0
24,SCSG,93.025390625,0,,0,0,0,0,1,0,0,3,0,1,1,1,0,60.0,0,0,0,0
24,SCSG,98.7841796875,0,,0,0,0,0,1,0,0,3,0,1,1,1,0,60.0,0,0,0,0
24,SCSG,105.0439453125,0,,1,0,0,0,1,0,0,3,0,1,1,1,0,60.0,0,1,0,0
24,SCSG,111.2197265625,0,,0,0,0,0,1,0,2,3,0,0,1,1,0,5.5078125,0,0,0,0
24,SCSG,117.3798828125,0,,0,0,0,0,1,0,2,3,0,0,1,1,0,11.66796875,0,0,0,0
24,SCSG,124.1904296875,0,,0,0,0,0,1,0,2,3,0,0,1,0,0,18.478515625,0,0,0,0
24,SCSG,130.015625,0,,0,0,0,0,1,0,0,3,0,0,1,0,0,24.3037109375,0,0,0,0
24,SCSG,136.6767578125,0,,0,0,0,0,1,0,0,3,0,0,1,0,0,30.96484375,0,0,0,0
24,SCSG,143.1865234375,0,,0,0,0,0,1,0,0,3,0,0,1,0,0,37.474609375,0,0,0,0
24,SCSG,149.0458984375,0,,0,0,0,0,1,0,0,3,0,0,1,0,0,43.333984375,0,0,0,0
24,SCSG,155.0048828125,0,,1,0,0,0,1,0,0,3,0,0,1,0,0,49.29296875,0,0,0,0
24,SCSG,160.4970703125,0,,0,0,0,0,1,0,2,3,0,0,1,0,0,4.8076171875,0,0,0,0
24,SCSG,167.1904296875,0,,0,0,0,0,1,0,2,3,0,0,1,1,0,11.5009765625,0,0,0,0
24,SCSG,173.283203125,0,,0,0,0,0,1,0,2,3,0,0,1,2,0,17.59375,0,0,0,0
24,SCSG,179.6767578125,0,,0,0,0,0,1,0,0,3,0,0,2,2,0,23.9873046875,0,0,0,0
24,SCSG,185.8193359375,0,,0,0,0,0,1,0,0,3,0,0,1,1,0,30.1298828125,0,0,0,0
24,SCSG,192.4462890625,0,,0,0,0,0,1,0,0,3,0,0,1,0,0,36.7568359375,0,0,0,0
24,SCSG,199.0234375,0,,1,0,0,0,1,0,0,3,0,0,0,0,0,43.333984375,0,0,0,0
24,SCSG,204.09765625,0,,0,0,0,0,1,0,0,3,0,0,1,0,0,48.408203125,0,0,0,0
24,SCSG,209.3720703125,0,,0,0,0,0,1,0,0,3,0,0,1,0,0,53.6826171875,0,0,0,0
24,SCSG,216.06640625,0,,1,0,0,0,1,0,0,3,0,0,1,0,0,60.0,0,0,0,0
24,SCSG,222.9599609375,0,,0,0,0,0,1,0,2,3,0,0,1,0,0,6.2763671875,0,0,0,0
24,SCSG,229.203125,0,,0,0,0,0,1,0,2,3,0,0,1,0,0,12.51953125,0,0,0,0
24,SCSG,235.880859375,0,,0,0,0,0,1,0,2,3,0,0,1,0,0,19.197265625,0,0,0,0
24,SCSG,242.0234375,0,,0,0,0,0,1,0,0,3,0,0,1,0,0,25.33984375,0,0,0,0
24,SCSG,248.716796875,0,,0,0,0,0,1,0,0,3,0,0,1,0,0,32.033203125,0,0,0,0
24,SCSG,254.2255859375,0,,0,0,0,0,1,0,0,3,0,0,1,0,0,37.5419921875,0,0,0,0
24,SCSG,260.6689453125,0,,0,0,0,0,1,0,0,3,0,0,1,0,0,43.9853515625,0,0,0,0
24,SCSG,265.759765625,0,,0,0,0,0,1,0,1,3,0,0,1,2,0,3.8720703125,0,0,0,0
24,SCSG,272.5537109375,0,,0,0,0,0,1,0,1,3,0,0,1,2,0,10.666015625,0,0,0,0
24,SCSG,279.53125,0,,0,0,0,0,1,0,1,3,0,0,2,2,0,17.6435546875,0,0,0,0
24,SCSG,286.05859375,0,,0,0,0,0,1,0,0,3,0,0,1,0,0,24.1708984375,0,0,0,0
24,SCSG,292.9853515625,0,,0,0,0,0,1,0,0,3,0,0,1,0,0,31.09765625,0,0,0,0
24,SCSG,298.2939453125,0,,0,0,0,0,1,0,0,3,0,0,0,0,0,36.40625,0,0,0,0
24,SCSG,303.4853515625,0,,0,0,0,0,1,0,0,3,0,0,1,0,0,41.59765625,0,0,0,0
24,SCSG,308.9443359375,0,,0,0,0,0,1,0,0,3,0,0,1,0,0,47.056640625,0,0,0,0
24,SCSG,315.25390625,0,,0,0,0,0,1,0,0,3,0,0,1,0,0,53.3662109375,0,0,0,0
24,SCSG,320.5283203125,0,,0,0,0,0,1,0,0,3,0,0,1,0,0,58.640625,0,0,0,0
24,SCSG,325.8701171875,0,,0,0,0,0,1,0,0,3,0,0,1,0,0,60.0,0,0,0,0
24,SCSG,331.162109375,0,,0,0,0,0,1,0,0,3,0,0,1,0,0,60.0,0,0,0,0
24,SCSG,336.7705078125,0,,0,0,0,0,1,0,0,3,0,0,1,0,0,60.0,0,0,0,0
24,SCSG,341.978515625,0,,1,0,0,0,1,0,0,3,0,0,1,0,0,60.0,0,0,0,0
24,SCSG,348.3388671875,0,,0,0,0,0,1,0,0,3,0,0,1,0,0,60.0,0,0,0,0
24,SCSG,354.248046875,0,,0,0,0,0,1,0,0,3,0,0,1,0,0,60.0,0,0,0,0
24,SCSG,361.1083984375,0,,0,0,0,0,1,0,0,3,0,0,1,0,0,60.0,0,0,0,0
24,SCSG,366.4501953125,0,,0,0,0,0,1,0,0,3,0,0,1,0,0,60.0,0,0,0,0
24,SCSG,372.3427734375,0,,0,0,0,0,1,0,0,3,0,0,1,0,0,60.0,0,0,0,0
24,SCSG,377.8671875,0,,1,0,0,0,1,0,0,3,0,0,2,0,0,60.0,0,0,0,0
24,SCSG,384.1611328125,0,,0,0,0,0,1,0,2,3,0,0,1,0,0,5.708984375,0,0,0,0
24,SCSG,390.8212890625,0,,0,0,0,0,1,0,2,3,0,0,1,0,0,12.369140625,0,0,0,0
24,SCSG,397.3974609375,0,,0,0,0,0,1,0,2,3,0,0,0,0,0,18.9453125,0,0,0,0
24,SCSG,403.8583984375,0,,0,0,0,0,1,0,0,3,2,0,0,1,0,25.40625,0,0,0,0
24,SCSG,410.1513671875,0,,0,0,0,0,1,0,0,3,2,0,0,1,0,31.69921875,0,0,0,0
24,SCSG,415.8095703125,0,,1,0,0,0,1,0,0,3,4,0,0,1,0,37.357421875,0,4,0,0
24,SCSG,421.8525390625,0,,0,0,0,0,1,0,0,3,2,0,0,2,0,43.400390625,0,0,0,0
24,SCSG,426.943359375,0,,0,0,0,0,1,0,0,3,2,0,0,1,0,48.4912109375,0,0,0,0
24,SCSG,432.8525390625,0,,1,0,0,0,1,0,0,3,0,0,0,1,0,54.400390625,0,0,0,0
24,SCSG,438.728515625,0,,0,0,0,0,1,0,0,3,0,0,0,1,0,60.0,0,0,0,0
24,SCSG,444.8544921875,0,,0,0,0,0,1,0,0,3,2,0,0,0,0,60.0,0,0,0,0
24,SCSG,450.146484375,0,,1,0,0,0,1,0,0,3,2,0,0,0,0,60.0,0,2,0,0
24,SCSG,457.0068359375,0,,0,0,0,0,1,0,0,3,2,0,0,0,0,60.0,0,0,0,0
24,SCSG,462.1650390625,0,,0,0,0,0,1,0,0,3,1,0,0,0,0,60.0,0,0,0,0
24,SCSG,468.0576171875,0,,0,0,0,0,1,0,0,3,0,0,1,0,0,60.0,0,0,0,0
24,SCSG,473.8662109375,0,,0,0,0,0,1,0,0,3,0,0,1,0,0,60.0,0,0,0,0
24,SCSG,479.8759765625,0,,0,0,0,0,1,0,0,3,0,0,1,0,0,60.0,0,0,0,0
24,SCSG,485.634765625,0,,1,0,0,0,1,0,0,3,0,0,1,0,0,60.0,0,0,0,0
24,SCSG,491.5439453125,0,,0,0,0,0,1,0,0,3,0,0,1,0,0,60.0,0,0,0,0
24,SCSG,496.71875,0,,0,0,0,0,1,0,0,3,1,0,1,0,0,60.0,0,0,0,0
24,SCSG,502.2109375,0,,0,0,0,0,1,0,2,3,2,0,1,0,0,4.673828125,0,0,0,0
24,SCSG,508.3203125,0,,0,0,0,0,1,0,2,3,2,0,1,0,0,10.783203125,0,0,0,0
24,SCSG,514.6298828125,0,,1,0,0,0,1,0,2,3,1,0,1,0,0,17.0927734375,2,1,0,0
24,SCSG,521.3408203125,0,,0,0,0,0,1,0,2,3,2,0,1,0,0,5.859375,0,0,0,0
24,SCSG,526.4150390625,0,,0,0,0,0,1,0,2,3,2,0,1,0,0,10.93359375,0,0,0,0
24,SCSG,531.7734375,0,,1,0,0,0,1,0,2,3,2,0,1,0,0,16.2919921875,2,2,0,0
24,SCSG,537.7158203125,0,,0,0,0,0,1,0,0,3,2,0,1,0,0,22.234375,0,0,0,0
24,SCSG,544.5927734375,0,,0,0,0,0,1,0,0,3,1,0,0,0,0,29.111328125,0,0,0,0
24,SCSG,550.9697265625,0,,0,0,0,0,1,0,0,3,1,0,1,0,0,35.48828125,0,0,0,0
24,SCSG,556.7451171875,0,,0,0,0,0,1,0,2,3,1,0,1,0,0,4.9072265625,0,0,0,0
24,SCSG,562.3544921875,0,,0,0,0,0,1,0,2,3,1,0,1,0,0,10.5166015625,0,0,0,0
24,SCSG,568.1630859375,0,,1,0,0,0,1,0,2,3,1,0,1,0,0,16.3251953125,2,1,0,0
24,SCSG,573.4384765625,0,,0,0,0,0,1,0,2,3,0,0,1,0,0,4.607421875,0,0,0,0
24,SCSG,579.146484375,0,,0,0,0,0,1,0,2,3,0,0,1,0,0,10.3154296875,0,0,0,0
24,SCSG,585.33984375,0,,0,0,0,0,1,0,2,3,0,0,1,0,0,16.5087890625,0,0,0,0
24,SCSG,590.5478515625,0,,0,0,0,0,1,0,0,3,0,0,1,0,0,21.716796875,0,0,0,0
24,SCSG,596.57421875,0,,1,0,0,0,1,0,0,3,2,0,1,0,0,27.7431640625,0,2,0,0
24,SCSG,603.1005859375,0,,0,0,0,0,1,0,0,3,2,0,1,0,0,34.26953125,0,0,0,0
24,SCSG,609.89453125,0,,0,0,0,0,1,0,0,3,2,0,1,0,0,41.0634765625,0,0,0,0
24,SCSG,616.220703125,0,,0,0,0,0,1,0,0,3,0,0,1,0,0,47.3896484375,0,0,0,0
24,SCSG,622.013671875,0,,0,0,0,0,1,0,0,3,0,0,1,0,0,53.1826171875,0,0,0,0
24,SCSG,628.1396484375,0,,0,0,0,0,1,0,0,3,0,0,1,0,0,59.30859375,0,0,0,0
24,SCSG,634.166015625,0,,0,0,0,0,1,0,0,3,0,0,1,0,0,60.0,0,0,0,0
24,SCSG,639.607421875,0,,0,0,0,0,1,0,0,3,0,0,1,0,0,60.0,0,0,0,0
24,SCSG,646.3515625,0,,0,0,0,0,1,0,0,3,1,0,0,0,0,60.0,0,0,0,0
24,SCSG,652.744140625,0,,0,0,0,0,1,0,0,3,2,0,0,0,0,60.0,0,0,0,0
24,SCSG,657.869140625,0,,0,0,0,0,1,0,0,3,2,0,0,0,0,60.0,0,0,0,0
24,SCSG,663.244140625,0,,0,0,0,0,1,0,0,3,2,0,0,0,0,60.0,0,0,0,0
24,SCSG,669.87109375,0,,0,0,0,0,1,0,0,3,0,0,0,0,0,60.0,0,0,0,0
24,SCSG,675.0625,0,,0,0,0,0,1,0,0,3,0,0,0,0,0,60.0,0,0,0,0
24,SCSG,681.255859375,0,,0,0,0,0,1,0,0,3,0,0,0,0,0,60.0,0,0,0,0
24,SCSG,687.6318359375,0,,0,0,0,0,1,0,0,3,0,0,0,0,0,60.0,0,0,0,0
24,SCSG,694.42578125,0,,0,0,0,0,1,0,0,3,2,0,0,0,0,60.0,0,0,0,0
24,SCSG,700.7021484375,0,,0,0,0,0,1,0,0,3,2,0,0,0,0,60.0,0,0,0,0
24,SCSG,707.0791015625,0,,0,0,0,0,1,0,0,3,2,0,0,0,0,60.0,0,0,0,0
24,SCSG,712.3369140625,0,,1,0,0,0,1,0,0,3,0,0,1,0,0,60.0,0,0,0,0
24,SCSG,719.21484375,0,,0,0,0,0,1,0,0,3,0,0,1,2,0,60.0,0,0,0,0
24,SCSG,725.1904296875,0,,0,0,0,0,1,0,0,3,0,0,1,2,0,60.0,0,0,0,0
24,SCSG,730.3486328125,0,,0,0,0,0,1,0,0,3,0,0,2,2,0,60.0,0,0,0,0
24,SCSG,736.1240234375,0,,0,0,0,0,1,0,0,3,0,0,1,1,0,60.0,0,0,0,0
24,SCSG,742.951171875,0,,0,0,0,0,1,0,0,3,0,0,1,0,0,60.0,0,0,0,0
24,SCSG,748.41015625,0,,1,0,0,0,1,0,0,3,0,0,1,0,0,60.0,0,0,0,0
24,SCSG,753.91796875,0,,0,0,0,0,1,0,0,3,0,0,1,0,0,60.0,0,0,0,0
