replicate,model,AUROC,AP
0,Context only,0.714721002318366,0.059129422848906314
0,Driver history,0.5001763099426371,0.022407860225302417
0,Automation only,0.4438547937649196,0.017260394310298056
0,Additive,0.7164930635571738,0.05565652649855321
0,Interaction,0.7083912193259108,0.05562895095322264
0,HGB,0.6902349531169184,0.0823777037631782
0,MLP,0.7045815345695513,0.0520850442929724
1,Context only,0.6983227442902674,0.10038230494332784
1,Driver history,0.42103562034130154,0.028114774101502024
1,Automation only,0.4042087593969266,0.026606696659884126
1,Additive,0.7154382730531635,0.07826407406379508
1,Interaction,0.7010173086367224,0.07667052803059567
1,HGB,0.6793994069075487,0.1084809033189971
1,MLP,0.7010011541742137,0.06314606803162384
2,Context only,0.7049231265907642,0.04364112219992465
2,Driver history,0.5109502652683642,0.02014467636760891
2,Automation only,0.46322688150309904,0.013156157776147454
2,Additive,0.710267362708417,0.04361046489835367
2,Interaction,0.6969170612234445,0.0421351012644871
2,HGB,0.6745855439030346,0.045934246103498236
2,MLP,0.6939378793712577,0.04387964948227698
3,Context only,0.7048922840723483,0.07353847977704599
3,Driver history,0.5252573405708454,0.026535089332297427
3,Automation only,0.4172495058749078,0.019873698275864698
3,Additive,0.7491625777397481,0.0703241312363738
3,Interaction,0.7431211046564744,0.08293435713621926
3,HGB,0.7063112921231893,0.09256556646029233
3,MLP,0.75394645511205,0.06485632299652495
4,Context only,0.7211903928383887,0.05226029010180193
4,Driver history,0.576157135355455,0.02317827421903697
4,Automation only,0.5133590474523435,0.01677726721021685
4,Additive,0.715878155918415,0.041483300732602035
4,Interaction,0.7072337109182899,0.041516356182742
4,HGB,0.6963846032023873,0.056350944437697725
4,MLP,0.705833395847399,0.04348948594347306
5,Context only,0.6777068455177597,0.04553752870843211
5,Driver history,0.5541142193880166,0.03375792113496877
5,Automation only,0.46143549999145755,0.014671179348613176
5,Additive,0.7354350685961286,0.054941798251280344
5,Interaction,0.732127526438981,0.06647671302781986
5,HGB,0.6702836958193095,0.0578276263907204
5,MLP,0.7314649501973313,0.05716474559185996
6,Context only,0.7210011189392633,0.0469762722498091
6,Driver history,0.49307341214557715,0.017824201449154288
6,Automation only,0.46578765805569927,0.013479184422493908
6,Additive,0.7142034523477823,0.042542705888122194
6,Interaction,0.7064628693494672,0.04186879709547593
6,HGB,0.6887312201745192,0.05608056624832453
6,MLP,0.6956529430756235,0.04249456002656185
7,Context only,0.6753845797638343,0.061870763328766065
7,Driver history,0.5089017519487535,0.0247991333788452
7,Automation only,0.478777186077024,0.01764206195992672
7,Additive,0.720109130199892,0.0501138828571583
7,Interaction,0.7114200818090608,0.05525668169527728
7,HGB,0.6673337964034884,0.05949057526338004
7,MLP,0.7014930925368525,0.04438689485894712
8,Context only,0.7114419083616862,0.0650214477785227
8,Driver history,0.4798426665318562,0.022434813277523398
8,Automation only,0.4359066428532351,0.018684381017837252
8,Additive,0.7275705105875819,0.05891407777781475
8,Interaction,0.7150708828167254,0.06344897539787467
8,HGB,0.686642617778495,0.07004709508660073
8,MLP,0.7128181174138835,0.05148486849659477
9,Context only,0.7076447401198658,0.09249387791168207
9,Driver history,0.5063418592383102,0.029508442352185645
9,Automation only,0.5152502820802134,0.028166661752289927
9,Additive,0.7281201002300601,0.07176521280550147
9,Interaction,0.7114062980818545,0.06953838481977519
9,HGB,0.6928899301027212,0.08805985154974717
9,MLP,0.707070688568791,0.059369412096102754
10,Context only,0.7064247105461043,0.039362464320902395
10,Driver history,0.5656742657866674,0.025211731653029118
10,Automation only,0.5113025228798926,0.013161195457141473
10,Additive,0.7029580760191476,0.04234889927203499
10,Interaction,0.7028317879198358,0.0448976429384772
10,HGB,0.6677632595954064,0.04241096037516622
10,MLP,0.6882630670191554,0.049827719937110486
11,Context only,0.7394019188773728,0.053228049213992094
11,Driver history,0.5912479886970994,0.026065679690785788
11,Automation only,0.5315688208676302,0.017138121803863093
11,Additive,0.7473720663990149,0.05727129984030131
11,Interaction,0.7403100561000389,0.05773430142088988
11,HGB,0.729418165875961,0.08224533699277317
11,MLP,0.7493403110692349,0.06124421781724072
12,Context only,0.6876470730188479,0.07911213693642978
12,Driver history,0.5725774079362632,0.03167289408810928
12,Automation only,0.5449407764395939,0.02239171600179217
12,Additive,0.7471725782319572,0.06895568847051535
12,Interaction,0.7426107395823156,0.0832203720993103
12,HGB,0.7037616849108821,0.0782872674822176
12,MLP,0.7556850085874751,0.06387340219778438
13,Context only,0.7098134130979972,0.048977370998259044
13,Driver history,0.531212871946509,0.022564136704399544
13,Automation only,0.4739271157995684,0.015228674897758945
13,Additive,0.6952108854410461,0.047444530186739754
13,Interaction,0.6857217065680263,0.04781502024175692
13,HGB,0.6693541573905994,0.054753426579716026
13,MLP,0.6688679963314343,0.04750080001662926
14,Context only,0.6860130780794987,0.0630157133865405
14,Driver history,0.39134770045925316,0.017376622267043867
14,Automation only,0.37176495039112134,0.016353526444175853
14,Additive,0.688718134715864,0.05768109903590655
14,Interaction,0.6787361118187119,0.07292462551951573
14,HGB,0.6479963172412788,0.08721492596612249
14,MLP,0.6515100604654962,0.04851504141784402
15,Context only,0.679476189949017,0.09419558221558627
15,Driver history,0.42803806086638846,0.031008273691545907
15,Automation only,0.4105306316750039,0.026401927001039542
15,Additive,0.6891694593678452,0.07222702411986898
15,Interaction,0.6778523640301143,0.0825174801689349
15,HGB,0.6460773816772445,0.09099921843358637
15,MLP,0.650248245962247,0.05868115846172249
16,Context only,0.713941072503234,0.06799164602925954
16,Driver history,0.5118072925101518,0.019943045612716113
16,Automation only,0.48853984848757487,0.018958545309108003
16,Additive,0.7238946970651216,0.07165027199492918
16,Interaction,0.7176011732316052,0.08154528183402204
16,HGB,0.7016311878070286,0.11348165688042836
16,MLP,0.7003111023138735,0.05253480251805916
17,Context only,0.6884752807025052,0.047567342087341216
17,Driver history,0.5438619956628432,0.026281417631116993
17,Automation only,0.47476932103521086,0.015162567448129539
17,Additive,0.7177363768333047,0.04752541077285141
17,Interaction,0.7132520918935115,0.05582334802802194
17,HGB,0.6720713936683217,0.05438047671172461
17,MLP,0.7078359959053815,0.04867195475829973
18,Context only,0.699298663943918,0.0648132050146325
18,Driver history,0.4889514581508829,0.0242567051459523
18,Automation only,0.42747222948565233,0.018075777018282196
18,Additive,0.7252536666486811,0.06895248634759657
18,Interaction,0.718822764004931,0.08167946361340525
18,HGB,0.6901809839249916,0.10287543723241953
18,MLP,0.7197974471464403,0.06225366692023612
19,Context only,0.7029281995489919,0.05667395190865246
19,Driver history,0.46524691424271003,0.017242667213651433
19,Automation only,0.3934139321555964,0.01507396413906447
19,Additive,0.7383783558993938,0.059077432374579825
19,Interaction,0.7307939193041435,0.07034146227982944
19,HGB,0.694679055753574,0.09378237216570416
19,MLP,0.7391366318729451,0.05434141645881965
20,Context only,0.7027690845517593,0.1224044803266215
20,Driver history,0.5322569538936032,0.03377315246705784
20,Automation only,0.5096241227744654,0.034168310909762925
20,Additive,0.7437227348820332,0.09483678925048354
20,Interaction,0.7334269315454838,0.11292572416191937
20,HGB,0.7101601477779702,0.12189134303206765
20,MLP,0.7370729323866307,0.07663886156986507
21,Context only,0.7040768750591435,0.05696441809184903
21,Driver history,0.44842681164099685,0.01764521920450359
21,Automation only,0.4206272040496639,0.014432250494637987
21,Additive,0.7223454845182962,0.04587207360698404
21,Interaction,0.7205138108599971,0.05359758235367235
21,HGB,0.6914283764832596,0.07085416797527681
21,MLP,0.7128837325853932,0.04661410580721604
22,Context only,0.6959084136158895,0.0705176480729831
22,Driver history,0.5101429730128962,0.020299811724868288
22,Automation only,0.47180135449379074,0.019180286158814792
22,Additive,0.7022886708336791,0.052824586730761264
22,Interaction,0.6941187415786088,0.06469107528078488
22,HGB,0.6742239585939465,0.07184881299210909
22,MLP,0.6682477483780441,0.041368083838951075
23,Context only,0.7304955066031016,0.0484768921771639
23,Driver history,0.5350846034616378,0.018657008879449547
23,Automation only,0.5072932078470054,0.01568604480111648
23,Additive,0.7237992003475728,0.04852337105716811
23,Interaction,0.7115695674126958,0.04767705361655685
23,HGB,0.6989025328198023,0.06489575146377817
23,MLP,0.7092524150051274,0.04758756948797977
24,Context only,0.7063714771622936,0.04330970850311547
24,Driver history,0.5406420332107998,0.030522210707370788
24,Automation only,0.4800555625977099,0.015293642984122167
24,Additive,0.7023983817129337,0.0444190057148053
24,Interaction,0.7060833650230278,0.04883124696161316
24,HGB,0.6662869184941057,0.0519504613336481
24,MLP,0.6932654117547641,0.057375379717643615
25,Context only,0.7018340037255476,0.057724530775033166
25,Driver history,0.4916135117565976,0.023138845953782138
25,Automation only,0.40385555946036006,0.016196784108991193
25,Additive,0.7389112150638859,0.05677960713134063
25,Interaction,0.7350414526358341,0.06981192335936928
25,HGB,0.6947876929464056,0.0778911830921084
25,MLP,0.7457985618584765,0.0541227116397047
26,Context only,0.6987873245950202,0.09146504210332071
26,Driver history,0.5044593047510939,0.027098376528365255
26,Automation only,0.4850122191930266,0.02332255980039
26,Additive,0.738449305171516,0.07893160315422892
26,Interaction,0.7359467152631574,0.08935653919560768
26,HGB,0.7072650298230239,0.11091898879492658
26,MLP,0.7531196133409657,0.06907151973463385
27,Context only,0.6965572743580948,0.06099650087227084
27,Driver history,0.538020526632905,0.03185608494465645
27,Automation only,0.46183763375339026,0.018094553494676823
27,Additive,0.740269648882949,0.06910385708734536
27,Interaction,0.7345417863598425,0.07501435637612984
27,HGB,0.6992800487477662,0.0978414700563305
27,MLP,0.75011649282353,0.06711308366724035
28,Context only,0.6957708290701885,0.07555064642554733
28,Driver history,0.4685261848919391,0.021349627931714237
28,Automation only,0.4304603297031951,0.02061285121792267
28,Additive,0.7056271264192057,0.05760023984790837
28,Interaction,0.7030172384715192,0.075047303580872
28,HGB,0.680893343422464,0.0890628719835786
28,MLP,0.6843708047843167,0.049460566067520535
29,Context only,0.7032389451024647,0.06707437286755957
29,Driver history,0.4604063387120977,0.02221838863876281
29,Automation only,0.3885055060421149,0.018062679271510226
29,Additive,0.6992888249741864,0.05068207656273427
29,Interaction,0.6852750678179494,0.05369069824498049
29,HGB,0.6626202747080188,0.0691195481069624
29,MLP,0.6700173540317303,0.04680377661992347
30,Context only,0.6972828494435114,0.04071900673900519
30,Driver history,0.5530724542719504,0.02099042979308696
30,Automation only,0.495308375939017,0.012662367981838936
30,Additive,0.7078978940179774,0.04119216467234458
30,Interaction,0.6920162793702358,0.0390280807278687
30,HGB,0.6778182044703668,0.05014675489592455
30,MLP,0.7007636722715442,0.04230549772566236
31,Context only,0.7057296789617485,0.06645146047815918
31,Driver history,0.49226997950819673,0.01962180276155638
31,Automation only,0.47001741803278696,0.01898279294893199
31,Additive,0.718932206284153,0.05647908939889412
31,Interaction,0.7162464139344262,0.07185724470040976
31,HGB,0.6877310450819671,0.07937303977332974
31,MLP,0.7033324795081968,0.051905657314465004
32,Context only,0.7049543458074786,0.050060777724915594
32,Driver history,0.5318311789762259,0.026103012767324553
32,Automation only,0.4527401727416098,0.015622013565873135
32,Additive,0.7033969814435421,0.04493324682700766
32,Interaction,0.6984114994030687,0.05416811752536828
32,HGB,0.6605905566937373,0.04570072151980079
32,MLP,0.6823507303196898,0.04644943857042835
33,Context only,0.7279457318456697,0.05318402344914298
33,Driver history,0.49161142186313106,0.015182547789356576
33,Automation only,0.4797002476151016,0.014760949110572177
33,Additive,0.7110117197904644,0.045358209213856374
33,Interaction,0.7044025669103356,0.04730353367382509
33,HGB,0.6973684729744394,0.07360701028242453
33,MLP,0.6953956909053243,0.047938334025922194
34,Context only,0.7204826246398325,0.04050037110910097
34,Driver history,0.575697831302258,0.02175382177600265
34,Automation only,0.5235221173075884,0.013659033027530982
34,Additive,0.7150317758291651,0.03667830477077036
34,Interaction,0.711775195103799,0.03763835280687296
34,HGB,0.6799806559312802,0.039940308167733335
34,MLP,0.7090144295734534,0.042900830703157804
35,Context only,0.7227348529903588,0.07680881525009814
35,Driver history,0.5547508576634327,0.025442082436972824
35,Automation only,0.529476647493141,0.021536684218724345
35,Additive,0.7541560924748074,0.06613050811235506
35,Interaction,0.7568229074449877,0.08116076849484612
35,HGB,0.7261422397159836,0.08565524535695525
35,MLP,0.7530127934480113,0.06826305213670901
36,Context only,0.7361249014140048,0.04856949385732579
36,Driver history,0.5077535244493268,0.015649614176465012
36,Automation only,0.4916994113007718,0.01401427376254833
36,Additive,0.7104368679933525,0.038256951024164744
36,Interaction,0.7030125503492761,0.03866686104427007
36,HGB,0.6929486366965242,0.046712003918805776
36,MLP,0.6859686162047208,0.03844579263975532
37,Context only,0.6924284843302403,0.08908335893926951
37,Driver history,0.47528584854225786,0.02887150861044794
37,Automation only,0.4350539985592685,0.025431987376598103
37,Additive,0.7179976189914783,0.07838917660151465
37,Interaction,0.7027106588627845,0.07613937034817196
37,HGB,0.6791819590002651,0.113664991903905
37,MLP,0.7055211439619924,0.06466947955208409
38,Context only,0.7209676898048891,0.05082259479482061
38,Driver history,0.52662191179359,0.01864239110815158
38,Automation only,0.4724934052792573,0.01559062640259968
38,Additive,0.7208369556299399,0.053253477196460064
38,Interaction,0.7103856803190991,0.05151777411738436
38,HGB,0.693740174218309,0.07683522320271824
38,MLP,0.7061508046678109,0.048041317909593415
39,Context only,0.7312934833279093,0.06179298120963011
39,Driver history,0.5085583545161092,0.018323544268395324
39,Automation only,0.46857722111299727,0.016866792198006672
39,Additive,0.7310373110041956,0.05090838373273424
39,Interaction,0.724211473001856,0.05741066644230831
39,HGB,0.7096709999736132,0.07055028214927642
39,MLP,0.7216317187513743,0.04558075154477258
40,Context only,0.7129816342055374,0.06411832197815913
40,Driver history,0.5704442852916672,0.02424038967076082
40,Automation only,0.516122708803748,0.018567439926011918
40,Additive,0.7477789886134489,0.06139244513082305
40,Interaction,0.7414457478537015,0.06769850429285498
40,HGB,0.7186164223528986,0.08926077290701218
40,MLP,0.7512848358428825,0.059005646933762715
41,Context only,0.6931676945946214,0.08425102921747266
41,Driver history,0.4682452313655754,0.021185872622471052
41,Automation only,0.45815687362377383,0.022015940455233193
41,Additive,0.7278497240167039,0.06333545565471403
41,Interaction,0.7242854661741265,0.07530527689579802
41,HGB,0.6865152643910135,0.08478529085117827
41,MLP,0.7214023563305672,0.05425637746744415
42,Context only,0.7686983949088986,0.040540993302739275
42,Driver history,0.601560246502572,0.022080477365471914
42,Automation only,0.5681187202538338,0.013994946012075212
42,Additive,0.7396508130618722,0.044678722070671244
42,Interaction,0.7404387859958657,0.04667841877966107
42,HGB,0.7379881075429067,0.04610982675981823
42,MLP,0.7363336648478439,0.05025162697481081
43,Context only,0.7144447444746707,0.07288758511377073
43,Driver history,0.5198933057801443,0.029056936703356403
43,Automation only,0.4455009971665741,0.02115074835396049
43,Additive,0.7487999410849737,0.0800857975041846
43,Interaction,0.7440305763035135,0.0965506789040081
43,HGB,0.7078967707573185,0.09915630462900243
43,MLP,0.7402784627641414,0.07035246960659586
44,Context only,0.7228630098410823,0.04849337860365887
44,Driver history,0.46790321897342735,0.015731326138679412
44,Automation only,0.4432180264505566,0.014080964850493267
44,Additive,0.7226167958791558,0.05035583437368634
44,Interaction,0.7178549979191432,0.054111024213252826
44,HGB,0.691611280985454,0.08002202424216835
44,MLP,0.7051894327359903,0.05260241000572626
45,Context only,0.7050299585563177,0.046311940644970406
45,Driver history,0.4994587609027674,0.02132971774302332
45,Automation only,0.4513948250088114,0.013587780190671948
45,Additive,0.7102371567122155,0.041572880871067475
45,Interaction,0.7068471202109861,0.043964304934126786
45,HGB,0.6752824692818454,0.053167285582762985
45,MLP,0.694298556560701,0.0480343135113826
46,Context only,0.7079332878480993,0.06478398819078303
46,Driver history,0.5314626996128051,0.02410407281793875
46,Automation only,0.5149251097741209,0.020142792746497114
46,Additive,0.7337953506676277,0.06443049098108641
46,Interaction,0.7276341689640987,0.07082553202118308
46,HGB,0.6995981900013759,0.08703515384766874
46,MLP,0.7294810263122811,0.05965369485571603
47,Context only,0.7115981534252038,0.05481572421631746
47,Driver history,0.523110543557097,0.024714574346410473
47,Automation only,0.45526688024419343,0.016823035692653816
47,Additive,0.7002334428720219,0.0518819073582107
47,Interaction,0.6883915773227416,0.059624984508726435
47,HGB,0.6680414860595978,0.06064448142812094
47,MLP,0.6803544911435221,0.05082715998748256
48,Context only,0.7257781304635114,0.08803705327427375
48,Driver history,0.5216276797880512,0.027477774075409245
48,Automation only,0.4843126685488282,0.02446020196042294
48,Additive,0.7454108876615144,0.07286315026127992
48,Interaction,0.7422654859422768,0.08903541398218333
48,HGB,0.71525388630522,0.0951776273194973
48,MLP,0.7390989020021941,0.0702808136202378
49,Context only,0.7111366915578654,0.0624129111117845
49,Driver history,0.5432970532368995,0.027078149425104975
49,Automation only,0.47491262641284954,0.018483764609752092
49,Additive,0.7381209101725164,0.056449840452879034
49,Interaction,0.7328491421146561,0.061192051077522305
49,HGB,0.6976169416700585,0.07329643916112102
49,MLP,0.7370185483786803,0.054840229081708665
50,Context only,0.6995702340931199,0.08998755099783844
50,Driver history,0.5150181578614472,0.02623352509646526
50,Automation only,0.47328894060856824,0.02380590967534591
50,Additive,0.7257361098517034,0.06917790400721041
50,Interaction,0.7149712519184979,0.08948180815126779
50,HGB,0.6884803090194866,0.09386808235009868
50,MLP,0.7019850785366689,0.05684363494493441
51,Context only,0.7334192162210552,0.041001863135951486
51,Driver history,0.5793840530341846,0.02479354549268172
51,Automation only,0.509314990129849,0.013574503997713974
51,Additive,0.7385026536235786,0.05742834643753003
51,Interaction,0.7406546055261585,0.060580880823762076
51,HGB,0.7116589961386484,0.06467005329123683
51,MLP,0.7250847661849642,0.06487068421462096
52,Context only,0.6936890266347999,0.08383649015925551
52,Driver history,0.49935138743064006,0.029841190496993006
52,Automation only,0.4682944272675339,0.024487486593876968
52,Additive,0.7284206457087552,0.08036965966672595
52,Interaction,0.7196891943993324,0.08424229829754772
52,HGB,0.6853717279823801,0.10039650867400396
52,MLP,0.7226437997281394,0.0670259676590519
53,Context only,0.6892279054033056,0.06429380651132911
53,Driver history,0.4517363925208174,0.021248888555388853
53,Automation only,0.4349522211145139,0.017919967070103293
53,Additive,0.7066250020918952,0.057960317092482755
53,Interaction,0.6979110633760559,0.0617809843812298
53,HGB,0.6705296499243332,0.08089571570588515
53,MLP,0.6930453152306704,0.0513176665997116
54,Context only,0.7590697170505442,0.04317965527441331
54,Driver history,0.5214730134843286,0.016513702119661834
54,Automation only,0.4809646664396658,0.01255472483074508
54,Additive,0.7279635520717005,0.04938964097049786
54,Interaction,0.7279165247911155,0.050103077468669044
54,HGB,0.7289267184006438,0.09845391925942132
54,MLP,0.7152429703144756,0.05418230878058176
55,Context only,0.6951697184880181,0.045405466237637214
55,Driver history,0.5659202135547976,0.03411776540784508
55,Automation only,0.4567087000898535,0.013143641446108602
55,Additive,0.7559632647364151,0.054311344151134394
55,Interaction,0.7599251075189084,0.06675823677474915
55,HGB,0.6984504627892979,0.06573501709688521
55,MLP,0.7678186965131597,0.06209401009129945
56,Context only,0.6836086108556252,0.060295600741102025
56,Driver history,0.4853823024784685,0.018461028868861223
56,Automation only,0.4636836711003902,0.017401273625475697
56,Additive,0.6963002555397275,0.04864277395563574
56,Interaction,0.6897422923507147,0.06666342922309783
56,HGB,0.6560737805238119,0.060756198830811514
56,MLP,0.6676266596128319,0.03875733750862046
57,Context only,0.728207954421509,0.0580737531275456
57,Driver history,0.5037116458293568,0.018252757154668214
57,Automation only,0.47327691694161916,0.016688043532745087
57,Additive,0.7411464156191203,0.0658661302988247
57,Interaction,0.7389036211927031,0.07489992626225726
57,HGB,0.714736062634636,0.10399887591947933
57,MLP,0.7287249815940884,0.05999711596759643
58,Context only,0.7021518679131611,0.0809872107683515
58,Driver history,0.48271309358140035,0.02591563523507451
58,Automation only,0.4500631090759657,0.0233543588197802
58,Additive,0.7041707327870776,0.05734833492094539
58,Interaction,0.692271917110812,0.06051693277888603
58,HGB,0.6728105986676598,0.07852231796327389
58,MLP,0.6799152418403309,0.05363953048204102
59,Context only,0.7368014054476111,0.043463524860540066
59,Driver history,0.5613048831600896,0.021645332825384337
59,Automation only,0.5413760956393783,0.015740196532457697
59,Additive,0.7377617424207803,0.05920510726319156
59,Interaction,0.7376834008594069,0.0664827081094031
59,HGB,0.7235084745984015,0.07299132317253952
59,MLP,0.7300796994817706,0.07399116059636143
60,Context only,0.7256669964130461,0.04265576728289921
60,Driver history,0.5853513278951821,0.019178930194120234
60,Automation only,0.5618410622451052,0.015462679310007877
60,Additive,0.7333893961378826,0.05272602956346156
60,Interaction,0.7322545239486449,0.051667759592231265
60,HGB,0.7107736489426507,0.08195437777173331
60,MLP,0.7228185678587856,0.05036899452606766
61,Context only,0.717192906231826,0.0637243213026567
61,Driver history,0.551287331403826,0.0264970875772785
61,Automation only,0.500199136021217,0.020153179693855147
61,Additive,0.728686788456447,0.06460655478706215
61,Interaction,0.7110847482173932,0.059997385920216244
61,HGB,0.7071929213178882,0.08857361878680826
61,MLP,0.717437489015461,0.05961784882630767
62,Context only,0.7047672633010011,0.05765152174822105
62,Driver history,0.5346051435937533,0.02897183823164204
62,Automation only,0.4675175926121596,0.018174307727234575
62,Additive,0.7218630910871142,0.05768518222303623
62,Interaction,0.7120503229714785,0.05885915073456293
62,HGB,0.6813268245951409,0.07563564133768322
62,MLP,0.7131495530525559,0.0580561194573669
63,Context only,0.6928940216904829,0.0576419831893964
63,Driver history,0.4802272165790048,0.022479185876093447
63,Automation only,0.4368449979054256,0.017142396543128335
63,Additive,0.7132378899578579,0.05517996310202714
63,Interaction,0.7033002975369952,0.059891297997266855
63,HGB,0.6734646052711668,0.07514701037692927
63,MLP,0.6973527800553541,0.05054075105508671
64,Context only,0.6952769615749637,0.0771808230789185
64,Driver history,0.5050881674357284,0.02964272220866853
64,Automation only,0.4250407322215833,0.021297271277107975
64,Additive,0.7420357403329639,0.07782996991625447
64,Interaction,0.7326682059589429,0.09709915268556236
64,HGB,0.6982002435751787,0.10198010651841097
64,MLP,0.736447478225501,0.06916470935810953
65,Context only,0.7184949438810999,0.05004313001067583
65,Driver history,0.5926955859889755,0.028563847406120085
65,Automation only,0.5208101762039086,0.0163573177515881
65,Additive,0.7399460919504071,0.05113072011870386
65,Interaction,0.7369553268388509,0.051803164371103556
65,HGB,0.7091495129138137,0.06826487526294034
65,MLP,0.7419393527888176,0.051893494860148305
66,Context only,0.7398629636320971,0.03988299677683912
66,Driver history,0.5335335717296819,0.023952566672436514
66,Automation only,0.46574350380333546,0.013052449476171207
66,Additive,0.7245060751613017,0.04057522198390055
66,Interaction,0.7176859252706359,0.04313072337890508
66,HGB,0.6879398547609703,0.0462528520433219
66,MLP,0.710143110490893,0.0508293261716576
67,Context only,0.7122328194088543,0.07306590018210972
67,Driver history,0.4765910049965446,0.022097263731076712
67,Automation only,0.4243035721930366,0.02008634801576653
67,Additive,0.7221531315552892,0.06338395776456343
67,Interaction,0.707496498749335,0.06716011536383651
67,HGB,0.6823003369762648,0.08091241080807125
67,MLP,0.6931315858677904,0.053586007237005226
68,Context only,0.7095450449887724,0.04249204200986539
68,Driver history,0.5135862266584633,0.02605760438272632
68,Automation only,0.4445536023810787,0.01344078915096566
68,Additive,0.7193559859583811,0.0452063814290137
68,Interaction,0.7161422791396385,0.04717371814174848
68,HGB,0.6795205830270058,0.053100526675549896
68,MLP,0.7050461677561206,0.052252850860840354
69,Context only,0.71462270380686,0.06576209661736501
69,Driver history,0.5844095859735214,0.0227263438463872
69,Automation only,0.5355939285703805,0.019598539470227726
69,Additive,0.7414223850766156,0.056500188541388496
69,Interaction,0.7328275276100809,0.06173849652985076
69,HGB,0.7191708831410485,0.07333584882734458
69,MLP,0.7322343107531837,0.04864905455827379
70,Context only,0.707228819798609,0.05861907914706659
70,Driver history,0.49215512591422333,0.02254967947647927
70,Automation only,0.4261471410786366,0.01693028953679713
70,Additive,0.7319071000743904,0.06041987063066769
70,Interaction,0.7292353692299434,0.0716682458347487
70,HGB,0.7029144585982376,0.09000322317340015
70,MLP,0.7321167227790857,0.056979186493164295
71,Context only,0.6924123441482402,0.051607703744756823
71,Driver history,0.5999797371465072,0.03486798854503655
71,Automation only,0.5019374955828768,0.017170184871735772
71,Additive,0.7278148592469733,0.06491090592276723
71,Interaction,0.7171551669381799,0.06648622630995614
71,HGB,0.6804123065747368,0.0771295104008069
71,MLP,0.721659961585566,0.06468816429018641
72,Context only,0.700436171996703,0.059671503675350554
72,Driver history,0.5080144604556549,0.022885510212671774
72,Automation only,0.42901183726121206,0.018145878154488374
72,Additive,0.7194916620102545,0.057412463720702286
72,Interaction,0.7083930075010206,0.06044121138397025
72,HGB,0.6851363770763499,0.08330025590314719
72,MLP,0.7115571950603121,0.05424806826724901
73,Context only,0.7420684134183263,0.04031985259993183
73,Driver history,0.5115509853637903,0.015338245559528415
73,Automation only,0.4945300988237241,0.013184400330601006
73,Additive,0.7022021553180681,0.032194896097450854
73,Interaction,0.6939967288634697,0.03144597072756735
73,HGB,0.6920798497529981,0.06673942855109773
73,MLP,0.6916571651222826,0.03833940289709538
74,Context only,0.6951372650904997,0.05495978872550468
74,Driver history,0.48776717320685964,0.017896160828651198
74,Automation only,0.43539680962884847,0.014810855049630981
74,Additive,0.7271409516434963,0.052984713545902284
74,Interaction,0.713899671759238,0.057979117741603275
74,HGB,0.6902425211879157,0.08082136849982333
74,MLP,0.7201813305212965,0.04809964428435724
75,Context only,0.6900109511483877,0.08316812416991232
75,Driver history,0.4982732972644867,0.024092614355332127
75,Automation only,0.4777547847324531,0.021970206738793623
75,Additive,0.7398260717407729,0.07206988179746775
75,Interaction,0.7353998899200747,0.0807002087674176
75,HGB,0.7043704004126392,0.10273066677797837
75,MLP,0.7480805832506003,0.06166466440969562
76,Context only,0.7179136430662694,0.04170182338734372
76,Driver history,0.5059273809465055,0.019154196124325815
76,Automation only,0.4574294063680548,0.012788477032114175
76,Additive,0.6872896640712097,0.03555851328660142
76,Interaction,0.6787251497199724,0.036610371089688676
76,HGB,0.6521265144049779,0.04199364235204461
76,MLP,0.6694323939128227,0.042515863896029786
77,Context only,0.7038270143575609,0.07741519148612706
77,Driver history,0.5359279118523491,0.026645700628361725
77,Automation only,0.45546255727123897,0.020337714888305006
77,Additive,0.7523363426498475,0.07024727521381834
77,Interaction,0.7466448476496708,0.0812804961866897
77,HGB,0.7141776497885822,0.0961279447875426
77,MLP,0.7583891323039234,0.06321990096817046
78,Context only,0.7040448339251484,0.05549532219265602
78,Driver history,0.5128112921471891,0.023284054133108474
78,Automation only,0.4406160638531879,0.01625939813099071
78,Additive,0.7223303506897527,0.05654583471342502
78,Interaction,0.7089304512459542,0.057420767864685855
78,HGB,0.6830684567765453,0.07672892621252808
78,MLP,0.7151115152562613,0.05713616912959067
79,Context only,0.6908562636650739,0.061001390002337445
79,Driver history,0.5323550085027127,0.025820917277271635
79,Automation only,0.5197039436391611,0.019974342387516268
79,Additive,0.7133184873269091,0.05894790897091371
79,Interaction,0.7055921936998948,0.060210684105498666
79,HGB,0.6726065268442789,0.0701160564899786
79,MLP,0.6981357194914568,0.055855578693762384
80,Context only,0.7203463518307515,0.04796079865228296
80,Driver history,0.5134745354096125,0.020572957926351648
80,Automation only,0.47066837983951126,0.01411106261332543
80,Additive,0.7141140121915414,0.042259366129036635
80,Interaction,0.707637356865217,0.04457667498682635
80,HGB,0.679107102933135,0.048085920604300295
80,MLP,0.690777150153135,0.04414775423566055
81,Context only,0.6991062770473256,0.0638312872650812
81,Driver history,0.5047365032649682,0.02087528472944931
81,Automation only,0.4643794708523114,0.01892632138773952
81,Additive,0.7050123234883281,0.0501910971664881
81,Interaction,0.6980429016645505,0.06268169529303372
81,HGB,0.6778645397718751,0.07033788500361383
81,MLP,0.6840694917587251,0.0486704165975147
82,Context only,0.7030101454626818,0.08541288264545001
82,Driver history,0.526418216534455,0.0292305109683811
82,Automation only,0.4516906587893255,0.023598875707160478
82,Additive,0.7390740555175019,0.0755719130798538
82,Interaction,0.7292257776106161,0.08335363883657859
82,HGB,0.6991780862032597,0.08883373414274487
82,MLP,0.7293749419471619,0.06351698489681251
83,Context only,0.747513089783429,0.04754241304041698
83,Driver history,0.5691870858039763,0.024663572401069634
83,Automation only,0.5005484629165742,0.015194600027533499
83,Additive,0.730827084059993,0.0474296858214704
83,Interaction,0.725983566921394,0.050353332415939984
83,HGB,0.7035461323207661,0.05015953571803488
83,MLP,0.7191547824777246,0.05696051235825251
84,Context only,0.7342697540215724,0.04989034007672456
84,Driver history,0.5040358934090543,0.018008198145850425
84,Automation only,0.45904178487044517,0.013925221748458711
84,Additive,0.7157343440031797,0.04066757101801555
84,Interaction,0.7065640221628229,0.04453186481612803
84,HGB,0.7046291375728941,0.06507938768087526
84,MLP,0.7053050913330743,0.042599614624845066
85,Context only,0.6956461951472656,0.07914892192308742
85,Driver history,0.5645126732430336,0.029757409617225304
85,Automation only,0.5187971895218166,0.022373591516541204
85,Additive,0.7489795342402477,0.06750284773289833
85,Interaction,0.7444245160599166,0.07664704332119597
85,HGB,0.7072135856289853,0.08188670296221749
85,MLP,0.7546527882171411,0.06638626093385158
86,Context only,0.7197215333025556,0.06212107576795985
86,Driver history,0.5373943805628026,0.026752786331961452
86,Automation only,0.5039504622024671,0.019524650760744437
86,Additive,0.7384184551736972,0.06136963409411479
86,Interaction,0.7290487898276091,0.06261061480658177
86,HGB,0.7082890456404806,0.07329047120085473
86,MLP,0.7262272611774979,0.06190992115481632
87,Context only,0.7214796921828172,0.053150798944829804
87,Driver history,0.5439139853202353,0.021438523849535512
87,Automation only,0.5101157523032523,0.015771535520711637
87,Additive,0.7509640966672217,0.06253835137406048
87,Interaction,0.7469954091047839,0.06944888391476489
87,HGB,0.7221205443861693,0.0938162176854482
87,MLP,0.7473539914946166,0.05956001297821204
88,Context only,0.6934367777214047,0.07092221771812339
88,Driver history,0.490008811339299,0.025330088427212512
88,Automation only,0.4163212290776648,0.019498749526968874
88,Additive,0.7418104483611399,0.0693770658030579
88,Interaction,0.7317383767527702,0.07966598040515237
88,HGB,0.6936472572102246,0.09529995644259692
88,MLP,0.7487722029818847,0.06407905224218369
89,Context only,0.6997273968503348,0.06851148594510655
89,Driver history,0.48443808526290855,0.024325340231864563
89,Automation only,0.42779585780371326,0.02000632709353479
89,Additive,0.6997225651192658,0.06143157933479265
89,Interaction,0.6831294654546815,0.06587741362034469
89,HGB,0.6673198855347324,0.08085370820074984
89,MLP,0.6692489931295901,0.054183632694436545
90,Context only,0.7022423399368433,0.051147778309177404
90,Driver history,0.5443809613867621,0.02224248999189289
90,Automation only,0.5013868117265594,0.016278704731686102
90,Additive,0.7186307567119647,0.05281742253695558
90,Interaction,0.7113142237163967,0.054449515413498996
90,HGB,0.6865332692972873,0.06266247533079627
90,MLP,0.7073774999564522,0.04996907149164244
91,Context only,0.709021875041699,0.06591770217536626
91,Driver history,0.4676960680811517,0.021747319272750587
91,Automation only,0.4446614976817276,0.01961970205738442
91,Additive,0.7031771361112833,0.056518863991482315
91,Interaction,0.6924574316193999,0.062034565947592865
91,HGB,0.6756402427298394,0.07344318571303432
91,MLP,0.6738931985566821,0.05003872072209094
92,Context only,0.6924731196964976,0.06358117923275373
92,Driver history,0.5280301987090075,0.02361461921773353
92,Automation only,0.47194707022975496,0.018502237346781237
92,Additive,0.7236169796415344,0.06342921422266562
92,Interaction,0.7141275851640623,0.0766030000087795
92,HGB,0.679247595284326,0.07009322093500107
92,MLP,0.708960057242742,0.05316101116320572
93,Context only,0.7158106248217521,0.051151349833320855
93,Driver history,0.5230192932989292,0.02109072857486615
93,Automation only,0.45648566829733006,0.015190900501770188
93,Additive,0.7238527602006762,0.04898492101837763
93,Interaction,0.7220858946487603,0.05628202516181335
93,HGB,0.6935075215948143,0.06500428681696613
93,MLP,0.7161310008902052,0.0494184778266861
94,Context only,0.7055624842620126,0.07060739188751981
94,Driver history,0.5357863870079673,0.022141292458491408
94,Automation only,0.49406533381403833,0.020251277302695637
94,Additive,0.7336582674498744,0.05836287611922546
94,Interaction,0.7256204125524001,0.06292962647907886
94,HGB,0.7022439948838654,0.07314139530233775
94,MLP,0.7284259138342455,0.04979734982597486
95,Context only,0.6909794279236037,0.0578609924372396
95,Driver history,0.45278059193263037,0.023121446404531523
95,Automation only,0.400056647800048,0.01683984964513881
95,Additive,0.7113503234936056,0.05927306771252448
95,Interaction,0.6987004566860078,0.06636413113128689
95,HGB,0.6560200642377201,0.06867783047194789
95,MLP,0.6796788187753527,0.05328769232947675
96,Context only,0.7781973255729668,0.04245227887581865
96,Driver history,0.5430376170162501,0.014837519546487389
96,Automation only,0.5208588932350042,0.012335692780364591
96,Additive,0.7281571903750694,0.03750105210281717
96,Interaction,0.7258437116601475,0.03818255378674614
96,HGB,0.7314250545650767,0.047993123981720245
96,MLP,0.7222409400495582,0.0445381258252815
97,Context only,0.6880092857997333,0.06409103446985535
97,Driver history,0.5398509098592293,0.03396303059650188
97,Automation only,0.4658189121461119,0.01904340420354205
97,Additive,0.7371261871359747,0.07043388106419897
97,Interaction,0.7356467822847386,0.08405617665296232
97,HGB,0.6764134938501191,0.07655121457634531
97,MLP,0.7336546931584613,0.06994235133480617
98,Context only,0.7076143568920842,0.1096139274464588
98,Driver history,0.5316336638108456,0.03161855805464823
98,Automation only,0.5021686848337145,0.029828088377753643
98,Additive,0.7409833466365537,0.0930721166286749
98,Interaction,0.7294071820376753,0.1064855225893112
98,HGB,0.7055017913270565,0.11948383099301373
98,MLP,0.7267978132624837,0.07264957609048035
99,Context only,0.6910470805025374,0.07087998866108963
99,Driver history,0.5540265986883162,0.031600096266162774
99,Automation only,0.5313579578235939,0.022904131040897134
99,Additive,0.7333578636272651,0.07016388139223989
99,Interaction,0.7233288982561905,0.07487180128291428
99,HGB,0.6895221302499736,0.07165007681981188
99,MLP,0.7274744198094879,0.06332081024622967
100,Context only,0.6888988674821803,0.06035841291685419
100,Driver history,0.5310521638842147,0.02791939399116606
100,Automation only,0.46697812482274864,0.01734664274414128
100,Additive,0.7409235975874913,0.05965419524807148
100,Interaction,0.7368877502788754,0.07613550854854176
100,HGB,0.6909517687319203,0.06842596188405703
100,MLP,0.7375816301450153,0.0559619837595172
101,Context only,0.7424520113639552,0.05690424641105743
101,Driver history,0.4779524697777259,0.017935410108388825
101,Automation only,0.43157778507860917,0.015341758540233886
101,Additive,0.7336853570966344,0.052652220219533453
101,Interaction,0.7278965822153558,0.06055175697847734
101,HGB,0.7137108707870508,0.08913842018537227
101,MLP,0.7176517358631619,0.05398920599515966
102,Context only,0.6783402333127126,0.042454072258313845
102,Driver history,0.5293896822837081,0.025098913505636002
102,Automation only,0.4806379793194488,0.014102308154512097
102,Additive,0.7123365110249862,0.05192922972182289
102,Interaction,0.7115623562504296,0.05461801418750382
102,HGB,0.6691794752490778,0.06896671254242982
102,MLP,0.707472598357752,0.05320338601932241
103,Context only,0.6835344675853572,0.0576748281354055
103,Driver history,0.4816801809866869,0.0220257443956896
103,Automation only,0.4452379850513008,0.01698763875193976
103,Additive,0.6985474634855413,0.05534320384582884
103,Interaction,0.6880597037572035,0.0647792054299461
103,HGB,0.6522350596460988,0.059980989820260906
103,MLP,0.6663126238517634,0.050045533601968
104,Context only,0.6831268029004931,0.07662228076695521
104,Driver history,0.5508890806378395,0.02689048815955763
104,Automation only,0.5396166742325438,0.023207404228136018
104,Additive,0.7196593313686072,0.058637915231064666
104,Interaction,0.7122276584450802,0.0702059248714702
104,HGB,0.6765341317135151,0.06782341663188554
104,MLP,0.7082360577696756,0.05578570155753107
105,Context only,0.686000541015757,0.08214225600673192
105,Driver history,0.4305360113613309,0.022558296237088597
105,Automation only,0.39815608304591876,0.021388609134814628
105,Additive,0.7064984107662136,0.06790724424773675
105,Interaction,0.6966914181375532,0.08894211528270292
105,HGB,0.6640841279502265,0.0925586322492204
105,MLP,0.6820875092987082,0.05726947462418022
106,Context only,0.7243024502646468,0.04632704808568272
106,Driver history,0.5552453116444607,0.021856470771498777
106,Automation only,0.5012519392224859,0.014348753823854594
106,Additive,0.7166910020076656,0.05487608164296918
106,Interaction,0.7122861151670014,0.0573128723310544
106,HGB,0.6900130041978463,0.06439642657443109
106,MLP,0.6964209937944881,0.05398014549469493
107,Context only,0.6939993707335473,0.05883077994771777
107,Driver history,0.4924086477202998,0.021301669172135346
107,Automation only,0.4883418828973374,0.018829134275727168
107,Additive,0.6902564521540209,0.04377323362776521
107,Interaction,0.6872950755554319,0.04461607765727464
107,HGB,0.6695165599637042,0.05980269733720964
107,MLP,0.672465594595957,0.04223790127315326
108,Context only,0.7370683250522775,0.0593091646270366
108,Driver history,0.47744159771827016,0.018192927288846958
108,Automation only,0.4460764194671856,0.01670117274202205
108,Additive,0.7156440378210495,0.0565978479417131
108,Interaction,0.7111931968499371,0.0667767295815857
108,HGB,0.6962528675647173,0.08342103961179329
108,MLP,0.6953033548242133,0.054678104961138604
109,Context only,0.7617475011857291,0.04834253007046995
109,Driver history,0.6022352886303876,0.027440835430247716
109,Automation only,0.5651154563951533,0.016804342273663616
109,Additive,0.7557849344865748,0.06827877357660721
109,Interaction,0.7536969609596803,0.06959609516784883
109,HGB,0.7337064467924135,0.07178021975020786
109,MLP,0.7390641856509517,0.06227503858483786
110,Context only,0.7031210245740601,0.05340598414548848
110,Driver history,0.5493564420530623,0.024180607669964153
110,Automation only,0.4957255467551491,0.016879070790367937
110,Additive,0.7363452352097218,0.06530139473128935
110,Interaction,0.7342145950918122,0.07484016680534254
110,HGB,0.7015308541981251,0.07793099807872267
110,MLP,0.730575457253962,0.06365735237425098
111,Context only,0.7296327928049413,0.05048324371730248
111,Driver history,0.4845185720011537,0.015347762451668457
111,Automation only,0.45604062953015606,0.013822023248251101
111,Additive,0.7052504860260487,0.046659996415732645
111,Interaction,0.7002221298242066,0.047649213489035225
111,HGB,0.6898875210236701,0.0639935824480862
111,MLP,0.6786908949247269,0.042889907484750675
112,Context only,0.7094271299461554,0.04844095828660258
112,Driver history,0.48904422930207314,0.01658554045097936
112,Automation only,0.45776396917501727,0.013172223643509572
112,Additive,0.6765680706142989,0.037568376596829114
112,Interaction,0.6642925457386406,0.039620962702828603
112,HGB,0.6548880650390997,0.045227399187294084
112,MLP,0.6471616459308382,0.0387039257984363
113,Context only,0.6921744471744472,0.06977930035451321
113,Driver history,0.4900623464373465,0.023134088595470573
113,Automation only,0.4377788697788697,0.019118439319505173
113,Additive,0.7130909090909091,0.06324698884344496
113,Interaction,0.70009828009828,0.06937211687629137
113,HGB,0.6706276105651106,0.07927195997778114
113,MLP,0.6872761056511056,0.053374698489057036
114,Context only,0.7229777993717847,0.05804065279638244
114,Driver history,0.5638699586162219,0.02468927511336059
114,Automation only,0.5172548192283267,0.018822841618982053
114,Additive,0.7179173432552114,0.05990545127435843
114,Interaction,0.7130778705467687,0.06120167938144649
114,HGB,0.7032766064449587,0.07446179898895595
114,MLP,0.7073565951933445,0.05627587403266589
115,Context only,0.7258708849413299,0.05032956989129675
115,Driver history,0.510701597131682,0.018051076716947518
115,Automation only,0.4748728813559322,0.015458116211737252
115,Additive,0.7231804106910038,0.04511519698079191
115,Interaction,0.7123199152542373,0.04939474580539687
115,HGB,0.6929927884615386,0.05312313477767276
115,MLP,0.7105031779661016,0.044228092162822544
116,Context only,0.7062891127348497,0.04493748231634544
116,Driver history,0.539591694608876,0.022164038291001636
116,Automation only,0.4732665772330994,0.013776753765790191
116,Additive,0.7322789513428677,0.04565469901042542
116,Interaction,0.7249790635741334,0.05165197468033417
116,HGB,0.6915221694900205,0.05669315873029253
116,MLP,0.7289929382626303,0.047308383516238346
117,Context only,0.6867051363997076,0.0973225496940502
117,Driver history,0.40799641990192226,0.02589743885580677
117,Automation only,0.3752760835244469,0.024834853363454208
117,Additive,0.7130375605928071,0.08066845149628078
117,Interaction,0.7038810936326217,0.1062223762384946
117,HGB,0.6663825879133314,0.10941557337675417
117,MLP,0.6850608762241522,0.06450259569122062
118,Context only,0.7039618505787306,0.06502726738623636
118,Driver history,0.4992255420504004,0.021266115063531127
118,Automation only,0.4578968983949215,0.01930583505373664
118,Additive,0.7227649474126369,0.062193194181728306
118,Interaction,0.7202614851942413,0.07303810671320804
118,HGB,0.6956261758367248,0.09092804415927201
118,MLP,0.7134914098627306,0.0540777196452544
119,Context only,0.6996522711798463,0.03446110769755331
119,Driver history,0.5443671002718351,0.021267041151422215
119,Automation only,0.5035655962199048,0.012592702424456273
119,Additive,0.7154475680739638,0.04210053483374429
119,Interaction,0.7129346290295333,0.04330771840642475
119,HGB,0.6752434229723712,0.04330357814485443
119,MLP,0.7027504108242593,0.05171936989925479
120,Context only,0.7232601981261686,0.05355129041329385
120,Driver history,0.5484615437588879,0.024505989739720034
120,Automation only,0.48205604966583,0.016845707044403534
120,Additive,0.7276321271533395,0.053951222725639854
120,Interaction,0.723469205050599,0.06246017577788823
120,HGB,0.692698014262054,0.05725842214978403
120,MLP,0.7106571150157874,0.053652768546657605
121,Context only,0.6927586447263828,0.059307243083725016
121,Driver history,0.5480266662573807,0.02821034206133872
121,Automation only,0.4913165833066338,0.01838439765653859
121,Additive,0.7288816453806006,0.057238928852844144
121,Interaction,0.724012102073353,0.062196868771725124
121,HGB,0.694698596085308,0.07978209238480777
121,MLP,0.727418767934238,0.05556491201309387
122,Context only,0.7237369484674975,0.07703302924900923
122,Driver history,0.5561881428608442,0.022950170184041767
122,Automation only,0.5017494883021998,0.020609654252441236
122,Additive,0.74740410524134,0.06724441885645058
122,Interaction,0.739970885042879,0.07517674479823644
122,HGB,0.7248045508718295,0.1035587162107182
122,MLP,0.7465598038707673,0.06100207042147491
123,Context only,0.7431201608510318,0.04558248777293537
123,Driver history,0.5346897214610603,0.019962851348812004
123,Automation only,0.48355305026399675,0.013692185777427559
123,Additive,0.7078164706501973,0.037782911206484665
123,Interaction,0.7092901906911806,0.040401655927518425
123,HGB,0.7006556152293507,0.05389205747176068
123,MLP,0.6995886068078844,0.04996956218616235
124,Context only,0.6903818723922346,0.07552745228755937
124,Driver history,0.4268064161265197,0.021455127334255884
124,Automation only,0.39491526607221417,0.020428883136733505
124,Additive,0.7070874406399115,0.06519587066006605
124,Interaction,0.7005393428605706,0.08612357318499349
124,HGB,0.6662525240534919,0.08972250475999499
124,MLP,0.6886704990595698,0.05513418830002624
125,Context only,0.6821304611952572,0.0755830971447593
125,Driver history,0.4564283894462527,0.021511514984240164
125,Automation only,0.42150986383678496,0.020915009552229743
125,Additive,0.7210970823841627,0.07291490093094448
125,Interaction,0.7172269715553037,0.08400241400247625
125,HGB,0.6808212808589603,0.10586535630852316
125,MLP,0.7162748995622616,0.0590810272503111
126,Context only,0.7037783991845712,0.05388618212301404
126,Driver history,0.5804615621898555,0.03141042353004032
126,Automation only,0.5081438098495212,0.016765682477902378
126,Additive,0.7433606009093103,0.05650678497876734
126,Interaction,0.7448178613100507,0.06915499065083888
126,HGB,0.6977613848206862,0.060690573817307025
126,MLP,0.7374762362195221,0.05937064175280792
127,Context only,0.7207969740151012,0.05562371665729388
127,Driver history,0.4997418508263156,0.017596920222433775
127,Automation only,0.4376557830975041,0.015534383488040326
127,Additive,0.708271774684224,0.04401910525355513
127,Interaction,0.6960061145610432,0.04982930819313056
127,HGB,0.6817922224816952,0.06462168298832577
127,MLP,0.6914583204258746,0.04535362319903481
128,Context only,0.6812522551598534,0.08916247584906956
128,Driver history,0.543045110813438,0.03547868323534271
128,Automation only,0.4497401627428075,0.024499386281530852
128,Additive,0.7298994448617582,0.0818739885754255
128,Interaction,0.7227076865368265,0.11187061596266665
128,HGB,0.6832358437844224,0.09991906151560917
128,MLP,0.7261736113689571,0.07134331090803715
129,Context only,0.7022627950966032,0.05970217696169998
129,Driver history,0.4908310100762773,0.020390402266355447
129,Automation only,0.44763596960363583,0.016704877092347515
129,Additive,0.7042674544978114,0.04506622848714764
129,Interaction,0.6963365207417812,0.05077837656155974
129,HGB,0.6667038960555463,0.05503959921537428
129,MLP,0.6806837105672756,0.04180782240700019
130,Context only,0.7114193375185858,0.05651466481901727
130,Driver history,0.5269948785726086,0.019693273426764565
130,Automation only,0.49308111680158595,0.015578192225131623
130,Additive,0.7195190401453824,0.04358758735426165
130,Interaction,0.7114085990417974,0.04422934382666572
130,HGB,0.6977566908970758,0.06762231546683362
130,MLP,0.7066721047414506,0.043861319081089756
131,Context only,0.7131474498285131,0.04145372002153141
131,Driver history,0.548824140885624,0.03036601851800857
131,Automation only,0.46999448593284626,0.013586349809812407
131,Additive,0.7464367576125297,0.049748665131481254
131,Interaction,0.7471041482119393,0.051589437593714295
131,HGB,0.7105629422791704,0.06439834430381575
131,MLP,0.749342637173898,0.05592364288666099
132,Context only,0.6899458945548832,0.05831412237734246
132,Driver history,0.4482539325842696,0.019712571645533018
132,Automation only,0.4040817631806396,0.017156435475642565
132,Additive,0.6653859982713916,0.04580711971885378
132,Interaction,0.6543471045808125,0.051270097977503086
132,HGB,0.6433127052722559,0.06081902949460917
132,MLP,0.6254973206568712,0.04258525231408577
133,Context only,0.7081477716731287,0.04583404262009342
133,Driver history,0.528059345208166,0.022595935452520685
133,Automation only,0.45485151169414306,0.013976231566496357
133,Additive,0.7226888176896362,0.04933092878973263
133,Interaction,0.7098842278992304,0.05035996657103255
133,HGB,0.6831863178274502,0.05780425240732212
133,MLP,0.7078170181062521,0.05619644486278938
134,Context only,0.6912533934074557,0.03954939934707981
134,Driver history,0.5686100054632015,0.03229369029890889
134,Automation only,0.4638154661334245,0.013018593707916441
134,Additive,0.725773021909758,0.04630670804222294
134,Interaction,0.7196791265627605,0.048064680427547836
134,HGB,0.67546157724102,0.0500282701897557
134,MLP,0.725217842520582,0.05514896386569166
135,Context only,0.694143880298698,0.0878635086021571
135,Driver history,0.46287718957332813,0.032968087444333924
135,Automation only,0.4246628542875385,0.024148435036191046
135,Additive,0.7368961496821474,0.08305343950085868
135,Interaction,0.7303147988784944,0.09401844671176472
135,HGB,0.6922517558226688,0.11100945863807274
135,MLP,0.7395033728451268,0.07515362281205946
136,Context only,0.6959232995749725,0.06276470421287318
136,Driver history,0.49745058425506683,0.021600900022377727
136,Automation only,0.4805166857950031,0.017914943293206958
136,Additive,0.7305143210281375,0.05922098037761925
136,Interaction,0.7306085175749473,0.07834859276954195
136,HGB,0.6908390508141105,0.07511116346115458
136,MLP,0.7257386743432255,0.05431116938425753
137,Context only,0.7046207311871128,0.0791234986537284
137,Driver history,0.5565388408461703,0.024177169776775635
137,Automation only,0.5765738330789895,0.024855404606557538
137,Additive,0.7327899728471832,0.06995346085614941
137,Interaction,0.7378528972762782,0.09692745615650723
137,HGB,0.70621256602864,0.08433262117425566
137,MLP,0.7284653678024315,0.06699001168507558
138,Context only,0.6897269725099607,0.07562104679431352
138,Driver history,0.545877828095344,0.030687333703343526
138,Automation only,0.46041586961614045,0.022127066257210212
138,Additive,0.7199269835019213,0.061977815475415615
138,Interaction,0.6989069936081217,0.058894582914423815
138,HGB,0.6796993432036869,0.07376290830639255
138,MLP,0.6995718471349135,0.05503385071591431
139,Context only,0.7036265508753337,0.06317190305578606
139,Driver history,0.5193881838201205,0.03157357381719214
139,Automation only,0.4459415082676557,0.019007073455460457
139,Additive,0.7432295806013643,0.07500358401785388
139,Interaction,0.7377335626531558,0.08991141511089572
139,HGB,0.6981265660529394,0.09260255581262541
139,MLP,0.7395117571251959,0.06894987288381213
140,Context only,0.7073550654853621,0.08837993222112962
140,Driver history,0.5313580722479028,0.030531590233388403
140,Automation only,0.4819792201677795,0.024734019357104637
140,Additive,0.7318156405153227,0.07493155190191633
140,Interaction,0.7249533202790618,0.08979838488099119
140,HGB,0.692721173600411,0.09136384220198049
140,MLP,0.7253767815870571,0.06597728435078012
141,Context only,0.7020595792273745,0.07951876651624297
141,Driver history,0.5485059851278641,0.026837527611300475
141,Automation only,0.5396943957439092,0.023801321959599213
141,Additive,0.7395000302279185,0.07368657599066251
141,Interaction,0.7329874251859018,0.08319277029964232
141,HGB,0.703802974427181,0.09263582829533777
141,MLP,0.7363862523426636,0.06812384711394907
142,Context only,0.7270915910872243,0.07197303642762196
142,Driver history,0.5709272944425783,0.023424601806945042
142,Automation only,0.5404745642518569,0.02082894434746851
142,Additive,0.7634486619639458,0.07322740739979339
142,Interaction,0.7563882357332139,0.07958324517763424
142,HGB,0.7382403986115776,0.09770315890965942
142,MLP,0.7622072929496511,0.06680111321715594
143,Context only,0.6977639300091589,0.08495321640896893
143,Driver history,0.5670750441968946,0.0304675478236533
143,Automation only,0.5259092312935312,0.024361901534730463
143,Additive,0.7370722752348293,0.07199483751942162
143,Interaction,0.7319550203412213,0.09227758721905263
143,HGB,0.6994178523504228,0.0919856122040439
143,MLP,0.7249980031523569,0.06323907437386082
144,Context only,0.7021113585314311,0.0633105870878791
144,Driver history,0.5439195879343819,0.034487242449840055
144,Automation only,0.479581765030092,0.018963428599053454
144,Additive,0.7413284601685597,0.06599361583967481
144,Interaction,0.7364722593814308,0.07558419614817066
144,HGB,0.6968340008142714,0.07862780686003527
144,MLP,0.7378200307982905,0.06586085851507298
145,Context only,0.7140531092724399,0.05001870884817347
145,Driver history,0.4969878414254768,0.01643961102924887
145,Automation only,0.4678106727527404,0.014657546151722442
145,Additive,0.703323248692933,0.052999783337235803
145,Interaction,0.6956355766568398,0.052814674227043265
145,HGB,0.6821923302441487,0.07999756855353778
145,MLP,0.6820152043259443,0.046813075783581015
146,Context only,0.6912570749199151,0.06627199785372997
146,Driver history,0.48646162333981213,0.025662465010389744
146,Automation only,0.42681718024511384,0.019362564049285377
146,Additive,0.7219959991271641,0.06507524129922054
146,Interaction,0.7171355066497499,0.07825229437069159
146,HGB,0.6767196048392903,0.07198186495895936
146,MLP,0.7179895023485585,0.05728916439090744
147,Context only,0.6796238483210234,0.05917877914057103
147,Driver history,0.5352221676138527,0.02816298154338806
147,Automation only,0.4937797221433862,0.01718774405191645
147,Additive,0.7231235679724219,0.054500920846758324
147,Interaction,0.7262755861362424,0.07108997696259088
147,HGB,0.6811517481985007,0.07039216342294172
147,MLP,0.7297221433861958,0.052546510629137164
148,Context only,0.7172558344433345,0.047954327204770976
148,Driver history,0.575311840936841,0.03194680264294649
148,Automation only,0.4857748588217339,0.01631156586274459
148,Additive,0.7446784985847485,0.055378751308514995
148,Interaction,0.7359619547119547,0.057233462095778884
148,HGB,0.7017335962648462,0.05393745141788679
148,MLP,0.7354611534299035,0.06345449880271871
149,Context only,0.7463899634427984,0.04513210493939181
149,Driver history,0.5500493486086893,0.017136111397007353
149,Automation only,0.5411038808860862,0.015278653509622705
149,Additive,0.7101308667288171,0.04693991509135282
149,Interaction,0.7120934547020035,0.04818406001863378
149,HGB,0.7061068387054146,0.06939189631214342
149,MLP,0.6924711883619875,0.04671649584191121
150,Context only,0.684863921376875,0.049877411571046186
150,Driver history,0.509043970502062,0.01992584068671336
150,Automation only,0.46660100711270214,0.014908067737959281
150,Additive,0.6980883832520703,0.04241441205314233
150,Interaction,0.6890757980881336,0.0424979373967905
150,HGB,0.6535452770950871,0.046219696808341676
150,MLP,0.6699089860859523,0.03984350852238259
151,Context only,0.7710628359918921,0.04799779735157168
151,Driver history,0.5102772601946393,0.019747139453600276
151,Automation only,0.4807280716111244,0.015016266493857821
151,Additive,0.7257792074263388,0.04100069339976398
151,Interaction,0.7227350841632149,0.041903163954801495
151,HGB,0.717475932384058,0.05241439651870031
151,MLP,0.7040790097655348,0.050764214322415596
152,Context only,0.7342955859791835,0.05913929281301022
152,Driver history,0.49334179064781564,0.021002424158551268
152,Automation only,0.4370684174848288,0.016265002495743062
152,Additive,0.7458949995621333,0.05508970305659242
152,Interaction,0.7352057811379994,0.05621030629200943
152,HGB,0.7177598333511723,0.08092871880067311
152,MLP,0.7376460772007668,0.05638089323751856
153,Context only,0.6886592695638777,0.05716304860129822
153,Driver history,0.49054528632847105,0.021195703176838696
153,Automation only,0.43555739013976413,0.01620642253248043
153,Additive,0.7197902870247735,0.051778626757370806
153,Interaction,0.7106424279326927,0.0566071621841211
153,HGB,0.6796017816454665,0.07604395606144759
153,MLP,0.7121731822801388,0.048444914988293
154,Context only,0.7057215397001784,0.07353532665890555
154,Driver history,0.49341905221448074,0.025272799507068785
154,Automation only,0.45545865870290536,0.01989045489861727
154,Additive,0.7419052557667375,0.06520904712502067
154,Interaction,0.7321992500684658,0.06938161257314969
154,HGB,0.7053073133767991,0.09250293959586789
154,MLP,0.7436314847697183,0.05968777627324315
155,Context only,0.7051664225788444,0.049891976113169874
155,Driver history,0.4692684162716975,0.01895349219209866
155,Automation only,0.41519894702367344,0.01394378657663682
155,Additive,0.7004471853687373,0.0467322943078683
155,Interaction,0.6921004117565878,0.052067255037435936
155,HGB,0.6661057796288629,0.06964815719651127
155,MLP,0.6807257132616931,0.045505559824168956
156,Context only,0.6968665674412738,0.13209175995949887
156,Driver history,0.49004683840749413,0.03568273237082132
156,Automation only,0.4064509588436288,0.03269439097476591
156,Additive,0.7433437631972972,0.11654353166770448
156,Interaction,0.733165733372091,0.1394311159885626
156,HGB,0.702661894843936,0.14475197283013153
156,MLP,0.7407303555660373,0.09397240648265828
157,Context only,0.695073807525676,0.06633338780302565
157,Driver history,0.46903025291668726,0.023225553735417293
157,Automation only,0.4047212074838327,0.018449740532725637
157,Additive,0.6954935624839855,0.05393592612499771
157,Interaction,0.6811440254632731,0.06479157701956774
157,HGB,0.6528510426730795,0.06881184386300414
157,MLP,0.6596540995822726,0.04713922802549554
158,Context only,0.6874471843724447,0.06635155473699463
158,Driver history,0.5669248233108215,0.03356694790982044
158,Automation only,0.47774849454130436,0.019470630862592764
158,Additive,0.7438657080331631,0.07065127976570534
158,Interaction,0.7380711766946393,0.09006977825339105
158,HGB,0.6910514456635555,0.0830771915477141
158,MLP,0.7447196317820726,0.06783323892177752
159,Context only,0.7151817371976928,0.047859083806080845
159,Driver history,0.4909550353684136,0.014877429822974391
159,Automation only,0.4721426886168392,0.013484597082363117
159,Additive,0.6871714530155761,0.03854182504468417
159,Interaction,0.6758454021062288,0.03931506072066644
159,HGB,0.6666808155021255,0.04777551659259918
159,MLP,0.6548795842226887,0.03514197938732451
160,Context only,0.7139055568946342,0.06110165562348816
160,Driver history,0.5293397778257026,0.019255707448909046
160,Automation only,0.49197208232373857,0.01739548858268713
160,Additive,0.7379351829533874,0.058786631366201214
160,Interaction,0.7321232995462638,0.06466830364827507
160,HGB,0.7072563969198371,0.0789013800660185
160,MLP,0.725466527966306,0.04768052164002752
161,Context only,0.7133904479222883,0.045862566418579394
161,Driver history,0.5596179791606128,0.029085579321473543
161,Automation only,0.4984845261322596,0.014936862557779526
161,Additive,0.7347375876956287,0.05031592749780031
161,Interaction,0.7348252833243389,0.052213866090470996
161,HGB,0.7044192888870439,0.06535571440640743
161,MLP,0.7379937419569098,0.05508897895479635
162,Context only,0.7026673124017692,0.05676546451319056
162,Driver history,0.5281945612047224,0.02085267219170955
162,Automation only,0.5113107204210681,0.017398290912982027
162,Additive,0.7337499543111956,0.050818009080826745
162,Interaction,0.7299223290324939,0.05089252595009146
162,HGB,0.7018332175883621,0.07394133262012825
162,MLP,0.733556964801345,0.04867458042645205
163,Context only,0.7431124444046446,0.04613483772546876
163,Driver history,0.5551296976209665,0.022491147683242573
163,Automation only,0.5305656547565745,0.015400336859617062
163,Additive,0.7013680188651085,0.03781096559958734
163,Interaction,0.6955699829855825,0.03853191997860773
163,HGB,0.6939225694755381,0.04540732211834296
163,MLP,0.6933390048058268,0.04234882487127153
164,Context only,0.6834720271693628,0.059034515124488
164,Driver history,0.49738231560752966,0.02175491662602041
164,Automation only,0.4281946282442542,0.016500133541185295
164,Additive,0.7187388594809194,0.05542932851318607
164,Interaction,0.7040161571285818,0.0703485096103348
164,HGB,0.669387035136522,0.06996584551965299
164,MLP,0.7082792624301186,0.05270831336479988
165,Context only,0.702734252361789,0.08590062483441062
165,Driver history,0.5002925478779576,0.026972304222321823
165,Automation only,0.48265904615121163,0.024295293887577517
165,Additive,0.7350009989439735,0.07981507954948196
165,Interaction,0.7265148271826926,0.08362174135252223
165,HGB,0.7028288666267088,0.11464142968244649
165,MLP,0.7327125610069354,0.06599394113973488
166,Context only,0.706036785804213,0.05903347184208968
166,Driver history,0.5492210219616328,0.03142599345859624
166,Automation only,0.466334154669441,0.017351843772766797
166,Additive,0.7318130660232484,0.05816149541678449
166,Interaction,0.7245925946934586,0.06647501989316902
166,HGB,0.6874259829055098,0.07155145132405409
166,MLP,0.7226736842250894,0.060430090428044106
167,Context only,0.6943795897190292,0.08387087008105881
167,Driver history,0.5283056578264687,0.03151514357247774
167,Automation only,0.4809924207275702,0.023577078134353065
167,Additive,0.7381149038653416,0.07389247083899889
167,Interaction,0.7334275909462803,0.08778637144322482
167,HGB,0.697357450560744,0.09187267066437874
167,MLP,0.7378663980184387,0.06744060516054562
168,Context only,0.6994690233214453,0.05146534514873868
168,Driver history,0.4868630810266914,0.020994333384665925
168,Automation only,0.4429483811332662,0.01444892931941876
168,Additive,0.7158632864364093,0.04553548185073378
168,Interaction,0.7070596938502116,0.050918749359372156
168,HGB,0.6737870407306632,0.05356170983809965
168,MLP,0.6960561334151003,0.04249595022642933
169,Context only,0.7153265540724751,0.05536004586640527
169,Driver history,0.48218107681194855,0.018936998523946223
169,Automation only,0.4483956170898084,0.01632556445538393
169,Additive,0.7091157449176624,0.05677579088288341
169,Interaction,0.7050596417559747,0.06465390746642818
169,HGB,0.6866385391985744,0.0728257775885929
169,MLP,0.6841291657180761,0.05305625466228329
170,Context only,0.685211270609361,0.05184676251609463
170,Driver history,0.4931193720351773,0.019520017471299115
170,Automation only,0.4485330236730853,0.015148552760522132
170,Additive,0.7209194122711049,0.05049538491695723
170,Interaction,0.7173205715776535,0.05695341142455021
170,HGB,0.6706122401103858,0.06292248407963197
170,MLP,0.7131956781211101,0.045710974256639086
171,Context only,0.7026406667696952,0.06523776858163055
171,Driver history,0.5456081914225495,0.03173598767342663
171,Automation only,0.49106262104477466,0.020449214338745983
171,Additive,0.7268936006155404,0.059153731595906395
171,Interaction,0.7209589130055931,0.07194577997702646
171,HGB,0.6852005602996156,0.0631272242337553
171,MLP,0.7091199531110768,0.06292574697454521
172,Context only,0.7155055076180948,0.06044031927155769
172,Driver history,0.5676668093827844,0.0256576487509408
172,Automation only,0.5289359282647724,0.01811468605142282
172,Additive,0.7418073752084751,0.055033211044831096
172,Interaction,0.7357059585257008,0.0614565322788913
172,HGB,0.7129339945353581,0.06476474155054936
172,MLP,0.7351587679819281,0.04764957993459167
173,Context only,0.6755125991435781,0.05834044323882477
173,Driver history,0.5212181310057263,0.02849480257300318
173,Automation only,0.43958475361658766,0.01719796737419051
173,Additive,0.7120670868543146,0.05244618623006517
173,Interaction,0.7059937995177403,0.06087056186025992
173,HGB,0.6617723045125732,0.0657513450016142
173,MLP,0.7000073506414515,0.05365955250060356
174,Context only,0.7264073397746681,0.0568506963790671
174,Driver history,0.5232094779171814,0.01845246656946257
174,Automation only,0.4795567193491068,0.016650531093836865
174,Additive,0.6994575890769662,0.04402994577602224
174,Interaction,0.6931214222782243,0.05234504401818986
174,HGB,0.6916376675345898,0.06548466025347836
174,MLP,0.6796512228856064,0.042745425906231635
175,Context only,0.7131553814046759,0.04784597290333967
175,Driver history,0.5274751566192015,0.030756270155284524
175,Automation only,0.45362609400261167,0.015379218306025982
175,Additive,0.724739567140281,0.053583047254933444
175,Interaction,0.7158165476153463,0.0672833827823487
175,HGB,0.6790396969437881,0.05236073522608056
175,MLP,0.7095930718349708,0.056833724895768226
176,Context only,0.6761220316347397,0.050501780175397665
176,Driver history,0.5021651850924418,0.021357695118257865
176,Automation only,0.46531739075998496,0.01652952451371948
176,Additive,0.698062476524352,0.05315534373189757
176,Interaction,0.6879335169650682,0.06068973798753255
176,HGB,0.6506001418972497,0.05989651176570113
176,MLP,0.6840718250490381,0.049310163577474794
177,Context only,0.7198600141241015,0.059419255521246966
177,Driver history,0.5569408088240854,0.01915558401844738
177,Automation only,0.5644945189715114,0.01872466730321533
177,Additive,0.7244044135549034,0.04980772957727969
177,Interaction,0.7119305181912077,0.04760198595039961
177,HGB,0.7077142697279976,0.05816984027204919
177,MLP,0.705755760410476,0.043509394972564557
178,Context only,0.7113454130318488,0.055275904618715274
178,Driver history,0.5520682557092,0.028781141288591487
178,Automation only,0.47665099672953576,0.018226333724133303
178,Additive,0.7274184716647756,0.057272766054023434
178,Interaction,0.725001735016349,0.0646320867980384
178,HGB,0.6875278723320181,0.06353285487723814
178,MLP,0.7172995906689659,0.0572923001741412
179,Context only,0.6988454407550987,0.0766829764119492
179,Driver history,0.49914992781714657,0.029041994620841848
179,Automation only,0.4589000246340546,0.022106358501348223
179,Additive,0.7332819607129106,0.0704963491479152
179,Interaction,0.7264864566251795,0.08013627159508944
179,HGB,0.6899119318454063,0.08721707977598124
179,MLP,0.7269182572167352,0.0631976905664853
180,Context only,0.7258672914099138,0.06166547914053882
180,Driver history,0.5721114294402919,0.022442197636520216
180,Automation only,0.5470254005345797,0.020291629031317836
180,Additive,0.7422599993597849,0.07110096366883559
180,Interaction,0.7450153251492501,0.07854848821389934
180,HGB,0.7243043662670657,0.09192798847783788
180,MLP,0.734540205509051,0.05827997141624075
181,Context only,0.7645419561926649,0.0434667076806648
181,Driver history,0.5708176031806824,0.02205990958742709
181,Automation only,0.5144565422236812,0.013697095125698763
181,Additive,0.7447216598882627,0.05569902073443397
181,Interaction,0.7399475965542606,0.05634852558888629
181,HGB,0.7360978886639553,0.07767180642875535
181,MLP,0.7363516988564863,0.05849220182810453
182,Context only,0.7202468077394892,0.05968467108953719
182,Driver history,0.5230797646927623,0.02475491333010516
182,Automation only,0.4550347803055648,0.01818111013386289
182,Additive,0.7385618796699007,0.06300514453274399
182,Interaction,0.7316877160700346,0.06303643166268649
182,HGB,0.7041814779190365,0.08919958010532983
182,MLP,0.7371525454444072,0.05882112584437926
183,Context only,0.7006781964401266,0.1006587147724769
183,Driver history,0.6124040724473244,0.03514791608224061
183,Automation only,0.5504820477249963,0.027028451642164636
183,Additive,0.7706771936744878,0.10221929766988394
183,Interaction,0.766973331974152,0.1201437722844334
183,HGB,0.7350723653302368,0.11310954145930531
183,MLP,0.7799109477631124,0.0848277182863132
184,Context only,0.765929864651081,0.04386526017146422
184,Driver history,0.5418014296595769,0.018267935479176628
184,Automation only,0.506263549540048,0.013418692033690862
184,Additive,0.7487209234194645,0.04949611390719196
184,Interaction,0.7443692506005741,0.051814430471070275
184,HGB,0.7292336087185798,0.06644949669958822
184,MLP,0.73260678502373,0.05389611595397797
185,Context only,0.6854375522138682,0.09289846869063809
185,Driver history,0.46774341850561363,0.03484112532458742
185,Automation only,0.4743827301994824,0.02940470792446677
185,Additive,0.692054322798867,0.07179652983117936
185,Interaction,0.6816079833730668,0.07269581094852769
185,HGB,0.6524018379281538,0.08452808006779354
185,MLP,0.6610652647879862,0.06270967899174248
186,Context only,0.7088126520724227,0.04859097569504157
186,Driver history,0.5443517344643343,0.025231519095939084
186,Automation only,0.4596041349573226,0.015461340371501571
186,Additive,0.7245346010008087,0.057370163495408064
186,Interaction,0.7140740488962499,0.05716032278790313
186,HGB,0.6874706449459866,0.07200857028391995
186,MLP,0.7140140145000724,0.05657966423180948
187,Context only,0.7069567952297247,0.07822158262083333
187,Driver history,0.5485830551329207,0.02747091935394757
187,Automation only,0.5448144243221019,0.023168840977142766
187,Additive,0.7441011664721726,0.06809198176676902
187,Interaction,0.7359918090905062,0.06870853862018253
187,HGB,0.7049795411908947,0.07760219268663503
187,MLP,0.7375794594541363,0.06200036663565826
188,Context only,0.6977440439599041,0.05522260615442154
188,Driver history,0.5258327165062917,0.02346013388221052
188,Automation only,0.49698101845462866,0.0177942406785065
188,Additive,0.7264584927674416,0.0568279269668388
188,Interaction,0.7298854583547654,0.07081489754301058
188,HGB,0.6912712491688516,0.07520392383159712
188,MLP,0.721348404822542,0.05771112799699787
189,Context only,0.707233248555266,0.048334946776177445
189,Driver history,0.5260942674084785,0.02484669441425892
189,Automation only,0.4512004942221855,0.014428991238438438
189,Additive,0.716138759069825,0.04741094432326065
189,Interaction,0.7053426782122759,0.048414197538426046
189,HGB,0.6729441169120803,0.058316222650741434
189,MLP,0.6980329813450865,0.05024247221683208
190,Context only,0.7025588645542741,0.0523032339711974
190,Driver history,0.5079214722904609,0.02440196785982312
190,Automation only,0.47009201815380774,0.01682373624821766
190,Additive,0.709904182454095,0.05354014101783178
190,Interaction,0.7068141837032103,0.06418709679820941
190,HGB,0.6741831306990882,0.06398897176011833
190,MLP,0.6948752446183953,0.05055711920656037
191,Context only,0.7412881944924107,0.06241754033366459
191,Driver history,0.5205307947851705,0.01906294486867987
191,Automation only,0.4989849081838196,0.018185765357250003
191,Additive,0.7246310187295696,0.05078790903198992
191,Interaction,0.7237279758588244,0.05978902037493299
191,HGB,0.7171060878392103,0.07786066311864245
191,MLP,0.7134598923613829,0.04923851993068788
192,Context only,0.6972202692113652,0.07238324954539116
192,Driver history,0.48867793389937847,0.021438403772929854
192,Automation only,0.45135625422655395,0.020232187304028194
192,Additive,0.718877534590655,0.07197453999391909
192,Interaction,0.7145082169577398,0.08741885192578037
192,HGB,0.6899056472128895,0.11156400870746935
192,MLP,0.7173417524500596,0.059182021240653124
193,Context only,0.706697323266987,0.05151357796972888
193,Driver history,0.5553479752916952,0.021541221460774047
193,Automation only,0.49973461450469,0.015596331925157974
193,Additive,0.7316135895676047,0.054049708753268325
193,Interaction,0.7331203385952871,0.062130693626993784
193,HGB,0.7035060626858843,0.07520113622470734
193,MLP,0.7302770533058798,0.04911332896417398
194,Context only,0.7086555843094693,0.06513548834868976
194,Driver history,0.5309825470717153,0.0281369441469209
194,Automation only,0.473340845857283,0.019781700591980998
194,Additive,0.7111659117226137,0.05787881376068793
194,Interaction,0.6964103548544687,0.06324777417087044
194,HGB,0.6750661114413095,0.06893350122095337
194,MLP,0.6864779491117257,0.056603448202232454
195,Context only,0.6984697672771067,0.05655727247662063
195,Driver history,0.47478114525266224,0.020005276048996833
195,Automation only,0.4470580336806067,0.01635648345047996
195,Additive,0.6894746250410855,0.05220925265079257
195,Interaction,0.6824433473676059,0.06279977204717202
195,HGB,0.6534592518697491,0.06642394907386819
195,MLP,0.6649728609404308,0.050787170267365095
196,Context only,0.7372986561676768,0.05615774158800184
196,Driver history,0.5222381450842035,0.021057056814673607
196,Automation only,0.46503589460815875,0.017197858313080346
196,Additive,0.71427543487844,0.05101532956004673
196,Interaction,0.7051635518619901,0.05133253117447991
196,HGB,0.7037191328335305,0.07250534624282277
196,MLP,0.7002425290890995,0.052550331482676634
197,Context only,0.71146646435013,0.05498712299817081
197,Driver history,0.43712673721551576,0.017234184643585945
197,Automation only,0.4108642545845526,0.015562041245207095
197,Additive,0.7077662670229035,0.04679229476651746
197,Interaction,0.7034049860673507,0.050929551926907235
197,HGB,0.6801031914123989,0.0679871216820631
197,MLP,0.6908493864395533,0.04401096630130454
198,Context only,0.7061463318104965,0.062032659769355375
198,Driver history,0.4891201682970258,0.018919744808488105
198,Automation only,0.46673782488069404,0.017913643331828856
198,Additive,0.72857047930844,0.052573460504713364
198,Interaction,0.7271513311405358,0.05786690244530694
198,HGB,0.7058056924380616,0.09277065889081426
198,MLP,0.725698228565733,0.050461220026898686
199,Context only,0.7116645871324823,0.05637245136308314
199,Driver history,0.5352040609570123,0.027564307405875593
199,Automation only,0.481243881370573,0.016817424571852896
199,Additive,0.7317144959529065,0.04963581099272507
199,Interaction,0.7214392509411225,0.050723029876799296
199,HGB,0.6880107922492028,0.05420575986977435
199,MLP,0.7130370796941485,0.04973654533517657
200,Context only,0.720761432202816,0.048625860669975804
200,Driver history,0.5030925778132481,0.020001005163636988
200,Automation only,0.46251310479527796,0.015055769349840908
200,Additive,0.7412713344015494,0.0568644864947669
200,Interaction,0.7374645324229561,0.06839508639371672
200,HGB,0.7106989497699095,0.08060201801494189
200,MLP,0.7368413493989746,0.05703324752455511
201,Context only,0.7115952906263278,0.04949384890634738
201,Driver history,0.45593427236122164,0.014811811659916933
201,Automation only,0.46140970645134155,0.014382418633258407
201,Additive,0.7058845603887239,0.04506207628399344
201,Interaction,0.7043903975016768,0.05203838148607753
201,HGB,0.6791002672153316,0.05595007246642053
201,MLP,0.6830800287272657,0.04174593713260441
202,Context only,0.7113571354526302,0.054491857161478315
202,Driver history,0.5713505730465203,0.027922601935583657
202,Automation only,0.5198086711610803,0.01768469278050997
202,Additive,0.7293424767768132,0.056275119974091015
202,Interaction,0.726373141749729,0.05985039380601837
202,HGB,0.6988775825747473,0.07549311003997924
202,MLP,0.7245559614232426,0.05909042860444213
203,Context only,0.6876115956271865,0.09796435779826536
203,Driver history,0.47347476915118614,0.02840626216825638
203,Automation only,0.42963003577075065,0.02593932926046094
203,Additive,0.7215130689786482,0.07686935106351123
203,Interaction,0.7133828691834359,0.09771552781063685
203,HGB,0.677284416565684,0.09756831638891372
203,MLP,0.7059295883934533,0.06093599849447312
204,Context only,0.7004523169986023,0.042976773650393166
204,Driver history,0.5378215627183788,0.020785293667062138
204,Automation only,0.4734405027078966,0.012501252128504638
204,Additive,0.7059259805206148,0.04606217884394448
204,Interaction,0.692096053895877,0.045627073612581476
204,HGB,0.6761806101502446,0.057345633677522635
204,MLP,0.6907492029175402,0.04483814024148161
205,Context only,0.7236484384720666,0.04790956137929726
205,Driver history,0.5300336390621946,0.02269111056121555
205,Automation only,0.4772043139764304,0.014872409086301339
205,Additive,0.720145221209051,0.04995367052845452
205,Interaction,0.705851508203132,0.04832092053974223
205,HGB,0.6855254270427842,0.053784220444117584
205,MLP,0.6999102365843687,0.04752792362863551
206,Context only,0.6921951840178561,0.08528942112562433
206,Driver history,0.5573527427919697,0.03726784590325742
206,Automation only,0.5223340098845979,0.026001404375514573
206,Additive,0.7441668915024343,0.0847417300671468
206,Interaction,0.7369413853153628,0.0984078851171458
206,HGB,0.7008075691983174,0.09557959191580633
206,MLP,0.7491079640916839,0.0765277814212633
207,Context only,0.6989223668126366,0.07685450197142693
207,Driver history,0.4853791911214863,0.02295687158820896
207,Automation only,0.4903087860751704,0.022948632596471626
207,Additive,0.7111176990808575,0.06372939064002538
207,Interaction,0.7040199377488596,0.06801442293401053
207,HGB,0.6856389847766161,0.08579984886889801
207,MLP,0.6949530288104679,0.05239273644589707
208,Context only,0.7087256381018143,0.07388287607827101
208,Driver history,0.5170925338805441,0.02179320602654776
208,Automation only,0.5107299026496603,0.02199186482703568
208,Additive,0.7360966075692077,0.06068665000369672
208,Interaction,0.7298012937091842,0.060454665252826084
208,HGB,0.7038072152064926,0.07890669680300987
208,MLP,0.7205832206818413,0.05110764430215323
209,Context only,0.7060681003493686,0.09125232627818732
209,Driver history,0.5038468896137196,0.02998561803676701
209,Automation only,0.40432483998468693,0.025020235709537826
209,Additive,0.7271326399546945,0.08311793988366942
209,Interaction,0.7105178247333116,0.09032534575619772
209,HGB,0.6898746953387896,0.11366543305232016
209,MLP,0.714669691327929,0.06957425485523885
210,Context only,0.723161558041269,0.05709715986120832
210,Driver history,0.5045393766215045,0.018519064998667456
210,Automation only,0.4714964449971188,0.01705544704541887
210,Additive,0.7033713546684284,0.0416813599110894
210,Interaction,0.698832721110702,0.04758478112531861
210,HGB,0.689933975067981,0.05976344067352225
210,MLP,0.6867962024982548,0.045918718284689596
211,Context only,0.7633163143437239,0.045728682155803335
211,Driver history,0.5400522512838887,0.01752224852133456
211,Automation only,0.4935704048728054,0.013591309279759538
211,Additive,0.7348417532545085,0.040329493500901634
211,Interaction,0.7349898483219873,0.04235080351323435
211,HGB,0.7257563000119431,0.05402683581139306
211,MLP,0.7251260002388631,0.048951184964791915
212,Context only,0.7021280707789714,0.0522465567122184
212,Driver history,0.5640763267631053,0.024604415882201518
212,Automation only,0.4886341953822048,0.017347010934850852
212,Additive,0.7213833496672484,0.05488159481616751
212,Interaction,0.7129478107692799,0.05962693523486127
212,HGB,0.6855145640074537,0.08342453909305228
212,MLP,0.7198495194877254,0.05530435846775865
213,Context only,0.7066266957725307,0.10528517030378562
213,Driver history,0.5051482652375323,0.03141192193206242
213,Automation only,0.4555460909069837,0.02811024823381412
213,Additive,0.7421772816977428,0.08565851531448408
213,Interaction,0.7285096945043228,0.09028609731387179
213,HGB,0.7016920059867352,0.10532645802412906
213,MLP,0.7382354487236797,0.07102285808073033
214,Context only,0.6875984615384616,0.06487704513283944
214,Driver history,0.5214806837606838,0.02862372542696264
214,Automation only,0.4774635897435897,0.019631295068249847
214,Additive,0.7365623931623931,0.06793215676762099
214,Interaction,0.7355408547008547,0.08112336871853827
214,HGB,0.691891623931624,0.09227935461934818
214,MLP,0.7319466666666665,0.060519605127587
215,Context only,0.7072501831766443,0.07009862433785374
215,Driver history,0.5309643777326,0.020720627420065807
215,Automation only,0.5130296212973379,0.019803116889671336
215,Additive,0.7307645173940414,0.06197813944717893
215,Interaction,0.7258101481580859,0.07767884994956828
215,HGB,0.7067976164676663,0.09171497083023565
215,MLP,0.7208424491663312,0.05083569069907868
216,Context only,0.6789984583528559,0.05148750354829737
216,Driver history,0.5599710185451083,0.02861034708941607
216,Automation only,0.4577796502576969,0.015594748906322453
216,Additive,0.7037377386152381,0.05227975089159287
216,Interaction,0.6939717062406481,0.06270587991939192
216,HGB,0.6601051569608392,0.06503156715715339
216,MLP,0.6887954748122062,0.05642110487512154
217,Context only,0.7578079853656483,0.03996596876666073
217,Driver history,0.5311164943890171,0.01867561906457644
217,Automation only,0.5099514101764363,0.013012431751811767
217,Additive,0.7230370489431809,0.04687271040623998
217,Interaction,0.7196068038509572,0.04850697645945323
217,HGB,0.7103350006186944,0.0496248628699805
217,MLP,0.706958652088444,0.051073852629509184
218,Context only,0.6914115746373115,0.0546427861422492
218,Driver history,0.49143920960715826,0.027609798102198272
218,Automation only,0.4233579268212917,0.017068059936455313
218,Additive,0.7105297411142943,0.053699462941504066
218,Interaction,0.7002841986839868,0.05364850704067983
218,HGB,0.666112332064414,0.07024152973744338
218,MLP,0.6977342595136247,0.05244297523482984
219,Context only,0.6987010201516943,0.048462927606580795
219,Driver history,0.549089009502271,0.03288294877383567
219,Automation only,0.47479617697781407,0.01554574419643817
219,Additive,0.7294737278561458,0.06191463925287787
219,Interaction,0.7253304653671067,0.06295035984112368
219,HGB,0.6799357881336021,0.07962866051786038
219,MLP,0.7223031297654046,0.05817186193117014
220,Context only,0.6875202085675262,0.06031761267962463
220,Driver history,0.5481749586007664,0.020853658385339008
220,Automation only,0.5659739849633149,0.019623881546850856
220,Additive,0.7147128192575939,0.051150055085826256
220,Interaction,0.7123365183546675,0.0528212078035304
220,HGB,0.6827101917660853,0.0581071769182729
220,MLP,0.7083310669519285,0.0470594461626938
221,Context only,0.6891432635284228,0.058687013339764886
221,Driver history,0.4979106336892306,0.021987852238532085
221,Automation only,0.4167444133605231,0.016396067515159346
221,Additive,0.715869588747104,0.05880358298403043
221,Interaction,0.7080921525752029,0.07307718294612696
221,HGB,0.6850002224496152,0.08602335297870621
221,MLP,0.7096642405271325,0.05678430672632464
222,Context only,0.6970528775325535,0.069517177504421
222,Driver history,0.46104155812717407,0.020216810855478412
222,Automation only,0.4406348871341614,0.019570682479687507
222,Additive,0.6960856815947765,0.05544171597833059
222,Interaction,0.6870804005166133,0.06098625356065359
222,HGB,0.6629155971977907,0.0766706894042812
222,MLP,0.6610226130521043,0.04833728603851622
223,Context only,0.7039650930399757,0.050916234467895984
223,Driver history,0.5563497717423089,0.033585478950167266
223,Automation only,0.4774822383075095,0.016414354802214204
223,Additive,0.7340245249365016,0.05407911642780996
223,Interaction,0.7318861086195732,0.06410342736016679
223,HGB,0.6848811423588939,0.06231985623080649
223,MLP,0.7262759442929017,0.05716629182735222
224,Context only,0.7204429788090055,0.04048791053218199
224,Driver history,0.5064931642127253,0.018863882785715488
224,Automation only,0.4850811053869812,0.013934202785327459
224,Additive,0.7037518032085011,0.041571652492089564
224,Interaction,0.7075873527446959,0.04408281630402973
224,HGB,0.6873677512631872,0.04768043810390425
224,MLP,0.6833557804329421,0.05066485878724973
225,Context only,0.7061704157566122,0.04906474291430934
225,Driver history,0.5460189322840685,0.024066326183571005
225,Automation only,0.4553083987253527,0.015087871458346875
225,Additive,0.7174879699553054,0.049721564366723064
225,Interaction,0.7070784030920394,0.0557600555704776
225,HGB,0.6827493825016744,0.0629060136372391
225,MLP,0.7096287213797943,0.05113359711454441
226,Context only,0.7284290646578782,0.040184221334625764
226,Driver history,0.6153112777053455,0.03598380110089827
226,Automation only,0.5185686175092954,0.013641385085098996
226,Additive,0.7413138611231832,0.06289535661030389
226,Interaction,0.739519955091989,0.06611893241542494
226,HGB,0.7043872833067748,0.07362225463970251
226,MLP,0.7394614056690327,0.06737612561988802
227,Context only,0.7173219776784184,0.037053239336021594
227,Driver history,0.5311351693390893,0.015153471612648822
227,Automation only,0.5123540660225443,0.011720016020192249
227,Additive,0.6933378944393052,0.037607148590838885
227,Interaction,0.6904957686641313,0.03735909242886147
227,HGB,0.6767002967930928,0.054043089055876264
227,MLP,0.6830663052043717,0.04034423498008158
228,Context only,0.7156411154131311,0.04710598131891141
228,Driver history,0.5427329269297306,0.02470430709516264
228,Automation only,0.5051472526567261,0.016295856754968457
228,Additive,0.72496746025208,0.05193771149817519
228,Interaction,0.7193833923716946,0.05350067884184696
228,HGB,0.6893603262212703,0.051462968490705446
228,MLP,0.7081283466512893,0.052515894455018156
229,Context only,0.695908855653753,0.08359246922765769
229,Driver history,0.5418159880824129,0.03114357509011823
229,Automation only,0.4737707314377462,0.02401297549751863
229,Additive,0.7415377763622243,0.08075747542382565
229,Interaction,0.7360130572924806,0.10686295891208686
229,HGB,0.7046710095900448,0.10292782339992274
229,MLP,0.7397334408467333,0.07392669431921277
230,Context only,0.7181860668312557,0.056690548290802015
230,Driver history,0.47702480010566206,0.018138034143124374
230,Automation only,0.42040314141444923,0.015388156259304656
230,Additive,0.7098151929856645,0.046985684264125575
230,Interaction,0.6967903116014915,0.0464028868969433
230,HGB,0.6870123035345992,0.0708230171719685
230,MLP,0.689170857589889,0.04510757846535379
231,Context only,0.7155618108087908,0.04420759217065205
231,Driver history,0.5474933429158488,0.019749313888753308
231,Automation only,0.5137825444650223,0.01437564742529041
231,Additive,0.6838829458864287,0.031900422256635697
231,Interaction,0.6876688585647316,0.03415684978662442
231,HGB,0.6732702586767324,0.03867238326778352
231,MLP,0.6740823666356464,0.03782395770777501
232,Context only,0.6799902648451455,0.07903942298773764
232,Driver history,0.4861228973160075,0.028129315302173413
232,Automation only,0.46852261298767517,0.022192811544632467
232,Additive,0.7162412258053716,0.061113401838103924
232,Interaction,0.7097233078407916,0.06602972274149754
232,HGB,0.6689779503893418,0.07451294704661073
232,MLP,0.7058338816869634,0.05407997787248778
233,Context only,0.6895868439801677,0.08110243415509405
233,Driver history,0.5292339920583393,0.027114969429339875
233,Automation only,0.438819547281574,0.02154521316075479
233,Additive,0.729028642014935,0.07310895399709495
233,Interaction,0.7137648966927579,0.08147562072868665
233,HGB,0.6847400236839482,0.09611600339394213
233,MLP,0.7141520100960732,0.0591148639539856
234,Context only,0.695439925859454,0.06407780679863155
234,Driver history,0.48418823688615165,0.025754948251400636
234,Automation only,0.4314281965079858,0.018086897652689404
234,Additive,0.7192084020484333,0.06290266007169099
234,Interaction,0.7119747779986836,0.07966713993169894
234,HGB,0.6703935709320945,0.0798809035641485
234,MLP,0.6976213241550691,0.05971402246695914
235,Context only,0.73221097830454,0.04465574691767572
235,Driver history,0.5200660405785456,0.015088270865886658
235,Automation only,0.5294920148654079,0.013459299999111253
235,Additive,0.7254856368019285,0.0399085159394251
235,Interaction,0.7180604660506228,0.03884659868137581
235,HGB,0.7142602450783446,0.06606720431216151
235,MLP,0.7112580353555644,0.037874641360262265
236,Context only,0.6912001965220308,0.07134683742996516
236,Driver history,0.5197153078305792,0.02841691759781968
236,Automation only,0.447459776235544,0.020833753072988175
236,Additive,0.7309972316282791,0.06986628483978566
236,Interaction,0.7146979650555587,0.0724146581183678
236,HGB,0.685021667436476,0.08289722414243447
236,MLP,0.7186592961098641,0.05976523607726138
237,Context only,0.6988993274326543,0.04303907315729605
237,Driver history,0.5130782255076515,0.019118658605737502
237,Automation only,0.4605537377846029,0.013357708421391199
237,Additive,0.7273481149185467,0.04825237147828891
237,Interaction,0.7202044885580055,0.049591333955078865
237,HGB,0.679936078349328,0.06495137716673606
237,MLP,0.7173286310073614,0.04799719086514831
238,Context only,0.7176257466396165,0.06586949107661087
238,Driver history,0.5340672426939108,0.023822442988703695
238,Automation only,0.4819622712932054,0.01952813793007996
238,Additive,0.7327695311763296,0.05317822403678279
238,Interaction,0.7255149691644911,0.05853623424211039
238,HGB,0.7006241193222384,0.0686913509838861
238,MLP,0.7229298515746451,0.05350651610387034
239,Context only,0.6972886938164715,0.08620504626994928
239,Driver history,0.49480455060812206,0.025881306082687985
239,Automation only,0.44167153393343866,0.022707441388081173
239,Additive,0.7203523805706346,0.06362271730848659
239,Interaction,0.7090712968689159,0.07101189277164999
239,HGB,0.6795664744573475,0.08132960286277985
239,MLP,0.6942137264557899,0.052994736125996124
240,Context only,0.7065105628277779,0.05419752250914474
240,Driver history,0.4994589209952987,0.018216659999071468
240,Automation only,0.43763937169204403,0.014797259183574522
240,Additive,0.725061519683281,0.04960064055703703
240,Interaction,0.7137016895092909,0.05351839791581989
240,HGB,0.6898859151232054,0.07227150145678332
240,MLP,0.7073584858689552,0.043570928651438606
241,Context only,0.7341508939004248,0.05254478356074008
241,Driver history,0.521484187512206,0.022593254547252903
241,Automation only,0.45332821090820025,0.015437725485539112
241,Additive,0.7430534867247263,0.05153519371078659
241,Interaction,0.7430505903615654,0.059684132253584515
241,HGB,0.720194974892669,0.08282577201608234
241,MLP,0.7423120177555337,0.05747761814914648
242,Context only,0.693415274065807,0.11295275483240726
242,Driver history,0.5424498027352737,0.033329663534715975
242,Automation only,0.5147520729928436,0.030064808683551204
242,Additive,0.7483349486524322,0.09037203764066767
242,Interaction,0.7402058797615202,0.09842228423875846
242,HGB,0.7076107962054685,0.1053212057407575
242,MLP,0.7550472358463782,0.0739353504850806
243,Context only,0.6942623903771338,0.06755822112354914
243,Driver history,0.539841932532122,0.027377902592273004
243,Automation only,0.4716709989461398,0.019784222386307553
243,Additive,0.7261909719691686,0.0626646217102389
243,Interaction,0.7188665854581169,0.06971475248390849
243,HGB,0.6813073419701287,0.07439773910048943
243,MLP,0.7245751878959928,0.05781657936227921
244,Context only,0.7329160941774837,0.055245121765210625
244,Driver history,0.4612016171312868,0.01677159844514288
244,Automation only,0.41766400308541546,0.014859084046401865
244,Additive,0.7302856570367959,0.04609356895437958
244,Interaction,0.7241773481095805,0.04655046473292117
244,HGB,0.7133363991635631,0.07994156323420681
244,MLP,0.7230963981391089,0.04561108854035114
245,Context only,0.7226122402623055,0.041423057159824084
245,Driver history,0.5655978411155882,0.022707082669816216
245,Automation only,0.4962234336730663,0.012445637155423152
245,Additive,0.7387754799715572,0.04748143854993802
245,Interaction,0.7445400766374338,0.05059809866353788
245,HGB,0.7038459449316583,0.0695550451792326
245,MLP,0.7350774275104686,0.05500674340345114
246,Context only,0.6880231409272527,0.0711222688958061
246,Driver history,0.5011762016858305,0.025501028969973093
246,Automation only,0.4521947704616811,0.02067103985589319
246,Additive,0.7065892150397115,0.0587027613668238
246,Interaction,0.6933887928120798,0.06971970669269034
246,HGB,0.6623389325054487,0.06903555157337518
246,MLP,0.6803896500735819,0.051074194475316206
247,Context only,0.7643076572660086,0.044392223175213644
247,Driver history,0.6214845809477121,0.026580762468414454
247,Automation only,0.5564068382155708,0.014823320240844795
247,Additive,0.7527815225736036,0.04606007661728695
247,Interaction,0.759404222896414,0.046866663064803374
247,HGB,0.7464227243717221,0.06655294490187887
247,MLP,0.754792728441538,0.05446002879047662
248,Context only,0.680165579002593,0.053312254091720364
248,Driver history,0.484569595788002,0.02202438800911346
248,Automation only,0.4189263237672004,0.01593515153166579
248,Additive,0.6965582303981833,0.047220682186862935
248,Interaction,0.6765209534123802,0.052939303819705415
248,HGB,0.6410748030111537,0.05194487215070304
248,MLP,0.6688445067402159,0.0440924838997676
249,Context only,0.7355767098187477,0.06273743460692567
249,Driver history,0.5633383178877545,0.024321324183224493
249,Automation only,0.5164579864333679,0.018715845955948825
249,Additive,0.7563619178904842,0.07391828560211176
249,Interaction,0.7547061814161709,0.08266640410091113
249,HGB,0.7308056979172353,0.10131346011806375
249,MLP,0.7483937394223944,0.06753181359059102
250,Context only,0.6876476735406336,0.07284027392875168
250,Driver history,0.48075829914532375,0.0227265186917267
250,Automation only,0.4296211231658336,0.02011512951851555
250,Additive,0.7196421958032723,0.06826050086742516
250,Interaction,0.711632871017659,0.08522719337627331
250,HGB,0.6847440133900247,0.09678176768848874
250,MLP,0.7120692526103946,0.057317830015197475
251,Context only,0.714703639806438,0.06072826771677163
251,Driver history,0.5477116768356828,0.028848088085684682
251,Automation only,0.485088828108563,0.0189627762874227
251,Additive,0.7241031769408794,0.05502028490586954
251,Interaction,0.710524216284452,0.0540005944665418
251,HGB,0.6905348201136126,0.06729159099952688
251,MLP,0.7101885966757837,0.05440266068332572
252,Context only,0.682794570242139,0.07843933206367115
252,Driver history,0.48470682116013797,0.027014569640337768
252,Automation only,0.43053578667995324,0.021409479517161673
252,Additive,0.7115737377893662,0.06296541239383363
252,Interaction,0.7004079969358826,0.08121981744258844
252,HGB,0.6566647819172287,0.07335457656195539
252,MLP,0.6890878372546851,0.05438152426421771
253,Context only,0.7094701014849953,0.05061696439357858
253,Driver history,0.5163386935556865,0.01783037732604802
253,Automation only,0.48272341675918723,0.015853655662978583
253,Additive,0.6922254663198096,0.04159590373967707
253,Interaction,0.6796460641598756,0.04059770869655058
253,HGB,0.6701033571119265,0.05514354045554818
253,MLP,0.6727949316107691,0.04043427115598888
254,Context only,0.6915656258400419,0.07498008586134902
254,Driver history,0.48859046278349205,0.023742486377970995
254,Automation only,0.44719585178477955,0.020276010537033918
254,Additive,0.7082378927858972,0.056688603320420375
254,Interaction,0.6958431190843367,0.061632713165429384
254,HGB,0.6722899364751489,0.08039779822976936
254,MLP,0.6826956678598208,0.04797171290882475
255,Context only,0.7111705615959875,0.04891214078054991
255,Driver history,0.5786751798760266,0.025964964037851097
255,Automation only,0.5030585257343042,0.01568631533829402
255,Additive,0.7361890206431723,0.05721233793471657
255,Interaction,0.7291253273138545,0.06905253570422831
255,HGB,0.6958176536979547,0.056821698280557664
255,MLP,0.7253837933787609,0.05296034245442448
256,Context only,0.7045643336996263,0.10722575590303374
256,Driver history,0.541602396270964,0.031835467523173865
256,Automation only,0.5194954339024888,0.02933011370762691
256,Additive,0.7368147833507781,0.07577086612686695
256,Interaction,0.7221041112757336,0.07782131559958312
256,HGB,0.7008892026701692,0.08873360650022118
256,MLP,0.7099949405184736,0.06059544789124251
257,Context only,0.6989311366718569,0.05365171162996933
257,Driver history,0.4380692149279221,0.01676759246680678
257,Automation only,0.40695162991611833,0.014624461803224664
257,Additive,0.6909371640966397,0.05159480208299605
257,Interaction,0.6824119744839017,0.0566814143843333
257,HGB,0.6619193329649907,0.0729854155238908
257,MLP,0.6669950273745542,0.04365301122213808
258,Context only,0.6854791871108468,0.05105605859252553
258,Driver history,0.5441698296515455,0.03192390088912219
258,Automation only,0.4585854952161638,0.016252327168500207
258,Additive,0.7205966804769397,0.06264505896063079
258,Interaction,0.715798569050142,0.07391652132341166
258,HGB,0.6654485810005555,0.06726579530326089
258,MLP,0.6956880216070002,0.05945362801690217
259,Context only,0.6995023154255501,0.05833990333048918
259,Driver history,0.5284819384784117,0.027657212670237248
259,Automation only,0.4771915721582518,0.018044032899698043
259,Additive,0.7266714112907805,0.05539113119274306
259,Interaction,0.7204648818775621,0.06165323213278422
259,HGB,0.6866482470161301,0.06497540750136835
259,MLP,0.7221858378647723,0.056215703920036816
260,Context only,0.7064517345717957,0.08854281423591095
260,Driver history,0.5063539070857801,0.02448219586488777
260,Automation only,0.5032465854013644,0.025144794938709775
260,Additive,0.7335920701973535,0.0734434887383813
260,Interaction,0.7239506953690593,0.08041264560480185
260,HGB,0.707364729564632,0.10553719532516484
260,MLP,0.727290387005429,0.06056499338087549
261,Context only,0.7173480287522868,0.0529644743235016
261,Driver history,0.5327655083274486,0.023645348132638466
261,Automation only,0.46645912537662076,0.016402990610780925
261,Additive,0.7080407196593779,0.04505304402233745
261,Interaction,0.7004713382152153,0.052161013427270614
261,HGB,0.6760970121993635,0.054771460826322435
261,MLP,0.6855430787177066,0.04756675204283443
262,Context only,0.6991900658042323,0.04039776847624727
262,Driver history,0.5260723566140731,0.023493694831828362
262,Automation only,0.4940951450684214,0.01406532851023781
262,Additive,0.7092336237194348,0.04333962679921057
262,Interaction,0.7064920922754805,0.04426223068960872
262,HGB,0.6788704385702535,0.06030910660051099
262,MLP,0.7012847715546249,0.04175764619329581
263,Context only,0.6695095352778846,0.06416358766061689
263,Driver history,0.4571561225897451,0.0197235222354203
263,Automation only,0.40915551974116404,0.017872784126117605
263,Additive,0.7209830503530492,0.06012982414104534
263,Interaction,0.7143091762426611,0.07217904131897152
263,HGB,0.6715581265751092,0.08628515207419155
263,MLP,0.7245864683586536,0.052451253221464315
264,Context only,0.6962760769004223,0.07971844861204194
264,Driver history,0.46389992072577985,0.022918147933543916
264,Automation only,0.43896148003640423,0.021717235127641704
264,Additive,0.7265126595172244,0.0799677796880394
264,Interaction,0.7206949725086748,0.09595363384388643
264,HGB,0.6946944676337531,0.11949952328954755
264,MLP,0.7165748720651377,0.06520746332536163
265,Context only,0.7043890511594973,0.054182008777279855
265,Driver history,0.5610516922668409,0.02745819441699006
265,Automation only,0.5116449729019432,0.018642460911945734
265,Additive,0.7211461865272275,0.06871530405757025
265,Interaction,0.7164861547993517,0.06825475466449296
265,HGB,0.6975541110067132,0.09149145203821493
265,MLP,0.7155069991965903,0.06379899146407679
266,Context only,0.7166161768391393,0.05093531307633549
266,Driver history,0.45317738778219546,0.014426025835007229
266,Automation only,0.4137009184689475,0.01303314799233204
266,Additive,0.7095115469021993,0.04464403493515013
266,Interaction,0.697099346708481,0.042895256717865315
266,HGB,0.683881962177503,0.07131410337682978
266,MLP,0.6922966041710412,0.038635885969435145
267,Context only,0.6968141087981214,0.06403058853075333
267,Driver history,0.49776093413236605,0.026212713723810937
267,Automation only,0.41058658159421046,0.01857300708052276
267,Additive,0.7216546527011162,0.06228868057759741
267,Interaction,0.7070454187036744,0.06579998042587175
267,HGB,0.6760804355254166,0.08095308005520879
267,MLP,0.7109833600553717,0.05628531820059998
268,Context only,0.7148427573231854,0.09065111633101569
268,Driver history,0.526335866043953,0.02573764488699014
268,Automation only,0.45029875734881153,0.022530714051141307
268,Additive,0.7636944688248094,0.08342456474165139
268,Interaction,0.7550638196095013,0.09326780871425984
268,HGB,0.7296683772073127,0.11774539288562509
268,MLP,0.7774092249606532,0.07468981786670516
269,Context only,0.7652491727304038,0.04702678956264303
269,Driver history,0.6007135336510165,0.017905357384686432
269,Automation only,0.5799835636027536,0.015076129648616998
269,Additive,0.755679167629453,0.059528845570478016
269,Interaction,0.7586122143794497,0.05639691223944251
269,HGB,0.7619311022849644,0.08986816166800217
269,MLP,0.7615479859963639,0.056493237245470854
270,Context only,0.7039683362064364,0.06863547910369659
270,Driver history,0.5534639644495801,0.027284571585490566
270,Automation only,0.5008423931151589,0.020134668298686986
270,Additive,0.7229834985847307,0.0625039296833817
270,Interaction,0.7134591707111654,0.0703180835162102
270,HGB,0.6901695915797671,0.07905398595715522
270,MLP,0.7026600014862683,0.05630574364819863
271,Context only,0.6954864541767426,0.06830746435624456
271,Driver history,0.5068961423198485,0.025101996826018564
271,Automation only,0.41265919003455376,0.018478328762725628
271,Additive,0.7217399136429885,0.06206401401938656
271,Interaction,0.7105631765405883,0.07183530257119863
271,HGB,0.6822228469428417,0.0840687345243031
271,MLP,0.7118880088212978,0.054995536785382236
272,Context only,0.6990715174153204,0.058722500180721546
272,Driver history,0.5057256372791527,0.023445420158055036
272,Automation only,0.45076242759861995,0.017857401021152755
272,Additive,0.7109713257937467,0.04766803670532066
272,Interaction,0.7037577131198778,0.052702223433322766
272,HGB,0.673646345064562,0.05565466303752627
272,MLP,0.6958186485246162,0.04750181612184892
273,Context only,0.7271819001573233,0.045410430509565065
273,Driver history,0.4750863359042246,0.013496705565448845
273,Automation only,0.44781642108898356,0.011804795778270384
273,Additive,0.7091499270941254,0.04310352806274199
273,Interaction,0.7019696577261042,0.04381741227026434
273,HGB,0.680078469744062,0.05848084518537768
273,MLP,0.6783447968228387,0.04079523805691019
274,Context only,0.6949537238398157,0.04648262320593624
274,Driver history,0.5021688684998943,0.023596643459463686
274,Automation only,0.43630582843924565,0.013785701000919415
274,Additive,0.6981450658606103,0.04602728693970251
274,Interaction,0.6904084791435326,0.047743176454640934
274,HGB,0.6554601981285431,0.05053450635197872
274,MLP,0.6729778326379963,0.046618630348410565
275,Context only,0.7149277719995377,0.05466115599829535
275,Driver history,0.5169448222524469,0.021935578982499666
275,Automation only,0.4380005511552035,0.015258259983471316
275,Additive,0.7231319838920447,0.04949275768410471
275,Interaction,0.7094633348445654,0.05419653001099809
275,HGB,0.6902872229778383,0.05896266596171551
275,MLP,0.7023463210390164,0.049486042281783264
276,Context only,0.704799377613537,0.08439533681321552
276,Driver history,0.47756387565237124,0.023753122455203012
276,Automation only,0.4389157509157509,0.02295023824373541
276,Additive,0.7140228856689033,0.0655673921770519
276,Interaction,0.705164511005219,0.08350716354936889
276,HGB,0.6793359914421861,0.08986932672439074
276,MLP,0.6929997082563454,0.054606532978062984
277,Context only,0.7172936182953128,0.051629044553220683
277,Driver history,0.5225901755137631,0.016920372905772998
277,Automation only,0.5062873683517726,0.01506543253566931
277,Additive,0.7367401096331896,0.05986972452132351
277,Interaction,0.7349308135680858,0.0671962895350848
277,HGB,0.7109899034740979,0.08412673405501624
277,MLP,0.7213374337161419,0.05122121181604811
278,Context only,0.7262789163402052,0.06742992554418618
278,Driver history,0.5325234113121353,0.02494895358443936
278,Automation only,0.4546910635419706,0.01935616188041291
278,Additive,0.7439852695670613,0.06145680137150421
278,Interaction,0.741876120496272,0.0687730159845072
278,HGB,0.7136157059013901,0.07777537920570889
278,MLP,0.7410895641646321,0.0595748191624046
279,Context only,0.6822848553491956,0.045464730341364536
279,Driver history,0.5669288387936152,0.025704107601873392
279,Automation only,0.5316657052753019,0.014638953337662183
279,Additive,0.7322134878296274,0.05125323807869808
279,Interaction,0.7383725679254578,0.06300290708552017
279,HGB,0.6935925019894486,0.05712203628311431
279,MLP,0.7425152524389165,0.05281383750752549
280,Context only,0.7087973592223732,0.04310264695391971
280,Driver history,0.5138218072331302,0.026295244087902396
280,Automation only,0.4378826000636476,0.012460273853082453
280,Additive,0.7319323185553193,0.04954415452167224
280,Interaction,0.7300873064017015,0.06120848838118609
280,HGB,0.692629293759209,0.0638421372634062
280,MLP,0.7350989139810542,0.06015753905199436
281,Context only,0.6892677561282213,0.07158760336012245
281,Driver history,0.45674881630279063,0.020513171230268752
281,Automation only,0.4424598521266345,0.02025381272928661
281,Additive,0.7160661181834387,0.06520301758298351
281,Interaction,0.7071078119325256,0.07023502618799247
281,HGB,0.674607399833016,0.08820986583760304
281,MLP,0.70399729823541,0.054420162930056144
282,Context only,0.6898068009707398,0.07007231144719728
282,Driver history,0.47897624191646837,0.026576504326964814
282,Automation only,0.4408330261899267,0.019942935682952464
282,Additive,0.7123716032353105,0.062416203151142775
282,Interaction,0.7069622168662183,0.06808110741871447
282,HGB,0.6736573837774344,0.08410566495145724
282,MLP,0.701555494071383,0.05379796377558101
283,Context only,0.6847287704406364,0.04179361617507132
283,Driver history,0.5424523221733916,0.027392699081373047
283,Automation only,0.45605635702612074,0.012044002696371623
283,Additive,0.7151195618418452,0.0427668885908532
283,Interaction,0.7099573176406129,0.045516489547979
283,HGB,0.6656657433809405,0.053178859253443615
283,MLP,0.7060100881774465,0.04681471610544205
284,Context only,0.7090882208432661,0.04451753293005056
284,Driver history,0.5239857241642858,0.019426499715647996
284,Automation only,0.46297677105890483,0.012870305011932736
284,Additive,0.7075826160537186,0.04178121516432577
284,Interaction,0.6921944661801904,0.04067764528696195
284,HGB,0.6704424690189799,0.049500076529256046
284,MLP,0.6864850417629611,0.041059661661366
285,Context only,0.7631384352023349,0.05306263834545447
285,Driver history,0.5815213934257545,0.0209881220398324
285,Automation only,0.5380161269199828,0.016564042243791637
285,Additive,0.7351153392827076,0.056433841074798735
285,Interaction,0.729358664945464,0.05626615240047551
285,HGB,0.7330433481132252,0.08284449072472512
285,MLP,0.7240388393107706,0.05674447382193562
286,Context only,0.7042045011705621,0.06075544681811826
286,Driver history,0.5497922948000082,0.025807614800763018
286,Automation only,0.4794267102074781,0.01822876212672096
286,Additive,0.7265665975170603,0.06509619129165344
286,Interaction,0.7144276917802801,0.07043892393362139
286,HGB,0.6910851214073703,0.07859720230923588
286,MLP,0.7146782125998787,0.05532060016468296
287,Context only,0.721319324868095,0.0629837626957096
287,Driver history,0.5425834816958608,0.023900453998359755
287,Automation only,0.5041105794926222,0.01957148098840807
287,Additive,0.7394755352961359,0.0625888472091981
287,Interaction,0.7275663647904596,0.060383307276938136
287,HGB,0.7186922372001538,0.09148696573298763
287,MLP,0.7370822512243662,0.05908756887499229
288,Context only,0.6984510864579321,0.06511476049932857
288,Driver history,0.4962716653572793,0.02310168203627042
288,Automation only,0.44094929751783524,0.01916457668559599
288,Additive,0.7160087203532177,0.060762827896445035
288,Interaction,0.7054712376796655,0.0657928248910202
288,HGB,0.6761241132444951,0.0775186866372489
288,MLP,0.6990537382592987,0.053952054063589966
289,Context only,0.74143773119805,0.053011474930799475
289,Driver history,0.5671480873330781,0.019353602510775635
289,Automation only,0.5318550550586194,0.016120227843778416
289,Additive,0.7201677129166624,0.04581350634447345
289,Interaction,0.7109149353029863,0.04504680833268828
289,HGB,0.7196497807285525,0.06633588645263716
289,MLP,0.7121207461784292,0.04850468256513028
290,Context only,0.721551637493815,0.05276569116096872
290,Driver history,0.5442473172315685,0.026407217255861655
290,Automation only,0.4965366097383721,0.0163286708084896
290,Additive,0.7261196402616279,0.052518865121011116
290,Interaction,0.7190899365258535,0.0550619266505467
290,HGB,0.6948314668635578,0.062179340640531426
290,MLP,0.7124719256401535,0.05810718997353816
291,Context only,0.6950468189376039,0.09705936164273653
291,Driver history,0.550353294545742,0.029843089609299794
291,Automation only,0.5171357029333469,0.02663174850547172
291,Additive,0.747870916928497,0.08494220086841117
291,Interaction,0.7360006154071992,0.09498251989047596
291,HGB,0.7116599903454467,0.1172428125423414
291,MLP,0.7499904019060685,0.07115701869663404
292,Context only,0.6984458091360167,0.05688615099978544
292,Driver history,0.5304426759492065,0.022997666683774023
292,Automation only,0.5149623679706228,0.018914897198547782
292,Additive,0.7248450918488522,0.06320343928693077
292,Interaction,0.7277129219645296,0.07441751893325269
292,HGB,0.6936391033580808,0.08816501855210244
292,MLP,0.7227370718960066,0.06227785208842183
293,Context only,0.7201669920261113,0.0655152199561862
293,Driver history,0.4605220857089737,0.019132055646598534
293,Automation only,0.40426298339117495,0.017841749480129745
293,Additive,0.7092952094695091,0.046758234292328914
293,Interaction,0.7016783124690135,0.04939636958631063
293,HGB,0.6833440818149892,0.06960127446675331
293,MLP,0.6984140663733267,0.041875078857741374
294,Context only,0.7086240215858818,0.08398319017301588
294,Driver history,0.46940176965336183,0.022877453544631218
294,Automation only,0.47285159992335696,0.023118744906807227
294,Additive,0.7342794196291964,0.07598870677831852
294,Interaction,0.7322428740566187,0.08828470363491359
294,HGB,0.7133900815905145,0.12780558085178811
294,MLP,0.7302088308219393,0.06430690124322186
295,Context only,0.6858338853506116,0.06728562757479029
295,Driver history,0.5403925705374577,0.02899172298852657
295,Automation only,0.4929764426626553,0.020289763767197624
295,Additive,0.7232537565925814,0.0626235052088587
295,Interaction,0.7143220020286636,0.06967507402185871
295,HGB,0.6829543389708098,0.0728351267736102
295,MLP,0.7187099643718848,0.05883976590249121
296,Context only,0.727880930355491,0.05457261424179792
296,Driver history,0.5081404473942248,0.018205278797936923
296,Automation only,0.4779494540132838,0.016314422302482624
296,Additive,0.7076644119120221,0.05374466949261704
296,Interaction,0.7025390054606829,0.05367863264646658
296,HGB,0.702077286528412,0.08290244594375905
296,MLP,0.6935256971874302,0.05133079471807241
297,Context only,0.6849970196043801,0.07391109504366482
297,Driver history,0.4799122255092429,0.026803329027212976
297,Automation only,0.40229407673966794,0.02127630356103427
297,Additive,0.7141921717394717,0.07255149158834821
297,Interaction,0.6985907818693826,0.0836295942998112
297,HGB,0.6623121308234232,0.08610172868024152
297,MLP,0.6875881547058362,0.05968793836588416
298,Context only,0.7059773363626315,0.11305939152740449
298,Driver history,0.49271994997368346,0.031852858859778815
298,Automation only,0.4211124420663245,0.029464368434578624
298,Additive,0.7237192718465024,0.08797616864804311
298,Interaction,0.7063343018507426,0.09116851516358496
298,HGB,0.6877487497545707,0.11589318360936068
298,MLP,0.7051961701488745,0.06818391390601684
299,Context only,0.6962308765021943,0.05594075987803218
299,Driver history,0.45282986751979004,0.015441009652962997
299,Automation only,0.43745519051720605,0.015112311087541033
299,Additive,0.7205623231204626,0.049955270932734
299,Interaction,0.7170554940322382,0.059783340330952485
299,HGB,0.6850133300520898,0.0814426573665361
299,MLP,0.7161260817849965,0.049055874710429014
300,Context only,0.7315473748769045,0.03545895013954204
300,Driver history,0.48069489299214463,0.017287146254369532
300,Automation only,0.43814061408091626,0.010200560928433137
300,Additive,0.7091032505214436,0.03420271380659748
300,Interaction,0.705905107275091,0.03537247008326435
300,HGB,0.6794597963931197,0.04869335988601652
300,MLP,0.6872166466462588,0.03914725615482476
301,Context only,0.6793090055179557,0.07013704332299461
301,Driver history,0.4565050268754799,0.02338826336416456
301,Automation only,0.3836967326797503,0.01909665218343917
301,Additive,0.7029283261010614,0.061922028860998846
301,Interaction,0.6898141038232826,0.08079525744672524
301,HGB,0.6536277433525598,0.08190448756553032
301,MLP,0.6836485175330512,0.052588590775036956
302,Context only,0.7076679272768747,0.07760055233325813
302,Driver history,0.5302909339747843,0.021091692416201492
302,Automation only,0.5092018497013935,0.020561201906067857
302,Additive,0.7555011832801095,0.0668325474383535
302,Interaction,0.7476323057502489,0.07323102779207268
302,HGB,0.7270282626389349,0.10881479399376508
302,MLP,0.757628301001576,0.06120770059704264
303,Context only,0.7249175657861744,0.05841775208527494
303,Driver history,0.5047161236128126,0.021436552041984504
303,Automation only,0.4805811679240011,0.018112666347628658
303,Additive,0.7125083284974316,0.05529490621266645
303,Interaction,0.7066040506945788,0.06142588985986167
303,HGB,0.698455780156325,0.07923864855830012
303,MLP,0.6989248178477013,0.054020296707732215
304,Context only,0.6962710756508974,0.10004897515171789
304,Driver history,0.5007920052961292,0.032020349969178186
304,Automation only,0.413481313596029,0.02584821553556829
304,Additive,0.7404274600213738,0.08915829845749229
304,Interaction,0.7241066263824114,0.10415481102379856
304,HGB,0.6933270536195941,0.10489364540538025
304,MLP,0.7378789763911856,0.07607039787526235
305,Context only,0.7140034027214003,0.061576230486478395
305,Driver history,0.4865321892524242,0.022554207865561844
305,Automation only,0.42167558133060906,0.018044171485430242
305,Additive,0.6996297209846138,0.04734025990547562
305,Interaction,0.6933923695137916,0.04898965842714707
305,HGB,0.6801742923621334,0.0669551294218639
305,MLP,0.6783419955122403,0.052214965128033905
306,Context only,0.7098968822895542,0.06152478371846563
306,Driver history,0.49107835436545155,0.021043858410770083
306,Automation only,0.43585052544189795,0.01696344952025463
306,Additive,0.7095997095708834,0.04956479353824613
306,Interaction,0.7044969342816771,0.06227599499470108
306,HGB,0.6796871178334379,0.07586737245358424
306,MLP,0.6952934899432979,0.046693349112133534
307,Context only,0.7106424351821465,0.06254734186762281
307,Driver history,0.536985354446997,0.035134320553788415
307,Automation only,0.48050869707909416,0.018248633034674493
307,Additive,0.7407952494256647,0.06409229402192997
307,Interaction,0.7351967098785691,0.0667578534572243
307,HGB,0.704023629799803,0.0870187873184531
307,MLP,0.7453095257630457,0.0655173258463644
308,Context only,0.6818541938702152,0.07380390586888262
308,Driver history,0.48195298248702795,0.024146294272359557
308,Automation only,0.4323873834220963,0.021010831515240035
308,Additive,0.7044487888613389,0.05832756254778211
308,Interaction,0.6905418457821662,0.06092171993863989
308,HGB,0.6621205563461905,0.07982497535437902
308,MLP,0.690721572597407,0.050670414222602274
309,Context only,0.7036114665788001,0.04661816804169688
309,Driver history,0.5373187859778001,0.015796434140177777
309,Automation only,0.5219885501090243,0.014913132094257242
309,Additive,0.7293058205599106,0.045505369932695036
309,Interaction,0.7273177557600665,0.05137267855136968
309,HGB,0.7003879919183249,0.07496389309648799
309,MLP,0.7305684758482056,0.04489377112125245
310,Context only,0.7494404912644742,0.04147677598590699
310,Driver history,0.5435056390919193,0.019426945333557023
310,Automation only,0.5165131775075938,0.01345039943262119
310,Additive,0.7157128522456893,0.04718599964923816
310,Interaction,0.7093836324094235,0.045961714055584135
310,HGB,0.7055797167469595,0.04530512633585895
310,MLP,0.6961438366649746,0.047524737764574124
311,Context only,0.6873276090169277,0.06966153363919206
311,Driver history,0.5189528437655289,0.02862790599176363
311,Automation only,0.4548377572554258,0.02058105111114454
311,Additive,0.7161644175975941,0.06513238575764288
311,Interaction,0.7010624189270295,0.06394288546793833
311,HGB,0.6712980710279891,0.09323423072072236
311,MLP,0.7057686846979406,0.058368985378100514
312,Context only,0.6920954364193181,0.12700941471995414
312,Driver history,0.5546625604987715,0.03628760043763225
312,Automation only,0.5282472290791621,0.032106852151252405
312,Additive,0.7633910610887666,0.10814443769742965
312,Interaction,0.7598711948742962,0.13507356499631265
312,HGB,0.7175976176306298,0.11420912319236384
312,MLP,0.779343431978077,0.09194059418243247
313,Context only,0.6841715826390156,0.04318568280997815
313,Driver history,0.47456510819644065,0.01670610289525765
313,Automation only,0.408564941515133,0.012995527902661343
313,Additive,0.7099855617948424,0.04585990234315788
313,Interaction,0.6959027932633723,0.05210159461669555
313,HGB,0.6544124371284865,0.05950982856183877
313,MLP,0.6952887753654036,0.04570520557582974
314,Context only,0.6894096146469564,0.04572664846100788
314,Driver history,0.5552854647989142,0.03632672029052612
314,Automation only,0.4604305899796406,0.015547016876137354
314,Additive,0.7479649833289074,0.05754108822978234
314,Interaction,0.7448054977722699,0.06750486776773207
314,HGB,0.6784680575226462,0.054383514898470466
314,MLP,0.743471257118409,0.058434741127490454
315,Context only,0.6781665046971169,0.07965760301867192
315,Driver history,0.480180497742725,0.028688216229762725
315,Automation only,0.42389315346287154,0.02248697316742849
315,Additive,0.7139467953435159,0.0668169846782999
315,Interaction,0.6998835317226257,0.07493193028427579
315,HGB,0.6611320828909599,0.08177685677801802
315,MLP,0.694064564994729,0.05789433876244194
316,Context only,0.6853677844332068,0.0641652856693512
316,Driver history,0.6039951392333835,0.041487055990465184
316,Automation only,0.5106493547360081,0.02032437780615387
316,Additive,0.7279024231026475,0.05960416360242923
316,Interaction,0.7211739818797926,0.0739344573138496
316,HGB,0.6728453562957971,0.06474811963848123
316,MLP,0.7171918306049366,0.07341827931409692
317,Context only,0.6957321636966165,0.07694997259720739
317,Driver history,0.5199205497259741,0.0295453524962481
317,Automation only,0.49657110639492225,0.022665964558990337
317,Additive,0.728983592915212,0.06702748903107518
317,Interaction,0.7207079125283751,0.0708377468791036
317,HGB,0.6903122122481942,0.0812460171643113
317,MLP,0.7223456665501298,0.0573947222728684
318,Context only,0.6931455582477926,0.053926142234750826
318,Driver history,0.590062069891548,0.04102394720195325
318,Automation only,0.4796545502513767,0.01814156900339052
318,Additive,0.7379844592483733,0.06089679167848773
318,Interaction,0.7364264705584671,0.07205238308249928
318,HGB,0.6823256675431618,0.06724144569984107
318,MLP,0.7388440857494303,0.0721386683739954
319,Context only,0.7250810825924064,0.04895245324235543
319,Driver history,0.4910981710982497,0.01703674415257784
319,Automation only,0.43857556757814686,0.014052589042548651
319,Additive,0.7421717727730246,0.05799111784030339
319,Interaction,0.7371892998937539,0.06341980983539033
319,HGB,0.7110170098697086,0.10174041403250285
319,MLP,0.7318005403176201,0.05386841478927917
320,Context only,0.7098046859461394,0.062338411428534204
320,Driver history,0.47740840924460004,0.01989998207883517
320,Automation only,0.45753192251083974,0.01832723348147925
320,Additive,0.7253025179999204,0.0638275936046176
320,Interaction,0.7186176856676876,0.0697032608719164
320,HGB,0.690186164923028,0.07636952166612461
320,MLP,0.706994709415649,0.05211006424355662
321,Context only,0.7066394222880528,0.03983530974454151
321,Driver history,0.5629677735869487,0.025683547136768396
321,Automation only,0.5009756706630859,0.013246975121587245
321,Additive,0.705761263443786,0.03677032614822971
321,Interaction,0.713199232943857,0.03962712158365002
321,HGB,0.6737536304506482,0.050433643562633704
321,MLP,0.6996470237901214,0.043681495519316105
322,Context only,0.7005384817190052,0.0840953987263411
322,Driver history,0.49035323979479484,0.024078869339695552
322,Automation only,0.4204316423117947,0.021760506854862433
322,Additive,0.7336644667173488,0.07061831855474832
322,Interaction,0.7239715085339394,0.08512539534180047
322,HGB,0.6935729995078599,0.09492600932877614
322,MLP,0.722014437705976,0.05928334085227949
323,Context only,0.708109141311507,0.10730903024400384
323,Driver history,0.5266038410255586,0.029522075082753174
323,Automation only,0.5037174291956498,0.029825419107944062
323,Additive,0.7440615260887725,0.08709084074373949
323,Interaction,0.7345247263008241,0.10223937124182164
323,HGB,0.7097007833459172,0.11014981550027168
323,MLP,0.7368528259490112,0.07090355766302633
324,Context only,0.7394633719606458,0.04526103879842365
324,Driver history,0.575579865585081,0.01924650052696429
324,Automation only,0.5531321364615187,0.01573203292366083
324,Additive,0.7218919480784731,0.0443287656156247
324,Interaction,0.7158219666635579,0.04441061491942914
324,HGB,0.710887827264481,0.04697187495616766
324,MLP,0.7203429305036625,0.04840131948592547
325,Context only,0.711840310100428,0.04167426553553084
325,Driver history,0.4699284838275928,0.015577161701612314
325,Automation only,0.4502487304894326,0.012939851197727675
325,Additive,0.7172446572198334,0.03941213023995156
325,Interaction,0.712913298954347,0.040685689228491854
325,HGB,0.6943843550984825,0.07428942710659134
325,MLP,0.704932251725106,0.04017044507926476
326,Context only,0.6815087012950763,0.06699954090410844
326,Driver history,0.447606446075695,0.027471080307619758
326,Automation only,0.40699662275315396,0.018891999406282795
326,Additive,0.7110365845149046,0.06006567832987649
326,Interaction,0.7019218558110976,0.06608099581364736
326,HGB,0.6628138257787206,0.08067643893456061
326,MLP,0.6919984020877527,0.05329191297518135
327,Context only,0.7214223099645675,0.0742907100666704
327,Driver history,0.5352625026703303,0.02242457038759285
327,Automation only,0.49945429499598537,0.02122159690247285
327,Additive,0.73538345942203,0.06391681202964992
327,Interaction,0.7282863477985428,0.06789779147780825
327,HGB,0.7152405507141752,0.09753021462011373
327,MLP,0.7307034202326318,0.056744047625526275
328,Context only,0.7044836487437107,0.07706094766779675
328,Driver history,0.535146826161407,0.024029928445292115
328,Automation only,0.4272100210072568,0.019253964952713507
328,Additive,0.7454134256482715,0.0694758146899749
328,Interaction,0.7345280664127221,0.09234546064378947
328,HGB,0.7049268907058794,0.09271162807064098
328,MLP,0.7364762203702548,0.058830932792315056
329,Context only,0.7802089160158325,0.04971320711301299
329,Driver history,0.5622328511377503,0.01693602182436592
329,Automation only,0.548934118818845,0.015002593752813105
329,Additive,0.7307413845598283,0.04309854650620754
329,Interaction,0.7297713288347294,0.046164170429952286
329,HGB,0.7309054207469193,0.05459916067470288
329,MLP,0.7122070655932328,0.04822598592492756
330,Context only,0.7219096407954251,0.05307340516538373
330,Driver history,0.5123341618181101,0.018947615308352032
330,Automation only,0.47428892599104155,0.016092339603071968
330,Additive,0.70452382196124,0.05052357209003443
330,Interaction,0.6993934103759045,0.05753178052751353
330,HGB,0.6856352861941047,0.0662108606317588
330,MLP,0.6848607001141642,0.048055745209141375
331,Context only,0.6840820096722371,0.05635967802041491
331,Driver history,0.5184184513455906,0.024044993527088915
331,Automation only,0.45364320376655715,0.01572755858888586
331,Additive,0.7361183794101962,0.05528778891131368
331,Interaction,0.7302891204776643,0.07003696648548455
331,HGB,0.6803395417067462,0.06572542287218523
331,MLP,0.7310961924080747,0.05362295535229425
332,Context only,0.7095097760993109,0.057669051722905915
332,Driver history,0.5352994680812357,0.02194119540821212
332,Automation only,0.47304805460353494,0.017657317440267935
332,Additive,0.7274549397134479,0.05505540560984165
332,Interaction,0.7110567792355214,0.0611855767296639
332,HGB,0.6936619077764923,0.07882715895304816
332,MLP,0.7206884382253851,0.055536722852316735
333,Context only,0.727378384230998,0.05444457334409397
333,Driver history,0.5275037438862041,0.0197152147216196
333,Automation only,0.4858079530285047,0.016953377745061296
333,Additive,0.7463600471834737,0.06057685189425224
333,Interaction,0.7480385142870718,0.07021952784262679
333,HGB,0.7218041282798408,0.1002424294829537
333,MLP,0.748094706843888,0.060351598903437165
334,Context only,0.6879051430311501,0.07105683228396018
334,Driver history,0.46308979893756164,0.023886133542313188
334,Automation only,0.381980568719811,0.01859554288922701
334,Additive,0.7115897132183777,0.06523606676249605
334,Interaction,0.7000760682828229,0.08505923438957784
334,HGB,0.6629021158851435,0.08411459871726992
334,MLP,0.6847841854699389,0.053916318829294055
335,Context only,0.7021168845061655,0.03949097912586603
335,Driver history,0.5517310460185941,0.02409988108823687
335,Automation only,0.5255360893919944,0.014085999425083663
335,Additive,0.712119996499008,0.04268132593015889
335,Interaction,0.7204027599486521,0.04743607341381729
335,HGB,0.6766741548994438,0.042457708650566556
335,MLP,0.6997503111992842,0.05101753736463746
336,Context only,0.7660446919161102,0.04580482827055055
336,Driver history,0.5178457696584133,0.01623990554543849
336,Automation only,0.5110254487208814,0.01485208399977114
336,Additive,0.7407170281330528,0.047789818418189814
336,Interaction,0.7465431901398351,0.0513060078412399
336,HGB,0.7313537370660386,0.07020429592404845
336,MLP,0.718969415990743,0.05474816241888367
337,Context only,0.7311825350840375,0.042333671711793676
337,Driver history,0.565781714783656,0.020164585446951707
337,Automation only,0.5226700366808402,0.013208565269393074
337,Additive,0.7137043884701718,0.05095306202417156
337,Interaction,0.7125906185557604,0.05206409058713753
337,HGB,0.7018313046334654,0.061287491502728955
337,MLP,0.7138121726554374,0.05156514022594159
338,Context only,0.7032583951868236,0.07582133628038257
338,Driver history,0.5072056570199936,0.0253064454983405
338,Automation only,0.4974783203859768,0.02178871824167622
338,Additive,0.7363654587043856,0.06858821921830693
338,Interaction,0.7314576828762628,0.08531833072073153
338,HGB,0.6987944404627547,0.0824386404041235
338,MLP,0.7362607677246977,0.06040709858164009
339,Context only,0.7029608014046601,0.07145248086747201
339,Driver history,0.4535542052524155,0.021592409476735727
339,Automation only,0.42681167150212607,0.020023260191647473
339,Additive,0.7212687576082901,0.06722182571630515
339,Interaction,0.7103168129093644,0.07663898203513117
339,HGB,0.6833726273828851,0.09386139913457282
339,MLP,0.6955340549063275,0.05663673648579591
340,Context only,0.7232701617079034,0.04992973189319953
340,Driver history,0.5475765848542338,0.02847931869043805
340,Automation only,0.4632472022263206,0.015803669956975575
340,Additive,0.7281418904775439,0.044917749360907644
340,Interaction,0.7203202429033829,0.04578038059122345
340,HGB,0.6944826735236636,0.054958281704624815
340,MLP,0.718043244029323,0.05760111955988058
341,Context only,0.695849856056278,0.08672039626225594
341,Driver history,0.4626562657525961,0.023291619002320303
341,Automation only,0.4230615205385847,0.022544659102558
341,Additive,0.7120677487649965,0.07289478513466471
341,Interaction,0.7035714285714285,0.0910508192757547
341,HGB,0.674865017754926,0.10668486427579638
341,MLP,0.6840846971580916,0.05564270594033706
342,Context only,0.7177328535789106,0.0423615995325141
342,Driver history,0.577741393761807,0.02990828309001424
342,Automation only,0.48385727305923604,0.01338154774591765
342,Additive,0.7163268900968514,0.045563950659508655
342,Interaction,0.7145035659964156,0.049203727760478926
342,HGB,0.679659768217655,0.04993129221775762
342,MLP,0.708116736284496,0.05628769048772687
343,Context only,0.6914652132293561,0.04689938880819812
343,Driver history,0.5036182627557728,0.018796123739298135
343,Automation only,0.4323050971123535,0.012957769109604148
343,Additive,0.721178101156493,0.05149224333171628
343,Interaction,0.7148156751717278,0.061837496567608494
343,HGB,0.6716703927627469,0.07447399279104355
343,MLP,0.7100278755639813,0.04872874441135377
344,Context only,0.6829467666431915,0.053509687887160595
344,Driver history,0.5180686855296408,0.02716663837589693
344,Automation only,0.40404440946186665,0.015067151988510405
344,Additive,0.7340373669166079,0.061565893828949066
344,Interaction,0.7294456274079292,0.0767782731952621
344,HGB,0.6854979908032643,0.0838237579421224
344,MLP,0.74853838187166,0.0631241061202421
345,Context only,0.7274327185262364,0.044216734010738015
345,Driver history,0.572518787825046,0.02404837758397062
345,Automation only,0.5456516437961383,0.015876209081164525
345,Additive,0.7245763040634907,0.04802704966970182
345,Interaction,0.7234612272495511,0.04980256802789684
345,HGB,0.6904678113015141,0.04892596846976746
345,MLP,0.7065593894788179,0.04777648300315055
346,Context only,0.7226771192919862,0.052104516762639934
346,Driver history,0.5038936705048306,0.02096635335565021
346,Automation only,0.47913288001297405,0.015388281087949509
346,Additive,0.7139535018418552,0.049785330227554755
346,Interaction,0.7147707527280309,0.055720681014061225
346,HGB,0.69214518221625,0.06948627930765452
346,MLP,0.7003961726478698,0.05461530119475118
347,Context only,0.715929282055993,0.06163682094898594
347,Driver history,0.5187082441193352,0.019802078481638535
347,Automation only,0.4886169219619934,0.017698336241532078
347,Additive,0.7312413092414316,0.05387893684267468
347,Interaction,0.7197591045387843,0.058101414604792005
347,HGB,0.7053193920021859,0.0738717107804921
347,MLP,0.7175818511443339,0.048343464276144554
348,Context only,0.6901337701547428,0.06149819132419022
348,Driver history,0.5662757296633258,0.03357632734218073
348,Automation only,0.46080462531576083,0.018534125554744537
348,Additive,0.7330870218366473,0.06092915961132816
348,Interaction,0.7227962040955149,0.07128488555968719
348,HGB,0.6832172371720958,0.07274543999158097
348,MLP,0.7288205402906291,0.06593585273289396
349,Context only,0.6939883107411081,0.08176985344842785
349,Driver history,0.5664579377229928,0.027761731738633003
349,Automation only,0.5409685855273965,0.023527601970869543
349,Additive,0.7473784586473577,0.07480239661236089
349,Interaction,0.7409099421122143,0.07903248551785805
349,HGB,0.7140060844596593,0.09887757286732124
349,MLP,0.7503323126860327,0.061151030285952576
350,Context only,0.6936296760282248,0.059756513094782
350,Driver history,0.535408713624076,0.026180693835219232
350,Automation only,0.4958162365468797,0.019322623208794593
350,Additive,0.7171613970317621,0.061869550605852815
350,Interaction,0.7141712213997162,0.06767143972557763
350,HGB,0.6877735906787574,0.07355285157484734
350,MLP,0.7092346460875,0.05685192874118429
351,Context only,0.6940924999093316,0.06221675747583114
351,Driver history,0.4245974322706996,0.01783286101883414
351,Automation only,0.401991380456727,0.016437433578652266
351,Additive,0.6986964905281736,0.04530325930430089
351,Interaction,0.6912027466482912,0.04966901703415029
351,HGB,0.6659898270046785,0.06518574172584056
351,MLP,0.6755875312806006,0.0420267250148943
352,Context only,0.7167918048352719,0.06857987402565269
352,Driver history,0.5291357299657943,0.02084262487064838
352,Automation only,0.4924829987281713,0.01907301856268737
352,Additive,0.7403427767098547,0.058286635200867014
352,Interaction,0.7345487694040989,0.07453921230893323
352,HGB,0.7118360647645374,0.07635547214258694
352,MLP,0.7303576147113994,0.05355001446014098
353,Context only,0.7025506086026503,0.0588007758343906
353,Driver history,0.5021335764745276,0.021214226339989102
353,Automation only,0.44547971032962747,0.016121659442867683
353,Additive,0.7190023089667373,0.053890468938593616
353,Interaction,0.7107638081958323,0.06575456604907086
353,HGB,0.677714691425587,0.06522476509225725
353,MLP,0.696329642484988,0.04753359362528586
354,Context only,0.716143456647608,0.049183445892795004
354,Driver history,0.5188572668926086,0.022052578820902072
354,Automation only,0.488804242905606,0.016266834845883177
354,Additive,0.7314890868758026,0.05395446393106358
354,Interaction,0.7258388955487476,0.05731081861965784
354,HGB,0.6930055860593533,0.06569612824894071
354,MLP,0.7182310346131773,0.0574567395368442
355,Context only,0.7067048969424903,0.06258297764443344
355,Driver history,0.49709792711873024,0.021689138960161086
355,Automation only,0.4604451552608013,0.019458594030027348
355,Additive,0.6874567416543165,0.0520880874613815
355,Interaction,0.6757440435457571,0.052377476274750145
355,HGB,0.6672816357813484,0.06441771906302107
355,MLP,0.651172130089821,0.04738286060943971
356,Context only,0.7202819558948079,0.04775945771147791
356,Driver history,0.5446086387855528,0.019939240951134217
356,Automation only,0.4869802845288763,0.01396807058140305
356,Additive,0.714357237046646,0.046419896752387994
356,Interaction,0.7071533175380855,0.046439252431527064
356,HGB,0.693742294456297,0.06893888111681432
356,MLP,0.705698296471799,0.04786440608027342
357,Context only,0.7109095433619509,0.06024002093397999
357,Driver history,0.4624155588097357,0.017202302940767727
357,Automation only,0.41571386185048,0.01567358756388602
357,Additive,0.7079742728342953,0.04532049494948831
357,Interaction,0.6947500502483706,0.04937385219226008
357,HGB,0.6767358658512074,0.06658259379830464
357,MLP,0.6849844469329351,0.04134783059691753
358,Context only,0.7090086491635045,0.053162229723436066
358,Driver history,0.4977416926551242,0.019653039560284774
358,Automation only,0.45543256912759006,0.01511846157769545
358,Additive,0.7271316509541049,0.0527055285982273
358,Interaction,0.7280056141896125,0.0631756530124363
358,HGB,0.6947979984193555,0.073503566494545
358,MLP,0.7149290246263039,0.05461961677531368
359,Context only,0.7077043411402887,0.037907624446645305
359,Driver history,0.5975431748284836,0.03443293943373483
359,Automation only,0.491601608705938,0.013161672150899556
359,Additive,0.742495268511947,0.05141303173508301
359,Interaction,0.7476874852140998,0.05834404746225878
359,HGB,0.6856996687958363,0.04982919979784646
359,MLP,0.7378950792524248,0.06456562128376024
360,Context only,0.6964061021181359,0.07736527549546293
360,Driver history,0.4775630938647995,0.02224504281280386
360,Automation only,0.44924212567279503,0.021688198443440315
360,Additive,0.6983376819890857,0.05694949969122931
360,Interaction,0.6921886731661571,0.0787907910686065
360,HGB,0.6652411993659688,0.07573468096857114
360,MLP,0.6643551667496124,0.04792357235293537
361,Context only,0.7090157307640224,0.08543370273248316
361,Driver history,0.5088819040631576,0.02901265482690322
361,Automation only,0.45749568480262265,0.02418031885513903
361,Additive,0.7261043418768178,0.07255903074076964
361,Interaction,0.715345655394603,0.0894713261804822
361,HGB,0.6922765293686068,0.09285447043703868
361,MLP,0.7146465833136268,0.06493539603511948
362,Context only,0.7059015221689795,0.09974956880148572
362,Driver history,0.5253786495537702,0.030790364154420047
362,Automation only,0.509325066355523,0.028766471462625964
362,Additive,0.7316373336658532,0.07897778764799279
362,Interaction,0.7196915581523773,0.07776990180700911
362,HGB,0.6976192172720309,0.10047186287597072
362,MLP,0.7187104761565456,0.06574922824257391
363,Context only,0.6897610217658712,0.05803797317204489
363,Driver history,0.5174283142909547,0.03036357159849023
363,Automation only,0.4338497642022713,0.0174333445314226
363,Additive,0.7247473731527964,0.05566441792944746
363,Interaction,0.7171569259464934,0.06565099680299964
363,HGB,0.6691978188828887,0.06512812233074125
363,MLP,0.7149540141367763,0.06303456065486736
364,Context only,0.7098401196010619,0.0954701529380021
364,Driver history,0.5293010985616226,0.028854337014587148
364,Automation only,0.5343010106566003,0.027652355110902388
364,Additive,0.7448179989300703,0.081415729058282
364,Interaction,0.7364591731402437,0.08835887053203018
364,HGB,0.7107935751474921,0.102205195149443
364,MLP,0.7360814954904724,0.06845642360480174
365,Context only,0.6996480154680401,0.05396157627817986
365,Driver history,0.5390359507598856,0.02378063838186696
365,Automation only,0.4760760186002066,0.016597105153312877
365,Additive,0.7330081370665069,0.05211544052299585
365,Interaction,0.7230905415420681,0.05103016525636189
365,HGB,0.6949448762465974,0.06948347115782894
365,MLP,0.7343971452859988,0.05054675373526952
366,Context only,0.7188942693040664,0.04889333211916384
366,Driver history,0.5405652910271577,0.02320083971075198
366,Automation only,0.507603104690216,0.016224691079315227
366,Additive,0.7234924533342921,0.0463723157211777
366,Interaction,0.7186996913606939,0.04745911124244548
366,HGB,0.695811863383071,0.05681256859871236
366,MLP,0.7130225669450534,0.048464244808515335
367,Context only,0.7002933919769048,0.06141207414465098
367,Driver history,0.4890546510028434,0.019040031735405864
367,Automation only,0.47464936611662195,0.0181710182137395
367,Additive,0.7380617324578587,0.06267465243923251
367,Interaction,0.7369982083065624,0.07274270449503961
367,HGB,0.6998284919304147,0.08406719363282791
367,MLP,0.7344703360687564,0.05974895465448335
368,Context only,0.6955684092671033,0.051125155308495124
368,Driver history,0.46014159520971765,0.016941138483146868
368,Automation only,0.3981445551190725,0.014562933716948164
368,Additive,0.7342910202364064,0.05054584283642785
368,Interaction,0.7236881780850798,0.055580851343776674
368,HGB,0.6849061421478829,0.07491736782054913
368,MLP,0.7406131648771982,0.047035787033763675
369,Context only,0.6861345820901651,0.06912442969818508
369,Driver history,0.45951648167410286,0.028757321820217542
369,Automation only,0.4489423517778447,0.020850606192039222
369,Additive,0.7078236628527632,0.060579312589777
369,Interaction,0.6985204301590343,0.061797696053891266
369,HGB,0.6637481438014945,0.06962740725568826
369,MLP,0.6899891878575535,0.054251344285925776
370,Context only,0.6854815891483023,0.07842109097209453
370,Driver history,0.46039455717440037,0.026753631736530684
370,Automation only,0.40180765566986326,0.02169320306401788
370,Additive,0.7091997669366525,0.06433624233668755
370,Interaction,0.6964305363286445,0.07324935665249035
370,HGB,0.6654346306564234,0.08233028081253958
370,MLP,0.6960501316745036,0.05504612706630971
371,Context only,0.7170525449319654,0.05445980339772364
371,Driver history,0.5195482093914479,0.019477928438118068
371,Automation only,0.4759665526692377,0.016035386822287494
371,Additive,0.719340073128138,0.06096406073721712
371,Interaction,0.7106254092992796,0.06765604869769969
371,HGB,0.6936343729535036,0.0835693671580723
371,MLP,0.698691303451454,0.05400758844087626
372,Context only,0.6985544909020518,0.045919074406117345
372,Driver history,0.5012862950058072,0.014850778957093684
372,Automation only,0.4760416666666667,0.013593560646400302
372,Additive,0.700928910181959,0.05076700618414229
372,Interaction,0.6938446089818041,0.05782574427163528
372,HGB,0.671633275261324,0.07066715246997103
372,MLP,0.6885489256678281,0.04157308675544327
373,Context only,0.6884678398818734,0.08472965916201716
373,Driver history,0.4345491977915056,0.02545479490538135
373,Automation only,0.39243798008891406,0.02249271864899506
373,Additive,0.710890484469672,0.06916289687275089
373,Interaction,0.7027697327794628,0.0776124998052888
373,HGB,0.6653413117436214,0.08579196415458257
373,MLP,0.6967036647973914,0.05582919112442496
374,Context only,0.6980560566526737,0.08000757129739068
374,Driver history,0.48192653931465257,0.025020952572567545
374,Automation only,0.4134394520989198,0.021513835107884516
374,Additive,0.7147780616060028,0.0701120250275136
374,Interaction,0.698116316129983,0.0799225616910942
374,HGB,0.6756136469090449,0.09241303394458182
374,MLP,0.6830100868886881,0.05617158245902955
375,Context only,0.7033984700374353,0.04988151486137724
375,Driver history,0.5181182800846362,0.023180934526716636
375,Automation only,0.46111539824025577,0.015549545252182894
375,Additive,0.7069955096843376,0.05357710921026059
375,Interaction,0.6995352666902831,0.061275558546404645
375,HGB,0.6693821746914703,0.0567917213744029
375,MLP,0.6859773856597126,0.05083667004415657
376,Context only,0.6916621081964157,0.060977504568611604
376,Driver history,0.531814647284787,0.026474100102960273
376,Automation only,0.4747385114284733,0.018273047060289354
376,Additive,0.7128669670759886,0.05392105763023435
376,Interaction,0.7075663656032144,0.06990861329743878
376,HGB,0.6714878111002635,0.060998573397406594
376,MLP,0.6915621489160244,0.052908502535157484
377,Context only,0.6958884525285932,0.05999068649786749
377,Driver history,0.5398821827201322,0.027050157285618562
377,Automation only,0.4761442400440953,0.017873639950024587
377,Additive,0.7156299090533278,0.054650055994472535
377,Interaction,0.7072090739975196,0.06152853732916506
377,HGB,0.6823227573377428,0.07194860728616381
377,MLP,0.7049577993661293,0.05304298521945934
378,Context only,0.6955193099471974,0.07442495256107388
378,Driver history,0.5443772931051579,0.02873105971069393
378,Automation only,0.4991258148188741,0.0215502841591899
378,Additive,0.7333165226080905,0.06508517558447569
378,Interaction,0.7234251138500873,0.07039862355440804
378,HGB,0.6894377828741011,0.07371031460207918
378,MLP,0.7217506337670885,0.05805032356679443
379,Context only,0.6815983987477597,0.08374892169522447
379,Driver history,0.4273050901103565,0.024894563787007086
379,Automation only,0.40449710929365507,0.022502227942094766
379,Additive,0.719519330737548,0.074713972172564
379,Interaction,0.7147814515778037,0.09717904212802536
379,HGB,0.6717718771834175,0.09777975490312828
379,MLP,0.7124036270258702,0.06102959217416118
380,Context only,0.7241493311188494,0.041183424211633964
380,Driver history,0.5281317385327182,0.015910597564535976
380,Automation only,0.5368408014012658,0.014258402544597147
380,Additive,0.6994562069518978,0.034191060898164656
380,Interaction,0.7063508817228313,0.0369315270229784
380,HGB,0.6884861373770926,0.04553986529119982
380,MLP,0.6843711982172473,0.0383790385596147
381,Context only,0.7017205999739224,0.059207879141033634
381,Driver history,0.4468175479492569,0.021695343624546434
381,Automation only,0.36677723113911087,0.016168542474337702
381,Additive,0.7271767976797362,0.06054795615905803
381,Interaction,0.7213463238637989,0.07528116321634072
381,HGB,0.688083166638575,0.08014652244597129
381,MLP,0.71565259805309,0.054008756684784325
382,Context only,0.7298134494861702,0.05676836858437488
382,Driver history,0.5630959437529,0.026515394974897792
382,Automation only,0.48368310167147316,0.01731846425263988
382,Additive,0.7559200872034295,0.06346683786887646
382,Interaction,0.7519342155798427,0.07208494755036192
382,HGB,0.7299395481317198,0.0916071215992033
382,MLP,0.7558907825886186,0.06482773792791159
383,Context only,0.7042302372625242,0.06816192925311794
383,Driver history,0.5329184996526973,0.024416212468299326
383,Automation only,0.45942454393682736,0.018892204472933972
383,Additive,0.725165882697018,0.06103314830824176
383,Interaction,0.7097627070106385,0.0739164526910269
383,HGB,0.69186672109772,0.07435372168686212
383,MLP,0.7104938704134729,0.05311997683104282
384,Context only,0.6719526709399648,0.05179935324083327
384,Driver history,0.550706483055016,0.02419746001850241
384,Automation only,0.4586873785958299,0.01609792977701312
384,Additive,0.7178623992839686,0.054253190586265994
384,Interaction,0.7035344406872512,0.06256137667144637
384,HGB,0.6646337958345951,0.06614956788344734
384,MLP,0.7160036495998365,0.04914144745045961
385,Context only,0.713228872268782,0.06284435200641988
385,Driver history,0.482867170250753,0.02192612236671757
385,Automation only,0.4485226110457013,0.017668438839516756
385,Additive,0.7285751872338343,0.05337899700191378
385,Interaction,0.7240144621551922,0.06287596837482257
385,HGB,0.6979001084629435,0.08166596509172631
385,MLP,0.7204697720732395,0.050952929198412725
386,Context only,0.6752349804598426,0.06086788251135081
386,Driver history,0.4963319721649704,0.026675224032026504
386,Automation only,0.3852969861354865,0.01688523087843515
386,Additive,0.7124362897447039,0.0542771648269753
386,Interaction,0.6967487669683157,0.059019706343639004
386,HGB,0.6496531101803755,0.05954538457624614
386,MLP,0.6943939466985354,0.048617386606210664
387,Context only,0.694046738923158,0.08085622009668139
387,Driver history,0.49838107338158116,0.030722221208160885
387,Automation only,0.44197567073490773,0.02188574448148314
387,Additive,0.7390600466687643,0.07274357490950792
387,Interaction,0.7310753993049007,0.08220595496364295
387,HGB,0.6947206322939726,0.09362800180466105
387,MLP,0.7416619872179175,0.06446124414601931
388,Context only,0.7161057135697679,0.048014048387466424
388,Driver history,0.521535449846215,0.01853085065917872
388,Automation only,0.5094404108263789,0.01563508328313044
388,Additive,0.7269444100820364,0.05382473810849827
388,Interaction,0.7256190784319323,0.06153014013806484
388,HGB,0.6977228825091113,0.06686524169311282
388,MLP,0.7155144158232017,0.04407748985788805
389,Context only,0.6968028984310163,0.09292237209581294
389,Driver history,0.49135505064709645,0.027856877556969327
389,Automation only,0.4451983950005157,0.02528618316297574
389,Additive,0.7287986014511997,0.07497686742713859
389,Interaction,0.715957498107497,0.07819240176143617
389,HGB,0.6845523298725695,0.09287380436245614
389,MLP,0.7217110304145603,0.06340260501051961
390,Context only,0.7004052577715267,0.08808704834895624
390,Driver history,0.4738400045796206,0.024099302630431342
390,Automation only,0.4442164295819333,0.02374472535129872
390,Additive,0.7149235727513543,0.06933566492813366
390,Interaction,0.7072947365039477,0.08238535022819113
390,HGB,0.6845713888206536,0.09990158805314839
390,MLP,0.6927911555353627,0.05638950407198558
391,Context only,0.6929966225383812,0.057382006831454314
391,Driver history,0.4965783830275617,0.019830836461594094
391,Automation only,0.43037275915809103,0.01604855838515839
391,Additive,0.713475740270427,0.053899305514948585
391,Interaction,0.7062677594186246,0.06689574120059234
391,HGB,0.6763434562442437,0.07098361490714161
391,MLP,0.6928766756195454,0.04637235066175916
392,Context only,0.6958246108761161,0.10746734870696496
392,Driver history,0.5466319427165408,0.03097528496379941
392,Automation only,0.489491581653811,0.0286793213163717
392,Additive,0.7363051063006276,0.09233542663917997
392,Interaction,0.7302319537751237,0.1286263842457634
392,HGB,0.699647562964806,0.11539550368382315
392,MLP,0.7275117635674988,0.06979590945168321
393,Context only,0.6981567564166052,0.07822950021316746
393,Driver history,0.5209823883643367,0.023579422845225906
393,Automation only,0.4982291236316577,0.02253805476222497
393,Additive,0.7189990615518047,0.06247368103192532
393,Interaction,0.7132219963501752,0.0765291355901805
393,HGB,0.6819214658396648,0.07467266086697451
393,MLP,0.6954675414572487,0.0513687278590741
394,Context only,0.6950602170648076,0.06761581729923147
394,Driver history,0.5433213371494422,0.01956172685360305
394,Automation only,0.554497624377757,0.019984379244948388
394,Additive,0.7259620089357401,0.05834078174458528
394,Interaction,0.722371088252241,0.06615294383808892
394,HGB,0.6981864036952025,0.0676833486196132
394,MLP,0.7145884931092786,0.04786981293192661
395,Context only,0.6928911034983908,0.06938161223096337
395,Driver history,0.486589847399564,0.02121565686422763
395,Automation only,0.4553899788920031,0.020073260155625938
395,Additive,0.6854432679331466,0.05423072257004981
395,Interaction,0.6717684002906674,0.05232282697062248
395,HGB,0.6612258209626631,0.07232046521484062
395,MLP,0.6433151666147617,0.042345215174531436
396,Context only,0.7010410838271571,0.0629894561333951
396,Driver history,0.4607998041659249,0.01988880130569362
396,Automation only,0.41625033380808263,0.0161553207625088
396,Additive,0.734140142170452,0.05348438844432074
396,Interaction,0.7280143664640504,0.06951779409600153
396,HGB,0.6939204408174164,0.08386145385945001
396,MLP,0.7291616330527226,0.055593843784405544
397,Context only,0.6870055662031563,0.06663346990115965
397,Driver history,0.5050150998702299,0.024962138412108946
397,Automation only,0.49599550601955905,0.021272246155503362
397,Additive,0.7041522844100736,0.05895751215731324
397,Interaction,0.692008522611426,0.05725251477994257
397,HGB,0.6681233823709315,0.07529722104237331
397,MLP,0.6843467477110323,0.05064872228108677
398,Context only,0.7157012616772452,0.05827042551448935
398,Driver history,0.46153230535465994,0.01786329476130444
398,Automation only,0.4138786340988468,0.015715303909742684
398,Additive,0.7180571793160168,0.0550318318663283
398,Interaction,0.7067692063714517,0.06115534135352106
398,HGB,0.6876841713166659,0.08434089448683467
398,MLP,0.6990084714195621,0.05085656215706848
399,Context only,0.7076067435341423,0.07509046066714403
399,Driver history,0.5195063383816239,0.02414315935853372
399,Automation only,0.48247814624511914,0.02194111274409437
399,Additive,0.7256572123461396,0.06541955850252824
399,Interaction,0.7179060959128529,0.0703981387374805
399,HGB,0.700434661265014,0.09795382616184378
399,MLP,0.7197314675502342,0.05965806529904804
400,Context only,0.7033489882146244,0.04747984917612499
400,Driver history,0.4994310407823748,0.01469260529246532
400,Automation only,0.5286007684593498,0.015007728276301766
400,Additive,0.7009021234665797,0.04501631861435674
400,Interaction,0.7009084398370571,0.04817787971496437
400,HGB,0.6779848737503305,0.05329588579942246
400,MLP,0.6815662558110609,0.04381054234809688
401,Context only,0.7246231047236683,0.0532147173129432
401,Driver history,0.6042870746198418,0.03751028176382117
401,Automation only,0.5109290898261714,0.017312863461222114
401,Additive,0.7583956972999206,0.06761059785084825
401,Interaction,0.759478909306156,0.08025745340348589
401,HGB,0.7141499106591371,0.06814598601395161
401,MLP,0.7598768989529104,0.0690302522787153
402,Context only,0.6853119031259176,0.06280432932143185
402,Driver history,0.3796402939760932,0.018466563458396045
402,Automation only,0.35608675351957064,0.016896189162412242
402,Additive,0.6516470697739181,0.05405132711029014
402,Interaction,0.6303832177548,0.052271561903902225
402,HGB,0.6179933982510359,0.07240362819294968
402,MLP,0.5774674452956863,0.04054404585989743
403,Context only,0.7075907800932049,0.03808404314531319
403,Driver history,0.5414496293901403,0.025397951573581
403,Automation only,0.4862598394767809,0.013895759180793847
403,Additive,0.7088195240474581,0.046051141429795495
403,Interaction,0.7067522950161166,0.0490916482304224
403,HGB,0.6737196297493744,0.035337590885468666
403,MLP,0.6936086808379082,0.05474831301662269
404,Context only,0.6904051087504366,0.05165537794040858
404,Driver history,0.475230750126434,0.019695932182594876
404,Automation only,0.39140188570365414,0.014494451017546808
404,Additive,0.7116365695713619,0.05227435122720099
404,Interaction,0.6968279994723502,0.05755999019637927
404,HGB,0.6645711061869521,0.06300346756919348
404,MLP,0.6914036903692303,0.043860583718590654
405,Context only,0.6963694211994421,0.052482363099375144
405,Driver history,0.5069432095536959,0.018449845413262812
405,Automation only,0.49078669804741987,0.016478939777279104
405,Additive,0.7161349372384938,0.06077006070377905
405,Interaction,0.7129449965132496,0.06713115179786316
405,HGB,0.690052519177127,0.0918445057116709
405,MLP,0.705589260808926,0.054072267394425194
406,Context only,0.7010383874502151,0.07254470898479519
406,Driver history,0.5207812582824741,0.025644437583770496
406,Automation only,0.4454369260808323,0.019420556095672753
406,Additive,0.7338987416557692,0.06374747306654918
406,Interaction,0.7289854815144183,0.07996867226186076
406,HGB,0.6918042168504186,0.08482988618529205
406,MLP,0.7291586575946074,0.0564304640723138
407,Context only,0.7087982015978708,0.05001236473650559
407,Driver history,0.5244000768703732,0.02744423209026469
407,Automation only,0.4372727880398206,0.01554770143206832
407,Additive,0.7228502121531148,0.04820655048904074
407,Interaction,0.7186584220912691,0.05577342739512532
407,HGB,0.6787167812885966,0.05649912800502447
407,MLP,0.7099425219255269,0.05228209052190609
408,Context only,0.7006423487048498,0.06710845897758361
408,Driver history,0.4259262250840036,0.01856435673436218
408,Automation only,0.38028269171316637,0.01726048355883885
408,Additive,0.7083404603345953,0.05266527253953556
408,Interaction,0.6970383033555823,0.06279744364978826
408,HGB,0.6675561164241586,0.07396969355409103
408,MLP,0.6867047850369717,0.04593236722488096
409,Context only,0.7090644679307168,0.04744172486294068
409,Driver history,0.5447691104245541,0.021589587343519845
409,Automation only,0.4970065581250933,0.014363894811898127
409,Additive,0.7201942392111723,0.04840959241305126
409,Interaction,0.715984121892267,0.055494279401449464
409,HGB,0.6918483174111959,0.05758619357870451
409,MLP,0.7087145182788652,0.047870175600480215
410,Context only,0.7103928879814746,0.04998729452051774
410,Driver history,0.5339715186966465,0.01868215968799535
410,Automation only,0.5184084865593266,0.016697165970295358
410,Additive,0.7291524383960816,0.05781873128555776
410,Interaction,0.7226455756768264,0.06204008935522079
410,HGB,0.7008884032305862,0.08514651831820313
410,MLP,0.7249752178473037,0.05345540471526451
411,Context only,0.7217690638329716,0.08484875325365047
411,Driver history,0.5501015448959399,0.02932054981622777
411,Automation only,0.4460566125786792,0.022942938476021295
411,Additive,0.7497027447263171,0.07536600489308491
411,Interaction,0.7352736515419858,0.08013074586793556
411,HGB,0.7180257001089243,0.09912726663339445
411,MLP,0.7440351467983737,0.068808563701684
412,Context only,0.6993201505093334,0.05997993359432124
412,Driver history,0.5466473545913838,0.03462212413207663
412,Automation only,0.4673851134576032,0.01800873251182682
412,Additive,0.7476300418562549,0.058524068172758195
412,Interaction,0.745043351480777,0.06723836870546908
412,HGB,0.6953590606155498,0.07314411466672592
412,MLP,0.7570155627670976,0.06567695547631949
413,Context only,0.708148683050596,0.05052933112426895
413,Driver history,0.5357408064194356,0.019892848162120634
413,Automation only,0.5001952362358454,0.01592671105722326
413,Additive,0.7253661318842087,0.052469160581754846
413,Interaction,0.7231094056122319,0.06089207249663602
413,HGB,0.6995883414127602,0.07323968593606399
413,MLP,0.7184514441513532,0.054018706131667406
414,Context only,0.7042345654320283,0.0696024696576096
414,Driver history,0.5174182754427904,0.027468401022578255
414,Automation only,0.45249705547142616,0.021317833334928094
414,Additive,0.7018859268994987,0.06358246897667293
414,Interaction,0.688647453419304,0.062297370489578355
414,HGB,0.676267258429606,0.08466615826419005
414,MLP,0.6732209809169151,0.054712342304379866
415,Context only,0.7043955725544738,0.0746286180700327
415,Driver history,0.5510113949686455,0.027771526535364424
415,Automation only,0.4534163555620623,0.021406346463399152
415,Additive,0.7418348766561745,0.07082937958160358
415,Interaction,0.7294336981187322,0.07796886689423163
415,HGB,0.7077588573310885,0.09104491415995244
415,MLP,0.7383556901642144,0.06602539050648248
416,Context only,0.6823390637867905,0.06342130323617685
416,Driver history,0.47494886668995107,0.025225146979290403
416,Automation only,0.4221563822232647,0.017981944120549466
416,Additive,0.6797277852027225,0.04884980110569715
416,Interaction,0.6645772464180907,0.049377511414182194
416,HGB,0.6384259575493645,0.06056694452749592
416,MLP,0.6278498684775226,0.04515608155887238
417,Context only,0.667860845547899,0.04049019852934973
417,Driver history,0.5325705646581834,0.029899277017088954
417,Automation only,0.43205138270695304,0.012522093590730168
417,Additive,0.7098310393905902,0.0445824871485107
417,Interaction,0.7048727410351027,0.049268004325068115
417,HGB,0.646038494754833,0.04918503328168011
417,MLP,0.7019428557624365,0.05443449681290969
418,Context only,0.7276836858982831,0.056916052921990055
418,Driver history,0.5789571289425898,0.027957177193060005
418,Automation only,0.5186102644084615,0.01795161407248012
418,Additive,0.7541719112524579,0.0682279036992052
418,Interaction,0.7545029556079279,0.08216659064969883
418,HGB,0.7277369620783403,0.07783240251474088
418,MLP,0.7504523391699897,0.07204071397512934
419,Context only,0.6942121826997426,0.08968709811038114
419,Driver history,0.5418457225528374,0.03296432235345201
419,Automation only,0.4887213559736475,0.024818454179191013
419,Additive,0.7463750902205726,0.08353175911168478
419,Interaction,0.7365859570137179,0.08880928087413836
419,HGB,0.6986351356713644,0.09612831474668922
419,MLP,0.7557234429779169,0.07431620306736665
420,Context only,0.7315388659390634,0.03724881553816054
420,Driver history,0.5049740452077132,0.017464601453183223
420,Automation only,0.500691878468742,0.012994591517294395
420,Additive,0.6996846743843617,0.03567267054539412
420,Interaction,0.6933562570389953,0.0346733903216182
420,HGB,0.6758717668706149,0.030358508672705745
420,MLP,0.6737362933265516,0.038616670199868044
421,Context only,0.6993002292833373,0.06513623134466798
421,Driver history,0.5667962092159727,0.03227793687166591
421,Automation only,0.5323629689655872,0.021078230370439616
421,Additive,0.7235919935983282,0.06062167024672646
421,Interaction,0.7195443437525363,0.0681293956460415
421,HGB,0.6900504283844655,0.07210492341955754
421,MLP,0.716616796272624,0.059496074926633655
422,Context only,0.6943452406892524,0.07228680154111479
422,Driver history,0.511670029546861,0.02250852150517791
422,Automation only,0.46412826410012814,0.020365629796594897
422,Additive,0.7318866139210166,0.06595333445026376
422,Interaction,0.7262411697157749,0.0764057165938529
422,HGB,0.6973797316378025,0.10018685234099944
422,MLP,0.729438266453418,0.0582277934361413
423,Context only,0.707420655084928,0.08210666105817253
423,Driver history,0.5615756806396177,0.03267494053318284
423,Automation only,0.5377340805344936,0.02575376356678041
423,Additive,0.7362698170152822,0.0715369565788927
423,Interaction,0.7305220462317156,0.08207654373023777
423,HGB,0.6972121910245443,0.07740174850105361
423,MLP,0.720515662833614,0.06841479332743894
424,Context only,0.7034463210964546,0.0662891177507851
424,Driver history,0.5281145708417961,0.029026773004092996
424,Automation only,0.4749919499828036,0.020130243238300698
424,Additive,0.7285298457357203,0.061308509618234565
424,Interaction,0.7208332617573197,0.06831076144888026
424,HGB,0.688838052659722,0.07611724855555774
424,MLP,0.7159758393490687,0.058691859213958794
425,Context only,0.7632427042657722,0.04485058515379504
425,Driver history,0.5575500579235717,0.015523416737390699
425,Automation only,0.5396490384429938,0.013718417806432957
425,Additive,0.7221430050054709,0.042331558235256445
425,Interaction,0.719329758058191,0.04326679895353308
425,HGB,0.721856922991865,0.0612488465826559
425,MLP,0.7143660744018957,0.044752116838629986
426,Context only,0.7022934154340519,0.05908975299354275
426,Driver history,0.6015453118926523,0.03877477481633192
426,Automation only,0.5128348967309376,0.018781805791505506
426,Additive,0.7433974009150108,0.06084652349685831
426,Interaction,0.7344432212054267,0.06278050548771158
426,HGB,0.6992554715411163,0.07080543913624521
426,MLP,0.7533319243302241,0.06747194026496704
427,Context only,0.733574726403486,0.04846024542568157
427,Driver history,0.5482067979484877,0.020949425459755484
427,Automation only,0.5008241148288577,0.014327392155029522
427,Additive,0.7511130228349853,0.05420851908164024
427,Interaction,0.7465582648425382,0.05798792637160988
427,HGB,0.7175309125244718,0.07242629993090767
427,MLP,0.7431904951921156,0.056923064221690765
428,Context only,0.7050608661634759,0.03514252207722833
428,Driver history,0.5357304985607176,0.02377310301586265
428,Automation only,0.4532871284643192,0.010996288310846173
428,Additive,0.7257178630004016,0.04246302647928969
428,Interaction,0.7249971758267505,0.04462642630035744
428,HGB,0.6797465984402196,0.04893581426620129
428,MLP,0.7096143225331369,0.05160914297540238
429,Context only,0.7006999397901255,0.04864610215686705
429,Driver history,0.5319067177017031,0.02673833461221943
429,Automation only,0.4807089712712885,0.016308116607998958
429,Additive,0.729523051780492,0.05220415439282569
429,Interaction,0.7278036297952865,0.05519251110866
429,HGB,0.683798813005333,0.059179682559681715
429,MLP,0.7210893686564597,0.054932135071484096
430,Context only,0.6810670124608524,0.08575095361645502
430,Driver history,0.49459094692232825,0.023181005976608857
430,Automation only,0.4776627929991235,0.023237956419526692
430,Additive,0.7210529645720531,0.066212645335059
430,Interaction,0.7099526688609143,0.08090804589574402
430,HGB,0.6770395124167604,0.08467636856212919
430,MLP,0.7070369900676554,0.05442003852845235
431,Context only,0.6968845202760161,0.057672751803532915
431,Driver history,0.5099993303032715,0.025862103857084
431,Automation only,0.45584834780762773,0.017354207867164923
431,Additive,0.7128616836175754,0.05131128453828125
431,Interaction,0.7103958097202058,0.05814118021317942
431,HGB,0.6797985665962853,0.0673510915406892
431,MLP,0.7016458428891474,0.052190336901588544
432,Context only,0.727910690826839,0.040313145666744564
432,Driver history,0.5924029666834583,0.03388796178521542
432,Automation only,0.5279277911122965,0.014942631315810903
432,Additive,0.7194244426665086,0.05170804215597391
432,Interaction,0.7152950632648828,0.0518789623283167
432,HGB,0.6933193444355548,0.06069355895093164
432,MLP,0.714594383698304,0.06110789890767675
433,Context only,0.6950905787298758,0.06665757217321576
433,Driver history,0.5563400839003106,0.030644413949871475
433,Automation only,0.5044610131261551,0.020905705019841087
433,Additive,0.7164767565381581,0.053642922010965564
433,Interaction,0.7133887352583509,0.06603614260409088
433,HGB,0.6884601473524127,0.07398872641471901
433,MLP,0.7108623277352328,0.057184647089857064
434,Context only,0.7011015052319403,0.07356169029120631
434,Driver history,0.5339952996474736,0.024601822049074358
434,Automation only,0.535483464831291,0.0221979705982601
434,Additive,0.7212628000671479,0.059953173486277565
434,Interaction,0.7129414973980192,0.06488083670076615
434,HGB,0.6922963180571876,0.0727456631699388
434,MLP,0.7070926361143752,0.05318690421048089
435,Context only,0.6928081646141045,0.08470936670454494
435,Driver history,0.5189361394522698,0.031204653251987576
435,Automation only,0.47222402530345853,0.02432370169928321
435,Additive,0.735544042062279,0.07098244408975186
435,Interaction,0.7208600107398074,0.06975027196956779
435,HGB,0.6875033193086397,0.08463438253317032
435,MLP,0.7349394853153786,0.0641305403158161
436,Context only,0.7176331578098676,0.1215609634644285
436,Driver history,0.5663971723484743,0.036819557170696654
436,Automation only,0.5396999049170665,0.03466532621743816
436,Additive,0.7555345495793553,0.10502128858768735
436,Interaction,0.742623844130714,0.10784954082245085
436,HGB,0.7241018555073037,0.13157840749423744
436,MLP,0.759776212214728,0.08534431558889348
437,Context only,0.6702178616992961,0.07593911204323847
437,Driver history,0.5822548668667566,0.03394210647908122
437,Automation only,0.5481509462969593,0.022984180893640113
437,Additive,0.7225827149360722,0.05916931653792951
437,Interaction,0.7164170992005581,0.06939893252585333
437,HGB,0.6744382222283412,0.0652294219866548
437,MLP,0.718216359877376,0.05860214965914409
438,Context only,0.6835283231818812,0.07711021899272631
438,Driver history,0.5507757033506098,0.03480034199276895
438,Automation only,0.5158015864008373,0.02272453163320076
438,Additive,0.7392143974072813,0.07594703815611088
438,Interaction,0.7332080164945334,0.08506653159818742
438,HGB,0.6865324594257178,0.08303483799187514
438,MLP,0.7516864966771333,0.07208619932904686
439,Context only,0.7035783860159697,0.0754914609316916
439,Driver history,0.4663139552968655,0.02171210584094969
439,Automation only,0.4011453893137418,0.019913286756462718
439,Additive,0.7170254410869203,0.0706906532037058
439,Interaction,0.7040998083548835,0.07957904574859488
439,HGB,0.6774358305192871,0.10436994715341377
439,MLP,0.6983327929310105,0.056088439823222425
440,Context only,0.7217414180679486,0.06721918877907293
440,Driver history,0.5578146872024423,0.027625398042244665
440,Automation only,0.49122164305837773,0.019964135148912418
440,Additive,0.7545307300409341,0.07334981912667865
440,Interaction,0.746749516545435,0.07989645669492422
440,HGB,0.7196509310795025,0.09159774192506091
440,MLP,0.7534599640722089,0.06569576270503154
441,Context only,0.6907335466418576,0.06066556141283465
441,Driver history,0.5234258717955702,0.02197793372048703
441,Automation only,0.48867243731180965,0.017410744919670682
441,Additive,0.7210200044840889,0.060217899348852744
441,Interaction,0.7156170965315363,0.07451050406131265
441,HGB,0.6858440039979633,0.0774251954430711
441,MLP,0.7158364117790448,0.05282193024668433
442,Context only,0.7156357025688347,0.05374313576907851
442,Driver history,0.5842089456797707,0.027227850013489666
442,Automation only,0.5177550750098612,0.016260142072756698
442,Additive,0.745746384627066,0.05625809217303619
442,Interaction,0.7441230024903827,0.06616946150634034
442,HGB,0.7108926709584893,0.06956616468600453
442,MLP,0.7456391618380025,0.05772050919345416
443,Context only,0.7019750455542173,0.036779546683901376
443,Driver history,0.5355504042268612,0.03850610893155407
443,Automation only,0.4296600123061719,0.012601473718677193
443,Additive,0.7076096330242536,0.044347360603632334
443,Interaction,0.7090071437565184,0.05438131179446291
443,HGB,0.6519631076172353,0.03899554623000045
443,MLP,0.6942623067657813,0.06756676088809943
444,Context only,0.6949498731903591,0.05235345244585886
444,Driver history,0.5025358063821787,0.02050283030635249
444,Automation only,0.461993239653025,0.015294645076959703
444,Additive,0.7169028382714318,0.05255476485968147
444,Interaction,0.7076213695595803,0.051852244827894904
444,HGB,0.6802965293613686,0.06936471768538824
444,MLP,0.7038107041016919,0.04632754245508458
445,Context only,0.6916258613046684,0.08458471786266857
445,Driver history,0.519978923187864,0.02910742119521288
445,Automation only,0.4219167182479127,0.02239453114968808
445,Additive,0.7478535051754887,0.08094528984073342
445,Interaction,0.7368123096345596,0.0923908322086768
445,HGB,0.6982327294752604,0.09759521163437712
445,MLP,0.7538175229153515,0.07059648779212728
446,Context only,0.7107820242657998,0.0653235375956453
446,Driver history,0.5209670009237053,0.026728274965603687
446,Automation only,0.4644936494396443,0.0195371423269539
446,Additive,0.7227877674535601,0.06942441058697481
446,Interaction,0.7106777349610318,0.0746455902788229
446,HGB,0.6939121031722658,0.08949568651365478
446,MLP,0.7041210213283755,0.06302884832579013
447,Context only,0.6885943590393455,0.07157391726480494
447,Driver history,0.4673945460663159,0.027793645880418202
447,Automation only,0.4038464794794707,0.020513042644026716
447,Additive,0.7051397458530703,0.06156707727354724
447,Interaction,0.6939454388142141,0.07250530806745473
447,HGB,0.6625812780758945,0.08149258178310138
447,MLP,0.6802114650154691,0.05898139098642233
448,Context only,0.692681180169743,0.09012326747188745
448,Driver history,0.489909308433608,0.027552629585862944
448,Automation only,0.4467674570157192,0.024508479925577895
448,Additive,0.7096634269376937,0.06871552269593213
448,Interaction,0.6995896032456533,0.0816089403574299
448,HGB,0.6690786355617577,0.0840589451692566
448,MLP,0.6781309243266016,0.05650043180406342
449,Context only,0.7184146228804246,0.04258310282756933
449,Driver history,0.5082630126455125,0.01803924330205841
449,Automation only,0.4738940087517268,0.012322451241443625
449,Additive,0.7175210802786707,0.03593107779813456
449,Interaction,0.7124385589913322,0.0376466040003733
449,HGB,0.689828958000843,0.03917671266679529
449,MLP,0.704274032473345,0.03798538121660061
450,Context only,0.7251932353143309,0.051156394041072265
450,Driver history,0.5071213575760699,0.019717005418332448
450,Automation only,0.48144559773551193,0.014689911285575324
450,Additive,0.7214423547755271,0.050142643250725906
450,Interaction,0.7174310709929042,0.05264863087355563
450,HGB,0.7032095639400031,0.07175931320658685
450,MLP,0.7072812505369139,0.05296788555195485
451,Context only,0.7141978483337706,0.06747483028646328
451,Driver history,0.5254669815446514,0.027363061405060927
451,Automation only,0.4938646024665441,0.02056915760620563
451,Additive,0.7229329134960203,0.06308234943531042
451,Interaction,0.7137510714598094,0.07001833457495998
451,HGB,0.6913590483687571,0.06811477136917014
451,MLP,0.7037666404268346,0.05728894538149092
452,Context only,0.713587128562974,0.049023113437014834
452,Driver history,0.5383357025869103,0.025234971562441394
452,Automation only,0.46824728322312864,0.015485233159381571
452,Additive,0.729262739407667,0.04985609478304367
452,Interaction,0.7266917551941707,0.06010853724639288
452,HGB,0.6968863485771697,0.05661432397154845
452,MLP,0.7239654423229301,0.060466671643322964
453,Context only,0.6897428174853117,0.04581628232978711
453,Driver history,0.5237801555642202,0.023735344871672896
453,Automation only,0.46744540422369524,0.014315630531381617
453,Additive,0.7153833784896141,0.04870839285077119
453,Interaction,0.7119866597349276,0.057438069653633884
453,HGB,0.6648983233856214,0.050387876898428906
453,MLP,0.7019039787515537,0.048246812639297205
454,Context only,0.6926692355005608,0.05266145460875374
454,Driver history,0.5198134881869821,0.02887390126746883
454,Automation only,0.4537271608958356,0.016130539846466462
454,Additive,0.7273278700387135,0.05828358820183919
454,Interaction,0.7229290133507,0.06068785212830211
454,HGB,0.6823356489019141,0.07726308660045317
454,MLP,0.7360980860378451,0.06032914994298772
455,Context only,0.6937054726362828,0.09359074104558893
455,Driver history,0.555029342532696,0.028689840607107123
455,Automation only,0.5128696024118311,0.025209304079634
455,Additive,0.7263352212502274,0.07040529359663311
455,Interaction,0.7169783610044078,0.08245350319118111
455,HGB,0.6949161854412691,0.0915549243235468
455,MLP,0.7030241421627418,0.05509320852323163
456,Context only,0.6918283341067867,0.049335017226642
456,Driver history,0.542669739053544,0.027715451062486157
456,Automation only,0.46475306193480415,0.01496582995317397
456,Additive,0.6971377259215592,0.04897371384847803
456,Interaction,0.6907896593460348,0.05234801803179554
456,HGB,0.6617369464059502,0.061020185189864136
456,MLP,0.6810958841826689,0.05293748338587962
457,Context only,0.6905733022368435,0.08015371242495514
457,Driver history,0.48220777823318256,0.02068311235002811
457,Automation only,0.46402957068224876,0.02087613408665667
457,Additive,0.7367469650091947,0.0645451606412065
457,Interaction,0.7269582808912554,0.06444071198628201
457,HGB,0.6989688708661436,0.09979854046830519
457,MLP,0.7442381722711682,0.05579691053228882
458,Context only,0.7102016958813849,0.08505383362500683
458,Driver history,0.5401562555351237,0.02560808632351553
458,Automation only,0.5216070295668191,0.02439387526786007
458,Additive,0.7333677383202852,0.06886047531693636
458,Interaction,0.729093898240676,0.09474091717105182
458,HGB,0.7036395752889536,0.08151386997748819
458,MLP,0.7191421081615499,0.05650588034822027
459,Context only,0.7036928694314939,0.09939312462264413
459,Driver history,0.4863498314080169,0.029120494130514457
459,Automation only,0.48968578694517817,0.027024543450591434
459,Additive,0.7423635287458461,0.08878686509023684
459,Interaction,0.7411376357763955,0.09831486729810614
459,HGB,0.708951351779041,0.1200732625662967
459,MLP,0.7482503002600902,0.07613857188974543
460,Context only,0.7198683651216087,0.04549582669550477
460,Driver history,0.500148776521032,0.01700575500926716
460,Automation only,0.4443682080283877,0.0133954455216711
460,Additive,0.7357990038441635,0.047560665252103215
460,Interaction,0.7289737654320988,0.053135039419518505
460,HGB,0.6972106712500925,0.06469803835594505
460,MLP,0.7287238023952096,0.044545953740250104
461,Context only,0.7461674845480794,0.0397161385792843
461,Driver history,0.5749912173808034,0.02302056558020449
461,Automation only,0.5210494681026249,0.01351384032221716
461,Additive,0.7334936161336714,0.034967369874645306
461,Interaction,0.7288047953100814,0.03431654192265424
461,HGB,0.7105786648223167,0.049102371048740094
461,MLP,0.7261359769017115,0.04465805631278972
462,Context only,0.6960408816255083,0.04743567615793824
462,Driver history,0.5133086334948105,0.0228376163962979
462,Automation only,0.4668161869284258,0.014049039225567378
462,Additive,0.7153954903589024,0.04519716405540077
462,Interaction,0.7200420671460164,0.05605818935175656
462,HGB,0.6761112237046709,0.0534261231084729
462,MLP,0.7067296224090279,0.046554864399672845
463,Context only,0.700497228309318,0.06063679381280894
463,Driver history,0.5372215194843157,0.02092184338579811
463,Automation only,0.4839691626729379,0.016771249734567333
463,Additive,0.7246994558235198,0.04582493459526265
463,Interaction,0.7184899581062633,0.050329750059284986
463,HGB,0.6920425984542405,0.05860301877510973
463,MLP,0.7175533041548637,0.042273602921505074
464,Context only,0.7111199657212974,0.059270662678190346
464,Driver history,0.5133414269159231,0.023769597928718127
464,Automation only,0.4316578102530976,0.016573382776757083
464,Additive,0.7420240340449843,0.05846659484331422
464,Interaction,0.7387730756371262,0.06499048986368974
464,HGB,0.7105814395107495,0.09036571003859781
464,MLP,0.7492086034350116,0.05959766594345331
465,Context only,0.714332230669236,0.0385275769131488
465,Driver history,0.5257371537103634,0.014148232448638665
465,Automation only,0.5141547548595621,0.011161117209253599
465,Additive,0.7028181160629834,0.03568534613743151
465,Interaction,0.6910011481869269,0.03338529182781899
465,HGB,0.6951999969651447,0.0430523916707566
465,MLP,0.6970759169056616,0.030508674012180662
466,Context only,0.7159798874626456,0.06173922885219549
466,Driver history,0.5399622859272725,0.024304148065343492
466,Automation only,0.5098854355346015,0.018606487719404215
466,Additive,0.7243674678114395,0.05466309088057722
466,Interaction,0.714527805750456,0.0551694655882617
466,HGB,0.6988595866001426,0.07081185332371509
466,MLP,0.7026095375571351,0.05125453397663318
467,Context only,0.7036321038005693,0.04899386866860819
467,Driver history,0.5320920096770143,0.02408085352292097
467,Automation only,0.5050247014953225,0.01661619891553583
467,Additive,0.7217014342475374,0.058004207525630735
467,Interaction,0.7244727180806124,0.06730922225101212
467,HGB,0.6891916537447536,0.06363125384391874
467,MLP,0.7118954834944473,0.052653471250981104
468,Context only,0.6941644918925423,0.10623766433556886
468,Driver history,0.479821323816973,0.03270756697977916
468,Automation only,0.44401228904064255,0.027989795565940095
468,Additive,0.7315941721067356,0.08486230872689386
468,Interaction,0.7232005467645377,0.10276145531001167
468,HGB,0.6893738154688487,0.10405269439421824
468,MLP,0.7262769433831714,0.0714830831076605
469,Context only,0.6977171313299827,0.0385640341780402
469,Driver history,0.5677218765560299,0.018464998352568582
469,Automation only,0.5326686470360424,0.012614174475703323
469,Additive,0.7128805756406056,0.04462942857659465
469,Interaction,0.7120991028756495,0.04542676771661606
469,HGB,0.6832404680537765,0.057335915439484866
469,MLP,0.7092860137122138,0.04910659928300998
470,Context only,0.7168818858710513,0.05440667722862086
470,Driver history,0.5156074066937406,0.02064766372742368
470,Automation only,0.49131824317288475,0.015894202864273406
470,Additive,0.7284824588806266,0.06031343488647911
470,Interaction,0.7282051020040737,0.067930977787542
470,HGB,0.7052540637648326,0.09298354605810373
470,MLP,0.7213957473891959,0.05457646412319073
471,Context only,0.7010899032079522,0.06565395904326836
471,Driver history,0.469940286510266,0.022977966332348013
471,Automation only,0.42447390412060576,0.018270523719758888
471,Additive,0.7103526897272884,0.060214176243531765
471,Interaction,0.7030897588926257,0.07624403168760392
471,HGB,0.6702088420146258,0.07438302260819513
471,MLP,0.6815017178764362,0.051628115258745146
472,Context only,0.6959377831470853,0.0470368955132564
472,Driver history,0.46690477515140916,0.019860539452211074
472,Automation only,0.44391720580521066,0.014699013849454361
472,Additive,0.6867423580091878,0.04314292128035855
472,Interaction,0.6840551431432704,0.04554839983570982
472,HGB,0.6545047211050883,0.048819613100720666
472,MLP,0.6615420687024114,0.045116328453656214
473,Context only,0.7072958834842575,0.09995720874335881
473,Driver history,0.500857586951496,0.025710174153318978
473,Automation only,0.5211142973787893,0.028464599462809992
473,Additive,0.7360812432674382,0.07307551657079742
473,Interaction,0.7294192658249017,0.07721758457232127
473,HGB,0.7048531010363841,0.1047645043980267
473,MLP,0.729129550473923,0.06176498277100486
474,Context only,0.7000476411207252,0.07220043207066498
474,Driver history,0.5114229959254681,0.02657853883518316
474,Automation only,0.4641733049489538,0.02061716326914515
474,Additive,0.7133462379251935,0.06009365336798803
474,Interaction,0.7020388396740375,0.06432090814688216
474,HGB,0.6783573398800532,0.07783430219604526
474,MLP,0.6897886336583803,0.052882103867376046
475,Context only,0.7057735086605486,0.04754158800540333
475,Driver history,0.5415001281170386,0.026155180893773916
475,Automation only,0.4826899192291434,0.014945610996676205
475,Additive,0.7284987783999568,0.05365625396329573
475,Interaction,0.7225666331005465,0.06186088239035987
475,HGB,0.6832875403323861,0.05398096851901728
475,MLP,0.7176773768158754,0.05403477235253125
476,Context only,0.6995214220601642,0.09101498944349624
476,Driver history,0.5592919891539752,0.03196209913591362
476,Automation only,0.46329683154404894,0.025085785100859573
476,Additive,0.7442307915623965,0.08308178994815409
476,Interaction,0.730947604642656,0.09749583066174831
476,HGB,0.7058949131679334,0.09996210594200904
476,MLP,0.7289058462860494,0.06745225022589098
477,Context only,0.6866147343996022,0.08066964751499366
477,Driver history,0.5171079421945419,0.03103872549204227
477,Automation only,0.45805126505217664,0.023306104451618185
477,Additive,0.7167723798535102,0.07244137946976957
477,Interaction,0.7055909632755577,0.08452759658057121
477,HGB,0.6696959922484079,0.0823809738991552
477,MLP,0.6946143009224139,0.05915882732720561
478,Context only,0.7285673405982457,0.040798588190048245
478,Driver history,0.5101445443608799,0.013237374887069327
478,Automation only,0.5007265443247784,0.012232852147412503
478,Additive,0.7125313367035221,0.04340343031529706
478,Interaction,0.717883927045075,0.04772381674174885
478,HGB,0.6976285508294338,0.059730717709641036
478,MLP,0.6971855100994174,0.048179074069502545
479,Context only,0.7135978666746868,0.0852344400599805
479,Driver history,0.534646292765989,0.0278485476973575
479,Automation only,0.45899997339416426,0.02310499033970287
479,Additive,0.7503844832452642,0.07592253144781938
479,Interaction,0.7369271358702191,0.08050739482489049
479,HGB,0.720788672160579,0.1124923188376643
479,MLP,0.7558629718487124,0.07006458466588866
480,Context only,0.6880507676719152,0.10498983453275265
480,Driver history,0.5203508292402795,0.025682067991755653
480,Automation only,0.5458669129401241,0.02835392124787672
480,Additive,0.74093109036745,0.08252043011023802
480,Interaction,0.7444311000306462,0.10957289968122497
480,HGB,0.7042128774513459,0.09777224007668436
480,MLP,0.7430840504805369,0.06650108703374177
481,Context only,0.7151331889217154,0.05093413603422832
481,Driver history,0.43548254641615103,0.019265765514294216
481,Automation only,0.39050836458874705,0.014729697427959857
481,Additive,0.7291835322448385,0.05216230127875904
481,Interaction,0.7255375481612478,0.05780001416443006
481,HGB,0.6905460441857685,0.07258430329508182
481,MLP,0.727216222515733,0.04781701425138352
482,Context only,0.7037085883400855,0.040724448774717724
482,Driver history,0.5377671465103583,0.01941111362386165
482,Automation only,0.5121874551044451,0.013973206788088388
482,Additive,0.6889748010229002,0.03926784271337634
482,Interaction,0.68602448064822,0.04057428949654849
482,HGB,0.6615363618078901,0.05073175059511839
482,MLP,0.6773867195356722,0.04690322026592814
483,Context only,0.7063106205302883,0.06341009492090764
483,Driver history,0.5509591776460451,0.02508148786794455
483,Automation only,0.5214264212608584,0.018416104969254034
483,Additive,0.7445679866803195,0.06409531081607334
483,Interaction,0.7422997625890291,0.06973043802127919
483,HGB,0.721475185441823,0.09720721058197569
483,MLP,0.7558028158271817,0.057458231106188154
484,Context only,0.7275884527606871,0.039142714307701346
484,Driver history,0.5369111268301147,0.020488461344561382
484,Automation only,0.5057995115245506,0.013291116381873778
484,Additive,0.7050310302027307,0.035208860793546536
484,Interaction,0.7082368171687109,0.03804071810479748
484,HGB,0.6802260867244118,0.03348103126363744
484,MLP,0.6936530222750144,0.042200986612572204
485,Context only,0.7038985308016152,0.04652271483633931
485,Driver history,0.5215205582762933,0.023590940052228747
485,Automation only,0.4716506286336169,0.01381765111819742
485,Additive,0.707014014186022,0.04516875837587836
485,Interaction,0.7016622753004745,0.04583049099142586
485,HGB,0.6764670504338861,0.06151691719243674
485,MLP,0.6906084428788268,0.04525597843950563
486,Context only,0.7095378061824987,0.04169931399797935
486,Driver history,0.5507021135401798,0.022961499500584653
486,Automation only,0.5221290304116538,0.015355342346457121
486,Additive,0.7079279668444645,0.04523551642339321
486,Interaction,0.7158470348548104,0.04590352970984339
486,HGB,0.6891402474144191,0.0648746848148506
486,MLP,0.698278321545732,0.05300862868207372
487,Context only,0.6849614924109373,0.09991398813694174
487,Driver history,0.48652027663944597,0.026736561936550298
487,Automation only,0.49042509252736133,0.026730506200633795
487,Additive,0.732063624757312,0.07664727567013174
487,Interaction,0.7294343675891288,0.09513455544527413
487,HGB,0.6923735004613966,0.10152619194352769
487,MLP,0.7246608156960803,0.06134865510248863
488,Context only,0.6922059113023427,0.06019376141554484
488,Driver history,0.5244417728282572,0.02706516166841992
488,Automation only,0.4508921791951405,0.017745835220964536
488,Additive,0.7449545122191288,0.06632946616315986
488,Interaction,0.7394523889873168,0.08251270471444509
488,HGB,0.7031092691020557,0.08913782406245647
488,MLP,0.7506675525183497,0.06488568364982877
489,Context only,0.6980759116879958,0.08825803386683118
489,Driver history,0.48448682715557845,0.02544414486015354
489,Automation only,0.452877699312519,0.023988498074525744
489,Additive,0.730155762937355,0.07331986567711414
489,Interaction,0.724114301456176,0.08299562761091883
489,HGB,0.6955642368786489,0.09808130860947195
489,MLP,0.726180169000436,0.06284973225763156
490,Context only,0.7113162024934144,0.03532275156511507
490,Driver history,0.5039698139017523,0.015783339156390762
490,Automation only,0.49937068225447356,0.011999781471394666
490,Additive,0.6900316304147915,0.039169892716059154
490,Interaction,0.6808539330596302,0.03666795988348388
490,HGB,0.665149487937489,0.03480992412144281
490,MLP,0.6715293361373522,0.04051848667587709
491,Context only,0.7135426955657704,0.05218584115366137
491,Driver history,0.5022351988410481,0.01603441358466573
491,Automation only,0.5038666949721418,0.01560876889185404
491,Additive,0.6924983611326515,0.04139825771717859
491,Interaction,0.6892191521920528,0.04258937414550653
491,HGB,0.6831460061269561,0.0568003144663347
491,MLP,0.6665020428100654,0.039571403520877735
492,Context only,0.7018338108023876,0.05682180661691878
492,Driver history,0.49749403663126607,0.02166721197177487
492,Automation only,0.42806780110517106,0.015527381423272766
492,Additive,0.7356849183707717,0.05834018733122979
492,Interaction,0.7273642959029558,0.06246690912265464
492,HGB,0.6997024308968427,0.08942145011243942
492,MLP,0.73683938460432,0.05329076306034764
493,Context only,0.6988947218620537,0.05202723775724404
493,Driver history,0.5020211935790191,0.023613623118426748
493,Automation only,0.49165731463097145,0.016956556128013042
493,Additive,0.7078510945086954,0.05390006814829745
493,Interaction,0.711693050376204,0.058363765996385895
493,HGB,0.6740211559714422,0.06554802418780549
493,MLP,0.6921208707521601,0.05546881951842139
494,Context only,0.7267391244212978,0.0445865909853533
494,Driver history,0.5229823692277515,0.019672850702907457
494,Automation only,0.49346572548704026,0.014317975362173389
494,Additive,0.6976223227555406,0.04113940270304792
494,Interaction,0.6943370794428364,0.04363482720492051
494,HGB,0.6738543518660555,0.04305979483886561
494,MLP,0.6832099020009708,0.04616944842688771
495,Context only,0.7146411753610991,0.05159103853405752
495,Driver history,0.502340625846976,0.017271220271150994
495,Automation only,0.47671142662869037,0.01495927925337671
495,Additive,0.6979711009777769,0.042582215255595295
495,Interaction,0.695410162286562,0.05149133092537941
495,HGB,0.6790913600910415,0.0561430903961333
495,MLP,0.6794323298796522,0.04391858010644402
496,Context only,0.6743840391502858,0.07923828815841587
496,Driver history,0.5045327664926046,0.031370815741100344
496,Automation only,0.450282554610821,0.023564805458560333
496,Additive,0.713547037755967,0.0677965872863661
496,Interaction,0.6994728928014873,0.07207642022827615
496,HGB,0.6622701424392379,0.07914546956756718
496,MLP,0.6977165978620443,0.05849272517419103
497,Context only,0.6918379735297743,0.055940684793753054
497,Driver history,0.4676145044583988,0.019687248491059697
497,Automation only,0.4040487939722896,0.015007665557350492
497,Additive,0.7132692932681353,0.05205326399064258
497,Interaction,0.7012056541537635,0.05663742285921498
497,HGB,0.6688672267526345,0.07074293749583943
497,MLP,0.6976150274377375,0.04843143583659572
498,Context only,0.7271832103467428,0.037902263591911046
498,Driver history,0.5302980771773916,0.01823050838719221
498,Automation only,0.5045941442513687,0.012467510037992034
498,Additive,0.7067766933798831,0.03576901874426799
498,Interaction,0.7059335078949456,0.036827669461432094
498,HGB,0.6848044116480203,0.03543042721078937
498,MLP,0.694671110053162,0.0403723192035786
499,Context only,0.6895274370509417,0.05920627876318743
499,Driver history,0.4392308968218008,0.018834845783192444
499,Automation only,0.41448253123179496,0.01616934136285571
499,Additive,0.6912811913392453,0.06072154089427235
499,Interaction,0.6866660058903489,0.06834443027475737
499,HGB,0.6560491374846269,0.08754202164521187
499,MLP,0.661883657518286,0.049640914967503606
500,Context only,0.6998541170554315,0.05998939419941167
500,Driver history,0.5594059223861273,0.026976638324796746
500,Automation only,0.4972837953238548,0.017296175402440234
500,Additive,0.7305575784568039,0.05255185717439261
500,Interaction,0.7244838592542215,0.060978122829295586
500,HGB,0.6936294325778716,0.064312576545762
500,MLP,0.7241815943404238,0.05432942895897045
501,Context only,0.6997550194200824,0.07287537013816132
501,Driver history,0.4719859200434675,0.0239855625057813
501,Automation only,0.4444829700570828,0.022141894342179187
501,Additive,0.7138003822446048,0.07286309136710732
501,Interaction,0.7040557472843939,0.07214176768121144
501,HGB,0.684737700349936,0.10031823186171808
501,MLP,0.6983557197998516,0.060065574961541954
502,Context only,0.7350672355831394,0.04478511604300318
502,Driver history,0.4865664597879493,0.017900769061289505
502,Automation only,0.4579754978019137,0.01368846456745005
502,Additive,0.7321702870442203,0.04824035892251449
502,Interaction,0.728653348849237,0.051373614199987344
502,HGB,0.7106503749676752,0.08185905207338293
502,MLP,0.7275866304628912,0.05129992849293751
503,Context only,0.6584120178999685,0.05437373843064335
503,Driver history,0.46019732069449143,0.022300672470219482
503,Automation only,0.40696077483080095,0.015273437639871436
503,Additive,0.6973914608160815,0.051323276690606524
503,Interaction,0.6923524717717043,0.0670902661762953
503,HGB,0.6402682790483316,0.06702449807613774
503,MLP,0.6802389839235979,0.04786453079230122
504,Context only,0.7425068884535313,0.04367533156074882
504,Driver history,0.6031873676899521,0.025958659170622452
504,Automation only,0.5359827790123306,0.013731250273311976
504,Additive,0.7249637672898284,0.03576565519324836
504,Interaction,0.7274315086312484,0.038589617050642615
504,HGB,0.7041823567894457,0.04697075889478565
504,MLP,0.7231215846395526,0.048334814803055196
505,Context only,0.7100448142196605,0.05473960337772911
505,Driver history,0.5270745549947313,0.018779673019955305
505,Automation only,0.4755771610060296,0.01577884840366476
505,Additive,0.7152080963772194,0.050621668447644125
505,Interaction,0.7035444587011634,0.048679055371042626
505,HGB,0.6896944159984673,0.07290440360336144
505,MLP,0.6975913790474804,0.04514212042901705
506,Context only,0.6990624196849402,0.06819837302991055
506,Driver history,0.5385935545898165,0.02585976257491712
506,Automation only,0.47163806363478417,0.020310927199186087
506,Additive,0.7175975396045182,0.057809463775806785
506,Interaction,0.7030504873996599,0.0561044642273847
506,HGB,0.6827453137637046,0.07290852881570427
506,MLP,0.6975994713291542,0.051483079962440975
507,Context only,0.7518448795180723,0.04361287685173592
507,Driver history,0.5469314759036144,0.015355271806900272
507,Automation only,0.5381866752725186,0.013687164554488603
507,Additive,0.7282442269076306,0.046778811385546334
507,Interaction,0.7277326568177471,0.046226059651260726
507,HGB,0.721571703480589,0.06300127767685824
507,MLP,0.7154478031172309,0.0436303372097551
508,Context only,0.6940747714023613,0.06572841626272005
508,Driver history,0.5352260453348326,0.02642790891539461
508,Automation only,0.5113869736335928,0.019448859979889193
508,Additive,0.7243075489006598,0.05686253622536799
508,Interaction,0.7211219779244222,0.06825137637801287
508,HGB,0.6815379664427543,0.060701862220132005
508,MLP,0.7067906075222679,0.05433323557891648
509,Context only,0.6810956892888628,0.047231780078833135
509,Driver history,0.5037872121488867,0.02668640508287644
509,Automation only,0.4281430551063249,0.014186909674967501
509,Additive,0.7136470046360598,0.05165261493433852
509,Interaction,0.7156015541264737,0.06017711511367343
509,HGB,0.6635328868509676,0.0694390865413549
509,MLP,0.704361804511755,0.05335425383070311
510,Context only,0.7388755461318843,0.04609091649770288
510,Driver history,0.5349870536177852,0.023150960238028977
510,Automation only,0.5035154535923279,0.015610479332204082
510,Additive,0.7008520383154853,0.040495888912667165
510,Interaction,0.6965069890366082,0.04267409666690847
510,HGB,0.6799795559932427,0.04509606070753453
510,MLP,0.6817981346937363,0.04841291638006006
511,Context only,0.7164065738323829,0.06802583337235879
511,Driver history,0.528112245088484,0.01982729036398167
511,Automation only,0.5262790853993256,0.01998233106320613
511,Additive,0.7180063408131029,0.05763642973023236
511,Interaction,0.714663783799932,0.06487454780700075
511,HGB,0.7059821351885253,0.09310124912622379
511,MLP,0.7102640511746188,0.0532111011489793
512,Context only,0.6924144035064799,0.055472640768469084
512,Driver history,0.48201898607234134,0.018254793474968653
512,Automation only,0.4322317927467242,0.015498261271502074
512,Additive,0.7274707379322147,0.05262086987128047
512,Interaction,0.7207937790159554,0.0646839719969036
512,HGB,0.6849782225076411,0.07029744515395178
512,MLP,0.7204507858114162,0.045636906609257476
513,Context only,0.6904906015538013,0.056700190465807036
513,Driver history,0.49873054812132867,0.02243113746035627
513,Automation only,0.43307962565948854,0.016609945574944343
513,Additive,0.6945354256353719,0.04787331591795067
513,Interaction,0.6810774739532355,0.054015891321554085
513,HGB,0.6544587221621045,0.05907826601292096
513,MLP,0.6615476859761684,0.0432197130032928
514,Context only,0.6904838484818879,0.0785799663813125
514,Driver history,0.48122077967698057,0.02078751365483528
514,Automation only,0.45143745602200736,0.02028477504361769
514,Additive,0.7103270480708962,0.05537262055194763
514,Interaction,0.6987945227434145,0.058682360825826084
514,HGB,0.6782419121658634,0.08504193075592202
514,MLP,0.6822052829575604,0.04500238417814485
515,Context only,0.7435650149650815,0.05865908362239347
515,Driver history,0.5964663701363486,0.024675432230755308
515,Automation only,0.5594178167608913,0.018865908636167876
515,Additive,0.7368806119055538,0.045731740817881505
515,Interaction,0.7291519787163285,0.04619796497812022
515,HGB,0.7290682158297306,0.062301765652579194
515,MLP,0.7259452943132689,0.055417968043545277
516,Context only,0.7261213376079548,0.052593722683775095
516,Driver history,0.5508511122623161,0.02199559064900853
516,Automation only,0.5034256838675975,0.015771955346260955
516,Additive,0.7230362842452387,0.04684560587544853
516,Interaction,0.7184645206580937,0.04883967449069849
516,HGB,0.7020558470263338,0.06026791556030595
516,MLP,0.7053043921137488,0.04508995020468806
517,Context only,0.6942499143265296,0.08389991429843288
517,Driver history,0.4928083619232443,0.027537511180445944
517,Automation only,0.4457280223482617,0.022651781715853928
517,Additive,0.7303186860577496,0.06786397871309406
517,Interaction,0.7248935819981749,0.07723164624385462
517,HGB,0.6873594570034693,0.08812776332439609
517,MLP,0.7219939200714651,0.059765006006216446
518,Context only,0.7410258590286175,0.036229149607718905
518,Driver history,0.5682751410721483,0.01787727786396829
518,Automation only,0.5521897672309553,0.013268429807814404
518,Additive,0.7292031942765014,0.040142521714624714
518,Interaction,0.7303065800080613,0.04041489446870383
518,HGB,0.710422649637243,0.059488686503615815
518,MLP,0.7186750554212011,0.0470289835951059
519,Context only,0.7366146503224226,0.05668560718942735
519,Driver history,0.5342658214557576,0.021465325792916965
519,Automation only,0.4932413750864023,0.017284195214232786
519,Additive,0.7446437164781129,0.05347453869863878
519,Interaction,0.7445461584901699,0.06311009425439149
519,HGB,0.7255457560087846,0.06658069537591792
519,MLP,0.7348997296375043,0.056901271098382014
520,Context only,0.6922604261371093,0.07142041781636059
520,Driver history,0.4722568891794815,0.0208637310049542
520,Automation only,0.4462431491331405,0.02000172624567163
520,Additive,0.6956430727200079,0.05153740056928398
520,Interaction,0.6897050140218892,0.06139496104465979
520,HGB,0.6637973296765328,0.06841459292027091
520,MLP,0.6642463430005756,0.043894526094827885
521,Context only,0.6851767940626378,0.07303143103225938
521,Driver history,0.4924740996080608,0.025624030578889727
521,Automation only,0.42821002823647725,0.020539042177376947
521,Additive,0.714512502960979,0.06379373716840443
521,Interaction,0.7013914784840369,0.07840261862027631
521,HGB,0.6610141879941929,0.07802247209594106
521,MLP,0.6798367138146566,0.05753386802998232
522,Context only,0.7413574477820452,0.039592650786925185
522,Driver history,0.5525462185487522,0.02037685366545358
522,Automation only,0.4993349542682185,0.012292431880905888
522,Additive,0.7348527164045424,0.04129199476073303
522,Interaction,0.7337355856053194,0.04146480999070002
522,HGB,0.702604387233069,0.0589980309067571
522,MLP,0.7210005378777923,0.043916337167467095
523,Context only,0.7032041021441333,0.04714405965667898
523,Driver history,0.5062834134547208,0.02257938263174575
523,Automation only,0.4710286735301625,0.014832790823324598
523,Additive,0.723733435080405,0.05331271881639814
523,Interaction,0.7231347404208854,0.06286217239889119
523,HGB,0.6865483369494314,0.06585253937260802
523,MLP,0.70774150748745,0.05055150835240682
524,Context only,0.7086574582442352,0.03510546896259927
524,Driver history,0.4870086416410905,0.01710240297398727
524,Automation only,0.4404961719446278,0.010672875853275941
524,Additive,0.7150889562807788,0.039323998482355474
524,Interaction,0.7193443789790028,0.04237627920244265
524,HGB,0.6733560045869745,0.04950835815002839
524,MLP,0.6973013502374094,0.04649247754170502
525,Context only,0.6902499284653337,0.07386474781183555
525,Driver history,0.530634634588232,0.027732838981282527
525,Automation only,0.4780317522861431,0.02144608597430674
525,Additive,0.7235632845186841,0.0635687629559018
525,Interaction,0.7176514996618487,0.07673284900186902
525,HGB,0.6868644141455698,0.07507057656422315
525,MLP,0.7118321511143266,0.055735779174242335
526,Context only,0.7047309955745603,0.05930490910871858
526,Driver history,0.5482255210311516,0.020634830641486746
526,Automation only,0.5438635610350777,0.01965443291766573
526,Additive,0.7266208119422858,0.05695114402775034
526,Interaction,0.7204303885880272,0.0579162768647218
526,HGB,0.6966745900671569,0.06446929023130674
526,MLP,0.7170497851293278,0.0491909478273272
527,Context only,0.6893044722515113,0.07368013940996666
527,Driver history,0.5270056933107091,0.023422110185921857
527,Automation only,0.49671561028520095,0.020807311596192545
527,Additive,0.7246256636570793,0.06234524468946916
527,Interaction,0.712856442914435,0.06880473259218403
527,HGB,0.6814354370186231,0.07875079930362172
527,MLP,0.7143469800547917,0.054485899259884285
528,Context only,0.7021504831840664,0.061048668266170586
528,Driver history,0.5617011566162501,0.03214305752635478
528,Automation only,0.5131616057761585,0.020127519754596875
528,Additive,0.7184106718425094,0.06142190282683027
528,Interaction,0.7090434519520944,0.06268474889109886
528,HGB,0.6800939125730416,0.06361034116090156
528,MLP,0.7061884481958478,0.06627448099258236
529,Context only,0.7206461746737017,0.055995667546830344
529,Driver history,0.5424022051955265,0.018378881323784655
529,Automation only,0.5080825086465881,0.016938455812594545
529,Additive,0.7308065073464441,0.06082307161394437
529,Interaction,0.7268555846229583,0.0686971578162935
529,HGB,0.7075833969730629,0.09209120611348509
529,MLP,0.7241219689606422,0.05578518285300461
530,Context only,0.7784200939656316,0.04870084690631462
530,Driver history,0.5942165107484076,0.018164485604510457
530,Automation only,0.5532402799893843,0.014658665511674041
530,Additive,0.7553332545448515,0.05042655736573107
530,Interaction,0.7559713375796178,0.052880813360877924
530,HGB,0.7586299305002654,0.08321501336141544
530,MLP,0.7513057117502653,0.054492763863786604
531,Context only,0.7017618477930614,0.04744135883334563
531,Driver history,0.562655369572423,0.028157441899763075
531,Automation only,0.4935381363247155,0.015302829543631305
531,Additive,0.7278287620152469,0.057405892311043025
531,Interaction,0.7178734566622473,0.05634075281086684
531,HGB,0.6879738771958899,0.07799673208724252
531,MLP,0.7224180166556181,0.05734289513954698
532,Context only,0.7056078327405526,0.11848592325461527
532,Driver history,0.5875841972554191,0.03284225126016599
532,Automation only,0.5594004248740699,0.02995242730459998
532,Additive,0.7645660534570081,0.09840200293930772
532,Interaction,0.7584817006898752,0.10835634907240951
532,HGB,0.7324287257106197,0.1120609898496
532,MLP,0.7812910800546757,0.081052809318755
533,Context only,0.7017425430555719,0.07040829460924372
533,Driver history,0.4931026604069859,0.021383311005782335
533,Automation only,0.41801305163276614,0.01913463921208585
533,Additive,0.7396347104438983,0.06303118744176509
533,Interaction,0.7262173145175974,0.06586301113431804
533,HGB,0.698999639356884,0.09534669315814569
533,MLP,0.7396331104300741,0.0565797855451963
534,Context only,0.7087032824475539,0.04215601320599821
534,Driver history,0.5878278802599184,0.028480111248474955
534,Automation only,0.4994296474003188,0.014365132053351718
534,Additive,0.7276769294237326,0.049859020716889496
534,Interaction,0.7267130873761958,0.05266711486856148
534,HGB,0.684365545898266,0.04674108394159958
534,MLP,0.7186631216719076,0.05822606820232253
535,Context only,0.6982759087812732,0.06207471387339929
535,Driver history,0.511766743559574,0.02081093520671108
535,Automation only,0.47441459468664854,0.016823654837510076
535,Additive,0.7179163054248204,0.052285552510401886
535,Interaction,0.709575876269507,0.05975882492460536
535,HGB,0.6836034261208819,0.07675243112352392
535,MLP,0.7039323755263809,0.04875586806319587
536,Context only,0.7297764961053501,0.04240203888337407
536,Driver history,0.5250104375734985,0.022443698517780164
536,Automation only,0.4905070820959923,0.013877109614180809
536,Additive,0.7019806614208149,0.04596086655549279
536,Interaction,0.6968303137551766,0.045346038323455753
536,HGB,0.6834891078830541,0.04918634799680556
536,MLP,0.6845299216163987,0.05003399478037614
537,Context only,0.6995986143378692,0.06183128876447796
537,Driver history,0.5325786176568205,0.02616143445248739
537,Automation only,0.44568269641079145,0.01773492804676303
537,Additive,0.7305010134654591,0.055629520970801205
537,Interaction,0.7164037681949647,0.05853665252184839
537,HGB,0.6891419918448627,0.07343658038426162
537,MLP,0.7288172383955241,0.0527550560596966
538,Context only,0.6837086179992024,0.08003220805051536
538,Driver history,0.5115731399821328,0.026742612067483365
538,Automation only,0.4887977323141732,0.023546612847111327
538,Additive,0.7239721705825961,0.06995996933947547
538,Interaction,0.7227604211616466,0.09330022149430611
538,HGB,0.680856225173132,0.08402599146924403
538,MLP,0.7153893342725655,0.05981401220574123
539,Context only,0.7655763956688189,0.04496982353491072
539,Driver history,0.5451316154317549,0.014543894812672056
539,Automation only,0.5340613327678969,0.0136688519552133
539,Additive,0.7394673868214471,0.03721898780543158
539,Interaction,0.7474328175279088,0.040350796811335764
539,HGB,0.730610694671305,0.04716300740931763
539,MLP,0.729236520981343,0.04178364429231048
540,Context only,0.7171469630798756,0.04586613486421673
540,Driver history,0.47235810816870083,0.016212460447458492
540,Automation only,0.49095178950955515,0.015354612168753468
540,Additive,0.722275380904126,0.049521223645117324
540,Interaction,0.7310565773780165,0.053777055514296
540,HGB,0.698822313493736,0.05650398908570976
540,MLP,0.7067746679699761,0.04827560025815475
541,Context only,0.687335647117474,0.05375535899031777
541,Driver history,0.4752742861709536,0.017190632188229443
541,Automation only,0.43586765002492656,0.013978783356173743
541,Additive,0.7006144086340682,0.04480592359067545
541,Interaction,0.6936509839290947,0.05224912918522627
541,HGB,0.6619470036875934,0.06623535351443637
541,MLP,0.677641728792532,0.04060550567839068
542,Context only,0.7340043189698808,0.04921482105619282
542,Driver history,0.519098117408492,0.018684271617422414
542,Automation only,0.4742527346380123,0.015558094308624443
542,Additive,0.7208708030382589,0.043447256207061705
542,Interaction,0.7124981669213266,0.04259902238943332
542,HGB,0.6965484114106586,0.05909926774316131
542,MLP,0.7102113519999874,0.04408885660909892
543,Context only,0.717767163437292,0.05791000915802283
543,Driver history,0.5025536950005401,0.01919997914482033
543,Automation only,0.48140764671056957,0.017067583000761822
543,Additive,0.7366691354956703,0.05648963115268607
543,Interaction,0.7304905660683818,0.06226127301354074
543,HGB,0.7077206942282189,0.07932919762371797
543,MLP,0.7349267431841234,0.050988249074626034
544,Context only,0.6834626665902361,0.05371114756320301
544,Driver history,0.5132034222436166,0.021746720397974074
544,Automation only,0.47080798983935085,0.015320636885679207
544,Additive,0.7046861090142609,0.0482649028503672
544,Interaction,0.6950976525944808,0.047701061254937345
544,HGB,0.6678938132062193,0.06936127544051891
544,MLP,0.6912756683810575,0.04533827793460347
545,Context only,0.7051220471690123,0.04358999260514026
545,Driver history,0.5150917421630757,0.020082170590037272
545,Automation only,0.4799564739750827,0.013535273239956099
545,Additive,0.698105061197662,0.043101232373199745
545,Interaction,0.6861569145574462,0.04170118487146532
545,HGB,0.666744059079017,0.047218885022635965
545,MLP,0.6789574244159977,0.04076311192527686
546,Context only,0.6993970148089653,0.1093581500158491
546,Driver history,0.4975397312854538,0.0335318072067054
546,Automation only,0.500147165804795,0.031227582105237447
546,Additive,0.734580551922835,0.09035727574219549
546,Interaction,0.7293921448742893,0.10765851932374987
546,HGB,0.6941141338131773,0.10844635638901873
546,MLP,0.7353126669832821,0.07854120849410834
547,Context only,0.700803280256008,0.07169960309823961
547,Driver history,0.4769028529655692,0.02328064115447137
547,Automation only,0.44815958596024386,0.019756892534782026
547,Additive,0.7061308481182877,0.0599602927372719
547,Interaction,0.6925614437683476,0.06026682208932217
547,HGB,0.673130782339566,0.07956743766987165
547,MLP,0.6695371958327485,0.050442486741062977
548,Context only,0.7182628128182743,0.04959545205877487
548,Driver history,0.457991643023425,0.01881536334908951
548,Automation only,0.39309708278772004,0.013188628424166014
548,Additive,0.7286233267859741,0.04615747792612502
548,Interaction,0.7152207915029827,0.0458743568130506
548,HGB,0.6998483649789029,0.07543896765942677
548,MLP,0.7310885894078277,0.050942218449021075
549,Context only,0.7163424552148586,0.04561809377708753
549,Driver history,0.5991509582333792,0.029453943895699875
549,Automation only,0.48451373966824696,0.01354433251810351
549,Additive,0.7393063277131628,0.050273334767000785
549,Interaction,0.7405716240132488,0.057972798786519855
549,HGB,0.7002936567489417,0.05950663159569968
549,MLP,0.7343384646285496,0.06731642667457371
550,Context only,0.7164314790880878,0.0485259965774479
550,Driver history,0.5421891347734726,0.0172667281788684
550,Automation only,0.49532724043643783,0.014785714300935282
550,Additive,0.7205428656837144,0.04417610650386832
550,Interaction,0.7073666464449309,0.04223304430248996
550,HGB,0.6963425034508831,0.06446319197270182
550,MLP,0.7109749074635789,0.04191619974338541
551,Context only,0.7100833161745873,0.07530086033542714
551,Driver history,0.5322578845135482,0.026334721506398318
551,Automation only,0.5178746702870226,0.022943363267623234
551,Additive,0.7225288476186172,0.06359771485706192
551,Interaction,0.7142415917959432,0.0634586636351697
551,HGB,0.694089969861988,0.07946332498204817
551,MLP,0.704912256031927,0.054901371346796735
552,Context only,0.7178102433306047,0.060066019651917046
552,Driver history,0.5507842719011825,0.024985851540920766
552,Automation only,0.4959022545196437,0.018859498247041133
552,Additive,0.7171112322466986,0.05282932752683805
552,Interaction,0.709102002444184,0.0523052666878681
552,HGB,0.6961978719434787,0.07033595987066919
552,MLP,0.7024512940744643,0.05128116232087482
553,Context only,0.6988771237759093,0.05407936988828401
553,Driver history,0.5067685733070348,0.02203016078789697
553,Automation only,0.4410486522024984,0.01526948950463374
553,Additive,0.7091151942973806,0.044600792644731
553,Interaction,0.6950423890100004,0.04893611110037358
553,HGB,0.6677641094847573,0.0538118055994053
553,MLP,0.6855475968026575,0.043368218989424806
554,Context only,0.7142722937229312,0.05832077326319324
554,Driver history,0.5254355617578621,0.02296207871197279
554,Automation only,0.4938511866521992,0.018682475232510355
554,Additive,0.7090075908240017,0.051142153660276836
554,Interaction,0.7094725076615221,0.05964500644305485
554,HGB,0.6869918574234539,0.06100991398047581
554,MLP,0.6910183830422928,0.050155378853872334
555,Context only,0.6998703943714129,0.08752203304148881
555,Driver history,0.5064012687813686,0.03208397306945616
555,Automation only,0.42842922358065916,0.023888994518200105
555,Additive,0.738194639383786,0.07910762754077413
555,Interaction,0.7302956143127617,0.09478918885023263
555,HGB,0.6910082860004022,0.09247736711864339
555,MLP,0.7315334376549146,0.0684083325158581
556,Context only,0.723653670091184,0.06500903987147973
556,Driver history,0.46389433357091947,0.018154160721363045
556,Automation only,0.42148098594145555,0.016665032098729365
556,Additive,0.7368846314547645,0.061076343322044334
556,Interaction,0.7311691234300883,0.07575851065276007
556,HGB,0.7062085632388724,0.09583872872578102
556,MLP,0.7229324630717427,0.05554555997146041
557,Context only,0.6853146510686171,0.07462316214875203
557,Driver history,0.5170043868670259,0.02606664117548558
557,Automation only,0.46229570705765816,0.02124670977992363
557,Additive,0.7302750564611976,0.06844597690711038
557,Interaction,0.7193279842533461,0.07539886593870655
557,HGB,0.6821345186554146,0.08410708997288201
557,MLP,0.7181614403541107,0.05843785806647028
558,Context only,0.7109566530357018,0.06666285256014844
558,Driver history,0.5841854237178787,0.029293027418213186
558,Automation only,0.5177202025290071,0.020766602896951255
558,Additive,0.7386144120157616,0.062310722666609704
558,Interaction,0.735274804964715,0.06913607616337551
558,HGB,0.7063918720409723,0.07444296081926613
558,MLP,0.7339054016833579,0.058959842783336644
559,Context only,0.7274130859731814,0.04645492572236011
559,Driver history,0.5072977182213453,0.017524830964370033
559,Automation only,0.4583271675983777,0.01313602364334586
559,Additive,0.7331698271767328,0.054566758909535606
559,Interaction,0.7258663999415397,0.053565941071570214
559,HGB,0.7188173663634039,0.09673751056524511
559,MLP,0.7235088055829587,0.05249937513358675
560,Context only,0.6985557815640662,0.048700034953491275
560,Driver history,0.5372361493174177,0.028168714484043962
560,Automation only,0.4596507994794945,0.014133040249042961
560,Additive,0.7173315031721813,0.04755058240215147
560,Interaction,0.7134437469983941,0.06153184660306206
560,HGB,0.6720887328833296,0.054664550502039014
560,MLP,0.7058077416778846,0.05762637911270074
561,Context only,0.7029162892877391,0.05405357834786091
561,Driver history,0.5086418334047761,0.024518899961025263
561,Automation only,0.46274794659771284,0.016691748617018862
561,Additive,0.7140064765137792,0.053994552705075714
561,Interaction,0.704673261867559,0.053267338629289215
561,HGB,0.6744694081085192,0.05900399069023349
561,MLP,0.6884387660918985,0.04607867986384558
562,Context only,0.7190349776574436,0.050304017350268904
562,Driver history,0.5051097316691981,0.016646888424825184
562,Automation only,0.48918906425411085,0.014538792001689354
562,Additive,0.7001965704726056,0.040979462558942845
562,Interaction,0.6926718615862114,0.04235138300855182
562,HGB,0.6815195139668494,0.049697357542935125
562,MLP,0.6745614035087719,0.042205148118218634
563,Context only,0.7039425305559238,0.06632026708928308
563,Driver history,0.4609940864650393,0.021872434366832456
563,Automation only,0.4383472240636801,0.019123835159929967
563,Additive,0.7112782847925045,0.05872396675780559
563,Interaction,0.7027047639742099,0.05898846360494977
563,HGB,0.6860535348624799,0.08402488861589416
563,MLP,0.692447843775627,0.05415185617152152
564,Context only,0.7111778010154973,0.061265809569198894
564,Driver history,0.5473233685096642,0.03111503356618959
564,Automation only,0.5000001823678718,0.0195549992695366
564,Additive,0.7311955928250643,0.07082099490140545
564,Interaction,0.72537769298077,0.07049923598736829
564,HGB,0.6983174010681651,0.09601473854004487
564,MLP,0.7301455186195773,0.06337003152608302
565,Context only,0.6890586260187007,0.04739206867548749
565,Driver history,0.487894184835581,0.01619563346246863
565,Automation only,0.3968320677169615,0.012804315069155218
565,Additive,0.7212745850149539,0.04431862034531243
565,Interaction,0.7084716616820282,0.04446230565514217
565,HGB,0.6811719644663843,0.07374578161751626
565,MLP,0.7205845183430988,0.04367753612603249
566,Context only,0.6884003369578471,0.102288616694497
566,Driver history,0.4784550926079872,0.02864420236330638
566,Automation only,0.45550560303262067,0.02599028422158042
566,Additive,0.7433584943304625,0.08959165373442812
566,Interaction,0.7367432580720247,0.10481443893502249
566,HGB,0.6974370143761293,0.11834371112596907
566,MLP,0.7584207317749032,0.0792363575702517
567,Context only,0.6986490761804013,0.05474241435574079
567,Driver history,0.5797584775963524,0.03169546619380822
567,Automation only,0.5109160091280944,0.017472116602009428
567,Additive,0.734487587283583,0.06078232945534403
567,Interaction,0.7325821559955025,0.07250686430384051
567,HGB,0.6901117104032054,0.06385497237866522
567,MLP,0.7320460287486439,0.06240339440192043
568,Context only,0.68713318719747,0.041659982753850015
568,Driver history,0.5628494564902965,0.026952120265690743
568,Automation only,0.4942695242441968,0.012941206515822479
568,Additive,0.7197656255022081,0.04373712579923495
568,Interaction,0.711235319452569,0.045654540038289365
568,HGB,0.6788972956294235,0.04751588198587736
568,MLP,0.7148030058561483,0.04549657095232838
569,Context only,0.7183252759281219,0.05024180407020612
569,Driver history,0.5053113494207262,0.016237449624763155
569,Automation only,0.4696588472312809,0.014024289688030376
569,Additive,0.7223530118912854,0.050604007469207096
569,Interaction,0.7150694479961236,0.058748668046033445
569,HGB,0.6960092776596423,0.0722347602189391
569,MLP,0.7067271468560302,0.04407276166273841
570,Context only,0.6996328537888522,0.08280134165569804
570,Driver history,0.5446638886856856,0.029028479794375457
570,Automation only,0.4721609315023871,0.022508753086824308
570,Additive,0.7494547326664891,0.07488524259172992
570,Interaction,0.7442732782429984,0.0955792711728559
570,HGB,0.7090859025516663,0.09164530154372422
570,MLP,0.746224122058172,0.06668932209295772
571,Context only,0.7080516349171116,0.08092121361399568
571,Driver history,0.5158250169374482,0.023494816383927683
571,Automation only,0.4647664808262283,0.02142971935383232
571,Additive,0.749217250519004,0.07428160525542227
571,Interaction,0.7446151971344885,0.08911046664608017
571,HGB,0.7231109486276678,0.121664459235273
571,MLP,0.7541869226941496,0.06723302780000932
572,Context only,0.7192534781133356,0.05315636769597096
572,Driver history,0.5426613929419748,0.022987237812127907
572,Automation only,0.4904127078384798,0.015840291662799655
572,Additive,0.7430386834068544,0.06018417892391325
572,Interaction,0.7397119952494062,0.06609838758555739
572,HGB,0.7144010858500169,0.07870051532962223
572,MLP,0.7355098405157787,0.05544837918332203
573,Context only,0.7252961096005379,0.05984658429036446
573,Driver history,0.5438089145027061,0.01903256818202615
573,Automation only,0.541155665853193,0.018203639310874712
573,Additive,0.7216417121128476,0.05523804506971367
573,Interaction,0.7195792208194243,0.06314407958326046
573,HGB,0.7103891603334382,0.07472617266218269
573,MLP,0.7082697000810034,0.04973382325664924
574,Context only,0.6795277414486145,0.08377239049532037
574,Driver history,0.4796181272312682,0.027220186981867657
574,Automation only,0.4323340866583885,0.02334155526786467
574,Additive,0.7262467882301445,0.07629807698463142
574,Interaction,0.7181345485273134,0.09990664893113735
574,HGB,0.6765385749593694,0.09504400367682536
574,MLP,0.7248754633345809,0.06713221624510729
575,Context only,0.6945567497923754,0.059831870887310463
575,Driver history,0.6025507613852262,0.03679016723558952
575,Automation only,0.5316396517594056,0.01985130026172035
575,Additive,0.7411912393770123,0.06344862340794823
575,Interaction,0.7283487297921478,0.06446424389884532
575,HGB,0.6935913306749792,0.06627315847381686
575,MLP,0.7361058572907542,0.06334699741488545
576,Context only,0.6944323280159521,0.06805433951179987
576,Driver history,0.45830796301571475,0.021391990484870945
576,Automation only,0.36752109742201966,0.0173256514038747
576,Additive,0.7091603166690404,0.05716169526750094
576,Interaction,0.6951119854721549,0.06665312213171148
576,HGB,0.6743660387883967,0.08313328150693969
576,MLP,0.6895702772634478,0.05100000379873917
577,Context only,0.7357571312386958,0.045685558359083125
577,Driver history,0.5007934492234515,0.016872457776856847
577,Automation only,0.44963803402003993,0.013330533298031171
577,Additive,0.7275315442169947,0.04201097060682997
577,Interaction,0.7251290201193885,0.04257956627149598
577,HGB,0.7028235027176628,0.057837764044369695
577,MLP,0.7166837697498593,0.04318023877120761
578,Context only,0.7224496742554037,0.07749712236487426
578,Driver history,0.5172787665350757,0.02309327149409951
578,Automation only,0.4980680303762285,0.022743534409309433
578,Additive,0.7218410324627371,0.059814510379448044
578,Interaction,0.7114161618183013,0.05914422757776382
578,HGB,0.7061397316328604,0.09754445607437517
578,MLP,0.708008627182808,0.05608619945427079
579,Context only,0.7533038790353451,0.04330251405022305
579,Driver history,0.5961723235932117,0.028414207137061356
579,Automation only,0.5352469057037131,0.014229053134313083
579,Additive,0.7372291693249968,0.039447487228850706
579,Interaction,0.7418170218195739,0.04363399528270586
579,HGB,0.7175137169835397,0.046080083037263936
579,MLP,0.7320779635064438,0.0492679389829253
580,Context only,0.7220709386693664,0.04455068259667959
580,Driver history,0.597383845000943,0.032575115636176225
580,Automation only,0.49820693009359895,0.014654527682938881
580,Additive,0.7493893239635132,0.05572664800986182
580,Interaction,0.7541298176656841,0.06395004427611056
580,HGB,0.702125083127376,0.06227589516768023
580,MLP,0.7454438753734529,0.06776081109103547
581,Context only,0.6988911870014128,0.06623971326776046
581,Driver history,0.5041020914138676,0.027324526208806654
581,Automation only,0.4594989220695318,0.019768609293356765
581,Additive,0.7342033687595004,0.06831575082121767
581,Interaction,0.7270956538064395,0.0840677286975865
581,HGB,0.6900379977392253,0.07962837062374549
581,MLP,0.7199761064662418,0.0601637615291072
582,Context only,0.7017826996811843,0.09838727986735946
582,Driver history,0.5286408898751421,0.035147146052641236
582,Automation only,0.4532561340430612,0.025615243299484065
582,Additive,0.756810157160714,0.09414305617085816
582,Interaction,0.7510445078018567,0.11486734301916063
582,HGB,0.7129405485878009,0.11594164393994874
582,MLP,0.7682018510975969,0.08472029970081661
583,Context only,0.678109093594278,0.08986198104846446
583,Driver history,0.5333808217922373,0.032895936840779266
583,Automation only,0.46614085611633527,0.02409704484155826
583,Additive,0.7352956379367855,0.07811078783507991
583,Interaction,0.726592136522317,0.09928931539322922
583,HGB,0.6845513550125151,0.09087341279352525
583,MLP,0.7352100823218165,0.06794425679984534
584,Context only,0.7065418999562223,0.06443915166805315
584,Driver history,0.5380763116057233,0.02267068135710502
584,Automation only,0.5307133860202914,0.019440856273935245
584,Additive,0.7342593872645024,0.05342582713783223
584,Interaction,0.7321330921714554,0.06297041516874827
584,HGB,0.7017230785772985,0.06442488095535594
584,MLP,0.7291938357795136,0.05221796703311587
585,Context only,0.6807633205414939,0.07699063260182139
585,Driver history,0.4952976823714877,0.02658027654537779
585,Automation only,0.4520221756426056,0.021414998433758905
585,Additive,0.7037438074272251,0.05905067792951299
585,Interaction,0.6952590610813258,0.07095059691394932
585,HGB,0.6592782968245108,0.07201032017531434
585,MLP,0.6737392782031971,0.050792568113572294
586,Context only,0.7223437260464127,0.05089444640930484
586,Driver history,0.574117377230548,0.028116226637778644
586,Automation only,0.500918616943139,0.01588399253147678
586,Additive,0.7491887551679708,0.05808758467394
586,Interaction,0.7461599210029456,0.06602232473938531
586,HGB,0.7124032500227152,0.06407396236664425
586,MLP,0.7469136271920221,0.059712617926823676
587,Context only,0.6921105227962312,0.05069398854063897
587,Driver history,0.4150522663153412,0.01397322634687503
587,Automation only,0.38966039371074207,0.013202738931355668
587,Additive,0.7127298919408069,0.04252272132178588
587,Interaction,0.706908153012882,0.047832040994193185
587,HGB,0.6670729698977962,0.0575858500053688
587,MLP,0.6970687114074311,0.0375232646497954
588,Context only,0.7000666492142893,0.0811250820786529
588,Driver history,0.46674359863305437,0.025075506369455526
588,Automation only,0.4259896559287378,0.02155828047870047
588,Additive,0.7206547471645782,0.06788324262658144
588,Interaction,0.7117605439481522,0.08021566073387452
588,HGB,0.6811497343229302,0.0911278758857973
588,MLP,0.6988472940560505,0.05701594132752772
589,Context only,0.7099091216735356,0.046250351160631954
589,Driver history,0.5461323834863367,0.022707750922084928
589,Automation only,0.4805831424028067,0.014498604069431717
589,Additive,0.7094858947375691,0.04152102996833733
589,Interaction,0.698033947936828,0.040443595839886076
589,HGB,0.6847783767077995,0.057905749308883876
589,MLP,0.7013930014969414,0.044244838270099625
590,Context only,0.7378528935661385,0.04365263347021583
590,Driver history,0.5431541250618943,0.02262014859726999
590,Automation only,0.49195581398294885,0.013741480253124055
590,Additive,0.731951528891048,0.05235118373015288
590,Interaction,0.7263952297784145,0.05363052861525826
590,HGB,0.6951955747888986,0.054481110925417936
590,MLP,0.7201912098334597,0.05257400629735145
591,Context only,0.7128055031029468,0.09273458198060719
591,Driver history,0.5281044095086894,0.030180590768518565
591,Automation only,0.4304686993703325,0.02502606522700225
591,Additive,0.7485139885138626,0.09213055145167436
591,Interaction,0.7359977771813179,0.10799729157805145
591,HGB,0.7091097259599352,0.11478429161850937
591,MLP,0.7370805879344919,0.07453648320956541
592,Context only,0.7151578134229212,0.05171992962537988
592,Driver history,0.5247659937527382,0.026169448275542188
592,Automation only,0.44826874400239813,0.015044676177808487
592,Additive,0.7421989048667268,0.05593872548473719
592,Interaction,0.7379688772134587,0.0650636485245747
592,HGB,0.6955661647453646,0.06317071140639693
592,MLP,0.7333947357685001,0.05555436430906077
593,Context only,0.7043040512342204,0.060927943600374894
593,Driver history,0.4839320625610948,0.02081976263172618
593,Automation only,0.4271201827872962,0.0178329149954848
593,Additive,0.7096347054984637,0.06157886832723422
593,Interaction,0.6992804465768696,0.06658041208286139
593,HGB,0.6802820584997774,0.08117432135529443
593,MLP,0.6865863786212247,0.051923925019010816
594,Context only,0.6902763579647556,0.05412489512928449
594,Driver history,0.5359457109105346,0.027408304919417675
594,Automation only,0.49138209124456,0.01775972990107986
594,Additive,0.7056409616733856,0.0492562675950799
594,Interaction,0.6979996241860036,0.0582736811710536
594,HGB,0.661088404791436,0.049302496227718706
594,MLP,0.685085026313393,0.05098906892867278
595,Context only,0.693656257553181,0.05051230250822828
595,Driver history,0.5530451327190743,0.02688684403087778
595,Automation only,0.47828977831607333,0.015662013875642818
595,Additive,0.7149886541813968,0.04897121983197975
595,Interaction,0.7017092212332813,0.05755851916976031
595,HGB,0.6719586521716419,0.05392198665290478
595,MLP,0.7022501728654765,0.0525886704526512
596,Context only,0.7636079269732182,0.04356780192624557
596,Driver history,0.5985605802271594,0.02357141055740774
596,Automation only,0.5487822311990137,0.014277751624085983
596,Additive,0.755950476090549,0.04728655430758444
596,Interaction,0.7637174409149332,0.05405687746461787
596,HGB,0.7459630669149857,0.07317822715010218
596,MLP,0.7592299923930437,0.06097242073645106
597,Context only,0.7154728986449322,0.10320109265573264
597,Driver history,0.5528263913195659,0.03213423975967586
597,Automation only,0.47339866993349666,0.02743284347331999
597,Additive,0.7505230261513075,0.09056958162416778
597,Interaction,0.7332431621581079,0.09373767644731361
597,HGB,0.7181031551577579,0.12038442133430849
597,MLP,0.7420601030051504,0.07581382101783578
598,Context only,0.7054291768237143,0.06466605001868314
598,Driver history,0.562594341259445,0.022195625265987756
598,Automation only,0.5224418337338319,0.01923596937978751
598,Additive,0.7323758960612343,0.05422840112991627
598,Interaction,0.7251821039329822,0.05884974905520858
598,HGB,0.7090276994612789,0.08182670215938324
598,MLP,0.727642928815363,0.04958086378285193
599,Context only,0.7726360760334384,0.0465136407554622
599,Driver history,0.5374748724806064,0.01392324620817378
599,Automation only,0.5117280206156353,0.012384068603270681
599,Additive,0.7304652908150615,0.043077086008380124
599,Interaction,0.7253135958697885,0.0434111823732638
599,HGB,0.7273830186674224,0.06025930180969856
599,MLP,0.7200390306754985,0.04504050365177657
600,Context only,0.7085927678072357,0.08010885000761131
600,Driver history,0.5342996348808877,0.028650132935172448
600,Automation only,0.5134968776628972,0.024647881617920142
600,Additive,0.7349846817843699,0.0711167300015236
600,Interaction,0.7274125505361223,0.07528454092675273
600,HGB,0.7001493503215396,0.08845536696898246
600,MLP,0.7246712681122619,0.07003212113839914
601,Context only,0.7237477938638479,0.04400733118639505
601,Driver history,0.5682873762338624,0.02655491358692151
601,Automation only,0.5105270413136307,0.014537908537673385
601,Additive,0.7300432869420619,0.05174917581309415
601,Interaction,0.7328947111345564,0.05681291014697846
601,HGB,0.695585773922331,0.05215245089971599
601,MLP,0.7221223626768436,0.05726176674059533
602,Context only,0.6746489521593153,0.04611122171832513
602,Driver history,0.5751307906985201,0.03789139432693474
602,Automation only,0.5098765347926741,0.015593874084223507
602,Additive,0.7215504663466783,0.05392394441372249
602,Interaction,0.7247037607723356,0.06864746362266531
602,HGB,0.6676528050495134,0.05096254835541182
602,MLP,0.728100606947626,0.06377925877626046
603,Context only,0.7177344647323396,0.05393751318864014
603,Driver history,0.5759164439291964,0.030826881821428904
603,Automation only,0.5075789778765337,0.01724864514135936
603,Additive,0.733738017797529,0.05330475477747853
603,Interaction,0.7302289633851802,0.07380157078433887
603,HGB,0.7015092476303955,0.05866791373678912
603,MLP,0.7275249841668545,0.0637150761527184
604,Context only,0.7171451147623229,0.04423828564606379
604,Driver history,0.49597742380534304,0.0148033492621487
604,Automation only,0.45312504703373885,0.012579230930192453
604,Additive,0.7261043521886366,0.04835294205699472
604,Interaction,0.7219287595635269,0.050024614817107994
604,HGB,0.6921796061708265,0.07125011496440048
604,MLP,0.7133618462310297,0.04653648128816551
605,Context only,0.6851961083474669,0.06824421219147922
605,Driver history,0.4912863600559194,0.021999351109195573
605,Automation only,0.429066755607911,0.019472860624065544
605,Additive,0.7002486570108646,0.05292457471636902
605,Interaction,0.6870258379045822,0.06280624822968557
605,HGB,0.6572329811165437,0.06646827178790493
605,MLP,0.6629305193837507,0.04437441474273449
606,Context only,0.7156326391270508,0.060299360794712716
606,Driver history,0.4616313221239299,0.018537053886931526
606,Automation only,0.45168117562495,0.017687213721339405
606,Additive,0.6923300228165701,0.0482217396150843
606,Interaction,0.6841171537699019,0.04914768840641503
606,HGB,0.674999530201027,0.06669596909641805
606,MLP,0.6589511972826827,0.044295031770514935
607,Context only,0.7096589502856726,0.055405472654641144
607,Driver history,0.500493726144874,0.017133609057677045
607,Automation only,0.4877976262734058,0.016533257425624295
607,Additive,0.7205789043229394,0.05176244156204886
607,Interaction,0.705633768621629,0.04933593224145166
607,HGB,0.6875938306155143,0.06767698827380243
607,MLP,0.7041828478993719,0.04546001648113427
608,Context only,0.7324859042546942,0.04305177421843981
608,Driver history,0.478336384767429,0.019053145658475042
608,Automation only,0.4139671855279764,0.01245999522070598
608,Additive,0.7184366942980096,0.043226989531699525
608,Interaction,0.7083032694608246,0.04175763115510245
608,HGB,0.694779579912711,0.06487934489064183
608,MLP,0.7012026332426912,0.0455983576903269
609,Context only,0.6806332549160266,0.0802652902692573
609,Driver history,0.4305286838551776,0.02295701080660971
609,Automation only,0.3862299824879737,0.020841512073890556
609,Additive,0.7012924350156131,0.0647035341316747
609,Interaction,0.6878205703012913,0.08390418228126986
609,HGB,0.6550271911131741,0.08805777314341066
609,MLP,0.666830402354629,0.05415089179757405
610,Context only,0.7091529285699236,0.052658161586073525
610,Driver history,0.535806466662854,0.02452319583073613
610,Automation only,0.45246473044033153,0.015332399347989937
610,Additive,0.707551425681838,0.05408249694256366
610,Interaction,0.6983664407167389,0.055791896073675476
610,HGB,0.6833533623095053,0.07001451502721376
610,MLP,0.6881682178149278,0.054827807719416234
611,Context only,0.7183839205502841,0.06306951648324158
611,Driver history,0.5470410463382185,0.019861269721262335
611,Automation only,0.5098483426373289,0.017992427545425824
611,Additive,0.7489252730488054,0.06181920677881023
611,Interaction,0.7462797053709903,0.06969801775970667
611,HGB,0.7209548104413328,0.08775370357377732
611,MLP,0.749546905099245,0.05461647097522219
612,Context only,0.703456968544573,0.06006574125570614
612,Driver history,0.5145630395847391,0.020280390527244996
612,Automation only,0.45554855220116125,0.01653391884296331
612,Additive,0.7170351614176123,0.05271140158872533
612,Interaction,0.710826424022414,0.06774087192746153
612,HGB,0.6851628845805806,0.06543681447372894
612,MLP,0.69753569100966,0.04727147090740439
613,Context only,0.6932754820369149,0.11184058263489308
613,Driver history,0.510278819215557,0.03210869403429641
613,Automation only,0.50224641562294,0.03139600549737433
613,Additive,0.7306874176005274,0.08799297693248986
613,Interaction,0.7207078114700066,0.09466583161602468
613,HGB,0.6942537697758735,0.11590887209076581
613,MLP,0.7213985250494397,0.0702207591848841
614,Context only,0.7020758705627022,0.07360771490690139
614,Driver history,0.5189594604597871,0.022832951474181136
614,Automation only,0.4900406543314376,0.021307125494055702
614,Additive,0.7148135393567614,0.05789038677942828
614,Interaction,0.7061036210730941,0.06940035443049884
614,HGB,0.683221948296745,0.07398753384007026
614,MLP,0.6902696735530673,0.050193385838907076
615,Context only,0.7158910336251053,0.04966560708570483
615,Driver history,0.5415686310258334,0.01743415688125269
615,Automation only,0.5303853712272271,0.015416779340436495
615,Additive,0.7065484609523882,0.04425980055130502
615,Interaction,0.7021430942926945,0.044138718616981154
615,HGB,0.6944845596264602,0.050955013715362096
615,MLP,0.6867775668865352,0.04104488820101479
616,Context only,0.7526372244303565,0.04502471170700892
616,Driver history,0.5825781213173385,0.020429002462240636
616,Automation only,0.5508198513445882,0.01494038983610588
616,Additive,0.7365212708021797,0.0518890352707928
616,Interaction,0.7286572370473116,0.051164995193603284
616,HGB,0.7201643614145833,0.05445166833319665
616,MLP,0.7307659133602321,0.052499024804173997
617,Context only,0.6999312658852544,0.06531463192776031
617,Driver history,0.45167310346105044,0.01921063563866295
617,Automation only,0.42206765315667544,0.017820628084085098
617,Additive,0.6798546528166434,0.0484849186755191
617,Interaction,0.6564923307546463,0.04609273256433817
617,HGB,0.6478590547107677,0.06489054729605787
617,MLP,0.6298603420696444,0.04116503162922962
618,Context only,0.710348969367614,0.058612943493515916
618,Driver history,0.5101444469875254,0.021208657464028967
618,Automation only,0.45488917058398914,0.0171309870399978
618,Additive,0.7318723986402995,0.056618322027914406
618,Interaction,0.7309008113731789,0.0620784303937061
618,HGB,0.7067459455793758,0.08508838852710021
618,MLP,0.7317097066784561,0.05459463755738585
619,Context only,0.708676490419811,0.07975231956490804
619,Driver history,0.5262116971328237,0.03246754753856372
619,Automation only,0.47173692872515516,0.023348672433020103
619,Additive,0.7313209019303489,0.07311652733991748
619,Interaction,0.7209329606939788,0.08021891134688393
619,HGB,0.6938861619797773,0.09287557850871303
619,MLP,0.7234136682133676,0.06834565921887929
620,Context only,0.7114923988004472,0.05314898985010093
620,Driver history,0.5548327442201155,0.026472854963618755
620,Automation only,0.4648721226802371,0.016254851286284726
620,Additive,0.711843945095477,0.04848713473038545
620,Interaction,0.7035711150272288,0.05007001185967896
620,HGB,0.6836868954618878,0.05667375119058544
620,MLP,0.6951626400863002,0.05469735974144818
621,Context only,0.7146168268832351,0.04999470760069605
621,Driver history,0.46762477210574294,0.015387680070311955
621,Automation only,0.408821147896467,0.012987749835326048
621,Additive,0.7040244917267479,0.049107245740166
621,Interaction,0.6941128180160769,0.056411280339858504
621,HGB,0.6784308444518108,0.08592164595300071
621,MLP,0.6851519985635756,0.04946351063416615
622,Context only,0.7028009302778996,0.090340480282483
622,Driver history,0.5379405067786343,0.02691029599437504
622,Automation only,0.5428096690411035,0.026441594748579562
622,Additive,0.7302288093696253,0.06772666595832472
622,Interaction,0.72083620563598,0.08213767323342244
622,HGB,0.7015120497448002,0.08591773748395844
622,MLP,0.7130876034899347,0.05840917950493215
623,Context only,0.6931374279412794,0.05783176710869996
623,Driver history,0.5334487755852219,0.02128479207568032
623,Automation only,0.5165177112750018,0.017998174537481763
623,Additive,0.7179754416878661,0.05650086638777201
623,Interaction,0.7100453357294559,0.05716222795227465
623,HGB,0.6859231684832077,0.07573591281428091
623,MLP,0.7137047955516139,0.051734003538492196
624,Context only,0.7041532569444136,0.03401019639747089
624,Driver history,0.4972564935789563,0.022399509052266706
624,Automation only,0.4616232719871088,0.01181591430431133
624,Additive,0.6989873520838821,0.04030954065249854
624,Interaction,0.7036346298916658,0.045068677734372606
624,HGB,0.6687686080819895,0.03955099437551292
624,MLP,0.6885562248637453,0.054597509463833495
625,Context only,0.6999675155762394,0.04823747585606543
625,Driver history,0.5364877740821062,0.028526830584290078
625,Automation only,0.47323709370461886,0.015621559840421167
625,Additive,0.7151441715511605,0.051567799593450404
625,Interaction,0.7102126351882301,0.06063262607175811
625,HGB,0.6742398937116335,0.054304988626464164
625,MLP,0.7020134497205421,0.05088600914339174
626,Context only,0.7045282044990122,0.059640571390139806
626,Driver history,0.5200606693941099,0.020850246488805783
626,Automation only,0.4461250280289215,0.0166225169492926
626,Additive,0.7274220161361973,0.05544412017864745
626,Interaction,0.718165068136722,0.061335169221075146
626,HGB,0.703324335873212,0.08301840943213816
626,MLP,0.7234251976832247,0.049221934225368955
627,Context only,0.7128782062020333,0.07647957135284572
627,Driver history,0.49174655686171476,0.022705651055320353
627,Automation only,0.45202832517695385,0.021184348943932313
627,Additive,0.7247302831794826,0.06889604820373837
627,Interaction,0.7152770335188384,0.07313045089271784
627,HGB,0.699311356628385,0.10207805716778309
627,MLP,0.709646507297998,0.05773989931313814
628,Context only,0.7589625642996228,0.04615828393581469
628,Driver history,0.5510368674613386,0.01626567789731713
628,Automation only,0.5280684767424262,0.014033228540910254
628,Additive,0.7224079157385899,0.04378035789268074
628,Interaction,0.7211471002086731,0.04462104800134543
628,HGB,0.7199968381154493,0.060615844938618824
628,MLP,0.7102689796058447,0.046533874880433895
629,Context only,0.6920337822414973,0.05279061313283219
629,Driver history,0.5148420261736285,0.02409470718927008
629,Automation only,0.4659916400365214,0.015521063268349128
629,Additive,0.7088630830099673,0.04852092074664594
629,Interaction,0.7103990717492201,0.06945989393958624
629,HGB,0.6624541105531461,0.053499238648171625
629,MLP,0.6832149242943011,0.055508857921008674
630,Context only,0.7094105815310716,0.06745163767717541
630,Driver history,0.4763825306348135,0.021665440938409317
630,Automation only,0.4408177242456521,0.019617768374624943
630,Additive,0.7119013580072605,0.060681622115116345
630,Interaction,0.7036547034981753,0.06694807334708341
630,HGB,0.6802778477976272,0.06985148994679297
630,MLP,0.6861911780903333,0.05225859979177291
631,Context only,0.7089435794984845,0.06579352862933115
631,Driver history,0.5062626297418941,0.022160013398394973
631,Automation only,0.46661519090046233,0.019638168833457238
631,Additive,0.7107071507302287,0.05687392861470369
631,Interaction,0.7024587811150915,0.061963568957600745
631,HGB,0.6861646918342977,0.07350889324632373
631,MLP,0.6913097807782982,0.049225453391639445
632,Context only,0.7049145621539771,0.06446929162167397
632,Driver history,0.5132190446674577,0.023743534872362575
632,Automation only,0.44867510510669706,0.018310345424822808
632,Additive,0.731385953966461,0.061989617842462034
632,Interaction,0.7263212588064664,0.07631092561512248
632,HGB,0.6958870420739424,0.08713236037274154
632,MLP,0.7190426285305724,0.05768397976199243
633,Context only,0.742339673498449,0.05800248270206318
633,Driver history,0.545698029030544,0.024584868091235074
633,Automation only,0.4983719203054222,0.017795544132212147
633,Additive,0.7488384011981193,0.06535544875096531
633,Interaction,0.7482513542852233,0.07678151669785337
633,HGB,0.7208583160741249,0.06962061758153555
633,MLP,0.7372355658360619,0.06289383646200175
634,Context only,0.690588204373423,0.0883955086296735
634,Driver history,0.4695867952018078,0.030077535859706725
634,Automation only,0.4470518632498237,0.024365718652924247
634,Additive,0.7223995633373261,0.07630291685712623
634,Interaction,0.714075946598024,0.09408631700158229
634,HGB,0.6742422915020687,0.09194001371925876
634,MLP,0.6994301722014085,0.0633779579315157
635,Context only,0.7216514799209927,0.045594236898447466
635,Driver history,0.528814295801423,0.019850034301581748
635,Automation only,0.47346630249514393,0.01418448089916704
635,Additive,0.7273938199471848,0.05028106226440201
635,Interaction,0.7219528008186963,0.04914079504535288
635,HGB,0.7015487635497413,0.0628816947371181
635,MLP,0.7110069635733642,0.04864163112693439
636,Context only,0.6977836507085211,0.05557168264000356
636,Driver history,0.5393266304382943,0.030552285512659108
636,Automation only,0.4395406729172455,0.015814724549364327
636,Additive,0.7382006862282646,0.05751651728531431
636,Interaction,0.7306353750024231,0.06448610180866356
636,HGB,0.6881538391951357,0.06986841804983213
636,MLP,0.7381628855187743,0.0589778292995415
637,Context only,0.7485505041820434,0.044886963848720964
637,Driver history,0.5452110421819817,0.024079843447604637
637,Automation only,0.5029222619532272,0.015347884273166586
637,Additive,0.7386713971547505,0.05377918333000776
637,Interaction,0.7332937492988286,0.055451848585730254
637,HGB,0.7064459268861327,0.06722061964138228
637,MLP,0.7217281566430387,0.057352945343448807
638,Context only,0.7102808170776244,0.045659347716864876
638,Driver history,0.540612001954005,0.026554481943842113
638,Automation only,0.4765533233103627,0.014490318210459168
638,Additive,0.7291983836774184,0.05177142864913832
638,Interaction,0.7250101573479915,0.05385262403766203
638,HGB,0.6914096897147564,0.056374974936240746
638,MLP,0.7195979113014528,0.05764825560374898
639,Context only,0.6909996596324031,0.07282692973868395
639,Driver history,0.5923049693669162,0.039042364865879156
639,Automation only,0.546752722940776,0.023167280235995253
639,Additive,0.7491461878829135,0.073282109058187
639,Interaction,0.7468037780803267,0.08455151064850694
639,HGB,0.701969196732471,0.07381387678969047
639,MLP,0.7555188904016337,0.07324203013987748
640,Context only,0.7085914484038903,0.039734435046889074
640,Driver history,0.5422241994228985,0.024322356910251225
640,Automation only,0.4990585526050284,0.012968491954345594
640,Additive,0.698163326304532,0.059919946522024016
640,Interaction,0.7038069660801485,0.06495033745334602
640,HGB,0.6633609861172767,0.059215525506564594
640,MLP,0.6739782804996166,0.05592148271272149
641,Context only,0.7481086781840096,0.0422064772487051
641,Driver history,0.5134806481853489,0.012760888649998102
641,Automation only,0.49829884826570237,0.011472524957345253
641,Additive,0.6975445292620865,0.029479121623948487
641,Interaction,0.6981183875719834,0.03166196996161296
641,HGB,0.6918491361992768,0.03849362556879427
641,MLP,0.6863593143163251,0.03460671333589508
642,Context only,0.7095517512525193,0.05117841288408992
642,Driver history,0.5311331303373964,0.021516471220509474
642,Automation only,0.4875593254659399,0.01505118433841313
642,Additive,0.7398269732449452,0.05559481900912679
642,Interaction,0.7400580086089663,0.06705539343214217
642,HGB,0.7029101535582345,0.06455745574075007
642,MLP,0.7250482921892653,0.056405002259385134
643,Context only,0.7391612479842299,0.05030008791732858
643,Driver history,0.4989026442968525,0.018803225270904
643,Automation only,0.47855831016805606,0.015418810941549784
643,Additive,0.722255765846336,0.05610590299909876
643,Interaction,0.7091228064865803,0.05333747229412063
643,HGB,0.7030425832525008,0.0739431613849849
643,MLP,0.6990708163912811,0.04821937664496499
644,Context only,0.7119202155130299,0.06455506019184491
644,Driver history,0.532483484579293,0.026907734681027022
644,Automation only,0.4904724018496474,0.01989829082384509
644,Additive,0.7306661402469785,0.06409205470190324
644,Interaction,0.7266984512493495,0.0745051424111578
644,HGB,0.6984478595257039,0.06738311284521137
644,MLP,0.7203654628804329,0.05892511236410906
645,Context only,0.7039268446734253,0.09713605520929858
645,Driver history,0.4852320216877261,0.029275932082407266
645,Automation only,0.4375234259041775,0.026273212665433667
645,Additive,0.7249837292078882,0.07483272407316932
645,Interaction,0.7135130610347877,0.08521049068482243
645,HGB,0.6837545222807019,0.09348340760756554
645,MLP,0.7071148819795741,0.06132259438670599
646,Context only,0.6990785202456538,0.06431773768590614
646,Driver history,0.4978715170912656,0.02209039294158454
646,Automation only,0.45497419837028197,0.018343201845638517
646,Additive,0.7211720155612547,0.05954905638683586
646,Interaction,0.7178777164288015,0.07279404857073904
646,HGB,0.685898047110378,0.08732563667912788
646,MLP,0.7092936654369566,0.05440844378023362
647,Context only,0.6903256746659304,0.0659806032433866
647,Driver history,0.5515283325181026,0.027378164097760987
647,Automation only,0.49056082871452616,0.018657803128059557
647,Additive,0.7339130098817965,0.060149856152881896
647,Interaction,0.7341530778210235,0.07673643631567828
647,HGB,0.7003852715318435,0.07772309225452918
647,MLP,0.7387053661186115,0.05471098211176433
648,Context only,0.7073314433926648,0.05914498066751177
648,Driver history,0.5178900012584069,0.021485430979749386
648,Automation only,0.44790632559180077,0.017054985708231465
648,Additive,0.727736860135069,0.057937578002887076
648,Interaction,0.7170802514017254,0.06183322333538156
648,HGB,0.698532383003118,0.07989614929515415
648,MLP,0.7138216767572254,0.05062577616102244
649,Context only,0.6948173007949171,0.08274090087209052
649,Driver history,0.48978526499680375,0.029439494716221367
649,Automation only,0.4432832179263836,0.02297955289229581
649,Additive,0.7281545379574189,0.07179352419038022
649,Interaction,0.7216819891961528,0.0810486915965753
649,HGB,0.6844977723774808,0.09216652959164676
649,MLP,0.7221319055078149,0.06316443056526633
650,Context only,0.7293863897606778,0.049802139511614114
650,Driver history,0.5164281624411811,0.016488239577259364
650,Automation only,0.5122237720691748,0.015416972578007592
650,Additive,0.7088197054429763,0.0431584934397392
650,Interaction,0.7011027591580887,0.04204411736330268
650,HGB,0.6957000357325824,0.052104847470726766
650,MLP,0.6908556877230595,0.041525876766083325
651,Context only,0.6842258708984658,0.08014640487710864
651,Driver history,0.5092234187540009,0.027320339188788977
651,Automation only,0.43880428273483807,0.021723931690011435
651,Additive,0.7268970563941602,0.06817566272643705
651,Interaction,0.7177035796146777,0.07997141353783782
651,HGB,0.6795746690895574,0.0833660161855477
651,MLP,0.7111529983273794,0.05644107723884789
652,Context only,0.6802222464766633,0.07202382429306453
652,Driver history,0.4750443117271739,0.027425169585311018
652,Automation only,0.4318538787399211,0.02071327362427842
652,Additive,0.7136670839188508,0.07225882670887925
652,Interaction,0.7070169140619671,0.08223772074092388
652,HGB,0.6731812579869116,0.10200366418201783
652,MLP,0.7075777032711661,0.06196098842716316
653,Context only,0.706197198661986,0.10953451089016605
653,Driver history,0.5831795234602946,0.041961983816484166
653,Automation only,0.4455570362772746,0.02853039120017222
653,Additive,0.7648348103742629,0.11872665799588122
653,Interaction,0.7561387734534742,0.1590694072306679
653,HGB,0.7190811205993966,0.1261541956630754
653,MLP,0.7801218802348562,0.10365616534480573
654,Context only,0.7152030040095062,0.06116354926179374
654,Driver history,0.5162271897572974,0.023550960809454465
654,Automation only,0.47444817284040497,0.018946636787834443
654,Additive,0.7163807314878856,0.06256304998233289
654,Interaction,0.7071636773049461,0.060772282091146816
654,HGB,0.6950766538563546,0.1051054464761815
654,MLP,0.7068750552542215,0.05801570763560175
655,Context only,0.7078479535379644,0.07588430690775554
655,Driver history,0.47976506798580537,0.022045421205948983
655,Automation only,0.4451254551064829,0.02110926890567106
655,Additive,0.7279692911962152,0.06631126927694567
655,Interaction,0.722559533579908,0.076686976664431
655,HGB,0.6973618613476735,0.10077494063371323
655,MLP,0.7178827234094083,0.05874772890986445
656,Context only,0.7073546425528121,0.11880247063758072
656,Driver history,0.5365109372139412,0.034592408365418395
656,Automation only,0.5143351740148552,0.0328152765100638
656,Additive,0.7471455218336907,0.0942044320555844
656,Interaction,0.735191076544682,0.10013411307107169
656,HGB,0.7148016386890105,0.11668508620574711
656,MLP,0.7476080086420334,0.07587792719458171
657,Context only,0.7119911849936664,0.07809137221250612
657,Driver history,0.5331517118117615,0.027079861293563327
657,Automation only,0.455012927519131,0.02254309064131199
657,Additive,0.7304022280449081,0.06954999244563398
657,Interaction,0.714543198736747,0.07381000053019575
657,HGB,0.6960806191327282,0.08404635137750287
657,MLP,0.709971542105537,0.0579776076703199
658,Context only,0.7062979433254631,0.06959283850122303
658,Driver history,0.47706766597681716,0.020257602380599066
658,Automation only,0.4316585961562752,0.018774439386780035
658,Additive,0.7065110922455087,0.05192885518618715
658,Interaction,0.6939498802479572,0.05444306671963767
658,HGB,0.6786562934192244,0.07292729789704552
658,MLP,0.6747348998260803,0.044031290121502004
659,Context only,0.6974457680636431,0.06341379745482006
659,Driver history,0.46082981355422514,0.01721148514877932
659,Automation only,0.43138822821837663,0.016450717744922717
659,Additive,0.7042392834686568,0.047621844702977936
659,Interaction,0.6877574906367041,0.05017577785932513
659,HGB,0.6720425312337681,0.07394745268625466
659,MLP,0.6814953593591951,0.04079847122313055
660,Context only,0.7168266040607373,0.04874348906506695
660,Driver history,0.5088909155589483,0.019727959867692442
660,Automation only,0.4918163913146146,0.015896282689268366
660,Additive,0.7333765295483659,0.052673792941149274
660,Interaction,0.7332415322153327,0.062270091710744414
660,HGB,0.7039616220611147,0.06531764044015953
660,MLP,0.7248985211415937,0.05268352277729578
661,Context only,0.6912727223492982,0.08358448564473467
661,Driver history,0.5227604455375101,0.03301712810383077
661,Automation only,0.485920452928446,0.023752561646050312
661,Additive,0.7302073444239848,0.07506338363451603
661,Interaction,0.7219084702674117,0.08044411044769031
661,HGB,0.6882027229652095,0.09584722523161522
661,MLP,0.7229719792204261,0.06443740201948778
662,Context only,0.7400636963717248,0.054998483243513065
662,Driver history,0.5683599062899991,0.023690964172012843
662,Automation only,0.5009316877148663,0.017601305658512388
662,Additive,0.7477584669010119,0.06655664738396135
662,Interaction,0.7443192002176164,0.06987377066046031
662,HGB,0.7298871782760369,0.09855222478334266
662,MLP,0.7470576802908862,0.06162089095380796
663,Context only,0.6911052671598493,0.08644099401672817
663,Driver history,0.4489415438041283,0.023669073123384232
663,Automation only,0.42669923751114086,0.02361763681397596
663,Additive,0.701873425116895,0.06484664497664207
663,Interaction,0.6878493858316826,0.06631244474128609
663,HGB,0.6666909696756198,0.09327969251921236
663,MLP,0.674357365881078,0.05150862218738934
664,Context only,0.688377911167242,0.06862585268490486
664,Driver history,0.48405964496189957,0.022762078961052732
664,Automation only,0.4943159407404743,0.021174849967781923
664,Additive,0.6906254858101676,0.05704986584209646
664,Interaction,0.6814100282781667,0.057375765548757354
664,HGB,0.6577259394685349,0.06805829965752119
664,MLP,0.6565889027788663,0.04687765203511354
665,Context only,0.6930785005940957,0.06704079153962575
665,Driver history,0.5011919043049081,0.025267244570310557
665,Automation only,0.43224882323370806,0.01890096797410288
665,Additive,0.7315496184078238,0.06018886188018707
665,Interaction,0.7199233388172928,0.06649921720336785
665,HGB,0.6859233616671236,0.07791736285960421
665,MLP,0.7328540581299698,0.06313590125031689
666,Context only,0.703817760190622,0.06311297574524596
666,Driver history,0.49453458106280024,0.020793696061273848
666,Automation only,0.4464326587025608,0.01737813942050599
666,Additive,0.7393983710850727,0.06193174261370382
666,Interaction,0.7382539343680214,0.07591813557405878
666,HGB,0.7140690887642724,0.11149451210474313
666,MLP,0.746592916523612,0.05955284956706136
667,Context only,0.6954309023244728,0.08751031213535128
667,Driver history,0.47869914030801564,0.026148536793827854
667,Automation only,0.45115551920087105,0.025137426558912795
667,Additive,0.7031522039425572,0.07019488618941133
667,Interaction,0.6925704627818917,0.07249582418698941
667,HGB,0.6732004702033033,0.0955887253803884
667,MLP,0.676646388697786,0.05584609147345074
668,Context only,0.6938925442649614,0.06301900414012222
668,Driver history,0.5033271109796819,0.020441099067388994
668,Automation only,0.4542107160019222,0.018115524733836787
668,Additive,0.7166786801217363,0.058120616102114775
668,Interaction,0.7054525684150864,0.05753345295620363
668,HGB,0.6826538030286229,0.08365505449798182
668,MLP,0.7023586416786801,0.04791407774223553
669,Context only,0.7108125367891691,0.05946630177518615
669,Driver history,0.514232210037365,0.022151648622838905
669,Automation only,0.4887141225623178,0.018297918017281395
669,Additive,0.7047443232712289,0.052721726497081955
669,Interaction,0.6901622162435379,0.052958195161572845
669,HGB,0.6739697832957978,0.05566131106917615
669,MLP,0.6636084336771254,0.04796116675350092
670,Context only,0.6643214552374529,0.07154569423041272
670,Driver history,0.5256248426726309,0.032035624416253475
670,Automation only,0.4662617069064546,0.021429147872869227
670,Additive,0.7143671581723331,0.06462523005378064
670,Interaction,0.7045137089019821,0.08253165075430823
670,HGB,0.656340867494362,0.06878220457418847
670,MLP,0.7018847628576221,0.05807572382689399
671,Context only,0.6925121455562517,0.08419013242192612
671,Driver history,0.531136197002105,0.025688612637293624
671,Automation only,0.5282898523127043,0.023489933735359556
671,Additive,0.7367253967204723,0.06904995045224012
671,Interaction,0.7361174366584453,0.08694586076302122
671,HGB,0.7000378117804164,0.08659739762563867
671,MLP,0.7332911046194655,0.06110599157664455
672,Context only,0.7097486847459598,0.06033115334473138
672,Driver history,0.46099890274386696,0.018204098412417002
672,Automation only,0.4228868736193466,0.016176022938530873
672,Additive,0.7090926927101501,0.051079050338238625
672,Interaction,0.7026610277874665,0.05748072092920943
672,HGB,0.685233366759679,0.07945677907277887
672,MLP,0.6920259998837344,0.048743307378643755
673,Context only,0.6917230039767513,0.07141416662641276
673,Driver history,0.3959951055368614,0.019848022565759023
673,Automation only,0.3826835423676965,0.019098342469377375
673,Additive,0.7191725298256347,0.06419939905598811
673,Interaction,0.7091749770572041,0.06660093669726301
673,HGB,0.6805786173141634,0.10519591352791612
673,MLP,0.7207460997246865,0.05404449810351978
674,Context only,0.7254791477901944,0.06858430320000629
674,Driver history,0.5511587007953287,0.027473283632591078
674,Automation only,0.4864773671096346,0.020634577787927284
674,Additive,0.7329587926608276,0.057985858774817545
674,Interaction,0.7214365939293266,0.06324719651903056
674,HGB,0.7124534380348334,0.07960428853501629
674,MLP,0.7213799645122321,0.06588693435725991
675,Context only,0.7338640105885967,0.048335723516777056
675,Driver history,0.5184842510379818,0.017263574045338785
675,Automation only,0.5096744538285183,0.015499230004800859
675,Additive,0.7217329668554862,0.04040777628932041
675,Interaction,0.7150279388477023,0.040755026038118196
675,HGB,0.7024965728872046,0.04694925136192775
675,MLP,0.7071071721198465,0.04063681599250875
676,Context only,0.7453427525189461,0.05034698456842934
676,Driver history,0.6233958759103627,0.030008614768952675
676,Automation only,0.5155258571042693,0.015446282568103232
676,Additive,0.7442349003378982,0.05268137742577521
676,Interaction,0.7488625243995046,0.05644673477702608
676,HGB,0.7370628475177485,0.07467732140473753
676,MLP,0.7472399254891369,0.06641743848804382
677,Context only,0.7165958142404967,0.10282636802752129
677,Driver history,0.5607175858034444,0.032591891729270676
677,Automation only,0.514545246212181,0.02978020157459567
677,Additive,0.7433839970229366,0.08663361821931251
677,Interaction,0.7310710227242863,0.09253874070940318
677,HGB,0.712032455457056,0.10799200110428493
677,MLP,0.7375021418667407,0.07089581522607505
678,Context only,0.7024536850349736,0.10710179971979594
678,Driver history,0.5097133473951952,0.03586558528925166
678,Automation only,0.4634498542115793,0.030679923347207087
678,Additive,0.7224788490469469,0.09078149198958524
678,Interaction,0.7112062247002807,0.10293755713030646
678,HGB,0.6859898684802332,0.11427144709027962
678,MLP,0.7083272911270686,0.07480392494404328
679,Context only,0.7059782773158093,0.07020342503510707
679,Driver history,0.4931558175351865,0.022622594519434873
679,Automation only,0.48239979199482697,0.021491717767523483
679,Additive,0.7266231092791648,0.06693445528196448
679,Interaction,0.7174516101288644,0.06556566416434914
679,HGB,0.6919536559377832,0.086237005910443
679,MLP,0.7197160156019806,0.053252142693579675
680,Context only,0.7408619687206622,0.039647243676401815
680,Driver history,0.6218228588802595,0.02362251464464292
680,Automation only,0.554898864897158,0.01243456180421282
680,Additive,0.7393410749338568,0.051205014420459195
680,Interaction,0.7381562313305454,0.05136596010119016
680,HGB,0.720554602820688,0.05834649385577892
680,MLP,0.7326807469915507,0.05093125624807746
681,Context only,0.7000624599195651,0.04015424356694548
681,Driver history,0.569654134155325,0.026556811063073674
681,Automation only,0.494942415291714,0.013518335394155055
681,Additive,0.7033705112892729,0.04389450493667932
681,Interaction,0.697682963460947,0.04803192633616361
681,HGB,0.6564099492453555,0.04408542451542975
681,MLP,0.6935122142518279,0.051724479487183776
682,Context only,0.7188555767424816,0.03366978910358592
682,Driver history,0.4812914433450147,0.016414511793504484
682,Automation only,0.44296064385350103,0.010308657005402103
682,Additive,0.6927609427609428,0.03195595359642892
682,Interaction,0.6794353684234636,0.03192302100694467
682,HGB,0.6670445956160242,0.03419777965874368
682,MLP,0.6843262557548272,0.041825385772345396
683,Context only,0.6934766291681796,0.057403466624443795
683,Driver history,0.5118069012888613,0.023676951662836447
683,Automation only,0.4439546905504732,0.017426487047263524
683,Additive,0.7124293332685412,0.051753986747744715
683,Interaction,0.7032184431878552,0.05950745500820171
683,HGB,0.6646506113341262,0.05444799848785774
683,MLP,0.6918441283489744,0.0490184535677592
684,Context only,0.7142091062999333,0.050256706540088916
684,Driver history,0.4874051820297415,0.017461736499321444
684,Automation only,0.4491727079011987,0.014355529289769412
684,Additive,0.7142352938956007,0.059577081610229086
684,Interaction,0.7066399474549432,0.06058550711238847
684,HGB,0.6921940675422917,0.07906277655186665
684,MLP,0.6882449309308062,0.0516552059808142
685,Context only,0.6937339408410704,0.06916018765725318
685,Driver history,0.4928686307310173,0.02330239400594808
685,Automation only,0.4701939047777047,0.021065556844240094
685,Additive,0.7232892119976853,0.06677136964831626
685,Interaction,0.7114251020248283,0.0663039278915877
685,HGB,0.6838884379322354,0.08426023665190643
685,MLP,0.7079731440500384,0.05641626729887411
686,Context only,0.7100144200648904,0.0600778547087514
686,Driver history,0.5485117933030699,0.029995018598412374
686,Automation only,0.47378243202094406,0.017775176936768708
686,Additive,0.7459188066346298,0.06329065922754203
686,Interaction,0.7357631609342242,0.06768123318489441
686,HGB,0.7071794073073329,0.08186964335421322
686,MLP,0.7457763559936019,0.06304487608490215
687,Context only,0.7120595561195117,0.07769958200024192
687,Driver history,0.560993620246026,0.028030829834548777
687,Automation only,0.5443926016002256,0.024280710422186637
687,Additive,0.738719995770329,0.07308778865967136
687,Interaction,0.7263003301493309,0.0707199821543247
687,HGB,0.7098530776732109,0.09720930606313877
687,MLP,0.7305661297334132,0.06299262405967467
688,Context only,0.7117974485070244,0.10854847842839324
688,Driver history,0.49959844053698,0.02993255497744613
688,Automation only,0.4416478822756532,0.028025418783051755
688,Additive,0.738478969751383,0.09231871456057683
688,Interaction,0.7271974237608323,0.11297075251218486
688,HGB,0.7033397888915126,0.12062541030447617
688,MLP,0.7310227897605116,0.07497369312005953
689,Context only,0.7078915870987142,0.06989851964975037
689,Driver history,0.5197837756559658,0.023875421673556975
689,Automation only,0.41635365761972776,0.019440497339648706
689,Additive,0.735134501165326,0.06967663257403095
689,Interaction,0.7258930907450567,0.07355341476934632
689,HGB,0.6981912638147507,0.08423296257063093
689,MLP,0.726029621832945,0.056782024181574214
690,Context only,0.7493709181526279,0.046460218706893736
690,Driver history,0.5166476537658208,0.01721518532801891
690,Automation only,0.5119815371905979,0.014999411833022974
690,Additive,0.7087830834216597,0.04630133587485981
690,Interaction,0.7046388880229442,0.04719760290812932
690,HGB,0.6933948110854793,0.04555110715516006
690,MLP,0.6821926242284431,0.04587619955236123
691,Context only,0.7045113649322728,0.08501095449195772
691,Driver history,0.5591502065391389,0.026636723732960714
691,Automation only,0.5289033363040053,0.02467309987497431
691,Additive,0.7430752368442172,0.0709698609591502
691,Interaction,0.7319177940437323,0.0715851108899956
691,HGB,0.7054346402882256,0.08257193121169559
691,MLP,0.7346497387638906,0.05856777818796084
692,Context only,0.7206398520252312,0.0529518374845425
692,Driver history,0.5176615126750506,0.01718607196585279
692,Automation only,0.4932449319633435,0.015254189253363564
692,Additive,0.7099092018090213,0.05044461294473502
692,Interaction,0.704656692585393,0.06032384985273039
692,HGB,0.6893241460705359,0.06407988575860944
692,MLP,0.6879802733367715,0.043680087434078224
693,Context only,0.7034399270077005,0.05337708931851272
693,Driver history,0.5535659321633313,0.028372788134519517
693,Automation only,0.5092582414059079,0.018335898251592916
693,Additive,0.7474705071902179,0.07041928855539517
693,Interaction,0.7466762762201569,0.08211037467868497
693,HGB,0.707500169472583,0.09318010325435752
693,MLP,0.7513431847287797,0.0727375990229462
694,Context only,0.7179629972015882,0.052129796849458634
694,Driver history,0.6069287094736987,0.030603417248286906
694,Automation only,0.5695021237911948,0.018399729956745967
694,Additive,0.755752077771336,0.06612259843029397
694,Interaction,0.7545654734138725,0.06666318295397913
694,HGB,0.7216366967815229,0.07074812354975456
694,MLP,0.7546569062760569,0.06513733751684515
695,Context only,0.6804298195790369,0.0802104134385056
695,Driver history,0.5472413004061881,0.036280061422093626
695,Automation only,0.49242709346045155,0.02504120465027375
695,Additive,0.7055572688171294,0.06556332005075376
695,Interaction,0.7000228531670947,0.09771776301887543
695,HGB,0.6577521891998312,0.07524386608298116
695,MLP,0.687343555987646,0.06694759831213631
696,Context only,0.7279087138900223,0.04015555316479741
696,Driver history,0.5624194467652412,0.023395138886829064
696,Automation only,0.4920223962280037,0.013183669272732897
696,Additive,0.7063029060692612,0.03711980894772999
696,Interaction,0.6983593046677159,0.038908688924657105
696,HGB,0.674706608117823,0.03344403402033687
696,MLP,0.7062435368510135,0.046070370138610914
697,Context only,0.7053661687462341,0.07328874907074226
697,Driver history,0.5561264854020427,0.025412591941197805
697,Automation only,0.5079268268936007,0.020692966185638675
697,Additive,0.7361991622385333,0.0703424061890425
697,Interaction,0.7302823119278917,0.08091503071779833
697,HGB,0.7069181249231533,0.09799324524773698
697,MLP,0.7383767411868974,0.05988092838839619
698,Context only,0.7222181545359221,0.04675322256152868
698,Driver history,0.48814879596485516,0.01725554494760055
698,Automation only,0.4389991683841342,0.012628522394382374
698,Additive,0.7323123440720252,0.04519483345751654
698,Interaction,0.7342901435441299,0.05440607886377923
698,HGB,0.698768394981379,0.0668028449458674
698,MLP,0.7257023538344723,0.048983856768481784
699,Context only,0.7541328396957989,0.04593721769866304
699,Driver history,0.5885436836990916,0.021176581192111264
699,Automation only,0.5558947280450828,0.015278517391088446
699,Additive,0.7245962475754645,0.04097529566169087
699,Interaction,0.7232754867779171,0.04356022769634318
699,HGB,0.716543867229128,0.05525189967800822
699,MLP,0.7233169995242421,0.04763264946769928
700,Context only,0.6852313424074028,0.056680072245167655
700,Driver history,0.48926165311987513,0.02259723549906816
700,Automation only,0.44495713859455865,0.015790461485032457
700,Additive,0.712876444137339,0.04656978273811139
700,Interaction,0.7087809981476454,0.05378615336438724
700,HGB,0.671934884166145,0.06569357715702828
700,MLP,0.7004640981979738,0.04615384645759452
701,Context only,0.6945639293299272,0.05622691611107644
701,Driver history,0.5111324003679878,0.023326398247177707
701,Automation only,0.48267918030376095,0.01798739951826146
701,Additive,0.7016654782302385,0.04428704072279503
701,Interaction,0.6887106661741924,0.0434727314738108
701,HGB,0.6664217119640494,0.05158817664606052
701,MLP,0.6850611403517771,0.04225501568342091
702,Context only,0.689883184823225,0.09266701717028113
702,Driver history,0.5101787870077609,0.029088906200132183
702,Automation only,0.5097890198332854,0.02771535086424593
702,Additive,0.7161859154929577,0.06944332249793175
702,Interaction,0.7095929864903708,0.08822114186315089
702,HGB,0.6749471687266455,0.0785640074365799
702,MLP,0.6909501580914056,0.05831414403421543
703,Context only,0.7034911471788139,0.05827715513466282
703,Driver history,0.5500565101850675,0.021431443578698625
703,Automation only,0.5324137304309773,0.018939188615269782
703,Additive,0.7233524259235731,0.05108823720489358
703,Interaction,0.7087647694066828,0.05018395702566329
703,HGB,0.6970634996259123,0.06733681712020749
703,MLP,0.7158428796284533,0.04800077251741674
704,Context only,0.7033690863141676,0.05278067924217086
704,Driver history,0.482987529035377,0.017649384472852334
704,Automation only,0.4187579343712048,0.014875516975417304
704,Additive,0.721635531833778,0.05181006813649014
704,Interaction,0.705116711407022,0.05173838916082129
704,HGB,0.6803542021215969,0.08886238128088157
704,MLP,0.7135182033635837,0.05172245017530725
705,Context only,0.6815407629466054,0.07311154391584135
705,Driver history,0.5558807321341284,0.02917120388732858
705,Automation only,0.49202233705882586,0.022235149614645372
705,Additive,0.7256969236536763,0.06917474368263163
705,Interaction,0.7108493765308542,0.07336330516508764
705,HGB,0.685653619273827,0.08551465825317281
705,MLP,0.7160739857118066,0.05728176140994434
706,Context only,0.7049238247897436,0.08047702957773832
706,Driver history,0.5897282012643019,0.03274243196907706
706,Automation only,0.5201819943155868,0.02238818697150817
706,Additive,0.7580447247539615,0.07945702724437599
706,Interaction,0.7515995775963136,0.08494681673273613
706,HGB,0.7197342813173643,0.09163673032616353
706,MLP,0.77125385821549,0.07022309957963592
707,Context only,0.7114866349518326,0.07560116956423571
707,Driver history,0.520904472027916,0.026734695420358
707,Automation only,0.47579523647282806,0.02190955482108803
707,Additive,0.7316032065199503,0.07302343503366301
707,Interaction,0.7255413949481527,0.08448945600733308
707,HGB,0.6989032977031457,0.09798865829388667
707,MLP,0.7250124705187933,0.06379345711185229
708,Context only,0.718639696950932,0.07516197972644809
708,Driver history,0.5589323438906698,0.027142559206564144
708,Automation only,0.5105436913205642,0.021551809143187117
708,Additive,0.7438504189431867,0.06673561769392779
708,Interaction,0.7345489394235303,0.07775661898550293
708,HGB,0.7142732740922104,0.08211679301198052
708,MLP,0.7380589878675577,0.06001829566115305
709,Context only,0.7090347923681259,0.052365669973384536
709,Driver history,0.5204215684959377,0.022008116800589794
709,Automation only,0.45668191431803656,0.015280774335360259
709,Additive,0.7293848176318296,0.06256483629772362
709,Interaction,0.7253868923855643,0.07125273257007535
709,HGB,0.6954592404791609,0.08555659874861882
709,MLP,0.7178958688254836,0.057169856995222534
710,Context only,0.6967923420872562,0.07766446872218849
710,Driver history,0.5476282119345934,0.02906358506646775
710,Automation only,0.48778580024067386,0.020754262188211876
710,Additive,0.7501371487223047,0.07192471545643844
710,Interaction,0.7461834312545716,0.08735077201744562
710,HGB,0.7116232804794602,0.08954380944952828
710,MLP,0.7581245133432435,0.06703605146692793
711,Context only,0.7027961433137995,0.08974501289991545
711,Driver history,0.5392495559434846,0.02551565637004504
711,Automation only,0.5528764018516736,0.026482042654771235
711,Additive,0.7417675816598168,0.0856601541827487
711,Interaction,0.7446180961239174,0.10309503548937406
711,HGB,0.7147280144297368,0.12297527671100664
711,MLP,0.7500246655639708,0.07189680440078815
712,Context only,0.7073181058171019,0.05926892426074422
712,Driver history,0.5619283868545201,0.023621385356328378
712,Automation only,0.47729563170778944,0.016166874882215326
712,Additive,0.7501343032783188,0.06064987519141455
712,Interaction,0.7408156685769891,0.06652289103220976
712,HGB,0.7221905454656506,0.09537199778973107
712,MLP,0.7566905242964,0.05986430213062867
713,Context only,0.6926237763912935,0.05538037653583111
713,Driver history,0.4662519123139407,0.02176529027144246
713,Automation only,0.427361843824519,0.01631228522850113
713,Additive,0.7040602304032056,0.05265143108575339
713,Interaction,0.6971309846579341,0.059261045736780094
713,HGB,0.6570902952449396,0.057525688761920546
713,MLP,0.6740549358115833,0.04637706068775691
714,Context only,0.7137561790391831,0.04755135962785377
714,Driver history,0.523584799247777,0.02034131037380507
714,Automation only,0.4838837393135785,0.015200800958374143
714,Additive,0.7037799296505447,0.04096517798334688
714,Interaction,0.697747075841333,0.0422058948549359
714,HGB,0.6707034584571848,0.03919851606258556
714,MLP,0.6713840777056477,0.04163938429538114
715,Context only,0.7070719539627507,0.06788956456801701
715,Driver history,0.49929245110983045,0.02394191696869584
715,Automation only,0.44814469010088037,0.019489770988450426
715,Additive,0.7183544410335713,0.06002668219777512
715,Interaction,0.7075866242399179,0.06486535474058254
715,HGB,0.6783418779727854,0.07235706547565939
715,MLP,0.6979107108088894,0.05278664263731677
716,Context only,0.687050928529531,0.07037915639387046
716,Driver history,0.48326197775883023,0.02698008057057507
716,Automation only,0.4180901499071773,0.01931367602405436
716,Additive,0.7296639636207511,0.05928201569500225
716,Interaction,0.7223799502929811,0.07073761678721954
716,HGB,0.6783520490539339,0.07594843538076379
716,MLP,0.7288460957011289,0.05648463571743759
717,Context only,0.7359760258603864,0.04856249530688987
717,Driver history,0.5139934627207449,0.017284139882988207
717,Automation only,0.4996227031549994,0.014731103066159726
717,Additive,0.7157048090270111,0.041895897372693065
717,Interaction,0.7109687719783129,0.041143032825947
717,HGB,0.70604254312795,0.05921237013753647
717,MLP,0.6994204967401457,0.04067325223551177
718,Context only,0.6774030500439299,0.05152157236698952
718,Driver history,0.4806826363572837,0.0226933877375579
718,Automation only,0.44726963515833995,0.015218251317264795
718,Additive,0.7028586212067798,0.04780930751550971
718,Interaction,0.6888799729275821,0.04778548286764932
718,HGB,0.6509140081704055,0.05502704526243994
718,MLP,0.6798584508264233,0.04542539998258155
719,Context only,0.7150122235738674,0.08288905999626747
719,Driver history,0.49623963493826506,0.022527838162529984
719,Automation only,0.46247054294999507,0.022153930438600162
719,Additive,0.7413283146159858,0.07183328759773092
719,Interaction,0.7264076209281688,0.0744100036398789
719,HGB,0.7046264464072683,0.1023399408864472
719,MLP,0.7286240251993676,0.06068999112589652
720,Context only,0.7088737859565966,0.09413461244090911
720,Driver history,0.4937698080765835,0.026894791682959482
720,Automation only,0.46110727728983686,0.02618496567761037
720,Additive,0.7264935638273153,0.08252656939425586
720,Interaction,0.7133616803754821,0.08816204378159527
720,HGB,0.6952180631070217,0.11631120375343265
720,MLP,0.7142188298712765,0.06525649301629795
721,Context only,0.6977568492108419,0.07385309680491291
721,Driver history,0.5214455928272739,0.027281407563689335
721,Automation only,0.46185761067387354,0.020835649483087585
721,Additive,0.7486913305212156,0.0761454096453895
721,Interaction,0.738886961391207,0.08483869618993954
721,HGB,0.708294834103318,0.10320543669703149
721,MLP,0.7541025266451192,0.06600973724752104
722,Context only,0.7156586347781271,0.06783727989420273
722,Driver history,0.531006550495582,0.01958565976515292
722,Automation only,0.5117712853760372,0.01893486208735213
722,Additive,0.7083012779815212,0.05422137940348249
722,Interaction,0.7027262609890725,0.06258898046402149
722,HGB,0.695256119148809,0.08079237018201837
722,MLP,0.6875738517959711,0.045354884462632694
723,Context only,0.7354652581433284,0.05017996086472198
723,Driver history,0.5353427876343724,0.019210725917998994
723,Automation only,0.5100982359885743,0.01433732936289675
723,Additive,0.737459362530358,0.049044674527599974
723,Interaction,0.7303759050305839,0.04823775890009689
723,HGB,0.7214803097117712,0.07128806410565874
723,MLP,0.7305508629005212,0.04765985756675375
724,Context only,0.690125874095185,0.05771324240478367
724,Driver history,0.49176345515047365,0.021951104465323532
724,Automation only,0.45669542009048425,0.01791138768537071
724,Additive,0.6794505849365802,0.043786751758122494
724,Interaction,0.6658278473624368,0.04421693001546543
724,HGB,0.6415188492974142,0.048911324316504606
724,MLP,0.6430360016954366,0.04144740450407347
725,Context only,0.6880290646149362,0.08429936810346154
725,Driver history,0.44806406982444896,0.02489846300663445
725,Automation only,0.4056837887118778,0.022470656020982836
725,Additive,0.7235724642053318,0.07414282222480795
725,Interaction,0.714600975350346,0.08756920117285354
725,HGB,0.6787095348580267,0.1009856229603682
725,MLP,0.7186573169690118,0.06194395881197821
726,Context only,0.769512171296839,0.047232974318439536
726,Driver history,0.6115219222269979,0.023818252217006158
726,Automation only,0.5549873663371495,0.01573394668870551
726,Additive,0.7338256011843516,0.052181528607902775
726,Interaction,0.7328417167020496,0.053859310513234254
726,HGB,0.7398887282546878,0.06988103194054744
726,MLP,0.7288768738847862,0.0646552465891224
727,Context only,0.7063819133507926,0.07720075487520911
727,Driver history,0.5441975725831433,0.025886247821577637
727,Automation only,0.4857514807618297,0.022288121547880853
727,Additive,0.7352010351252662,0.06783802885257302
727,Interaction,0.7232352592623882,0.07057034775118377
727,HGB,0.7020103219190299,0.08419871890810074
727,MLP,0.7190355629241643,0.05566619310546884
728,Context only,0.7159487831469609,0.07259729314469152
728,Driver history,0.4978390365634101,0.02042318213208605
728,Automation only,0.4778103844163069,0.019736575293430442
728,Additive,0.7356236809539771,0.061892065851407496
728,Interaction,0.7244227631471367,0.06415243710383521
728,HGB,0.7066881394899618,0.08593945950133022
728,MLP,0.7258322429165254,0.0526612706545945
729,Context only,0.7268666743169713,0.051083125353478816
729,Driver history,0.5466835929655449,0.02144174118860752
729,Automation only,0.48367377188704325,0.014248959763867431
729,Additive,0.7372361840280766,0.04754610594622485
729,Interaction,0.7303365655870174,0.0575564871528729
729,HGB,0.7081554637519006,0.05990077616071211
729,MLP,0.725729169655067,0.05373769740385821
730,Context only,0.7079649312436197,0.06982465906652742
730,Driver history,0.4946364018495166,0.01898545419652038
730,Automation only,0.45734687443703836,0.018555822991706005
730,Additive,0.7438374467062991,0.0561562441469891
730,Interaction,0.739223563321924,0.06495567914077484
730,HGB,0.7116495526331592,0.09339207931279073
730,MLP,0.7463333933825738,0.05024184777988981
731,Context only,0.6901453833166558,0.048244690247721725
731,Driver history,0.49238717628741313,0.01616261736328026
731,Automation only,0.5094827552900906,0.01583045542773389
731,Additive,0.700503413397828,0.04415803197820629
731,Interaction,0.7045446291624329,0.05317389813149343
731,HGB,0.6684047242816797,0.04768284243280976
731,MLP,0.6813578639508873,0.04183206185581053
732,Context only,0.7082603898177504,0.05771004398219901
732,Driver history,0.4693694258798841,0.018565326418343728
732,Automation only,0.4215841763417805,0.014523907191378761
732,Additive,0.7443394525102074,0.055045211683576414
732,Interaction,0.74081392845738,0.06874778824809935
732,HGB,0.6985177972673982,0.07667281709391743
732,MLP,0.7333687002463448,0.050911445849149375
733,Context only,0.7006195203112071,0.06113674672708877
733,Driver history,0.5587798621298088,0.037207204084673984
733,Automation only,0.4886727810729718,0.0196154359542905
733,Additive,0.7212380636594959,0.05570796001192981
733,Interaction,0.7134038572272312,0.05904725605810386
733,HGB,0.6789929288608169,0.0653618427895021
733,MLP,0.7123502915346163,0.06318822038970488
734,Context only,0.6987208619323346,0.09734700949276873
734,Driver history,0.5469835912834549,0.02953179735472638
734,Automation only,0.5411387297359567,0.026999840457316904
734,Additive,0.7438337557250748,0.0842364678075236
734,Interaction,0.739900259005046,0.08954383198829421
734,HGB,0.716114297686171,0.12169142875806158
734,MLP,0.7566434920868008,0.06865660701276147
735,Context only,0.7495921797593772,0.04319865372717977
735,Driver history,0.5384987615003539,0.022075718498543638
735,Automation only,0.49268105685303143,0.013432718332094655
735,Additive,0.7188579263977353,0.04256096702671441
735,Interaction,0.711279488086813,0.04407920507250411
735,HGB,0.6971776952111347,0.05311380292835637
735,MLP,0.7020685892899268,0.05329477040236677
736,Context only,0.709515599136531,0.06843843558903771
736,Driver history,0.5368611929153346,0.025773880958321345
736,Automation only,0.5108847561275258,0.02072937883036835
736,Additive,0.7201567404882364,0.054934172508206223
736,Interaction,0.7106054231705519,0.060880264783290595
736,HGB,0.6865539326556468,0.06091682035428222
736,MLP,0.6996910017751217,0.04950056733523271
737,Context only,0.6767876708159601,0.05931322113453884
737,Driver history,0.5099160757220683,0.022419170233748238
737,Automation only,0.46733363514623977,0.017922561708546024
737,Additive,0.6992412195270414,0.057920809618346086
737,Interaction,0.6893399808260036,0.06541188942612217
737,HGB,0.6589992239096691,0.07391727361029436
737,MLP,0.6786786301244788,0.04958106985181167
738,Context only,0.6988703916063639,0.0708300773535233
738,Driver history,0.5064670739583744,0.0262816752111896
738,Automation only,0.47062540366694344,0.020822918014677033
738,Additive,0.709392588345394,0.05078140899208988
738,Interaction,0.6950658718546932,0.05051329877930732
738,HGB,0.6709429000751315,0.06887410406520293
738,MLP,0.6883040386465789,0.050253544872058735
739,Context only,0.7151110250451845,0.060143736778667765
739,Driver history,0.5278824261202264,0.020515757384415148
739,Automation only,0.515236211847366,0.018714433803177385
739,Additive,0.7220452002597626,0.055603696881728296
739,Interaction,0.7144279745557824,0.0623638042704463
739,HGB,0.6941158290887184,0.06801321796077602
739,MLP,0.705869500582901,0.0482734109846214
740,Context only,0.6944918246663926,0.07618981053249785
740,Driver history,0.457984741268063,0.023486831887857242
740,Automation only,0.42366691719727156,0.021157655653890068
740,Additive,0.7241137598026008,0.07603328540080577
740,Interaction,0.7177575620063247,0.09321485402496868
740,HGB,0.6852737637732745,0.10049358281286687
740,MLP,0.7045196193825602,0.061244068638232285
741,Context only,0.7096115735598467,0.059582190978109
741,Driver history,0.5309691721852488,0.02870617438449992
741,Automation only,0.4568396259502361,0.018102408915885475
741,Additive,0.7281987799648787,0.0607199351655521
741,Interaction,0.7235271226335973,0.06732619118818815
741,HGB,0.6917361864661618,0.07763225982247685
741,MLP,0.7223221534394536,0.059914894938222794
742,Context only,0.7013353228590655,0.08793115465227516
742,Driver history,0.5207099388513414,0.027198411456664316
742,Automation only,0.5012036630679657,0.02463502809676246
742,Additive,0.7267823809941777,0.07727725438961804
742,Interaction,0.7246427631001492,0.09921458696224286
742,HGB,0.6949584540214753,0.10579199507544497
742,MLP,0.7121184060387957,0.06387864253279721
743,Context only,0.6728027184959349,0.07597246042431731
743,Driver history,0.4608224085365854,0.026385634479496215
743,Automation only,0.3865946392276422,0.02101045415281146
743,Additive,0.6921519308943089,0.06319810006432491
743,Interaction,0.6764964430894309,0.0818432264765108
743,HGB,0.6387681656504065,0.07848459803953413
743,MLP,0.6483353658536586,0.051724378713149194
744,Context only,0.7023321415865459,0.05529398189022777
744,Driver history,0.46856438433980296,0.019728474143964114
744,Automation only,0.40472485875458075,0.015406158306766617
744,Additive,0.7149391828482162,0.0509379079447693
744,Interaction,0.7006433456168168,0.053304963650288556
744,HGB,0.6845051688722766,0.08113456193429583
744,MLP,0.7072312603673918,0.04797348799871038
745,Context only,0.7018095798921752,0.06699156446103892
745,Driver history,0.49081091856067527,0.018777679959420143
745,Automation only,0.4553835687585496,0.01765774802189433
745,Additive,0.7140893030877157,0.05076414257397463
745,Interaction,0.7091991397408981,0.06583932181201466
745,HGB,0.6861103999180705,0.07951894042444939
745,MLP,0.6971540492893353,0.04713911685688173
746,Context only,0.7148540304779692,0.04815830209024823
746,Driver history,0.5390647108554772,0.02633689643980256
746,Automation only,0.4659052922574071,0.01462913228893737
746,Additive,0.7335271369244701,0.047221485606221456
746,Interaction,0.7266933826442539,0.05098471920032567
746,HGB,0.6928113591985737,0.05674984200872062
746,MLP,0.7219913352152135,0.06021028003720448
747,Context only,0.704278638635606,0.05846630428382673
747,Driver history,0.5031539576824171,0.021272463979915442
747,Automation only,0.46128680323004645,0.017281518832695755
747,Additive,0.7143745308370106,0.05044580290222966
747,Interaction,0.7012032942152464,0.0541335142406951
747,HGB,0.6764632852098735,0.05872151710185697
747,MLP,0.6887910270950514,0.04604001082113432
748,Context only,0.7101963056977427,0.0408982925636715
748,Driver history,0.6095024439875807,0.034665282513193035
748,Automation only,0.5193321515482084,0.014524304315850943
748,Additive,0.7368924121003608,0.061181911221200695
748,Interaction,0.7391512649995804,0.06382494312037745
748,HGB,0.6855479567005118,0.06531231612637153
748,MLP,0.726307743140052,0.062361030822507324
749,Context only,0.7104798336244187,0.04961626738678631
749,Driver history,0.4912678934119286,0.017643798806491914
749,Automation only,0.42675210569658073,0.012885882096795536
749,Additive,0.716704960245367,0.04693598085650994
749,Interaction,0.7081561045277373,0.05626811242251545
749,HGB,0.6774399718324952,0.07344971829312878
749,MLP,0.7000201260783998,0.050624224626359106
750,Context only,0.7229085896266372,0.05466259752135489
750,Driver history,0.5240779956994852,0.0196026993331138
750,Automation only,0.4978346745292239,0.016857495934277374
750,Additive,0.7210454404769662,0.04662584177739206
750,Interaction,0.7182814638040008,0.05314360597568421
750,HGB,0.7036527904476445,0.05809006876624276
750,MLP,0.7111000928520232,0.044132653429316895
751,Context only,0.6887236542015651,0.08814079935145236
751,Driver history,0.4189520172230743,0.023901984394067172
751,Automation only,0.37409178266682397,0.021468664872198343
751,Additive,0.7139382053399395,0.0648214455210922
751,Interaction,0.7001130510007472,0.07375433908269366
751,HGB,0.6679987023711218,0.09005099710572967
751,MLP,0.6970759112893713,0.05635204994166237
752,Context only,0.6850601377646587,0.07424864272426905
752,Driver history,0.5106629980149894,0.03365222962543059
752,Automation only,0.4518006921801324,0.0210993581201693
752,Additive,0.723422789353898,0.06375982201743843
752,Interaction,0.7193747216621275,0.07786032065095341
752,HGB,0.6762410232539404,0.08370652324325746
752,MLP,0.7147495574567695,0.06378773666507165
753,Context only,0.7098280718537415,0.041219083378661626
753,Driver history,0.5491186408457613,0.028901220313350927
753,Automation only,0.5255653944270017,0.016385887361256582
753,Additive,0.7169437937434588,0.05985365549444661
753,Interaction,0.7288562209739665,0.06481991941604767
753,HGB,0.6879364125457876,0.055675861992429215
753,MLP,0.7059563158195971,0.06369580299150465
754,Context only,0.6992731509737556,0.06190854174865674
754,Driver history,0.4830649665041529,0.02565549998857356
754,Automation only,0.3998088794752598,0.017335810518573736
754,Additive,0.7180693329055385,0.056101167780628416
754,Interaction,0.7099423381717563,0.06626033115292893
754,HGB,0.6747229988734201,0.07600313385210547
754,MLP,0.706843037519691,0.054306894472012174
755,Context only,0.6987553429807395,0.11316393329748954
755,Driver history,0.5822621622549524,0.036282916163328
755,Automation only,0.5404729718130944,0.03187309131918572
755,Additive,0.7509728945651801,0.0940129982894999
755,Interaction,0.7408295996841419,0.11558047679946737
755,HGB,0.7116518822741785,0.09917308936073446
755,MLP,0.7444003845229512,0.07521310226351519
756,Context only,0.7088400867180109,0.054949988437436814
756,Driver history,0.5319006096611529,0.019461529890840913
756,Automation only,0.4910083963156824,0.016654106980377698
756,Additive,0.726187681411124,0.054367964570535096
756,Interaction,0.7231804988281889,0.06311567737104368
756,HGB,0.7006621630793678,0.0775745131190508
756,MLP,0.7139724993711747,0.05501427435545683
757,Context only,0.7469109031033828,0.048869422300236914
757,Driver history,0.5319427701757442,0.014670227453475085
757,Automation only,0.5188481866104795,0.014280417055378795
757,Additive,0.7024956374154375,0.04303329417449807
757,Interaction,0.7006618151766719,0.04412946929331925
757,HGB,0.7006615305984225,0.0669086288972806
757,MLP,0.6918723313674667,0.04451882508175142
758,Context only,0.7136287920353048,0.04518200974336492
758,Driver history,0.5691954466143709,0.024555829322424397
758,Automation only,0.536816853979539,0.016358244375235167
758,Additive,0.7173492116772511,0.05521817040806222
758,Interaction,0.7133980491781106,0.05648228826270554
758,HGB,0.6899492275843537,0.05677264006620121
758,MLP,0.7172818087004661,0.05519780149565908
759,Context only,0.7076836229769652,0.10101467064450004
759,Driver history,0.551215795008368,0.030176766364783558
759,Automation only,0.4879950264481137,0.027558190942589843
759,Additive,0.7379424029610802,0.07928680351322158
759,Interaction,0.7265343788086043,0.09260589729344278
759,HGB,0.7029643354626873,0.10052965003306483
759,MLP,0.719393641059209,0.06293763294127343
760,Context only,0.6896631005097539,0.06740286710873875
760,Driver history,0.5335701513219582,0.0233703984898521
760,Automation only,0.5198798496461041,0.02085948996355344
760,Additive,0.7245339126033407,0.05916931750156009
760,Interaction,0.7216746716194575,0.07368409551172783
760,HGB,0.6895642198662968,0.07828141606336252
760,MLP,0.727086831034416,0.05525142576812049
761,Context only,0.7320425129704715,0.05743247850240392
761,Driver history,0.551428049108572,0.021636907068219156
761,Automation only,0.5005875529775604,0.01786725832878047
761,Additive,0.7343262659331835,0.059103563331064424
761,Interaction,0.7249461742397935,0.06411133927240095
761,HGB,0.710598825053706,0.07616158137712549
761,MLP,0.72192817963155,0.05378720280552578
762,Context only,0.6942159632550482,0.06161073300062815
762,Driver history,0.46703457838634194,0.022235591771932885
762,Automation only,0.42304012479417635,0.017678444529228485
762,Additive,0.7099984400727966,0.05303603841423596
762,Interaction,0.7062206430366582,0.06767561476490447
762,HGB,0.6647342057370655,0.06327275077045558
762,MLP,0.6887172198630731,0.048077533476999064
763,Context only,0.696703951751464,0.0882518693426961
763,Driver history,0.5325736059001601,0.024624111159237832
763,Automation only,0.5486227018245146,0.02467734947266293
763,Additive,0.7451108617646715,0.07963389043357107
763,Interaction,0.7449679745666632,0.09824723403589704
763,HGB,0.7116293815818693,0.10236735720322572
763,MLP,0.7453045922601306,0.06400678132721366
764,Context only,0.6919476894794018,0.06316460924346146
764,Driver history,0.49168162446728503,0.019597161123669028
764,Automation only,0.4038318709785243,0.016634703363733086
764,Additive,0.7329806969165205,0.05979637996591511
764,Interaction,0.7196724325227709,0.06376707895282713
764,HGB,0.6896811230884934,0.0916440263294998
764,MLP,0.7373096014038606,0.052025985298873235
765,Context only,0.7471938406980172,0.056312297223267936
765,Driver history,0.5870555017939234,0.024832500798451604
765,Automation only,0.5443209411122127,0.01743205814364266
765,Additive,0.7460027566854074,0.06958279036961186
765,Interaction,0.7396136979361471,0.07170196480174301
765,HGB,0.7257427021058069,0.08889667263917952
765,MLP,0.735860608291429,0.064078254649523
766,Context only,0.687344962691223,0.08484562840811948
766,Driver history,0.44302306587625145,0.02678068249850144
766,Automation only,0.3373333923195419,0.02141824717119232
766,Additive,0.7219731567376997,0.07604015831712713
766,Interaction,0.7058542677656251,0.08820786410507707
766,HGB,0.6790611437425842,0.110621405669275
766,MLP,0.7149261197737652,0.06481562771033211
767,Context only,0.7020945205227673,0.07036514288147107
767,Driver history,0.5141319511762743,0.022116263505635062
767,Automation only,0.4662853165378009,0.01857416080233939
767,Additive,0.7260451110166432,0.056300739712294594
767,Interaction,0.7188781950375865,0.06200680997909853
767,HGB,0.6964365225753704,0.08420021931294815
767,MLP,0.717307615915439,0.05142423954037122
768,Context only,0.6983968867902142,0.0888454600551774
768,Driver history,0.4727282110908098,0.025969155146523468
768,Automation only,0.4517094179341765,0.02378627589712303
768,Additive,0.7312120636879198,0.07494657070241094
768,Interaction,0.7224260256744892,0.07952784455352124
768,HGB,0.6936733265310965,0.1034734220907311
768,MLP,0.7283885817336212,0.06322134419286807
769,Context only,0.6973377535635964,0.06086646593207597
769,Driver history,0.5246818462171052,0.023323951605872407
769,Automation only,0.4444298245614035,0.016800821268299636
769,Additive,0.744651521381579,0.06226976961060253
769,Interaction,0.7359772478070175,0.07345854015727347
769,HGB,0.70046875,0.07999344217408849
769,MLP,0.7422961211622806,0.055438044524554274
770,Context only,0.6955860383623919,0.06451331392725994
770,Driver history,0.5522700836428021,0.025861780495498348
770,Automation only,0.5265161658091155,0.019413718181595728
770,Additive,0.7267644164793495,0.056842692308619026
770,Interaction,0.7240870360235513,0.0642166259612479
770,HGB,0.6908438140207399,0.06946801400875376
770,MLP,0.7211127220200584,0.052286901250062766
771,Context only,0.7255408948795325,0.057431635969091586
771,Driver history,0.5501258307155518,0.018273609164456046
771,Automation only,0.5318075406121879,0.01728840777359373
771,Additive,0.7206568416923087,0.04370360483272217
771,Interaction,0.7201442056675951,0.05624138934190105
771,HGB,0.7098498644028264,0.06141184436577652
771,MLP,0.7146321321414133,0.049358455434238675
772,Context only,0.7035071590477974,0.07013547423870645
772,Driver history,0.5510773988752984,0.030968942217791923
772,Automation only,0.47537223927043265,0.020112805615644172
772,Additive,0.7515254846734186,0.07263021761634943
772,Interaction,0.743465402938055,0.0794504239352743
772,HGB,0.7064382206470636,0.08765201838670428
772,MLP,0.7622385440828303,0.07012092226823083
773,Context only,0.7107835564709921,0.07950966556765264
773,Driver history,0.535768108479231,0.031620155651932116
773,Automation only,0.4463657169012473,0.022008751500127877
773,Additive,0.7468051264446733,0.07411534799905019
773,Interaction,0.7355658542167296,0.07861340630431601
773,HGB,0.7014798603959262,0.08618754078087332
773,MLP,0.7422439638402563,0.06828909922921311
774,Context only,0.7200759949923423,0.05221462580991222
774,Driver history,0.5650621268727308,0.026438045411291917
774,Automation only,0.4885320685871462,0.017043788986978513
774,Additive,0.7329831756513328,0.06588344450234992
774,Interaction,0.7261050489496914,0.07090180468557854
774,HGB,0.7158324819985885,0.10582627812602408
774,MLP,0.7346068807588477,0.06285932698274123
775,Context only,0.7052661037203409,0.06322492130091868
775,Driver history,0.49578456144897487,0.020094085093664112
775,Automation only,0.5002321613683484,0.019482828748963375
775,Additive,0.7060815480304078,0.05168359457494598
775,Interaction,0.7001184202948629,0.05381130568745743
775,HGB,0.681732319741995,0.06441537985638944
775,MLP,0.6839455914535821,0.04980231033543583
776,Context only,0.6952335035377435,0.05811719684504076
776,Driver history,0.5261019129046738,0.02516996880233887
776,Automation only,0.49652732471270433,0.018514591626671035
776,Additive,0.70517874578051,0.052043643517124
776,Interaction,0.7007056451264003,0.0542104314649116
776,HGB,0.6721029283857416,0.06459168512449251
776,MLP,0.6942237332531285,0.0524216762251451
777,Context only,0.7069757372030773,0.06800652307967758
777,Driver history,0.5810725039943658,0.02906542373944654
777,Automation only,0.5347962964997273,0.021214590521618504
777,Additive,0.7367853319809247,0.05976526186390069
777,Interaction,0.7323277540373914,0.06788677011345591
777,HGB,0.7037262336761957,0.07071337431702637
777,MLP,0.7363230352541685,0.059680431408814655
778,Context only,0.7459138274362822,0.04126570010762054
778,Driver history,0.5745998064676073,0.026426086392278773
778,Automation only,0.4795444791286244,0.012587297017385556
778,Additive,0.757664655813569,0.04969090150519772
778,Interaction,0.76219533976131,0.051966860380896734
778,HGB,0.7237455715470063,0.0788377491450743
778,MLP,0.7494136714907593,0.0558608004635899
779,Context only,0.7315712198201151,0.040845946990135815
779,Driver history,0.5455593513862532,0.024354755894136167
779,Automation only,0.4989188774460398,0.014709736617133224
779,Additive,0.7224613922168144,0.045005797569631606
779,Interaction,0.715470465176644,0.0454960750344755
779,HGB,0.6821601825054442,0.04454505896905482
779,MLP,0.7006655629584495,0.051376172999952376
780,Context only,0.6879619169621495,0.04089574502620429
780,Driver history,0.47554948074317505,0.02017049458813099
780,Automation only,0.42948615735535756,0.013097407811125185
780,Additive,0.7029524849375883,0.042595867053905966
780,Interaction,0.6905417603563089,0.042650869934976424
780,HGB,0.6571157283288651,0.0511840364923633
780,MLP,0.6875373857707054,0.04722208895896759
781,Context only,0.7127462295365825,0.061668602464185734
781,Driver history,0.5503675682544469,0.024833661547307914
781,Automation only,0.46900386175328207,0.01668929282381639
781,Additive,0.7526961056407012,0.06295625018965809
781,Interaction,0.7431251575317455,0.06920590507489645
781,HGB,0.7174955716560855,0.08985164624461851
781,MLP,0.7528675141438197,0.06225019739664553
782,Context only,0.6892847797554438,0.0551122963505981
782,Driver history,0.5754825291296546,0.02989877338705237
782,Automation only,0.5219777291052876,0.017484192512666013
782,Additive,0.7160550915978114,0.04633272763410543
782,Interaction,0.7080489361584299,0.04765272654586808
782,HGB,0.678836385209224,0.055052056204379446
782,MLP,0.7079918259752342,0.049357341483458196
783,Context only,0.6980529714013803,0.04382925901982881
783,Driver history,0.5075399337311791,0.020908532849480268
783,Automation only,0.463737902011202,0.013706060054736388
783,Additive,0.7343641816586414,0.04533819782789812
783,Interaction,0.7304155552742211,0.051913754754364674
783,HGB,0.6883101887220769,0.05456462991150594
783,MLP,0.725446703366264,0.04464988753982734
784,Context only,0.6832154766444397,0.05979710450866031
784,Driver history,0.4898723125835245,0.026798832368489685
784,Automation only,0.4341312758541953,0.01704583189416482
784,Additive,0.703294530066495,0.05225834426590996
784,Interaction,0.6940910450165803,0.053293784415968416
784,HGB,0.6612467271153064,0.07159419900483577
784,MLP,0.6840298584444772,0.05177469731972238
785,Context only,0.7268006697482353,0.06792345373862375
785,Driver history,0.5279717673386325,0.020700796448673717
785,Automation only,0.5134334375573586,0.02021103020672045
785,Additive,0.7454473791571721,0.06874847779444096
785,Interaction,0.7345395240427274,0.06690335573723484
785,HGB,0.7176661726645576,0.09435401135215635
785,MLP,0.7309298888375027,0.057602267888566074
786,Context only,0.6979571106676773,0.05039269311923591
786,Driver history,0.5044259594412733,0.01795633351281998
786,Automation only,0.4968242059870442,0.015982175203940508
786,Additive,0.721632051328325,0.05819664346406197
786,Interaction,0.7206811607653874,0.06728662399896519
786,HGB,0.6868910304336542,0.07173896510055998
786,MLP,0.7046092626107939,0.0518408997258766
787,Context only,0.708319453697535,0.06050162524932198
787,Driver history,0.5115846757670619,0.022676337278857192
787,Automation only,0.48081021299607796,0.01879101788699146
787,Additive,0.7090560616492771,0.05339152710716486
787,Interaction,0.705127021316333,0.054028923494644325
787,HGB,0.6876855457588943,0.07567593000537699
787,MLP,0.6990926899500751,0.05047529853839748
788,Context only,0.6935309550640936,0.06792626177585129
788,Driver history,0.5558916748837865,0.0296477976710674
788,Automation only,0.5073184603465276,0.02079201978701646
788,Additive,0.7236925975489505,0.06383925255976793
788,Interaction,0.7102593675165516,0.062208994924421245
788,HGB,0.6840884279475983,0.07563850433343972
788,MLP,0.7142697915199324,0.05331274047234212
789,Context only,0.6890551203977567,0.06870373992317005
789,Driver history,0.5157078746192177,0.02010189908156923
789,Automation only,0.46418796188441924,0.018242148508461085
789,Additive,0.73269169846193,0.059376819579793794
789,Interaction,0.7223528195181876,0.07133540696442592
789,HGB,0.6943772532212591,0.08663293247797496
789,MLP,0.7305896142236191,0.04891530943607755
790,Context only,0.7066056256860788,0.05046729355792455
790,Driver history,0.47146232648127134,0.016155115756151785
790,Automation only,0.4065992501839635,0.013513877858272573
790,Additive,0.7127008194122999,0.04265072993862802
790,Interaction,0.7011048852017828,0.041841847680991466
790,HGB,0.6782422989989394,0.06677831875167582
790,MLP,0.6996235604365544,0.041675671771282174
791,Context only,0.7081592955123043,0.076017229913278
791,Driver history,0.5189256340741688,0.02501117157493958
791,Automation only,0.46613180493318906,0.021040542787229492
791,Additive,0.7292658954180629,0.07155634572872445
791,Interaction,0.7162597227316454,0.07002427272576622
791,HGB,0.696124090706772,0.1031385401631646
791,MLP,0.7121170787229627,0.058049621835780656
792,Context only,0.7159844426226383,0.08174926890199483
792,Driver history,0.5572471721906432,0.027441766257171006
792,Automation only,0.5280629267588526,0.023806924585157468
792,Additive,0.7430095299830863,0.07238523702297589
792,Interaction,0.7400415898375899,0.08522327948087421
792,HGB,0.7106657370007925,0.08795464424003575
792,MLP,0.7348193007351078,0.06253394869473558
793,Context only,0.7398017424021041,0.053954943498385734
793,Driver history,0.5500780793395675,0.01734702331591588
793,Automation only,0.5434004947561529,0.01676427122270292
793,Additive,0.7379735494187935,0.057053259667806666
793,Interaction,0.7299170197740112,0.0537208530775381
793,HGB,0.7225192687025133,0.06983907252482756
793,MLP,0.7201761275082799,0.04742145391706461
794,Context only,0.7050112185823036,0.097965269757522
794,Driver history,0.5476082133620743,0.02944389312997288
794,Automation only,0.4821718973883745,0.02558471081836677
794,Additive,0.7491109493866923,0.08564320458189405
794,Interaction,0.7403863926528989,0.10446984518275074
794,HGB,0.7138620630607718,0.1069829664783418
794,MLP,0.7368221319587317,0.06909503492603597
795,Context only,0.7044660336991393,0.046720704205087
795,Driver history,0.5349620457441262,0.026249944498891665
795,Automation only,0.47864416019313516,0.015088968326931036
795,Additive,0.7224536901833788,0.05300638916584665
795,Interaction,0.7153794235798792,0.05318841964949875
795,HGB,0.6836644190478662,0.0584947778893842
795,MLP,0.711366158518778,0.054454486088332504
796,Context only,0.7127085470475816,0.05921050506612169
796,Driver history,0.5832418460695314,0.030692446657475808
796,Automation only,0.5047831005311825,0.019191279635100627
796,Additive,0.7409879921868413,0.0595783991179912
796,Interaction,0.738428690874343,0.06959759019809392
796,HGB,0.7111812220707681,0.0880742102605069
796,MLP,0.7449182850397683,0.06942653963762965
797,Context only,0.7016310919559836,0.04936536685850257
797,Driver history,0.5514272054614857,0.02980931246480105
797,Automation only,0.524918170584244,0.017717250033451034
797,Additive,0.716719071608083,0.06621668314040123
797,Interaction,0.7145754915450834,0.06493718150159475
797,HGB,0.6855438173540905,0.07609658446677867
797,MLP,0.7100632649889504,0.05731779114730005
798,Context only,0.6835193951201685,0.09342823935411032
798,Driver history,0.555960520824845,0.028256954424625686
798,Automation only,0.5305838907779037,0.02537017268423734
798,Additive,0.7459175056114853,0.07955799569139817
798,Interaction,0.7403677529119225,0.09773297656539084
798,HGB,0.7073174014070074,0.10218065551921719
798,MLP,0.7528364853953226,0.06629389014220337
799,Context only,0.7202013430290999,0.05367396096163503
799,Driver history,0.573322446272474,0.023261270136214263
799,Automation only,0.5295288662187783,0.016965878743713626
799,Additive,0.7191724799913476,0.04898206088729299
799,Interaction,0.7150299891208917,0.05019680109011247
799,HGB,0.7081826322352432,0.06359322177380565
799,MLP,0.708452422987365,0.0517834928911152
800,Context only,0.7000915464743589,0.04438684377230859
800,Driver history,0.5014675480769231,0.016812441569770777
800,Automation only,0.4556800881410257,0.013214199761133024
800,Additive,0.7070594951923077,0.04510680230385231
800,Interaction,0.6977594150641026,0.05411481873785125
800,HGB,0.6666706730769231,0.05412929268260604
800,MLP,0.6883110977564102,0.04690402882786762
801,Context only,0.7034565630512019,0.050387540253053364
801,Driver history,0.5796822293430661,0.03059737620381315
801,Automation only,0.5103087089438838,0.01513406290650075
801,Additive,0.743820028451444,0.04968256233870802
801,Interaction,0.7423498575631626,0.0608966833285542
801,HGB,0.7000986101182244,0.059336135309636974
801,MLP,0.7425016345210853,0.05613436344808367
802,Context only,0.7061321922284489,0.055351574438004224
802,Driver history,0.48585229387368434,0.022189045273245805
802,Automation only,0.41854081747129884,0.0156277051725123
802,Additive,0.7102268497990423,0.048530307838130025
802,Interaction,0.6973338604354647,0.05274047475715858
802,HGB,0.6709773292660993,0.061145724393048974
802,MLP,0.6957415133885723,0.04701150710096466
803,Context only,0.7286731786731786,0.0539180539328079
803,Driver history,0.5194083694083693,0.022705804105366812
803,Automation only,0.4583142783142783,0.01666105525966152
803,Additive,0.7180604580604582,0.05035123059043085
803,Interaction,0.7072856772856773,0.05342027531507182
803,HGB,0.7021088171088171,0.07595238649568853
803,MLP,0.7095719095719095,0.053264229835456825
804,Context only,0.6922677978949048,0.06700036549956656
804,Driver history,0.5561008180804278,0.03120780331845032
804,Automation only,0.48571500061416395,0.019546611231671413
804,Additive,0.7539449100153524,0.07174188282877195
804,Interaction,0.7540243488899381,0.0983972240246789
804,HGB,0.7083532951210183,0.08587497969044885
804,MLP,0.762764024898313,0.07634747947374125
805,Context only,0.7018105564648118,0.05778209909527231
805,Driver history,0.5472659708620643,0.031214016525896917
805,Automation only,0.45714446218239385,0.017288585502706746
805,Additive,0.7309134447693917,0.05859113005130797
805,Interaction,0.7244929033296665,0.06535871502396676
805,HGB,0.6866543358106839,0.06661258260602602
805,MLP,0.7298107107402538,0.06083739353076861
806,Context only,0.694421483505417,0.06755694720450148
806,Driver history,0.43455494530206146,0.01879941053377599
806,Automation only,0.4375788986440678,0.01939220543262935
806,Additive,0.6770486271251828,0.046413417852449124
806,Interaction,0.6687058680897079,0.05089196973350348
806,HGB,0.6502726027592421,0.06493679403341242
806,MLP,0.6411693159663899,0.041898876931501766
807,Context only,0.7058585419010309,0.056902999482524995
807,Driver history,0.5105163311348239,0.02351284820503604
807,Automation only,0.47872287944550684,0.01796043242172465
807,Additive,0.7189923385452133,0.058272028340109
807,Interaction,0.7173837589843925,0.0711405254631674
807,HGB,0.6815677572295785,0.063591160160729
807,MLP,0.7023863533254695,0.057991029743491636
808,Context only,0.7081093728758614,0.06924127446548162
808,Driver history,0.512037983519299,0.0288975425868579
808,Automation only,0.4572280187603918,0.020434745303837674
808,Additive,0.731580940790781,0.0669144593817791
808,Interaction,0.72585458996936,0.08045007935719439
808,HGB,0.6939349961307999,0.09134312325968041
808,MLP,0.7245797800307444,0.0657995633291151
809,Context only,0.6908489050028553,0.08440169133984242
809,Driver history,0.4633936279001819,0.02391671544661153
809,Automation only,0.4621792700904419,0.02362107656726656
809,Additive,0.7149783523911974,0.07607864567113089
809,Interaction,0.7127906822316958,0.09989358840368938
809,HGB,0.6801147456073947,0.10323189474142087
809,MLP,0.6981602852703295,0.06079506706200777
810,Context only,0.6907495052060924,0.04371914221446387
810,Driver history,0.5013353108216869,0.01807780540233447
810,Automation only,0.459083960578466,0.012694483148235744
810,Additive,0.7130309227210374,0.04391726842990171
810,Interaction,0.7024562531320074,0.04564479347133368
810,HGB,0.6661166144454512,0.056126673660531805
810,MLP,0.6951727855758085,0.0460056827177697
811,Context only,0.695949379564325,0.09063052289849523
811,Driver history,0.4456910850532935,0.025720007800072324
811,Automation only,0.3911675056130078,0.02425368559441443
811,Additive,0.7051714190933611,0.07621016202090013
811,Interaction,0.6935595844210789,0.08935594849916548
811,HGB,0.6711760633464584,0.10923715439462207
811,MLP,0.6756465175313342,0.06199855103662362
812,Context only,0.6942391844137523,0.055196890588224315
812,Driver history,0.535186011529908,0.030006846305870784
812,Automation only,0.45650176691161115,0.016369937743876028
812,Additive,0.7175750127750229,0.05895997137067681
812,Interaction,0.7111673492007514,0.06901247688090288
812,HGB,0.6714550211237702,0.07097470372503048
812,MLP,0.7056359442361256,0.05838525477852552
813,Context only,0.6919219653122589,0.05831003368677126
813,Driver history,0.4876903601513599,0.021477622562106762
813,Automation only,0.4546801737951316,0.017763421230109884
813,Additive,0.704964825403888,0.05014810446093774
813,Interaction,0.6927366544711355,0.05137932548338735
813,HGB,0.660888575198747,0.06292541885359584
813,MLP,0.6864431807188144,0.0496907983721228
814,Context only,0.6999281449874476,0.07068353673288583
814,Driver history,0.48069229199748054,0.02311171658314025
814,Automation only,0.4197469698179377,0.01951927397905207
814,Additive,0.7254992149174555,0.06583696015296989
814,Interaction,0.7115229714265439,0.07700109467203287
814,HGB,0.6820913948447724,0.08335034159089566
814,MLP,0.7049472028292542,0.05716158629323927
815,Context only,0.708642256948405,0.07678455570154871
815,Driver history,0.5131653915426395,0.02634162707060415
815,Automation only,0.46016768831490706,0.021527507470236643
815,Additive,0.7306985933502035,0.07483652559338366
815,Interaction,0.7234353855014667,0.09497368840790593
815,HGB,0.6896528367461031,0.08712363310282868
815,MLP,0.7156649444395158,0.061917189229298106
816,Context only,0.7050582479030754,0.05879076886626895
816,Driver history,0.47515222118670386,0.022399703647846186
816,Automation only,0.40817684063373716,0.01556317960342794
816,Additive,0.7386686470953712,0.05304291166989056
816,Interaction,0.7342099642746194,0.06780442684695469
816,HGB,0.6894481981981981,0.06375848101729442
816,MLP,0.7268186936936938,0.049432029218872256
817,Context only,0.7112723635295574,0.06611856580898813
817,Driver history,0.5543731084766164,0.028148405430840615
817,Automation only,0.46776221445375826,0.019129656744325145
817,Additive,0.7503023557834902,0.0697481886892616
817,Interaction,0.7408123436028715,0.07576876112538271
817,HGB,0.7136397373248136,0.0782340072056523
817,MLP,0.7503819041503371,0.06399503264122987
818,Context only,0.6818035899180976,0.05376561164273272
818,Driver history,0.4950290701056354,0.021967697456563944
818,Automation only,0.40156010051654334,0.014960329604687423
818,Additive,0.7193147875075621,0.05242424564227978
818,Interaction,0.7040057194960212,0.06717092157180185
818,HGB,0.6642328269696124,0.06875511786694347
818,MLP,0.7092591340336916,0.04998167658626984
819,Context only,0.7349049768712033,0.045247277857015794
819,Driver history,0.4991799790244866,0.015010540709477844
819,Automation only,0.4573556160163751,0.012381637783410851
819,Additive,0.7224483591980666,0.04237571260567523
819,Interaction,0.7168148632285064,0.043094258034369295
819,HGB,0.702777735556535,0.06988811380640142
819,MLP,0.710686872064568,0.0438239680726701
820,Context only,0.7009769222725409,0.08409484363030222
820,Driver history,0.5432171613809176,0.0309336794620429
820,Automation only,0.5217138685846204,0.02445897053501629
820,Additive,0.7495149287604584,0.07729331816631815
820,Interaction,0.7467642286606002,0.0905043834939116
820,HGB,0.7106026489457421,0.09390602525373998
820,MLP,0.7545509363584235,0.07222337145888247
821,Context only,0.721910234897436,0.05753405387250651
821,Driver history,0.5144401263877721,0.01787574075360021
821,Automation only,0.5164806526073683,0.017194492720405286
821,Additive,0.711971225045297,0.051901223701402065
821,Interaction,0.7015324254132385,0.05073049788945847
821,HGB,0.6931683738743448,0.066312634700129
821,MLP,0.6906728095556497,0.045026023383630105
822,Context only,0.7051233765444849,0.07176113589414497
822,Driver history,0.4211643232904577,0.02155700511782533
822,Automation only,0.39598620529259954,0.019596463010240442
822,Additive,0.7278157396431219,0.07282361567074619
822,Interaction,0.7254240553454492,0.07868837160955879
822,HGB,0.7010314789391197,0.12421289620508225
822,MLP,0.731997542362144,0.06300394371015523
823,Context only,0.7154424562906877,0.04286155111016545
823,Driver history,0.5180484901498816,0.013431924530484474
823,Automation only,0.49026342844872883,0.012381196784211847
823,Additive,0.7400195132184244,0.049899301581101924
823,Interaction,0.7389147207046923,0.05599292791194912
823,HGB,0.7118522516888532,0.08927312286722391
823,MLP,0.7416259893904296,0.04316920207543935
824,Context only,0.7108065484082567,0.03290141525043021
824,Driver history,0.564906706602596,0.03314251051007541
824,Automation only,0.4931606889190539,0.011839898753181106
824,Additive,0.716850640150051,0.03711379685805096
824,Interaction,0.726351402601863,0.041627817140100054
824,HGB,0.6644332158354536,0.03223689960042099
824,MLP,0.7113092872274001,0.04675595291224317
825,Context only,0.700407654470723,0.07521839452498452
825,Driver history,0.5492389197286105,0.029954969917600133
825,Automation only,0.4765119238284793,0.02143660383106802
825,Additive,0.7349470088061658,0.06997710862327733
825,Interaction,0.7285182874365712,0.07762202455412494
825,HGB,0.6979623431450296,0.08455927866062853
825,MLP,0.735034474403031,0.06363769981077284
826,Context only,0.7030269413095589,0.08014439932254033
826,Driver history,0.5690311296361138,0.031923446490550234
826,Automation only,0.5178663775688852,0.02414029486624873
826,Additive,0.7444878390389743,0.07841659701107274
826,Interaction,0.7349048536105799,0.08441923773197268
826,HGB,0.7121468203733131,0.08710888846410852
826,MLP,0.7385686292994317,0.06698966599357825
827,Context only,0.7063222449156962,0.11751155114611185
827,Driver history,0.49748211078278004,0.03328652446075215
827,Automation only,0.5097752440755547,0.03400366025245261
827,Additive,0.7322127223477606,0.09524810124237656
827,Interaction,0.7205957761168087,0.1054156403994473
827,HGB,0.6903819203024509,0.10457271104597307
827,MLP,0.7237770873167623,0.07717098313496648
828,Context only,0.7150176082089134,0.03711956861091537
828,Driver history,0.571862307181674,0.021137539736699157
828,Automation only,0.5462246424914772,0.013757416718217369
828,Additive,0.7010081121524769,0.030307623788083257
828,Interaction,0.6982639318624198,0.0316665020390007
828,HGB,0.6800686888916392,0.033358122478159925
828,MLP,0.7031441622880545,0.039677842190801685
829,Context only,0.7005949942651155,0.05009666989450361
829,Driver history,0.5206072833032934,0.020418134601347667
829,Automation only,0.4669551859741111,0.01463188256071178
829,Additive,0.7240183106668852,0.05707799960008333
829,Interaction,0.7210918810421104,0.06531047858624896
829,HGB,0.6919627642143208,0.08463359347190927
829,MLP,0.7139445764378174,0.053924051828402354
830,Context only,0.7389430306296642,0.047547118565012064
830,Driver history,0.5725864061083917,0.023966350179992085
830,Automation only,0.49589562246336377,0.013548145938162186
830,Additive,0.7241617422186518,0.04605392017937987
830,Interaction,0.7257423533883041,0.05234702498784941
830,HGB,0.7070667364923524,0.06175043227733446
830,MLP,0.7172247213433987,0.057549184512121605
831,Context only,0.6941727776585748,0.06539246810667657
831,Driver history,0.48719069835296486,0.027951351409907906
831,Automation only,0.42004834761139165,0.018211168163991737
831,Additive,0.7216721346020707,0.056585721203147255
831,Interaction,0.7171688195018242,0.0748006893009654
831,HGB,0.6733223903530007,0.06744382543349632
831,MLP,0.7036038464803374,0.05323144760458764
832,Context only,0.6950086050963246,0.04550957189111225
832,Driver history,0.48862129673533183,0.02074878361027064
832,Automation only,0.4434335651440915,0.013138296957592428
832,Additive,0.7102690409707955,0.039837304034093066
832,Interaction,0.7125533428165007,0.04787903256151192
832,HGB,0.6668585251918585,0.05145582186932221
832,MLP,0.6990178775266495,0.04220720523685872
833,Context only,0.6728718740135385,0.0680972735174821
833,Driver history,0.513384953914371,0.02386707869018729
833,Automation only,0.45818619098691976,0.019013151694044078
833,Additive,0.7092496463353325,0.059329392164054
833,Interaction,0.6976117866480589,0.07136759330720106
833,HGB,0.667406455003209,0.07940489079884124
833,MLP,0.6913021259261584,0.04936950846871409
834,Context only,0.7167646133292112,0.05227377953605626
834,Driver history,0.5021983942084033,0.017733802752416185
834,Automation only,0.48433244449842466,0.01643691237482017
834,Additive,0.7106536433030062,0.04722493917402342
834,Interaction,0.702243756072785,0.04693828362164475
834,HGB,0.6859624812295734,0.06949773373236172
834,MLP,0.6956667457968966,0.04475897247984701
835,Context only,0.6900754715658333,0.06968095808161973
835,Driver history,0.5354879361173333,0.03436213895098435
835,Automation only,0.5026961892643187,0.02208911145530545
835,Additive,0.7290229008703943,0.07343241773290125
835,Interaction,0.7284981403778135,0.08947041729684826
835,HGB,0.6765165297802456,0.07494784012408118
835,MLP,0.7179075832623487,0.07615890872103578
836,Context only,0.6921978413603503,0.058576987947095496
836,Driver history,0.5009722363642535,0.023177353246389674
836,Automation only,0.44237314597970334,0.0173611887403161
836,Additive,0.7076098835827987,0.04914896193272085
836,Interaction,0.6997878695312765,0.06409534143430624
836,HGB,0.6629827240946271,0.059320831893316855
836,MLP,0.6855143739605607,0.04723366629915345
837,Context only,0.7528760807909151,0.040256561725457586
837,Driver history,0.5376850118843941,0.022843586106010713
837,Automation only,0.4800457003754779,0.012896650077190923
837,Additive,0.7275396433533512,0.0443834633916599
837,Interaction,0.729471575055403,0.04663218634256653
837,HGB,0.7165385410327366,0.07660597996317149
837,MLP,0.7165836098703625,0.054805606053496735
838,Context only,0.7644661441921602,0.0475962899037963
838,Driver history,0.5969806727947135,0.0217291311299029
838,Automation only,0.5500235203557988,0.014793029109223617
838,Additive,0.7258649076291481,0.040298448102014627
838,Interaction,0.7277651047950016,0.04200563738754912
838,HGB,0.7258972621855699,0.05605521606238177
838,MLP,0.7237570786142572,0.04987011747269966
839,Context only,0.7015486409589402,0.08309274501491862
839,Driver history,0.4941179041434326,0.022835252786553763
839,Automation only,0.4778328795789982,0.02283303348257766
839,Additive,0.7305780841246948,0.06719058159250631
839,Interaction,0.7251458863340801,0.07849375125621473
839,HGB,0.6999023813012815,0.09132318388074653
839,MLP,0.7103113698606491,0.05255204493733074
840,Context only,0.6948636972303728,0.08342267801415226
840,Driver history,0.46641021923378356,0.030506607143761966
840,Automation only,0.41496389239912324,0.023190431616608522
840,Additive,0.7293329560791159,0.07985129560644316
840,Interaction,0.7220878156352608,0.08904985175339447
840,HGB,0.6878396827044102,0.10868055133806448
840,MLP,0.7265849639903982,0.0694006914100729
841,Context only,0.7108471420279389,0.03834488418519159
841,Driver history,0.5002873349070713,0.013558615395519523
841,Automation only,0.4724706918394787,0.011543146775223573
841,Additive,0.721004627797645,0.04081233145543199
841,Interaction,0.7101724954105137,0.03943209184046775
841,HGB,0.6881946550983972,0.06560678199171188
841,MLP,0.7133649305515466,0.03871816305787545
842,Context only,0.7024945981908518,0.0608370073065934
842,Driver history,0.5059711523723878,0.0192886314873947
842,Automation only,0.4593363811337492,0.017180200407943897
842,Additive,0.719934506878914,0.05783422854720954
842,Interaction,0.7090091528959529,0.06242872971325577
842,HGB,0.6872189736766077,0.07879747444064344
842,MLP,0.7006928083032553,0.049628313872007244
843,Context only,0.6769392840292522,0.08276621137660145
843,Driver history,0.45031463788629394,0.02826347292441212
843,Automation only,0.4313234253361642,0.02380296868840228
843,Additive,0.707128302665723,0.08422966119660297
843,Interaction,0.7032515038924274,0.10400168589393524
843,HGB,0.6624905638122198,0.11357852875554178
843,MLP,0.690157318943147,0.06771742969016843
844,Context only,0.7053670301823256,0.05419901145275266
844,Driver history,0.5280611933137719,0.02213301633841908
844,Automation only,0.5010230160879628,0.016956016302223934
844,Additive,0.725678137456305,0.05722115977046933
844,Interaction,0.7262265056175212,0.06747839761281194
844,HGB,0.6924285376941021,0.06616148783825328
844,MLP,0.7128516051102709,0.05375855033473009
845,Context only,0.6947075560857513,0.12133605312868029
845,Driver history,0.4923059586768901,0.03522616873496108
845,Automation only,0.45009424735536707,0.03334409613972049
845,Additive,0.7215662598537271,0.09449172392582655
845,Interaction,0.70932815307158,0.11226157052849642
845,HGB,0.6772531435325114,0.11225287154288886
845,MLP,0.6958566044946115,0.07123297082765291
846,Context only,0.7154795705030587,0.08642485691900975
846,Driver history,0.5587664223214516,0.028644074762931876
846,Automation only,0.5406997715716387,0.025133635332631177
846,Additive,0.7578627106832203,0.08221257769600393
846,Interaction,0.7527685646439356,0.08771377178623738
846,HGB,0.7197398562320935,0.09528745452936324
846,MLP,0.7584702397852515,0.07614722839114009
847,Context only,0.7010583888636478,0.05547769482450056
847,Driver history,0.5999658719942114,0.04153830316771769
847,Automation only,0.5075991342319148,0.018046665486413694
847,Additive,0.7498156877345314,0.06019267409940982
847,Interaction,0.7518817730156326,0.07354356316975573
847,HGB,0.7018587405556397,0.061629299100677354
847,MLP,0.7568405880323759,0.06510899397280634
848,Context only,0.7234371197231636,0.042889957042429656
848,Driver history,0.5577540172572824,0.022212358673184968
848,Automation only,0.5098347898468769,0.015451519519433403
848,Additive,0.7216117909083286,0.0582361236355546
848,Interaction,0.7144224496014955,0.05689244613088867
848,HGB,0.6975910772610046,0.10291105620668263
848,MLP,0.7081519082611212,0.05734848598276921
849,Context only,0.716638390430652,0.051750078747663034
849,Driver history,0.5657545570198588,0.035196258223706124
849,Automation only,0.4823590258139222,0.016804547019517387
849,Additive,0.7450833320204495,0.06332083440687845
849,Interaction,0.7463978569796844,0.06667877318700878
849,HGB,0.7024186274587032,0.08268601710153539
849,MLP,0.7438692426760775,0.06292269262032135
850,Context only,0.6883451940960733,0.06144824976031374
850,Driver history,0.5511369600258289,0.036742463599739206
850,Automation only,0.4728806948029386,0.01903710518130222
850,Additive,0.7382980986174819,0.061368490423109184
850,Interaction,0.7357876099572902,0.07276458968591179
850,HGB,0.6821214547185374,0.06647849005273092
850,MLP,0.7386930147307174,0.06773841901790208
851,Context only,0.7187246041725601,0.059321068082078494
851,Driver history,0.48787602176049394,0.017502179382518607
851,Automation only,0.4745876167288294,0.016722836723414278
851,Additive,0.7391563393708294,0.06196009241159871
851,Interaction,0.7323590465149362,0.0658095504229085
851,HGB,0.7129815702940152,0.10367743612534097
851,MLP,0.7298450128931091,0.05143871654092466
852,Context only,0.7099247034139994,0.06779795916128104
852,Driver history,0.5597775529357961,0.02528541663042594
852,Automation only,0.4933021930373509,0.01960703045169928
852,Additive,0.7543913454308511,0.07011600787022797
852,Interaction,0.7544184156411038,0.08357118961142286
852,HGB,0.7197296928040693,0.09765808273006266
852,MLP,0.7597353234078018,0.06336495299826478
853,Context only,0.6891109097693345,0.08166279613484388
853,Driver history,0.45361661851654483,0.024184887752439738
853,Automation only,0.41894903637398745,0.021846217205099817
853,Additive,0.7198243085140269,0.06553694301617015
853,Interaction,0.7123348326104917,0.07497335861144519
853,HGB,0.6746852124689434,0.08290140736742585
853,MLP,0.7073513708375088,0.055843707179722826
854,Context only,0.6996552538653128,0.07684269393828526
854,Driver history,0.4632014828188236,0.024319386895652648
854,Automation only,0.42441883379963635,0.020262007473898395
854,Additive,0.7346408842331988,0.061902710109013874
854,Interaction,0.7283284664410039,0.06708094101208689
854,HGB,0.6975555995899906,0.08660824366676657
854,MLP,0.7408440313905721,0.05771778393548719
855,Context only,0.7031226655697244,0.10511586302213272
855,Driver history,0.5117870835047306,0.02845081348595572
855,Automation only,0.47212219936925814,0.027679816533930326
855,Additive,0.738920389414507,0.08745099832809969
855,Interaction,0.7346177430412724,0.1118087128069432
855,HGB,0.7030363362128067,0.11109412796051685
855,MLP,0.7363921568627452,0.07092088638683133
856,Context only,0.7586497839267287,0.042224583910944455
856,Driver history,0.568172326496388,0.01377842456189935
856,Automation only,0.5371912087203303,0.011262161543555518
856,Additive,0.7476550406346749,0.04964544692681068
856,Interaction,0.7476187596749226,0.05129053926431884
856,HGB,0.7453636964654283,0.08000824239102419
856,MLP,0.7390403283023737,0.04540248204496954
857,Context only,0.6856003764865358,0.07957683879288403
857,Driver history,0.5744086062686633,0.03400719590013173
857,Automation only,0.5309326223726311,0.023460391923534316
857,Additive,0.7388552615850269,0.06682141728987682
857,Interaction,0.733970743375218,0.07911272497184428
857,HGB,0.6971083710226066,0.08264284113472037
857,MLP,0.7398727849210411,0.061187985252707876
858,Context only,0.7038983498718523,0.05201261059168582
858,Driver history,0.5341854304920308,0.02537047017467686
858,Automation only,0.4903306056771627,0.01688339180911333
858,Additive,0.7121382489865279,0.056540982156365695
858,Interaction,0.710659771976824,0.05823099809803987
858,HGB,0.674031266716651,0.06924916907701763
858,MLP,0.6964382925975179,0.052675690343024426
859,Context only,0.6824031456323226,0.0636490484414935
859,Driver history,0.49977009491589575,0.023169281148320918
859,Automation only,0.4446372980469895,0.01815741643622989
859,Additive,0.6990281389976716,0.05500005269857727
859,Interaction,0.6850893139424596,0.05982366655719887
859,HGB,0.658199505689646,0.06631433366203383
859,MLP,0.6656959402858323,0.047878236532167204
860,Context only,0.7182270403007396,0.0492081562517578
860,Driver history,0.5875442115687781,0.026186339869398126
860,Automation only,0.5237446440842394,0.016085683831081197
860,Additive,0.7309127288896076,0.06223805934431513
860,Interaction,0.7358482557904523,0.06709741181436292
860,HGB,0.7022272525162698,0.08226906499579954
860,MLP,0.7183096527749706,0.06279205815374488
861,Context only,0.6996311068795407,0.05531088025757016
861,Driver history,0.5565413001402507,0.032873779612427725
861,Automation only,0.4679864641184662,0.016917791027187972
861,Additive,0.7357617702365744,0.0581814664899038
861,Interaction,0.7316049196592446,0.06628215558082451
861,HGB,0.6900210876498062,0.06261537248067986
861,MLP,0.7374532862578086,0.05878417958935344
862,Context only,0.6976887370548391,0.048541355014177986
862,Driver history,0.5475053186753939,0.024776425891162655
862,Automation only,0.478085476542499,0.014816037674652453
862,Additive,0.7118124514829474,0.05180299164683463
862,Interaction,0.6999075211935798,0.05164857510582597
862,HGB,0.6735375410704911,0.0679250427246936
862,MLP,0.701956365645309,0.050755296765525426
863,Context only,0.7064367931481771,0.04352372509262018
863,Driver history,0.5165552259151923,0.014193079210365774
863,Automation only,0.477205589033279,0.01181575947791935
863,Additive,0.7008974260752865,0.038614497243290094
863,Interaction,0.6915480269571259,0.03869066355810633
863,HGB,0.6737239351486155,0.05096652200617498
863,MLP,0.6777926013203814,0.03473931331909179
864,Context only,0.7202328200820636,0.05130263663916842
864,Driver history,0.4811266985807767,0.016892217585598928
864,Automation only,0.4703072173010791,0.01577786217934226
864,Additive,0.7204049731445894,0.044779983532287126
864,Interaction,0.7244511540795605,0.05258211852511059
864,HGB,0.6964922820768806,0.052501553465368514
864,MLP,0.7062244193863503,0.04277912225861335
865,Context only,0.700342297318737,0.04855824496898074
865,Driver history,0.5260270902744725,0.022207911847095068
865,Automation only,0.4408892590829763,0.013342429279628816
865,Additive,0.7074787799460575,0.04307921415545357
865,Interaction,0.6992565048389655,0.051416573497962824
865,HGB,0.6636056243058861,0.05079804086703082
865,MLP,0.6837587260034903,0.043757406831009066
866,Context only,0.6928234958845323,0.09307995491007243
866,Driver history,0.55040778183555,0.02845723799900025
866,Automation only,0.5060607343068506,0.026628890141483175
866,Additive,0.7378483706177228,0.07885604372102427
866,Interaction,0.7270534261946069,0.0880507278074417
866,HGB,0.7001720056952325,0.10149388996295647
866,MLP,0.7233940112118363,0.061218046775860624
867,Context only,0.7057628148154764,0.062384742046804796
867,Driver history,0.5515382436242549,0.026962831044548476
867,Automation only,0.49675127463859986,0.019481000829547016
867,Additive,0.7299402733478508,0.05723514720497168
867,Interaction,0.7235343809477021,0.063472083007211
867,HGB,0.691107581348134,0.0622061206727414
867,MLP,0.7070797233726385,0.05165380700887997
868,Context only,0.7035292388560362,0.06320258035245102
868,Driver history,0.45414998098004633,0.020820107508824598
868,Automation only,0.42482985786907357,0.01776428413684102
868,Additive,0.7015917972127121,0.05058066314512111
868,Interaction,0.6963938167859737,0.05763351726920123
868,HGB,0.6671461424075803,0.06502389445220683
868,MLP,0.67473527682678,0.04857222575491639
869,Context only,0.6921131951735511,0.07141631474594255
869,Driver history,0.5129219753506806,0.0243197157036792
869,Automation only,0.5078953176382308,0.022007410766821837
869,Additive,0.7030456948819084,0.05291019126902241
869,Interaction,0.6925910161459663,0.05392670105166325
869,HGB,0.6719176527340314,0.06776333781681249
869,MLP,0.6752873073976335,0.048798555957161614
870,Context only,0.6849976823222064,0.044203738621297145
870,Driver history,0.5018473066875151,0.018740214101788666
870,Automation only,0.4428877197254673,0.013577366764933053
870,Additive,0.7186424602844015,0.04282186597118449
870,Interaction,0.708730062096676,0.049622150171752616
870,HGB,0.6624585327924707,0.05263833308219561
870,MLP,0.7099203017894181,0.04508884733740993
871,Context only,0.6902725657393922,0.058732392915700274
871,Driver history,0.48787339268689256,0.0249141124550586
871,Automation only,0.4050649889554403,0.016479392634130424
871,Additive,0.7157390536983879,0.054162120556343674
871,Interaction,0.7089630365945548,0.06877306288171395
871,HGB,0.6658423415304784,0.07424774935044991
871,MLP,0.6986255479961967,0.05429966477657075
872,Context only,0.7112685971746374,0.062447273640696487
872,Driver history,0.5124313112864238,0.0187328071693176
872,Automation only,0.45016550760727625,0.01637406195910252
872,Additive,0.7230075491030881,0.048550736483401295
872,Interaction,0.7098016472276243,0.05473603794897114
872,HGB,0.6885552268497392,0.06894322315034708
872,MLP,0.7033316072005373,0.04451208644653844
873,Context only,0.6992806199550583,0.09602088946113108
873,Driver history,0.4784788203060252,0.026567884221455663
873,Automation only,0.44694306890101404,0.024350505080084784
873,Additive,0.7320876408352976,0.07506184963244729
873,Interaction,0.724991132120246,0.09428564843126577
873,HGB,0.6941642598676006,0.10363062122127245
873,MLP,0.7203991276266357,0.06458824618507816
874,Context only,0.7040928268370132,0.03774006009387334
874,Driver history,0.5228820913975938,0.017864393231883893
874,Automation only,0.47971518168032506,0.011652587061591502
874,Additive,0.7110283550229577,0.04407961165800722
874,Interaction,0.7108183276005093,0.04598638948956254
874,HGB,0.6775345950829806,0.05903632172855731
874,MLP,0.6967405461241354,0.047722292405001365
875,Context only,0.7140586280366631,0.057698798971339525
875,Driver history,0.5069746793908495,0.018373064865520473
875,Automation only,0.484752527196188,0.017308548204073262
875,Additive,0.7064879703373756,0.04993606432778484
875,Interaction,0.7031011749005291,0.056759717276714375
875,HGB,0.690357165506682,0.07487255063858111
875,MLP,0.6926898710867013,0.04868348242700735
876,Context only,0.6895187466610545,0.0572552099816603
876,Driver history,0.4801130384808405,0.023083414022693954
876,Automation only,0.43096477311359693,0.016838640737705652
876,Additive,0.7105793980994317,0.05671654991644394
876,Interaction,0.7036242735264121,0.06265195814244207
876,HGB,0.6730838500267116,0.07439920469533934
876,MLP,0.6921115895808713,0.04829914580964101
877,Context only,0.7164031541666063,0.0503527803942934
877,Driver history,0.5147447853918394,0.02086831431767383
877,Automation only,0.45756608073389166,0.015624928969041846
877,Additive,0.718320076059977,0.04779906020903105
877,Interaction,0.7133431553278272,0.054268684859735385
877,HGB,0.6904805277749554,0.054702833037344835
877,MLP,0.704266761499717,0.05046782357614624
878,Context only,0.7470811985153331,0.04501492420404598
878,Driver history,0.5365471726648053,0.015837221402620075
878,Automation only,0.5253446448691541,0.014255186609397875
878,Additive,0.710241043530476,0.053485024519367326
878,Interaction,0.7094067414952812,0.052768170442293
878,HGB,0.7074750113984074,0.07506076497789989
878,MLP,0.6940321454620946,0.05065488287666806
879,Context only,0.6946135972567946,0.06628149349538216
879,Driver history,0.4384362016566959,0.02091435780422477
879,Automation only,0.41185632878799316,0.018011968173439627
879,Additive,0.7029686318567457,0.055700658319015155
879,Interaction,0.6930965744865223,0.06026343821709624
879,HGB,0.6636101310640062,0.07267761477209675
879,MLP,0.6723002628942709,0.048828893511463696
880,Context only,0.6804111772235388,0.05030053778971852
880,Driver history,0.5307074604257032,0.02042753749259616
880,Automation only,0.4630949070451191,0.014020024519884985
880,Additive,0.7094697086146761,0.04566351686485287
880,Interaction,0.6953249019026964,0.05076886030445028
880,HGB,0.6625753197245451,0.0568738028594783
880,MLP,0.6863895930219559,0.042366999080284864
881,Context only,0.7281363870232967,0.04633693827969761
881,Driver history,0.5347282750518475,0.018303969926165817
881,Automation only,0.4902166023790129,0.012834310449692297
881,Additive,0.7275312801430915,0.03558877139243811
881,Interaction,0.7208066964809244,0.03490627459329928
881,HGB,0.7064613582074257,0.05058163181222514
881,MLP,0.7124345105844841,0.03683596589423015
882,Context only,0.6976874106960604,0.09670118883498291
882,Driver history,0.42735009695856296,0.023877850016812408
882,Automation only,0.43092161665646056,0.025415676515229236
882,Additive,0.7166730455194937,0.0751490168499594
882,Interaction,0.7074561134925494,0.08306897707298955
882,HGB,0.6781884057971015,0.09902965421729984
882,MLP,0.7018998775260258,0.05959612427192784
883,Context only,0.7383171806167401,0.045131622020100015
883,Driver history,0.6128710719530103,0.029262743618050695
883,Automation only,0.5423518355359764,0.014744122585820604
883,Additive,0.7386044052863436,0.06309692897970785
883,Interaction,0.7355635829662261,0.06660016802257009
883,HGB,0.7104748898678415,0.06799893390923312
883,MLP,0.7294431718061674,0.06188365076334129
884,Context only,0.7125971718337036,0.05147512067689764
884,Driver history,0.5472635871902687,0.01867307006939406
884,Automation only,0.4990249083730116,0.014533694516081058
884,Additive,0.7239697972484074,0.04333403677735058
884,Interaction,0.7169596790651939,0.050166119605545484
884,HGB,0.6982166259341904,0.052189996328395286
884,MLP,0.7163984479492926,0.043664922208889984
885,Context only,0.7100077707517113,0.053243680524073925
885,Driver history,0.5526558189594374,0.026181130915652412
885,Automation only,0.4857420811423774,0.01713249142722879
885,Additive,0.7368950845934802,0.056834144972205375
885,Interaction,0.7325908233320881,0.06968207074627894
885,HGB,0.7037687290931303,0.06774790748322805
885,MLP,0.7325130303281582,0.0682993619801445
886,Context only,0.6842030639448984,0.07263350874968887
886,Driver history,0.4710979304114574,0.025598564678925087
886,Automation only,0.3965098483041941,0.020023761477505495
886,Additive,0.7187871022606119,0.06824746515374465
886,Interaction,0.7082681973774025,0.08734471471176306
886,HGB,0.6709885083140606,0.09037372427393295
886,MLP,0.7056274311640693,0.05801062295381604
887,Context only,0.7499261755038219,0.04286659078268325
887,Driver history,0.5591603492261741,0.02032165794466087
887,Automation only,0.5153161624816649,0.014652464550024042
887,Additive,0.7423391957244725,0.05224731151038775
887,Interaction,0.7408748081773336,0.051850446598563193
887,HGB,0.7295751218709305,0.07631170889076008
887,MLP,0.7293182489313601,0.05038769664195381
888,Context only,0.7228325805912014,0.10067993653383281
888,Driver history,0.6137870749939716,0.03626415126722246
888,Automation only,0.5063927413065343,0.026585018912725883
888,Additive,0.773462635531601,0.09979122351023742
888,Interaction,0.7659675288985632,0.11560756190585077
888,HGB,0.7395095390785047,0.11805337282521408
888,MLP,0.7825571834192524,0.08744848663890377
889,Context only,0.703425246514722,0.06837301050930722
889,Driver history,0.4918929004571322,0.020262931161783536
889,Automation only,0.4677796841853353,0.019611558828802986
889,Additive,0.7079375509558403,0.05273435281877048
889,Interaction,0.7023071587631877,0.06597718405471328
889,HGB,0.6849612837018378,0.0791941619134821
889,MLP,0.6922056324202858,0.046313407220316544
890,Context only,0.7080027172251608,0.0686348447806892
890,Driver history,0.5363031450175731,0.02813150032771869
890,Automation only,0.4873617172451121,0.02026204583123522
890,Additive,0.722172254827065,0.058676142070238774
890,Interaction,0.7135372453566793,0.06492222080229008
890,HGB,0.6900123633101234,0.07531066416538414
890,MLP,0.7077427079961205,0.05901575311079369
891,Context only,0.7785378945597543,0.04248900018799063
891,Driver history,0.556453785775871,0.017076934713655095
891,Automation only,0.5192193447311422,0.01241150334842351
891,Additive,0.7404254857737682,0.042850135244982476
891,Interaction,0.7384290291884844,0.04520494424781822
891,HGB,0.7415788041763927,0.0627702557420349
891,MLP,0.732216224528421,0.05363793850117665
892,Context only,0.6955131338042732,0.09325982149516124
892,Driver history,0.5241076597880395,0.0367592380774272
892,Automation only,0.46675605655036034,0.027267023908412673
892,Additive,0.7242197163083239,0.08242481021906202
892,Interaction,0.7168995048741884,0.09928357336178126
892,HGB,0.6842107922012985,0.09859774053527859
892,MLP,0.7150803780550616,0.07422741353438543
893,Context only,0.6961950826279726,0.062412081444732447
893,Driver history,0.5077606734257278,0.0247538754314518
893,Automation only,0.4453151644808235,0.0176930381603229
893,Additive,0.7218390537314359,0.05758615169331685
893,Interaction,0.7206261433044988,0.07160144571660874
893,HGB,0.6848398598579977,0.0775423435247199
893,MLP,0.7130535144017611,0.0560642968927472
894,Context only,0.7092177724533928,0.06333489905143636
894,Driver history,0.5249418720607995,0.02656162211084215
894,Automation only,0.475621201345734,0.019003775105129714
894,Additive,0.7148881988474135,0.060291816638195585
894,Interaction,0.7053449821023682,0.06785979839201817
894,HGB,0.6751360036320121,0.06544884405860014
894,MLP,0.6876428595796944,0.05485229275060779
895,Context only,0.7355256515092261,0.049971095128472254
895,Driver history,0.4753537526220358,0.0185453373222493
895,Automation only,0.3868492907171046,0.013689918751220762
895,Additive,0.7174654246809116,0.043027106930143354
895,Interaction,0.7065214918050272,0.046806476469640645
895,HGB,0.6867772958367405,0.05691949557455683
895,MLP,0.7015298467664521,0.04607358567440135
896,Context only,0.773087220030248,0.047382500922459166
896,Driver history,0.5312340917523016,0.01618171646479928
896,Automation only,0.5024917015184402,0.0139031844438223
896,Additive,0.734915129305935,0.04393208733136715
896,Interaction,0.726436071801433,0.04430133633459671
896,HGB,0.7277660475315331,0.05662690649281056
896,MLP,0.7161111953387986,0.05061314586554386
897,Context only,0.7158196841868599,0.07078917433057935
897,Driver history,0.5074542514129693,0.02087799482384109
897,Automation only,0.4644902975998797,0.019582994227999837
897,Additive,0.7264643338229511,0.05717461614618635
897,Interaction,0.7200381824060293,0.06751513149860748
897,HGB,0.7003031007897597,0.08450313148901
897,MLP,0.7177594190935355,0.048560321902207236
898,Context only,0.7171207530150957,0.050958871812488094
898,Driver history,0.5752835038729381,0.02917209618695802
898,Automation only,0.4947326926737421,0.01651717018879521
898,Additive,0.7360749568292152,0.051405765302247095
898,Interaction,0.7292735218614796,0.0530515909646972
898,HGB,0.7009338522401651,0.07197372965109158
898,MLP,0.7336810574998842,0.05993423300993337
899,Context only,0.6764597313441902,0.06950407542413173
899,Driver history,0.4973046262630798,0.02420868791038906
899,Automation only,0.42308865694546977,0.018631742729748733
899,Additive,0.7205843217636035,0.06463683598850574
899,Interaction,0.7126548680163292,0.0778372711214515
899,HGB,0.6783474999900948,0.08599107287046129
899,MLP,0.7141588096310375,0.05339104841679676
900,Context only,0.7116883046276964,0.08762583806791686
900,Driver history,0.5049568871781489,0.02841084070841404
900,Automation only,0.4674857015483646,0.024379260251868644
900,Additive,0.7305657946242171,0.07918504273044522
900,Interaction,0.7193341705810717,0.08991068794472401
900,HGB,0.6968773105862909,0.09959306859604886
900,MLP,0.7182068763048016,0.06661130145800882
901,Context only,0.6905827435949595,0.057659806717171996
901,Driver history,0.5373572940198209,0.02193834576729893
901,Automation only,0.4773733177735191,0.017041835036743332
901,Additive,0.7146540617895928,0.05476516074488456
901,Interaction,0.6993351391282936,0.05374943503295293
901,HGB,0.6762432684175027,0.07371810652639174
901,MLP,0.7002091296139668,0.047820933631042443
902,Context only,0.7089811878864614,0.0936576875491408
902,Driver history,0.5627352423781015,0.026488497282189192
902,Automation only,0.5195071909050832,0.025181663782361523
902,Additive,0.7533187859780232,0.0833712945123195
902,Interaction,0.7434452006158522,0.09309947574671898
902,HGB,0.724536973871155,0.11448411819827885
902,MLP,0.7547489626140852,0.06473335908514129
903,Context only,0.6973610748227042,0.07532177341922949
903,Driver history,0.5401296266645104,0.024655706588345767
903,Automation only,0.45738164189264724,0.020152772086169987
903,Additive,0.7303151007847639,0.06365781286360161
903,Interaction,0.7160215670728426,0.07779940020309836
903,HGB,0.6975733821393167,0.09288722531593119
903,MLP,0.714159448271596,0.055819566204492424
904,Context only,0.7101457770703749,0.0673810623404951
904,Driver history,0.5139821725343077,0.022742683443970596
904,Automation only,0.49608024116187843,0.019798511555831372
904,Additive,0.7213740560043015,0.060978871692761075
904,Interaction,0.7180693073087874,0.06813878306513002
904,HGB,0.6970459273764863,0.08693742663546429
904,MLP,0.7059489677147361,0.05406200871228009
905,Context only,0.6878541332648319,0.06832369855510953
905,Driver history,0.5554226863785472,0.036569633771897384
905,Automation only,0.4907063546898391,0.02009503835983719
905,Additive,0.740935184939131,0.06829940180324098
905,Interaction,0.7331475748422547,0.07738765701366604
905,HGB,0.6848241624074713,0.0747211942793245
905,MLP,0.7399497385429863,0.0686459259206027
906,Context only,0.7269899860108865,0.04758094929959878
906,Driver history,0.5526159180413395,0.026520862771121274
906,Automation only,0.45897473187532606,0.014897111360808141
906,Additive,0.7404042992285211,0.05048509930531158
906,Interaction,0.7358894629196158,0.050042064887698134
906,HGB,0.7202331980590682,0.07369116891009295
906,MLP,0.7406139050864047,0.05439317044123046
907,Context only,0.706672433148192,0.09337643958424188
907,Driver history,0.527035187550807,0.02817569696883001
907,Automation only,0.4889801470185823,0.026340649955904835
907,Additive,0.7422887325353698,0.086521981932804
907,Interaction,0.7318762288812624,0.09419969985144136
907,HGB,0.706828742172869,0.10966701840068516
907,MLP,0.7310924145406104,0.06808113148502155
908,Context only,0.6948670619988062,0.05632213369445062
908,Driver history,0.5312738792434768,0.02223716680825856
908,Automation only,0.47204668725508003,0.01688928551305258
908,Additive,0.69946539329925,0.0458304342308357
908,Interaction,0.6869584367800183,0.04495487277057023
908,HGB,0.675882973324452,0.06901957538899066
908,MLP,0.6845784421433865,0.04394287647921112
909,Context only,0.7229182955133268,0.05540055320084314
909,Driver history,0.5070645249612923,0.026501632028813053
909,Automation only,0.45084849451718667,0.01722954780738914
909,Additive,0.7345945715512509,0.06523303570336728
909,Interaction,0.7303693488085303,0.07180679739673423
909,HGB,0.7054030024835379,0.09000509909397474
909,MLP,0.7256105895139412,0.06332252967915547
910,Context only,0.704723905533812,0.05859172823620074
910,Driver history,0.5002295132670591,0.018764302914195587
910,Automation only,0.45563959158210565,0.016598114659211332
910,Additive,0.7190377134657485,0.048926333588674126
910,Interaction,0.7071633387535168,0.05383620180752055
910,HGB,0.6814597815258127,0.06424097888493545
910,MLP,0.701586639767969,0.04597815157118122
911,Context only,0.7098451805052561,0.05334984710717301
911,Driver history,0.5501719727075935,0.024475795492091675
911,Automation only,0.516963470118457,0.016900953731910907
911,Additive,0.7287386807886953,0.05830321251877057
911,Interaction,0.7281230449302563,0.07140315418912255
911,HGB,0.6999159962521404,0.05852599196665925
911,MLP,0.7194900443810011,0.05030255622616566
912,Context only,0.6855495038797657,0.0459971196581035
912,Driver history,0.5389357412131038,0.023913834729758658
912,Automation only,0.4678837893540158,0.013938629281162877
912,Additive,0.7095270099974796,0.0488428935948722
912,Interaction,0.6996345459127951,0.0507710830754227
912,HGB,0.662977865404931,0.054379829611182255
912,MLP,0.6903078251325877,0.05012802780138178
913,Context only,0.7241291612889831,0.047698671539526866
913,Driver history,0.48388035764334625,0.015318086411803345
913,Automation only,0.47086557059961315,0.01436389790726751
913,Additive,0.7117882426826019,0.04887472289807505
913,Interaction,0.7041780275637277,0.0489154477645959
913,HGB,0.6882897841890915,0.07716804695575058
913,MLP,0.6914320526084503,0.04662383986712821
914,Context only,0.7220811995284164,0.0499907709107289
914,Driver history,0.5410396811548442,0.021818080756265984
914,Automation only,0.4957688575730802,0.01574817653412346
914,Additive,0.7215060300472969,0.04294597476864805
914,Interaction,0.7121380609864295,0.04570827376915217
914,HGB,0.6860391687646966,0.05175062848464088
914,MLP,0.7059413714883964,0.05209084560848061
915,Context only,0.704265611819086,0.09209318392820899
915,Driver history,0.5480043138929003,0.03149646032403535
915,Automation only,0.5178700000612768,0.02651341922401188
915,Additive,0.7435532884241831,0.07864312072192539
915,Interaction,0.7362304450131847,0.0851449580847492
915,HGB,0.7036094384790259,0.09561086818941793
915,MLP,0.731363528200645,0.06839780844892529
916,Context only,0.6839792947706372,0.059387511280208735
916,Driver history,0.5530260311802797,0.02553837444562373
916,Automation only,0.47131162594547527,0.01591172909133018
916,Additive,0.7333378679871578,0.05551727279466271
916,Interaction,0.7257427762964576,0.0727190873484728
916,HGB,0.6869696155520488,0.06980882385685543
916,MLP,0.7247762148337596,0.05380984416564493
917,Context only,0.7032068156228584,0.08567183200069198
917,Driver history,0.48845070836265037,0.02348896462211786
917,Automation only,0.44598663778327646,0.022756822049874816
917,Additive,0.7281519941760266,0.0730583918646116
917,Interaction,0.7201371028060434,0.08257889405971593
917,HGB,0.6947386929813306,0.10527470563649727
917,MLP,0.7201833820003863,0.05875053322165458
918,Context only,0.7204207645465049,0.05490904750512312
918,Driver history,0.5256715846758663,0.02138967795220941
918,Automation only,0.5044088178847967,0.01701871268047915
918,Additive,0.7128939194214601,0.05843549992106551
918,Interaction,0.709466060921998,0.06062289750097494
918,HGB,0.6938252892035116,0.08010818135117015
918,MLP,0.699136000358599,0.0556862383514061
919,Context only,0.7254542224383901,0.061592208233113774
919,Driver history,0.5337837665649618,0.022155804579452078
919,Automation only,0.497765975920668,0.018972218982264456
919,Additive,0.7359289976070659,0.06209437809049846
919,Interaction,0.7224484015615051,0.06069067487129557
919,HGB,0.7075509030932668,0.07713747067428679
919,MLP,0.7191733619432097,0.05546401822016376
920,Context only,0.6942353644666955,0.08030773052312744
920,Driver history,0.47797441639601823,0.0278695668274794
920,Automation only,0.43328705929252304,0.023251940011902946
920,Additive,0.7152575361418236,0.07124100685855762
920,Interaction,0.7065853744328108,0.08050943349626806
920,HGB,0.6728120859665372,0.08403610563478812
920,MLP,0.6926958927880501,0.05948068837829408
921,Context only,0.7109955670886107,0.053100566799954785
921,Driver history,0.5241876091096905,0.022171417154306632
921,Automation only,0.4899718348103301,0.016419726584384658
921,Additive,0.732452685512624,0.053733305177112944
921,Interaction,0.7343406113686268,0.06365480628171678
921,HGB,0.703691915433559,0.07386130925373639
921,MLP,0.7297949879880611,0.05543935309970659
922,Context only,0.6837742285862897,0.07260886956116415
922,Driver history,0.5436891703764897,0.026540737574435154
922,Automation only,0.4864667186806798,0.020776360195207313
922,Additive,0.741913350773326,0.07075250343831843
922,Interaction,0.7334479171447367,0.08235586048640524
922,HGB,0.6969252069086849,0.08914860866208404
922,MLP,0.7500278427952943,0.06108587139238275
923,Context only,0.6982688131685477,0.0479049860934306
923,Driver history,0.5284442776333075,0.028353134594102783
923,Automation only,0.4792808838905123,0.01591439983637105
923,Additive,0.7073212961225347,0.05137732742506855
923,Interaction,0.7021315335603157,0.055376736514056585
923,HGB,0.6678289456046755,0.049230825349278765
923,MLP,0.6901764251181827,0.053163924165396094
924,Context only,0.7049887851241069,0.042832598102667166
924,Driver history,0.47353802049913724,0.015666672283393433
924,Automation only,0.42839249995766193,0.011376907325866726
924,Additive,0.7075921040499626,0.04151676929927259
924,Interaction,0.699292907720012,0.04170570462203943
924,HGB,0.6697414274881124,0.05650418857070041
924,MLP,0.6846208957976204,0.03908964473612708
925,Context only,0.6906952547561479,0.0597620066462962
925,Driver history,0.5401925482906764,0.022315404044502947
925,Automation only,0.4783180618506863,0.01726461116918919
925,Additive,0.7168948330377163,0.050463382506619844
925,Interaction,0.7096474336684709,0.05830227901662662
925,HGB,0.6803096112776934,0.06525750483803378
925,MLP,0.6996712878346454,0.04877372462710313
926,Context only,0.6824705020977383,0.09702561364500156
926,Driver history,0.49275554281938805,0.030164977662153494
926,Automation only,0.4797248314122011,0.027927874107521445
926,Additive,0.7024465953168599,0.07076968254222551
926,Interaction,0.696405176626502,0.10577020981650523
926,HGB,0.6582061781801058,0.0866647606129877
926,MLP,0.6725241407718647,0.06240203488154238
927,Context only,0.7145002376579962,0.06367476440524174
927,Driver history,0.4970581360629441,0.019422888257392967
927,Automation only,0.44285340670444956,0.01713592400717887
927,Additive,0.7243571654064023,0.051004483103843895
927,Interaction,0.7175990556390506,0.06435767286422991
927,HGB,0.6948492706714355,0.07430058990537523
927,MLP,0.7093597700240224,0.047677790323021024
928,Context only,0.6997836452147587,0.04152150668078799
928,Driver history,0.47705853314793245,0.01676525073547233
928,Automation only,0.4214832388295201,0.011041630033725167
928,Additive,0.7008772623986796,0.04256794028695904
928,Interaction,0.6891492072823114,0.0435017587000166
928,HGB,0.6539949192424406,0.05573475648592108
928,MLP,0.6758912186012359,0.039989004839847936
929,Context only,0.690939393081583,0.06165078972999233
929,Driver history,0.5029480512127854,0.019222964188961928
929,Automation only,0.5072875637261642,0.018666149155544702
929,Additive,0.7329113791811238,0.059535754077491225
929,Interaction,0.7330529179910654,0.07499191756120209
929,HGB,0.6948035710915743,0.0700788979261184
929,MLP,0.7276488314286254,0.05360286140451059
930,Context only,0.6832035044882586,0.06779065667002325
930,Driver history,0.5218449309567192,0.03368486716092181
930,Automation only,0.47424473609627277,0.020814657246082068
930,Additive,0.7252842678312463,0.06084785806618813
930,Interaction,0.7180685567546674,0.06743442792287807
930,HGB,0.6705841344974548,0.06366048834573483
930,MLP,0.7119568257245786,0.05520092881005742
931,Context only,0.7001883755192562,0.061361686998768136
931,Driver history,0.5208161557818745,0.02237706823660189
931,Automation only,0.4562888772347488,0.017148077189530472
931,Additive,0.6992677540265133,0.049293775228666924
931,Interaction,0.6870774679586568,0.06637666443433313
931,HGB,0.6658269017246381,0.06250584576458187
931,MLP,0.6688182963965368,0.04458646835936779
932,Context only,0.704310241785217,0.045842265932000734
932,Driver history,0.4385092386717673,0.014234028832655845
932,Automation only,0.43212193214987404,0.012894260445040108
932,Additive,0.7084013985427793,0.04431958671950552
932,Interaction,0.7089674803100308,0.05423643578965174
932,HGB,0.6764915142066343,0.062401552663145794
932,MLP,0.6918551493001853,0.04226875867683082
933,Context only,0.7171371072956894,0.05991531974064401
933,Driver history,0.4886932615477391,0.019636843514791398
933,Automation only,0.43853992711268835,0.01675804618956692
933,Additive,0.7295163894977328,0.05812779301964664
933,Interaction,0.7219808591077248,0.06366791251775367
933,HGB,0.6987518337798189,0.07998068628179492
933,MLP,0.7182824948683157,0.05298771434988337
934,Context only,0.7025581306478216,0.06699340251764443
934,Driver history,0.5229181370461916,0.02579471810001341
934,Automation only,0.45030576566882075,0.01977265192175294
934,Additive,0.7289219862137442,0.0629653433902507
934,Interaction,0.7105547407290422,0.06114383821734855
934,HGB,0.6926773493297099,0.08236802867546497
934,MLP,0.7190373158228112,0.057702468920410664
935,Context only,0.6972675932458372,0.04894302975622472
935,Driver history,0.5031456912879995,0.019779222679209153
935,Automation only,0.45721320744625304,0.015009330292150184
935,Additive,0.7025172746652675,0.044785901657774824
935,Interaction,0.697690386380288,0.05255694388129395
935,HGB,0.6653600830644182,0.053833962555271994
935,MLP,0.6882318757157981,0.04324054957639971
936,Context only,0.6967710179036051,0.06611793545442943
936,Driver history,0.4737686181169194,0.021905993320806085
936,Automation only,0.4112705824543522,0.018857189469718358
936,Additive,0.7075857726883931,0.059487167656053594
936,Interaction,0.695121481385854,0.05767114620295752
936,HGB,0.6756230878336797,0.08256945272227721
936,MLP,0.6906206562796446,0.04991105773814744
937,Context only,0.7176110439891301,0.055124029530686826
937,Driver history,0.5129577054318624,0.018590408979457032
937,Automation only,0.5364518999166229,0.017696610328371935
937,Additive,0.7368813787326685,0.05929733700301138
937,Interaction,0.7443891760337213,0.07238466093866025
937,HGB,0.7177357718556032,0.08357823912420281
937,MLP,0.7301494514868914,0.056412490845502386
938,Context only,0.688237186817769,0.08043073133937988
938,Driver history,0.4423488700802351,0.02336204203125563
938,Automation only,0.3915177648246023,0.02138554979348754
938,Additive,0.7222616809363502,0.0686545305344822
938,Interaction,0.7114163802865239,0.08118860630520093
938,HGB,0.6788866894309347,0.09380208564633129
938,MLP,0.7131155407171303,0.05778733961772821
939,Context only,0.707689273796544,0.042751158454223746
939,Driver history,0.5213316070307595,0.02047899078082589
939,Automation only,0.48102533287078336,0.01484890282316729
939,Additive,0.7134195245647075,0.04464253077839544
939,Interaction,0.7036266808735586,0.044857138543972504
939,HGB,0.6805863233885089,0.06583851677001322
939,MLP,0.7018793157564345,0.0453539689922598
940,Context only,0.7324957426539316,0.05063942958938881
940,Driver history,0.5085302790694971,0.014988869897551433
940,Automation only,0.4567341096506361,0.012786353398145534
940,Additive,0.7392020864298052,0.04439657245093073
940,Interaction,0.7310984666156966,0.05473490355542055
940,HGB,0.7144878160382666,0.06343076159894963
940,MLP,0.7273111061913938,0.048440074958723336
941,Context only,0.7081540790620189,0.10189178977094263
941,Driver history,0.5462102439403941,0.031796739075988574
941,Automation only,0.4906173303261384,0.027997637252304346
941,Additive,0.7400145773721466,0.08008132156369772
941,Interaction,0.7347334360808768,0.09990020904896739
941,HGB,0.710102366233674,0.11217829482123662
941,MLP,0.7324141447400626,0.07097498583440154
942,Context only,0.7082650435732726,0.06045221180803139
942,Driver history,0.5095636871770922,0.021042000668953592
942,Automation only,0.454672671759761,0.01634639451544423
942,Additive,0.735927720061916,0.054963352745067924
942,Interaction,0.7303892736613004,0.06336865581368302
942,HGB,0.6972810395316937,0.07349315697552466
942,MLP,0.7233855346133625,0.05289254388812558
943,Context only,0.7049259674940371,0.05970224564306172
943,Driver history,0.5581367551842338,0.027079871580040375
943,Automation only,0.4920710328490123,0.017972871766317018
943,Additive,0.7392214600401396,0.058560914061799495
943,Interaction,0.7296667220407931,0.058760068111532816
943,HGB,0.7004501173661364,0.07736264036821437
943,MLP,0.7361883760254343,0.05900118618340468
944,Context only,0.7104826480544478,0.030684953937791172
944,Driver history,0.4854799310575718,0.01656472376520182
944,Automation only,0.4694894015239982,0.009886380036476926
944,Additive,0.7027007313645013,0.03329619106088848
944,Interaction,0.7156445774212818,0.03779208177739319
944,HGB,0.6778075695168269,0.04248448513760886
944,MLP,0.682629236053418,0.03719091692600204
945,Context only,0.6977974448828299,0.07278098496765677
945,Driver history,0.5111014412966572,0.02303541901313083
945,Automation only,0.46147181372662593,0.019483838969106826
945,Additive,0.7317794281339698,0.06826393496157883
945,Interaction,0.7211256405479726,0.07389611098598484
945,HGB,0.6955355424379734,0.10693765977753873
945,MLP,0.7277153256055142,0.0600549078198769
946,Context only,0.675502701027778,0.08137482251860612
946,Driver history,0.46181016096041816,0.02391143679267696
946,Automation only,0.4439164929771119,0.022501850948481266
946,Additive,0.6881053829996389,0.060703340777249745
946,Interaction,0.6767757496451983,0.07174374924263884
946,HGB,0.6520114249129393,0.08731363115928625
946,MLP,0.6523183169468643,0.04979519276423447
947,Context only,0.7334090687424847,0.03754704717613976
947,Driver history,0.5213024657537834,0.021722607947972792
947,Automation only,0.4757862703551186,0.011965042445805062
947,Additive,0.7078570413965688,0.03899428040248324
947,Interaction,0.7058651412233004,0.041842406614877904
947,HGB,0.6690522993257126,0.03397653292576703
947,MLP,0.6880774661301694,0.043284654658923935
948,Context only,0.6904780845198021,0.10897851086835769
948,Driver history,0.5504366867076418,0.03679403941557495
948,Automation only,0.46961076805661545,0.029354226027692727
948,Additive,0.7393993369651122,0.09133634555957229
948,Interaction,0.7318855662711904,0.11960256177584233
948,HGB,0.698361692150525,0.1118032309842982
948,MLP,0.7338996324359155,0.07621934639242839
949,Context only,0.7514289666605428,0.04431214677934455
949,Driver history,0.57268729933776,0.025602606152516184
949,Automation only,0.47721800120725405,0.012744946213624021
949,Additive,0.7372019044869609,0.04198030092561599
949,Interaction,0.7351504474713277,0.04612999187194524
949,HGB,0.7073956337646206,0.04750046422208376
949,MLP,0.7307134608823452,0.05427647222897966
950,Context only,0.7167317066809091,0.10030780878712053
950,Driver history,0.6051205249543476,0.043811588848964925
950,Automation only,0.5480020781262652,0.02742502219543159
950,Additive,0.7790387968461735,0.09577180507586877
950,Interaction,0.7732748170342056,0.10871599747877735
950,HGB,0.7342994861399108,0.10494902655029655
950,MLP,0.7899064994824399,0.09692661789415194
951,Context only,0.7013254841285272,0.11622275877293023
951,Driver history,0.5258991844856656,0.03141913633074606
951,Automation only,0.49897275177037553,0.03142871516710655
951,Additive,0.7284153270282021,0.08888800492409119
951,Interaction,0.7178162213616018,0.10789910130669503
951,HGB,0.6979225335256827,0.11875925712497507
951,MLP,0.7115867375151762,0.06797422788886971
952,Context only,0.706118256529374,0.09298434824073548
952,Driver history,0.4785269265626109,0.025029304270943256
952,Automation only,0.4752547816238336,0.026220995940804313
952,Additive,0.7205065903239047,0.06636701030434736
952,Interaction,0.7073974367019269,0.06954930610130332
952,HGB,0.6841661977539509,0.08825370784111994
952,MLP,0.6998002791873734,0.056247090571655264
953,Context only,0.7110922510190993,0.04525618899745516
953,Driver history,0.5771933162787092,0.02675563998495531
953,Automation only,0.5034866840031854,0.015240227282925338
953,Additive,0.7290851815048944,0.045821148649335126
953,Interaction,0.7179835675575543,0.0461760071580936
953,HGB,0.6942963658750462,0.0518038266793871
953,MLP,0.7194323045186699,0.04848553190117378
954,Context only,0.6900493845738186,0.0678690274493373
954,Driver history,0.5039797217728743,0.023133404613916456
954,Automation only,0.4470317100947677,0.018417345437632047
954,Additive,0.7265242300190264,0.06089670269185718
954,Interaction,0.7213135988837172,0.07202327614573018
954,HGB,0.6830620715757122,0.08026081189925821
954,MLP,0.706525016615424,0.049590428958355616
955,Context only,0.6924252488416983,0.07921778913381536
955,Driver history,0.4277309561155156,0.02144919824521298
955,Automation only,0.4092600569751854,0.02140301955932231
955,Additive,0.6995020699814869,0.06343397136826227
955,Interaction,0.686602364064639,0.0730651677721412
955,HGB,0.6618802797681095,0.09253789259016852
955,MLP,0.6722574526458167,0.05212775861823245
956,Context only,0.7153044054894938,0.05266397217833525
956,Driver history,0.43895231989223554,0.016295810288713762
956,Automation only,0.42637206346362205,0.0151072784400957
956,Additive,0.7171310104080884,0.04410478761012063
956,Interaction,0.7157659561958784,0.04558165125633751
956,HGB,0.6914385543623941,0.06931588305641839
956,MLP,0.7103997293089097,0.042514540333295506
957,Context only,0.7189044329034037,0.044309908599789005
957,Driver history,0.488206043970326,0.014697399923159214
957,Automation only,0.4741600253694953,0.013162377480803776
957,Additive,0.7175543390674631,0.03745010428586644
957,Interaction,0.7121435663895777,0.03866164984271575
957,HGB,0.6884285469205695,0.05095050598988447
957,MLP,0.7012476800948236,0.038215036029238744
958,Context only,0.7047164970173422,0.0505431117334724
958,Driver history,0.5647706649129883,0.02623231919570105
958,Automation only,0.4894880874270889,0.01564655301541625
958,Additive,0.7217762991566693,0.049192532243955596
958,Interaction,0.7181965830358702,0.05638846951218891
958,HGB,0.6905554560667441,0.06654574543945421
958,MLP,0.7149596016902732,0.051106144743526837
959,Context only,0.708833414096572,0.06480853730896279
959,Driver history,0.42263958579748057,0.0169374953310293
959,Automation only,0.39708974445816553,0.016667227208732087
959,Additive,0.7158037158037158,0.0552048365715943
959,Interaction,0.7033765981134402,0.055047947410431536
959,HGB,0.6821513242565874,0.08778440412127594
959,MLP,0.688134751292646,0.04667020241217884
960,Context only,0.7192563725582594,0.04273513972973676
960,Driver history,0.5474022832513399,0.016818411282315707
960,Automation only,0.5575697887018641,0.015239072504435227
960,Additive,0.7098323584172641,0.04260065537071464
960,Interaction,0.717053125071993,0.04422839988468155
960,HGB,0.6983124318029978,0.05324668847916425
960,MLP,0.6918115951134819,0.04459271664797577
961,Context only,0.711987948478227,0.09189261983120342
961,Driver history,0.48720403426571146,0.026238566218173665
961,Automation only,0.4382532767311323,0.02456130178917383
961,Additive,0.7296398992973645,0.06895739251248127
961,Interaction,0.716286789618823,0.07149957188264425
961,HGB,0.6948272355514005,0.09099779794363555
961,MLP,0.7119838718152203,0.059549535767805764
962,Context only,0.6956040963393905,0.08315075072916914
962,Driver history,0.5188585923880042,0.027915705418462278
962,Automation only,0.4480894922071393,0.02198218766829434
962,Additive,0.735545908340026,0.06629783126283435
962,Interaction,0.7244842575724928,0.07704343975010454
962,HGB,0.6965907186495421,0.08870764800441647
962,MLP,0.7226870351870351,0.058872240933367175
963,Context only,0.7071249585550409,0.07320149327598215
963,Driver history,0.4994958813879162,0.027933741711107553
963,Automation only,0.40689567086601164,0.020074310047237975
963,Additive,0.7338742131620563,0.06892877386352822
963,Interaction,0.7247982292987821,0.08106461496023432
963,HGB,0.6955011111563051,0.09214315004921773
963,MLP,0.7301229051036771,0.06394138168849128
964,Context only,0.6958205023081293,0.05018581757256508
964,Driver history,0.5581493884767346,0.038908775903799
964,Automation only,0.47995948403686023,0.017394314997078913
964,Additive,0.7342339514124454,0.06460430533026541
964,Interaction,0.7387682964251647,0.07010132113361031
964,HGB,0.6811979153239656,0.06970404084522545
964,MLP,0.7286226734714413,0.06487236280491733
965,Context only,0.7269407121802006,0.04774395632933043
965,Driver history,0.5426276496988881,0.02381477786062615
965,Automation only,0.5035391936013259,0.015384520165289689
965,Additive,0.7395719676037897,0.053657905106217436
965,Interaction,0.7341659896148867,0.05431519327286262
965,HGB,0.7085311655152873,0.07216147674076276
965,MLP,0.7311405204662709,0.05054714564106834
966,Context only,0.689228717932893,0.07941068610281521
966,Driver history,0.5427309628875311,0.03623491100664933
966,Automation only,0.4982957116994795,0.024773621919902743
966,Additive,0.7089159479211669,0.06574420124255666
966,Interaction,0.7003163958834784,0.07394553599928744
966,HGB,0.6689977679030632,0.07991213576268916
966,MLP,0.6859080558641404,0.06276209304747102
967,Context only,0.6942170280838963,0.04908516019435222
967,Driver history,0.5206287771062923,0.021676325917916628
967,Automation only,0.47634198364735153,0.01581511832039059
967,Additive,0.721956096693921,0.047721275639492675
967,Interaction,0.7181003377177391,0.05746598832425309
967,HGB,0.6809038393174547,0.05566185550576423
967,MLP,0.7165654994667615,0.052577252210270056
968,Context only,0.6967589874611223,0.04854605340778805
968,Driver history,0.5401572060806008,0.02173110626141926
968,Automation only,0.4928260986636557,0.015793225803146103
968,Additive,0.7260107776258324,0.0535289206847138
968,Interaction,0.7135001505230345,0.05377228376147754
968,HGB,0.6808006766032468,0.06705764300079949
968,MLP,0.7152887702753644,0.05394231463914216
969,Context only,0.691331680609839,0.09144338679524233
969,Driver history,0.4883692948738655,0.028205028116051294
969,Automation only,0.4526574124917902,0.02520372960942632
969,Additive,0.7143392605273642,0.07309344190864725
969,Interaction,0.7041631674149682,0.09273169889274767
969,HGB,0.6719506713179797,0.09267960875245528
969,MLP,0.6795354339610452,0.05979824479598106
970,Context only,0.6941649974340721,0.07486552934735916
970,Driver history,0.5285351863194663,0.02990422966668497
970,Automation only,0.5060524166625281,0.022296945943141352
970,Additive,0.7333623034857991,0.06966030255975768
970,Interaction,0.7292689588954923,0.08130990973811486
970,HGB,0.6958786509289762,0.0832718028201796
970,MLP,0.7311398789323533,0.061206578765262316
971,Context only,0.707406322956439,0.0645247820506917
971,Driver history,0.5556516596003842,0.022809185760814976
971,Automation only,0.489650824139358,0.017271074868396068
971,Additive,0.7436130175759138,0.0640878551821442
971,Interaction,0.7409711648825279,0.08055558449832169
971,HGB,0.7122117854661014,0.08811634219227962
971,MLP,0.7435911550443888,0.05456714770356753
972,Context only,0.6978409600138146,0.08896240481824959
972,Driver history,0.546954871057123,0.02707562081361349
972,Automation only,0.5381683137313082,0.025485208343155125
972,Additive,0.7363993280000584,0.06886911759808889
972,Interaction,0.7345028677956249,0.08695578304914617
972,HGB,0.7027713613227915,0.08799432451284164
972,MLP,0.728020913961267,0.06253525713868575
973,Context only,0.7232228657848166,0.054126439375868675
973,Driver history,0.5298678350315935,0.019729475549358486
973,Automation only,0.5022878312657395,0.01743911991705206
973,Additive,0.7132000306069401,0.044237310537522646
973,Interaction,0.70886892352841,0.04481490485348509
973,HGB,0.6942822409981464,0.05256696927559808
973,MLP,0.696270941936084,0.044064662826295765
974,Context only,0.7338968975329959,0.05207063199131268
974,Driver history,0.5067812043782098,0.015922234444527106
974,Automation only,0.49153403153971004,0.015120351771115063
974,Additive,0.7354545227173357,0.05030938717223577
974,Interaction,0.7358046757471784,0.05267993321167189
974,HGB,0.7204875649357867,0.08264664668338687
974,MLP,0.7260425389614721,0.053459665349231675
975,Context only,0.7311350069038791,0.049977455816177616
975,Driver history,0.5104258880586933,0.016696328269073857
975,Automation only,0.4858847155212486,0.014574358884194977
975,Additive,0.7199085894332866,0.05352289744546396
975,Interaction,0.7122394443922869,0.05323762418731891
975,HGB,0.7026385870747474,0.07518750561943471
975,MLP,0.6958638550437246,0.045902209567218424
976,Context only,0.6909853429373989,0.07621015157507222
976,Driver history,0.5206241893462432,0.02745110171546312
976,Automation only,0.5037147479477627,0.023486025824957645
976,Additive,0.7255904896459361,0.06964475694534286
976,Interaction,0.7170369326104745,0.07653556561972319
976,HGB,0.6836118628121006,0.08118650038624245
976,MLP,0.7130412545080778,0.058270044140256154
977,Context only,0.6865298805131816,0.10267571712214454
977,Driver history,0.5070937040300902,0.03691313114684996
977,Automation only,0.4782059781324454,0.02930381621749587
977,Additive,0.7288113782671788,0.0863017378182942
977,Interaction,0.7191360826139959,0.09754129804659427
977,HGB,0.6761363962769471,0.09492593403232095
977,MLP,0.727777133089986,0.07492386231716089
978,Context only,0.7071097228121509,0.06860046086210939
978,Driver history,0.5274767502530139,0.026515197569291684
978,Automation only,0.4816755024881883,0.019116531814475122
978,Additive,0.7374772877436405,0.06176926783237173
978,Interaction,0.7362341768003314,0.07923037194366997
978,HGB,0.7021051606965878,0.09175676004320932
978,MLP,0.7306272318970536,0.06382502386202664
979,Context only,0.7013996382591023,0.07031631595445983
979,Driver history,0.5298878861763943,0.02673588132915584
979,Automation only,0.4353129598341703,0.02020502140242475
979,Additive,0.7180117009353778,0.060606032756248
979,Interaction,0.7067623796211051,0.0726314277313447
979,HGB,0.6834501572077829,0.08498579398246917
979,MLP,0.7101777285414468,0.05692153325195398
980,Context only,0.7049108346722996,0.06310394268345043
980,Driver history,0.49712847897167384,0.021108558763864617
980,Automation only,0.47600482168338965,0.01893142526569398
980,Additive,0.710521501646086,0.059143923178165386
980,Interaction,0.6933966603557342,0.05665190252323149
980,HGB,0.6791882844189261,0.07670647082087706
980,MLP,0.6832388917291206,0.0465057478577622
981,Context only,0.6995001022828907,0.11252916928514993
981,Driver history,0.4811401053593063,0.030717537969458072
981,Automation only,0.4740581054037082,0.03124211952840559
981,Additive,0.723705467298019,0.08360827757854707
981,Interaction,0.7097026224064548,0.08888725765932137
981,HGB,0.6834299933080031,0.10375707299989233
981,MLP,0.7117334135210052,0.06586774596960512
982,Context only,0.680767428942565,0.06985101934948024
982,Driver history,0.47330624968255014,0.019928108779782294
982,Automation only,0.4887280986617936,0.020462906122198036
982,Additive,0.719839292024687,0.0603596105031714
982,Interaction,0.7203174930809441,0.07307075431273671
982,HGB,0.6803113818335471,0.08159797859454374
982,MLP,0.7115637120505585,0.051671850242000536
983,Context only,0.6938180643380509,0.06000313663526814
983,Driver history,0.5126362855063735,0.02051093711834527
983,Automation only,0.44769490866204964,0.01630990940015629
983,Additive,0.7235182675900833,0.05183888723231186
983,Interaction,0.7187707015959048,0.06390635438207284
983,HGB,0.686304482836495,0.07284794110595534
983,MLP,0.7153982234266787,0.04782925258359433
984,Context only,0.6852525465261272,0.057442454162368206
984,Driver history,0.4768470880845644,0.018041335692567828
984,Automation only,0.44050572822122597,0.016238989394269873
984,Additive,0.6860165879391442,0.049484848346317986
984,Interaction,0.6744792450181023,0.05675787230662985
984,HGB,0.6469119087496198,0.05820931887065226
984,MLP,0.6472986932234157,0.04222110316944973
985,Context only,0.6986131387996188,0.0684525937638884
985,Driver history,0.4699747659671724,0.019514728994977255
985,Automation only,0.40964832496085846,0.017899368241473253
985,Additive,0.7012453764815082,0.052998538760944416
985,Interaction,0.6856316826264539,0.05743817741974632
985,HGB,0.6684176566710045,0.0830036794291997
985,MLP,0.6735137496715533,0.04674775581414902
986,Context only,0.6945232300069062,0.04924011791299343
986,Driver history,0.5571003878049477,0.03241300288005938
986,Automation only,0.48068174479406534,0.017039485624130282
986,Additive,0.7100472501633058,0.04699427113163644
986,Interaction,0.7039843791080098,0.05737168895871764
986,HGB,0.6573420909705923,0.044783988037444114
986,MLP,0.6965183662997536,0.05495754967539632
987,Context only,0.6810617135506474,0.06884437381607353
987,Driver history,0.5581761868136289,0.030616373798990886
987,Automation only,0.4628557117091481,0.019621521476503877
987,Additive,0.735673275577043,0.06907403290396609
987,Interaction,0.7251662918164075,0.08166867128392029
987,HGB,0.687546321753891,0.08367163138289692
987,MLP,0.734687799396702,0.060123088804350126
988,Context only,0.6914824286421382,0.06158398188663036
988,Driver history,0.5401438549351436,0.02890730824502838
988,Automation only,0.48407401733173056,0.018878705906200006
988,Additive,0.719378972509644,0.06928043456051668
988,Interaction,0.7127577957432767,0.07559854369844121
988,HGB,0.6831981992599052,0.09018413039149022
988,MLP,0.7190741351812133,0.060232662178785305
989,Context only,0.705909546440183,0.07131145983509335
989,Driver history,0.5009842237091443,0.01961492199804423
989,Automation only,0.4826804655092738,0.019196532204764038
989,Additive,0.7095671876666294,0.052403508299486895
989,Interaction,0.6971111778008078,0.05530279601988083
989,HGB,0.6858294344926402,0.07719664369464083
989,MLP,0.685578037882786,0.04163430430095093
990,Context only,0.7025303340278869,0.05311686435664072
990,Driver history,0.459955419350035,0.020962282567348757
990,Automation only,0.4049651324635459,0.014514951052801884
990,Additive,0.7327938428591183,0.04994600193158996
990,Interaction,0.7262690573808435,0.05554184311747026
990,HGB,0.6916558228844973,0.07641438129270268
990,MLP,0.7286568562447382,0.04847326216551584
991,Context only,0.7050327998485303,0.03833093197677547
991,Driver history,0.49016561417577154,0.016522837968165376
991,Automation only,0.4612411596333545,0.011680501153341767
991,Additive,0.7100867608896612,0.03946699025830794
991,Interaction,0.7102934723289562,0.04220949842979011
991,HGB,0.6763625023667124,0.050022313897032405
991,MLP,0.7013144441845701,0.04359525038480284
992,Context only,0.696042051906038,0.0443352482495969
992,Driver history,0.5111058539565212,0.018943149794612466
992,Automation only,0.48368501353878135,0.01393529097955385
992,Additive,0.7011060152555825,0.03990010312974562
992,Interaction,0.6968779119133419,0.041302748209235206
992,HGB,0.6659221405295324,0.04402621456441111
992,MLP,0.6805850523746324,0.04017911508557883
993,Context only,0.7054198406444269,0.05919548978845471
993,Driver history,0.4799924481218807,0.021468158732726207
993,Automation only,0.4319822038350407,0.01650222435548908
993,Additive,0.7120248153985349,0.057858021514964116
993,Interaction,0.7037921737734583,0.06462324124275179
993,HGB,0.6764899454221756,0.07688220055507614
993,MLP,0.6919587091031142,0.051587734602300594
994,Context only,0.7006773832597565,0.08661175112903967
994,Driver history,0.5289890635580873,0.031726532831362425
994,Automation only,0.4502764443393595,0.023865611155787232
994,Additive,0.7297399458051912,0.07514947206756441
994,Interaction,0.7193507926483383,0.09841281401356573
994,HGB,0.686416116785354,0.09011365845498552
994,MLP,0.717991255824179,0.06673712013307041
995,Context only,0.7310042090714916,0.04085133583837163
995,Driver history,0.5238605666541023,0.026662766372169033
995,Automation only,0.4732216149432508,0.014388440730200895
995,Additive,0.7219031390040624,0.04919074391169548
995,Interaction,0.7210037379067722,0.05010203154007935
995,HGB,0.6930958663148636,0.04661429838606546
995,MLP,0.7024058194077983,0.05215640257997006
996,Context only,0.7105011835022527,0.08001097356072652
996,Driver history,0.4995410909632128,0.021672460402976337
996,Automation only,0.4844259785598742,0.021373101701344897
996,Additive,0.7413959451502519,0.06400302823713301
996,Interaction,0.73984688235609,0.07864348704716231
996,HGB,0.7124789639492027,0.09887680300550666
996,MLP,0.734826952778717,0.05744560403768122
997,Context only,0.695108617465113,0.06416249602974126
997,Driver history,0.4947864644347165,0.02278194935209776
997,Automation only,0.46245230216960903,0.018969121013773575
997,Additive,0.7118165594535901,0.06037897627710579
997,Interaction,0.7076876571373766,0.06816131270902982
997,HGB,0.682210336299676,0.08752829395648506
997,MLP,0.6982450281220243,0.05681033560532588
998,Context only,0.7396114803350328,0.05459461135011294
998,Driver history,0.5220925892206846,0.020658444030079357
998,Automation only,0.47216792607428987,0.01697757034662574
998,Additive,0.7167270575382374,0.043247684058783015
998,Interaction,0.7089375455207574,0.04476395639903989
998,HGB,0.6964040877640204,0.05510865967998282
998,MLP,0.6981190823015295,0.04804736833598242
999,Context only,0.6949764161675878,0.10128692688481075
999,Driver history,0.4914600113566441,0.030167405963786604
999,Automation only,0.4649427913998153,0.02761475898185194
999,Additive,0.7293106032277403,0.0836851572649023
999,Interaction,0.7208232923979733,0.1011217746524597
999,HGB,0.6890445975810744,0.10532969827461686
999,MLP,0.7153799183271308,0.06736708385725962
1000,Context only,0.7188690182131935,0.05379389772469676
1000,Driver history,0.4921653295548546,0.019438855385668995
1000,Automation only,0.44182601127139015,0.01565902144941057
1000,Additive,0.7057061098159971,0.04806736179125947
1000,Interaction,0.7034857258201767,0.05422665682434925
1000,HGB,0.6961549684824929,0.07007047388786318
1000,MLP,0.6918577644536348,0.05200311063395331
1001,Context only,0.7001153403789452,0.11954818686689321
1001,Driver history,0.5509837906931407,0.037029676157706276
1001,Automation only,0.515012810532207,0.03058363036761059
1001,Additive,0.7624044637356215,0.10212860204394547
1001,Interaction,0.7572103475928748,0.11568929284792935
1001,HGB,0.7231153581803964,0.12450082122642267
1001,MLP,0.7745999775093859,0.08933586374388632
1002,Context only,0.6921648386174636,0.08197900848135208
1002,Driver history,0.48362805550425053,0.021842717148395967
1002,Automation only,0.44294286872933164,0.02126743639882043
1002,Additive,0.7322467937239627,0.0637848703440761
1002,Interaction,0.723399492267969,0.06871681313174083
1002,HGB,0.6950497716708881,0.09486276284320441
1002,MLP,0.7370353605906179,0.05602709987658704
1003,Context only,0.6879196594539433,0.07788906349995027
1003,Driver history,0.5020189684114444,0.030309844012349874
1003,Automation only,0.3885866584530285,0.02135766229715083
1003,Additive,0.7388369116198168,0.08372860245006654
1003,Interaction,0.7254979110067322,0.09759512178396546
1003,HGB,0.6891435029665076,0.11034332049037346
1003,MLP,0.745657969220403,0.07151145101665783
1004,Context only,0.7109446584502443,0.0687631050846996
1004,Driver history,0.532703420974836,0.025143946497620123
1004,Automation only,0.4801878482387915,0.02052849491896486
1004,Additive,0.7245121092935207,0.061726504663228314
1004,Interaction,0.7219967616512277,0.07395623997176563
1004,HGB,0.7026546056432504,0.09447165222784595
1004,MLP,0.7170984214925517,0.05963708702187641
1005,Context only,0.6912342096278594,0.057553090835820477
1005,Driver history,0.5237179098888755,0.021254042625565503
1005,Automation only,0.487665062390555,0.017055821858574807
1005,Additive,0.7166314239877826,0.049393103150266265
1005,Interaction,0.7094130992632077,0.050905730382547074
1005,HGB,0.6765160317477799,0.056914945870651074
1005,MLP,0.6983768176595191,0.042618903106339825
1006,Context only,0.7109755365978027,0.06583686667820932
1006,Driver history,0.499791681755565,0.02341187642603121
1006,Automation only,0.4296383639171585,0.017935304903408788
1006,Additive,0.7194984779416769,0.05613920130684878
1006,Interaction,0.70728250587644,0.0642027337469751
1006,HGB,0.6805394912133229,0.07060689595354169
1006,MLP,0.6968578146593127,0.055256565287392194
1007,Context only,0.701988699009873,0.08031634317803277
1007,Driver history,0.5632125089730737,0.02927037419767551
1007,Automation only,0.5280361831867666,0.02283172114700696
1007,Additive,0.7436689588732166,0.06391369243367298
1007,Interaction,0.7368101680760323,0.07747689456381829
1007,HGB,0.7073512737463893,0.07844632416774248
1007,MLP,0.7365493038145925,0.057765271645621126
1008,Context only,0.6964231222895771,0.05093730045816362
1008,Driver history,0.5641452033464979,0.02819114401568153
1008,Automation only,0.48239655647948737,0.015757467437807864
1008,Additive,0.7313940546260815,0.0575778023947336
1008,Interaction,0.7267453801780444,0.0668022663297947
1008,HGB,0.6911245332253565,0.07987214924541795
1008,MLP,0.7321564450599642,0.05883440401908572
1009,Context only,0.7101696212444825,0.06693821446889926
1009,Driver history,0.5238808201623238,0.02102494269183955
1009,Automation only,0.5199709881816886,0.020111557843747116
1009,Additive,0.7292581517869856,0.05782744211412901
1009,Interaction,0.7212540936921543,0.06446331182462567
1009,HGB,0.7033979424747259,0.07246266813613612
1009,MLP,0.713490317528122,0.05428573080971958
1010,Context only,0.699273245722518,0.07333740503830956
1010,Driver history,0.41709327579398653,0.020042516266903135
1010,Automation only,0.40966463586619284,0.01984778881685615
1010,Additive,0.7055481696759831,0.06494892766462708
1010,Interaction,0.7000635438770064,0.08290822370960879
1010,HGB,0.6694855956363825,0.09419873284240214
1010,MLP,0.6787640051464303,0.05537026520312799
1011,Context only,0.7174971537712079,0.05590150989187702
1011,Driver history,0.5549884561226013,0.025001696310396938
1011,Automation only,0.48391141256252346,0.01765394386994299
1011,Additive,0.7377044727142339,0.05553086120482559
1011,Interaction,0.7245774119902595,0.05438069989222877
1011,HGB,0.704288599752019,0.06253931708316321
1011,MLP,0.7214178867520877,0.05053428529567127
1012,Context only,0.7293398971489546,0.054528906923115426
1012,Driver history,0.5182641308100304,0.020616817436511614
1012,Automation only,0.47830914495541177,0.01581464044719473
1012,Additive,0.7231533664214203,0.045858763137661955
1012,Interaction,0.7178996238359763,0.053905115919842685
1012,HGB,0.6971162252680001,0.06017863441286545
1012,MLP,0.7107614743477657,0.048749335443810035
1013,Context only,0.7008048845177459,0.0662287452289982
1013,Driver history,0.5708864916164629,0.03350999078218056
1013,Automation only,0.5215124828368887,0.02062977813476478
1013,Additive,0.7476238675955045,0.06827088803925309
1013,Interaction,0.7465113551685999,0.07760077157442274
1013,HGB,0.7053814135006251,0.0844172891901944
1013,MLP,0.7556716302114062,0.06737521614320142
1014,Context only,0.7133352035274739,0.05679562028019503
1014,Driver history,0.519804456816498,0.020104755854723603
1014,Automation only,0.5099512310912584,0.018325349917721535
1014,Additive,0.7000071930543866,0.04731771559600229
1014,Interaction,0.6960977679952238,0.05424547600063284
1014,HGB,0.6820258158721938,0.058038819540846484
1014,MLP,0.6846298813865331,0.04670223039270305
1015,Context only,0.718779888638178,0.07220870993260849
1015,Driver history,0.49130413112982246,0.02345129256125163
1015,Automation only,0.45225190937167653,0.02032688184502286
1015,Additive,0.7343672897096174,0.06762173085592334
1015,Interaction,0.7291505510012926,0.0847411568068356
1015,HGB,0.7085084946547479,0.10143984350202734
1015,MLP,0.7236912020206264,0.06276570409945999
1016,Context only,0.7308559961546669,0.050357083623896376
1016,Driver history,0.4834187253065597,0.015596526680482236
1016,Automation only,0.4399313271787886,0.013761720335239966
1016,Additive,0.6854636062068505,0.03463039807945579
1016,Interaction,0.6765951989377913,0.03490382588662577
1016,HGB,0.6733417539805879,0.047489989742850895
1016,MLP,0.6583790110337782,0.03637539033224375
1017,Context only,0.6944667145648488,0.09904283947412862
1017,Driver history,0.46998076469827943,0.026644539390203
1017,Automation only,0.49087007428019674,0.029243586567164675
1017,Additive,0.6840902956762387,0.06346457271681226
1017,Interaction,0.6688147670855857,0.07015437430950597
1017,HGB,0.6567310250971269,0.08786038869218293
1017,MLP,0.6283288286233454,0.04985927136602025
1018,Context only,0.666654168119986,0.05419027872335395
1018,Driver history,0.5329281478897803,0.03298973259229624
1018,Automation only,0.45090966166724805,0.018404497755017877
1018,Additive,0.7139684339030345,0.056332723547701975
1018,Interaction,0.7027776421346354,0.058378772431588455
1018,HGB,0.6529715730728984,0.0648916207037911
1018,MLP,0.7127228810603418,0.06133391045499572
1019,Context only,0.7007784109118762,0.04496917132629606
1019,Driver history,0.4619673208649976,0.015040166780015699
1019,Automation only,0.4101190702525354,0.012719319397965067
1019,Additive,0.6903904548244637,0.04374886131975866
1019,Interaction,0.6749210996615841,0.042478306541748646
1019,HGB,0.6495765727105322,0.06231116162904925
1019,MLP,0.6676682437680954,0.04107891831654881
1020,Context only,0.7141707859251324,0.08042817854457619
1020,Driver history,0.5163113311815999,0.028868807929473897
1020,Automation only,0.46936689992179625,0.023181427778324246
1020,Additive,0.7259068584240813,0.07097748801876869
1020,Interaction,0.7146334255504776,0.07486105626403713
1020,HGB,0.6952905687627986,0.09232281463151795
1020,MLP,0.7086071029803316,0.06393493638700948
1021,Context only,0.6944962223011004,0.06253259437234404
1021,Driver history,0.5201369098930074,0.022964359323156585
1021,Automation only,0.4709931883102615,0.018337567280475656
1021,Additive,0.7095099978026806,0.05149354439618578
1021,Interaction,0.696282135794331,0.056877785307299075
1021,HGB,0.6716765546033838,0.06744241599684192
1021,MLP,0.6930953467538834,0.04872715293397467
1022,Context only,0.7102470887273158,0.05672091708527905
1022,Driver history,0.5004013974804322,0.018663827362809252
1022,Automation only,0.4364359815570137,0.01515829892267172
1022,Additive,0.7383631675759503,0.05278315343458581
1022,Interaction,0.7265172694365918,0.059343397257801925
1022,HGB,0.7056585091919371,0.08617617746815141
1022,MLP,0.7345365260840991,0.050957898755984644
1023,Context only,0.7060934911431122,0.06788970732238907
1023,Driver history,0.5383032528354785,0.02996290798123856
1023,Automation only,0.4914762409200968,0.020555073005145304
1023,Additive,0.7384288979864917,0.061255663086683475
1023,Interaction,0.7365922088059131,0.0718363424661762
1023,HGB,0.696856083535109,0.0681969170082205
1023,MLP,0.7262912976296674,0.05933583527029954
1024,Context only,0.7110835233895344,0.07556647346230196
1024,Driver history,0.5286033667934683,0.027327806030646162
1024,Automation only,0.508413142303986,0.02392212607458177
1024,Additive,0.70139065713715,0.05517017641244914
1024,Interaction,0.6913227088441437,0.06228443670482714
1024,HGB,0.6706143113965674,0.06263012694714547
1024,MLP,0.6627264760177975,0.05070600859418652
1025,Context only,0.7426981813542187,0.05291599792152044
1025,Driver history,0.5217916065522283,0.01740795341279396
1025,Automation only,0.48118074571347247,0.014915804531077676
1025,Additive,0.7404238926675107,0.049653607559152615
1025,Interaction,0.7327385684421281,0.05304976374653535
1025,HGB,0.7165908488649413,0.07748037946975202
1025,MLP,0.7238406501192474,0.05462766264283638
1026,Context only,0.6978340475262952,0.06439237717427604
1026,Driver history,0.4795728693243302,0.021884330519407268
1026,Automation only,0.475441977232394,0.020044134962603738
1026,Additive,0.6957963900792105,0.05450627750070243
1026,Interaction,0.6918852097130243,0.06241038722790128
1026,HGB,0.6602558975024888,0.06162401971236017
1026,MLP,0.6708763364065273,0.05018155193579224
1027,Context only,0.6766479132439859,0.08607958591724214
1027,Driver history,0.5350804779043503,0.0358213963173229
1027,Automation only,0.46610357341457803,0.024132151777695083
1027,Additive,0.7361243313885564,0.08050617018375333
1027,Interaction,0.7278723121955814,0.09517221977773971
1027,HGB,0.6851213689394776,0.10158297738019888
1027,MLP,0.7435193596183141,0.07207541056565324
1028,Context only,0.6944920214385957,0.07625648169493664
1028,Driver history,0.5501000825628374,0.030079100332374657
1028,Automation only,0.4948282132111395,0.02208783121908197
1028,Additive,0.7474091311241392,0.07187922098109788
1028,Interaction,0.7420681779666383,0.07890000398446564
1028,HGB,0.7041461139077673,0.09233568985001966
1028,MLP,0.7573091329937139,0.06642579584469674
1029,Context only,0.7251693076786271,0.045888615175726205
1029,Driver history,0.505983657362815,0.018769015740018467
1029,Automation only,0.4648752599484769,0.01483273834993857
1029,Additive,0.7139219687938566,0.04560048866048131
1029,Interaction,0.704204165866938,0.044634501585740206
1029,HGB,0.6849943916281183,0.06121055473280677
1029,MLP,0.701797056177045,0.04393884316222207
1030,Context only,0.687711399890967,0.0720330568542955
1030,Driver history,0.47643017137168453,0.023985583814058072
1030,Automation only,0.44999096328426846,0.020794134197685752
1030,Additive,0.7227153404915974,0.07028161542720493
1030,Interaction,0.7150285026902747,0.07502894209759003
1030,HGB,0.680738166346678,0.09567818155051146
1030,MLP,0.7123767451231364,0.059179037310981744
1031,Context only,0.6849203753915375,0.04325825984337622
1031,Driver history,0.4995174380844677,0.01992214556712403
1031,Automation only,0.4543859768642787,0.014311791504000398
1031,Additive,0.6959473882613691,0.04105395410703709
1031,Interaction,0.6861383238183478,0.04173545507473527
1031,HGB,0.6500496944153015,0.048427571738106676
1031,MLP,0.6800648563214475,0.04673990349623833
1032,Context only,0.7314980205433083,0.05490708661566382
1032,Driver history,0.5313005232221879,0.020559553003500056
1032,Automation only,0.4828448581202559,0.014961828739255664
1032,Additive,0.7241673055626543,0.04332148402986623
1032,Interaction,0.7155644029573038,0.05300598189056964
1032,HGB,0.6993846422854991,0.05420761091701068
1032,MLP,0.7075403176994364,0.04833842295498895
1033,Context only,0.7062358532909275,0.08249053765696443
1033,Driver history,0.5366913724133325,0.02518305975617384
1033,Automation only,0.4858153521274115,0.023012311197181314
1033,Additive,0.7292580099072936,0.06925724796048442
1033,Interaction,0.7219958986818007,0.07651661226842787
1033,HGB,0.6998237497246089,0.0938367712002457
1033,MLP,0.7103593098959031,0.05539540394374957
1034,Context only,0.7131150736725314,0.07974473565225619
1034,Driver history,0.5069693369412656,0.02241717252164361
1034,Automation only,0.47756922313187716,0.021390681977236307
1034,Additive,0.7200757796716909,0.06449999136533273
1034,Interaction,0.7113754924101281,0.0771109962282116
1034,HGB,0.6961646474230387,0.09439268735615541
1034,MLP,0.7013156829575202,0.05534104622998006
1035,Context only,0.7005910514321315,0.05998940451205449
1035,Driver history,0.49649025297985017,0.018316388187744323
1035,Automation only,0.4659913432688997,0.017293643351672418
1035,Additive,0.7173167412653911,0.04988131485882099
1035,Interaction,0.7130178872985424,0.05646885983459904
1035,HGB,0.6897196399586838,0.07440041439724367
1035,MLP,0.7090344793664847,0.049046034525307244
1036,Context only,0.7134448548204784,0.055762860789780835
1036,Driver history,0.5593234555101982,0.02255642557154594
1036,Automation only,0.47336785531724945,0.01553423632529271
1036,Additive,0.7519690850054357,0.05803134461338476
1036,Interaction,0.7440265088518832,0.062551766471343
1036,HGB,0.7133309214741859,0.0705794911911187
1036,MLP,0.7594375688459793,0.054737817634884514
1037,Context only,0.6868363076851344,0.056492317584209764
1037,Driver history,0.4458992411614543,0.022340805945920625
1037,Automation only,0.3778955489631538,0.016858280583561296
1037,Additive,0.7118083684971266,0.057274746479665295
1037,Interaction,0.7019251084055065,0.06998233810194432
1037,HGB,0.6641155917425311,0.07867193834253873
1037,MLP,0.6928854879413445,0.051300269793226244
1038,Context only,0.7006007802929353,0.09631141939411074
1038,Driver history,0.5895038151741231,0.03232655441221344
1038,Automation only,0.5550103690123551,0.024837734303892012
1038,Additive,0.7749072730204807,0.0899651388886226
1038,Interaction,0.7739849543225908,0.11412844340495387
1038,HGB,0.7349507860927921,0.10071984824624881
1038,MLP,0.7930407376286224,0.08323168536805295
1039,Context only,0.6802821262496357,0.04675555878215454
1039,Driver history,0.5299758150349074,0.026763165214193217
1039,Automation only,0.47948692871533016,0.01644058752130422
1039,Additive,0.707935068041002,0.04897492224730448
1039,Interaction,0.7022285566311468,0.05049143661474159
1039,HGB,0.6610955060628714,0.057433337767478915
1039,MLP,0.6988403649759892,0.05265206742808919
1040,Context only,0.6942052744492018,0.07045923967220728
1040,Driver history,0.4329226094643419,0.01937116444643109
1040,Automation only,0.41154028958938066,0.018837134781004985
1040,Additive,0.7157503234997251,0.06793218603394566
1040,Interaction,0.7097353831007138,0.0782063519889245
1040,HGB,0.6810514687736259,0.10043511256573871
1040,MLP,0.6971995239233106,0.05256947757548889
1041,Context only,0.705555517004222,0.05623533376481876
1041,Driver history,0.4930875531622888,0.017378190114046448
1041,Automation only,0.47284521177018474,0.016630009264420334
1041,Additive,0.6986525152431973,0.04889799292105236
1041,Interaction,0.6865566488713711,0.0471154169162434
1041,HGB,0.677403405778999,0.07950935798091788
1041,MLP,0.680265842284953,0.04230388948348388
1042,Context only,0.6904240541479989,0.07088408398596047
1042,Driver history,0.47036738704095854,0.02404254711514055
1042,Automation only,0.44081404133440905,0.020521612941187272
1042,Additive,0.7223355364840998,0.06375229228327876
1042,Interaction,0.7094426793870512,0.0629296950139413
1042,HGB,0.6781092836318254,0.08927031596689752
1042,MLP,0.7210898349368492,0.055868500979078965
1043,Context only,0.6667164896730495,0.08612978612235717
1043,Driver history,0.47448770277615177,0.0271447510028361
1043,Automation only,0.46903025441090385,0.023813741419064668
1043,Additive,0.7013794527134376,0.07045662364212396
1043,Interaction,0.6961537858516599,0.09006511268591266
1043,HGB,0.6555509971569529,0.0890934483313187
1043,MLP,0.6760261623045405,0.05510307323187318
1044,Context only,0.696842104410409,0.08060714110982077
1044,Driver history,0.4991774668029814,0.02711212789145608
1044,Automation only,0.47112992189985187,0.024012642620810043
1044,Additive,0.6961738974517673,0.0592854299720491
1044,Interaction,0.682661507876714,0.059200506224649736
1044,HGB,0.6656260784609178,0.07690143374231793
1044,MLP,0.6456445436020906,0.05084786474000914
1045,Context only,0.7476987561449128,0.05772514323361632
1045,Driver history,0.5640771409777061,0.020935212824366882
1045,Automation only,0.5372775384313587,0.01789496190942886
1045,Additive,0.7489858428458875,0.053725131736873315
1045,Interaction,0.7451706929105484,0.057567864735985366
1045,HGB,0.7296214381894537,0.0662535987570461
1045,MLP,0.727637101786729,0.05748674704317936
1046,Context only,0.6985331000211519,0.03887662629306678
1046,Driver history,0.6091214258048034,0.030590663435783195
1046,Automation only,0.5440693563495618,0.015362083644236574
1046,Additive,0.7362332535786591,0.04831995850953026
1046,Interaction,0.7339482958962511,0.05006665396831986
1046,HGB,0.683814928866339,0.04423175055080984
1046,MLP,0.731627627165669,0.05394406263757156
1047,Context only,0.6933512022865495,0.07965823056700387
1047,Driver history,0.5217674643273859,0.02646251316981637
1047,Automation only,0.44780681233942743,0.021931116973561565
1047,Additive,0.7128519660201359,0.06431753787025327
1047,Interaction,0.7003643435783823,0.07544755774582046
1047,HGB,0.6736023277395848,0.08701061517352121
1047,MLP,0.6832192023591794,0.05345566439173614
1048,Context only,0.7146838340423858,0.06313328710298756
1048,Driver history,0.5055000750589905,0.023133534520020652
1048,Automation only,0.48576447946225704,0.01993425585927683
1048,Additive,0.6974716415474104,0.050576073971124395
1048,Interaction,0.689191104562275,0.050825390249680476
1048,HGB,0.6780572328446484,0.06893375442729244
1048,MLP,0.6745178006404062,0.047616491713138934
1049,Context only,0.6910471100645275,0.046391199277176345
1049,Driver history,0.5465121627028842,0.02226323659812142
1049,Automation only,0.46760866865660655,0.01333572500602132
1049,Additive,0.7015078624089924,0.03807830631485203
1049,Interaction,0.6933009699807292,0.040069389466339894
1049,HGB,0.6650829933724883,0.053191912468308844
1049,MLP,0.6879511284247126,0.042292657713276685
1050,Context only,0.7187440595877781,0.04710914911004763
1050,Driver history,0.49509317217065973,0.018343491821992953
1050,Automation only,0.4552199893214582,0.014476464281294848
1050,Additive,0.7020264615780765,0.039367751849199134
1050,Interaction,0.6894848550255415,0.04345117623360654
1050,HGB,0.6644103513694661,0.046703397194755476
1050,MLP,0.6772681487876826,0.038817043151928
1051,Context only,0.6886403772569571,0.056112175063563474
1051,Driver history,0.45125671075444096,0.018302732653638257
1051,Automation only,0.3918257282274473,0.015969804194532956
1051,Additive,0.7166237482886065,0.05793030001642936
1051,Interaction,0.7079081637548827,0.06374195713098883
1051,HGB,0.6766315476754795,0.08773206565070624
1051,MLP,0.7105132050298368,0.051202169641273325
1052,Context only,0.714471908678461,0.06819188014904559
1052,Driver history,0.6046038544673551,0.03162180926623516
1052,Automation only,0.563445027180238,0.021879497767672024
1052,Additive,0.7512689186710144,0.06206028292713711
1052,Interaction,0.7399918571676141,0.06177367720475663
1052,HGB,0.7149031597525101,0.06762383986940114
1052,MLP,0.7395480981809506,0.059147318937738974
1053,Context only,0.6783985563454529,0.05894411809310534
1053,Driver history,0.48472141684489556,0.021992745965450873
1053,Automation only,0.4248118554889498,0.01831493420841667
1053,Additive,0.6941360476850318,0.05707109761617987
1053,Interaction,0.6780408432990933,0.061650136592515475
1053,HGB,0.6520354186121236,0.06473890574811589
1053,MLP,0.6681463121667621,0.05108026753167343
1054,Context only,0.68883122692915,0.07121489073658102
1054,Driver history,0.5004222073104071,0.029497924318165752
1054,Automation only,0.47907195127277635,0.020020695147693206
1054,Additive,0.7312822528664435,0.061538719913632196
1054,Interaction,0.7282063601097474,0.07068333223665094
1054,HGB,0.6849279600504531,0.07633499407425096
1054,MLP,0.7307405966226063,0.058898016718383184
1055,Context only,0.6997976041586229,0.059626032007378406
1055,Driver history,0.4857974699256884,0.018617503865745007
1055,Automation only,0.4567161933271798,0.01732433766158447
1055,Additive,0.7136845785843622,0.051197148252988475
1055,Interaction,0.7038704190304774,0.05519639488141191
1055,HGB,0.681549502724712,0.07337355066245684
1055,MLP,0.6986865740363194,0.04653709162718153
1056,Context only,0.7076252642911035,0.0574252621264407
1056,Driver history,0.5066848129161933,0.02614347649515326
1056,Automation only,0.444157414614217,0.01642313628939823
1056,Additive,0.7352604590688007,0.057038216763335974
1056,Interaction,0.7239615484401978,0.06023411961531391
1056,HGB,0.690942494132663,0.07959639810036316
1056,MLP,0.7279400800999609,0.061957426578581824
1057,Context only,0.7084899214212504,0.05317283603899553
1057,Driver history,0.49409041732666603,0.017400553035193993
1057,Automation only,0.4705497924237248,0.015771919439291508
1057,Additive,0.7176468735872563,0.04441581780510721
1057,Interaction,0.7056025319819308,0.043681002936353325
1057,HGB,0.6876272547821916,0.0686967892150275
1057,MLP,0.7073556283711733,0.04061758112230626
1058,Context only,0.6963394681407995,0.08068545146179279
1058,Driver history,0.477809566183895,0.028198611919140644
1058,Automation only,0.47007684244923437,0.023079764261379664
1058,Additive,0.7325467799327685,0.06791670334977101
1058,Interaction,0.7320176118009016,0.08795291615137735
1058,HGB,0.6915900993547088,0.09129908333149739
1058,MLP,0.7221963417295431,0.06425047812468604
1059,Context only,0.6885940283937981,0.05357999886184285
1059,Driver history,0.48169057299366913,0.027030738144509046
1059,Automation only,0.4164319076411792,0.015087922004714
1059,Additive,0.7259609916979415,0.0531675859069514
1059,Interaction,0.7208188015719574,0.06073448565752957
1059,HGB,0.6791013922059214,0.06617309841658713
1059,MLP,0.7333196703185615,0.05505328503568928
1060,Context only,0.700750988123511,0.09812360381982001
1060,Driver history,0.4892621456749224,0.026276222904143356
1060,Automation only,0.4473944805734775,0.02562192776896125
1060,Additive,0.7216341552886347,0.07567217740800644
1060,Interaction,0.7098472364378325,0.09179143953586924
1060,HGB,0.6835763133560846,0.10585956378162485
1060,MLP,0.6928353086300081,0.05913938094642753
1061,Context only,0.7061820994289099,0.05044677571562185
1061,Driver history,0.45588708380247706,0.017366830837581695
1061,Automation only,0.4091299256335132,0.014062555391455903
1061,Additive,0.7137241645232623,0.04459019148057078
1061,Interaction,0.7071657980304231,0.044725680491913264
1061,HGB,0.6860734960967741,0.07519984373291318
1061,MLP,0.7071034125603749,0.045046565409265396
1062,Context only,0.6916139482997657,0.11828703308549217
1062,Driver history,0.45828697087094894,0.031454510578352905
1062,Automation only,0.492382893944308,0.0339378986479338
1062,Additive,0.7209928398062578,0.08906375629016684
1062,Interaction,0.7119789791823337,0.0991665135263433
1062,HGB,0.680659725068519,0.10923849713330537
1062,MLP,0.7118768689032322,0.07108340532154771
1063,Context only,0.697483583469065,0.05831795362880607
1063,Driver history,0.5371128505426968,0.02514510688658887
1063,Automation only,0.4875045679962728,0.01802810111487802
1063,Additive,0.7129108528056602,0.04367721748361939
1063,Interaction,0.7048347609760631,0.0480441947827274
1063,HGB,0.676032838085096,0.056497590073258094
1063,MLP,0.7068211329635401,0.04691754700418244
1064,Context only,0.7624066879786626,0.048473430713787916
1064,Driver history,0.5440486337673535,0.015693594589632667
1064,Automation only,0.526408894098744,0.014645425670384456
1064,Additive,0.7231048431482048,0.0464125070969991
1064,Interaction,0.7233768621342079,0.04908308111268305
1064,HGB,0.721861739434627,0.06657597265784714
1064,MLP,0.7078683220635636,0.04740107874622271
1065,Context only,0.7720629047178539,0.04284238913537684
1065,Driver history,0.5336970680964338,0.017383190626854096
1065,Automation only,0.4968623156940852,0.012905960891359213
1065,Additive,0.7230751319954439,0.03869494376199281
1065,Interaction,0.7146041395281517,0.039361013229097803
1065,HGB,0.7078281636428854,0.041145196515880916
1065,MLP,0.7037789398830763,0.04231867918033923
1066,Context only,0.701243693142726,0.05045064526145559
1066,Driver history,0.5177219648900905,0.026694421452258685
1066,Automation only,0.4492510824165514,0.01592399920600583
1066,Additive,0.7305725340709287,0.057709443027689704
1066,Interaction,0.7269265450931608,0.07092709682344206
1066,HGB,0.6735734427448554,0.06158338464504369
1066,MLP,0.7181925033532326,0.06170618167652588
1067,Context only,0.6928107861612427,0.07836926694016168
1067,Driver history,0.5494822243966079,0.02646923820515492
1067,Automation only,0.50849792225363,0.0226986969107285
1067,Additive,0.7268418859172284,0.06819054569484692
1067,Interaction,0.720566065086613,0.09726748360554767
1067,HGB,0.6897476202556112,0.08154561602631287
1067,MLP,0.7219842477833345,0.05755347927845897
1068,Context only,0.7189433868122184,0.06075755833224838
1068,Driver history,0.556510433544715,0.024580621113986532
1068,Automation only,0.5155425961094087,0.018576642938484825
1068,Additive,0.733559077823877,0.059890171771637496
1068,Interaction,0.731596162495648,0.06798649760373288
1068,HGB,0.70978376665441,0.0801810996546792
1068,MLP,0.7357835197836917,0.0589910698454819
1069,Context only,0.7414176569409787,0.0378256142355583
1069,Driver history,0.5636738147589989,0.018904300572378886
1069,Automation only,0.5178774365689156,0.012335518367002451
1069,Additive,0.7263634286137806,0.03806039867768272
1069,Interaction,0.7175874570743879,0.03767222256181618
1069,HGB,0.7063412555278306,0.051753852258388716
1069,MLP,0.7197232378881835,0.04947449930465453
1070,Context only,0.6902595300798895,0.06445485474766978
1070,Driver history,0.4898586470442758,0.026144240988286584
1070,Automation only,0.4437006996887236,0.019918862341699987
1070,Additive,0.7075198497354187,0.06095472653865212
1070,Interaction,0.697730723179825,0.07462240208381488
1070,HGB,0.6625613287289933,0.0689378165640264
1070,MLP,0.6849507373459469,0.05357571656875774
1071,Context only,0.7070951633915806,0.061764019853076925
1071,Driver history,0.5434851093828034,0.026825882200654766
1071,Automation only,0.49324294142796643,0.018635670315030817
1071,Additive,0.741456446880062,0.06111052591431075
1071,Interaction,0.7370886578880993,0.07020483472209996
1071,HGB,0.7071091013572219,0.07232799485147454
1071,MLP,0.7356441472802998,0.06081101637831078
1072,Context only,0.6973639943962495,0.06273202796438554
1072,Driver history,0.5508053299233251,0.027948330509853528
1072,Automation only,0.5060044488557335,0.01913159761116035
1072,Additive,0.722832772902485,0.056633539342476565
1072,Interaction,0.712306492350077,0.06478103249681513
1072,HGB,0.682194869254189,0.06014221636484947
1072,MLP,0.7045285267391628,0.05482127744096432
1073,Context only,0.7166633702756465,0.06119541094653479
1073,Driver history,0.5562132423984086,0.023770864086621313
1073,Automation only,0.4892908212560386,0.01869075227258752
1073,Additive,0.7508805910770106,0.0681758413635423
1073,Interaction,0.7411514634839442,0.06728218167911225
1073,HGB,0.7231495311167946,0.09411829764941326
1073,MLP,0.7534658709860755,0.056301491360732314
1074,Context only,0.696540785455006,0.06552884174288016
1074,Driver history,0.48909298168346327,0.020731915933270693
1074,Automation only,0.44357906508804196,0.017963726689811242
1074,Additive,0.7212524935879168,0.05838445416820217
1074,Interaction,0.7097316136572335,0.062484515194427485
1074,HGB,0.687564588604771,0.0807445002029183
1074,MLP,0.7174221554386845,0.048760943777947444
1075,Context only,0.7023870121198476,0.07992067190738936
1075,Driver history,0.425379628407494,0.021625168347400723
1075,Automation only,0.39676188109971505,0.021146522740309724
1075,Additive,0.7126436174755624,0.06565401419452316
1075,Interaction,0.6947475484677438,0.06454303474983036
1075,HGB,0.6698890502107968,0.09227732586969185
1075,MLP,0.6814239462099273,0.054189100254061984
1076,Context only,0.702833226825105,0.06141370671277338
1076,Driver history,0.5103613435581233,0.025966587501383247
1076,Automation only,0.4395769104553659,0.017812580773880045
1076,Additive,0.7150098879936441,0.051389495146445766
1076,Interaction,0.7089774202555621,0.059507887661627616
1076,HGB,0.674997337294288,0.06747585863545842
1076,MLP,0.6969437895627694,0.05204103564382068
1077,Context only,0.7013964073933775,0.08750953657875579
1077,Driver history,0.547057671082213,0.02800367575379247
1077,Automation only,0.5133706451290205,0.024619198988685333
1077,Additive,0.7402319789818408,0.07329787868916926
1077,Interaction,0.7335979908493084,0.07844179837484067
1077,HGB,0.7070304478995004,0.09963454561549469
1077,MLP,0.7404118226868539,0.06166287230151094
1078,Context only,0.7120702751485022,0.08717068723885615
1078,Driver history,0.5502018418677704,0.02857992215202485
1078,Automation only,0.4981837661183435,0.024358697409383706
1078,Additive,0.7433424761822023,0.08022364940794575
1078,Interaction,0.7316537658954401,0.08725685440846671
1078,HGB,0.7081265999747377,0.10092995313428604
1078,MLP,0.7429964043970263,0.06859552571151888
1079,Context only,0.6852594287168741,0.06940332466746611
1079,Driver history,0.481576100655352,0.022729753991074436
1079,Automation only,0.4439364491385531,0.019268759661625244
1079,Additive,0.7215234154912175,0.06116092296693765
1079,Interaction,0.7088417233386382,0.06620426643277083
1079,HGB,0.6776162805064893,0.08222779868693335
1079,MLP,0.7117416314114287,0.05602354375526711
1080,Context only,0.6935024117259498,0.05853514133615847
1080,Driver history,0.5272034553159646,0.023379966651133913
1080,Automation only,0.47436672875607006,0.017642691761600812
1080,Additive,0.7301487705484745,0.06368040906909447
1080,Interaction,0.7261719035960339,0.06863129504279675
1080,HGB,0.6929426310181306,0.08229275230722415
1080,MLP,0.728296499947129,0.05621026005590352
1081,Context only,0.6869665488560134,0.07246364403970901
1081,Driver history,0.4876630219749527,0.019304211800761886
1081,Automation only,0.43550800164053094,0.01800389131267608
1081,Additive,0.7308970618924167,0.061439170949749634
1081,Interaction,0.7186283910842874,0.07720700336325878
1081,HGB,0.6877739343712364,0.09330243770226039
1081,MLP,0.7208674784998692,0.05199587496562252
1082,Context only,0.7109602348355805,0.04738553512467885
1082,Driver history,0.5798023800034355,0.034165327486973734
1082,Automation only,0.46957786798198964,0.015475516136396267
1082,Additive,0.7337511836129578,0.047897551326655186
1082,Interaction,0.7282416186663485,0.05001927767872542
1082,HGB,0.6887148692250477,0.053329247861411536
1082,MLP,0.7291385836246354,0.0559830563099572
1083,Context only,0.7181495545409633,0.05927082949692871
1083,Driver history,0.513907125023624,0.01748262608498346
1083,Automation only,0.4498367451483593,0.0151046726016497
1083,Additive,0.7412694504955255,0.05195186364295916
1083,Interaction,0.7311098511599841,0.05715130402876247
1083,HGB,0.7128523718579969,0.07805619865985072
1083,MLP,0.7340699073935921,0.04735663034155996
1084,Context only,0.6873906298180696,0.07251465748397942
1084,Driver history,0.45254040754445474,0.025490504923130278
1084,Automation only,0.41474730830506734,0.020843640952865134
1084,Additive,0.7071561183060953,0.06340596137713349
1084,Interaction,0.6966331329016343,0.07394946286947622
1084,HGB,0.6647652957652379,0.08183439883516938
1084,MLP,0.6919175274951176,0.05488676221204486
1085,Context only,0.7021194461048017,0.06375952264212571
1085,Driver history,0.49424777756290805,0.021340894529723962
1085,Automation only,0.4744183499759737,0.018610130943744703
1085,Additive,0.71606846190359,0.053945568465236064
1085,Interaction,0.7125791477678938,0.06219211384646134
1085,HGB,0.6835400478182905,0.07346304980658175
1085,MLP,0.7015731763416664,0.05271261658270336
1086,Context only,0.6931828364288041,0.10781906003101024
1086,Driver history,0.45263194218167335,0.028961694860747268
1086,Automation only,0.40704513775750334,0.028431828333273665
1086,Additive,0.7124238577531589,0.082099557092676
1086,Interaction,0.7002580690416712,0.10154810547100951
1086,HGB,0.6750612079577133,0.11351515357097475
1086,MLP,0.6905713723254046,0.06414381524307065
1087,Context only,0.7459546367511908,0.04335438804108962
1087,Driver history,0.5699494213776781,0.019008023172165475
1087,Automation only,0.5377607558070703,0.01400968816230609
1087,Additive,0.7226681896188741,0.042934495110727056
1087,Interaction,0.713867632873119,0.040720407187327216
1087,HGB,0.7105279819304706,0.056898776500251054
1087,MLP,0.7171594127402947,0.046288344978853486
1088,Context only,0.7099270832674954,0.051554830300043236
1088,Driver history,0.5612003345616041,0.040101017597051966
1088,Automation only,0.4587520093710958,0.016421036252426056
1088,Additive,0.7515705223416784,0.06735884457798197
1088,Interaction,0.7529770294384717,0.08022307482180582
1088,HGB,0.6936926288999706,0.07595786701301911
1088,MLP,0.7550657219725652,0.07203165616525341
1089,Context only,0.7064810965060259,0.0779703697457611
1089,Driver history,0.5315796155117593,0.023973635340863515
1089,Automation only,0.5021292771562003,0.021136233349647406
1089,Additive,0.7314658457980181,0.0606768957633782
1089,Interaction,0.7241034742078436,0.07108654049049615
1089,HGB,0.7045954898800051,0.08892613100005216
1089,MLP,0.7265839152458233,0.05549717133094891
1090,Context only,0.6816466897456885,0.0829886532600295
1090,Driver history,0.5316133567680427,0.025807504256100608
1090,Automation only,0.48167524635153786,0.02206219809317323
1090,Additive,0.7189961387607144,0.06654043709598612
1090,Interaction,0.7049703737917431,0.07566209364775078
1090,HGB,0.6810650140420249,0.0883795546752864
1090,MLP,0.6993273953885655,0.052670584072313203
1091,Context only,0.6781707802157899,0.0530356844835283
1091,Driver history,0.4897660994935972,0.02019137583839274
1091,Automation only,0.4311054601394303,0.014800093762046041
1091,Additive,0.7200778287210656,0.051631559387453584
1091,Interaction,0.7112014672269591,0.05706089297964256
1091,HGB,0.6721096924669392,0.07404859001236733
1091,MLP,0.7074881987521491,0.04557372905334652
1092,Context only,0.7105314209998448,0.05145996805391339
1092,Driver history,0.5311942516516949,0.01973058542723596
1092,Automation only,0.482364539336118,0.016051543116918362
1092,Additive,0.7362488798180341,0.061621026875471024
1092,Interaction,0.7288886376417854,0.06784134058023587
1092,HGB,0.7038299376035699,0.09235183464785292
1092,MLP,0.7311557023728666,0.058955793531205
1093,Context only,0.6958099513655069,0.06096442957509987
1093,Driver history,0.49790953801793914,0.028284555409438607
1093,Automation only,0.40401357750951244,0.017074914428685292
1093,Additive,0.7341967096438641,0.06780191383621874
1093,Interaction,0.727105015831303,0.08308629905590413
1093,HGB,0.6857751863713923,0.08692497523983139
1093,MLP,0.7333043168815526,0.06368808147906206
1094,Context only,0.664886883237691,0.039078024527123736
1094,Driver history,0.5354192051201425,0.03047788841957153
1094,Automation only,0.49538799851950843,0.014845828047915044
1094,Additive,0.7125574018027934,0.047993708384050204
1094,Interaction,0.7150614633283547,0.0533604512711993
1094,HGB,0.6566616798338705,0.050084361418896974
1094,MLP,0.7109422084217697,0.05680599396447724
1095,Context only,0.7283957546590526,0.05737813866183564
1095,Driver history,0.5624210858585859,0.022262575883063723
1095,Automation only,0.5357632172791746,0.018238864917229963
1095,Additive,0.7225954453348071,0.05325817880599194
1095,Interaction,0.7162045991833226,0.06247070734475799
1095,HGB,0.7071848807221148,0.06070198235554099
1095,MLP,0.7079658668754414,0.04846271130169646
1096,Context only,0.7039673971869178,0.07506182302098986
1096,Driver history,0.5448342799523748,0.02950926597918061
1096,Automation only,0.4500391655320531,0.02046531597493707
1096,Additive,0.7380543703036967,0.06809642916938542
1096,Interaction,0.7260363911881825,0.08200745928699045
1096,HGB,0.704569976700069,0.0926730191802819
1096,MLP,0.7281855107470221,0.06696004893970861
1097,Context only,0.7129978144263254,0.059908196695707024
1097,Driver history,0.5495546124069784,0.02171886385495671
1097,Automation only,0.5219834850665291,0.01859639577403443
1097,Additive,0.7368394219003717,0.05687992710666663
1097,Interaction,0.7328388216371794,0.06012410378773004
1097,HGB,0.7105973388331805,0.07453313547513654
1097,MLP,0.7301110871689895,0.053168467688944655
1098,Context only,0.703875943932347,0.06276975553805932
1098,Driver history,0.5480490491140887,0.029810853990013958
1098,Automation only,0.4847464885700687,0.018886392385263837
1098,Additive,0.7448125130229297,0.06663986476021609
1098,Interaction,0.7416486012693416,0.0758872972288782
1098,HGB,0.7020864213613495,0.0806627071898595
1098,MLP,0.7424334178216732,0.06576471816548876
1099,Context only,0.7350800128625095,0.04675998396010927
1099,Driver history,0.5581802417070735,0.01957642588120536
1099,Automation only,0.5142546611429211,0.014991917394448507
1099,Additive,0.7564115363252825,0.05571676215554264
1099,Interaction,0.7491992646527537,0.055338420732935295
1099,HGB,0.7338025869529365,0.08629146545889471
1099,MLP,0.7528059520546093,0.05086949061618492
1100,Context only,0.6964968930650393,0.07935014065346516
1100,Driver history,0.5526667019155236,0.028307276862823805
1100,Automation only,0.488466322234979,0.022859972668063094
1100,Additive,0.7271085110882832,0.06344431768001975
1100,Interaction,0.7138483946663443,0.07375565787250264
1100,HGB,0.6875353747457047,0.07677830623137796
1100,MLP,0.7120418907486857,0.0535618889963209
1101,Context only,0.7119740728087528,0.04544780135433219
1101,Driver history,0.5232183254319648,0.023387015091098022
1101,Automation only,0.4918834362974803,0.01534170417512062
1101,Additive,0.7182449172974874,0.04752168160101855
1101,Interaction,0.7119153387048934,0.048433247343496286
1101,HGB,0.6809103394537532,0.045808846357878866
1101,MLP,0.7023402114231959,0.044654575419144804
1102,Context only,0.6917834660940133,0.10745185151543947
1102,Driver history,0.4946484934912591,0.031080248125729938
1102,Automation only,0.5517750968914241,0.034840085942502694
1102,Additive,0.7023371037436108,0.0741495275982763
1102,Interaction,0.6929694516264272,0.08184359970551057
1102,HGB,0.6660262126979779,0.08217018466239459
1102,MLP,0.6716721572678239,0.05920099898068283
1103,Context only,0.7058727001904957,0.05215403965961002
1103,Driver history,0.4963020634270806,0.024262019358876633
1103,Automation only,0.4427224880165932,0.016156189562810133
1103,Additive,0.7203751527667205,0.045621068533230294
1103,Interaction,0.7112861938162146,0.04735360093605668
1103,HGB,0.6751745203993613,0.05289730446573428
1103,MLP,0.705315639837633,0.04915148737827743
1104,Context only,0.7093798430287391,0.061607297468283494
1104,Driver history,0.49594830224792713,0.024639954050199704
1104,Automation only,0.42713124426107596,0.018004720503453246
1104,Additive,0.7074476520096449,0.05934563760163442
1104,Interaction,0.6957565200410503,0.06442193430764284
1104,HGB,0.6726117765839431,0.07361385844324562
1104,MLP,0.6804963485554184,0.052090240871433796
1105,Context only,0.7056140545100639,0.06341604370633028
1105,Driver history,0.5136210346794321,0.02503211411186291
1105,Automation only,0.490533469358584,0.02041158886242499
1105,Additive,0.7147570463835828,0.06552057642211508
1105,Interaction,0.7109964994051231,0.07478106492916592
1105,HGB,0.6766420074187948,0.06845771122451141
1105,MLP,0.696440933417228,0.058817370467996094
1106,Context only,0.695591217083312,0.061209582933560776
1106,Driver history,0.5172678266644423,0.026763200501843255
1106,Automation only,0.4617714455751758,0.017732980379253166
1106,Additive,0.7327716749653509,0.0626173436366898
1106,Interaction,0.7263351149838304,0.07065351213544202
1106,HGB,0.6902853661901339,0.08290140872868162
1106,MLP,0.7317650852112314,0.059802140138162
1107,Context only,0.6876958898627802,0.061674295984479544
1107,Driver history,0.433041004556779,0.018112044642437992
1107,Automation only,0.4001545819510243,0.017395436644396658
1107,Additive,0.6759478229439633,0.04666367206699201
1107,Interaction,0.6631268798327029,0.05734140333290978
1107,HGB,0.6406148747208489,0.06634431981521738
1107,MLP,0.6440594059405942,0.04240933040409603
1108,Context only,0.6838386354710989,0.06575403303089146
1108,Driver history,0.5283975212744697,0.02279833953426749
1108,Automation only,0.5043436394611539,0.01925354188045432
1108,Additive,0.7350821909384525,0.06211523571251251
1108,Interaction,0.7329648763362492,0.08075697820662286
1108,HGB,0.6913676804154688,0.07439226692306718
1108,MLP,0.732786337101641,0.057214516618013134
1109,Context only,0.7455635370784223,0.0398231747556828
1109,Driver history,0.5529880557829308,0.02524430776718875
1109,Automation only,0.5097159780302601,0.013545613072538274
1109,Additive,0.734611450601904,0.0506383915930521
1109,Interaction,0.7335844660301386,0.05228105269824263
1109,HGB,0.7075682137232193,0.07399515297486874
1109,MLP,0.716140222044003,0.05075623816602263
1110,Context only,0.6982371789184366,0.07865318579342359
1110,Driver history,0.48223078642955636,0.02218028486280793
1110,Automation only,0.4371256021964216,0.020503429765002253
1110,Additive,0.7216419982369879,0.060144869218035926
1110,Interaction,0.7044281962922145,0.06324920296100461
1110,HGB,0.6793217890342171,0.08186314824165178
1110,MLP,0.6875474502252086,0.05030447582401619
1111,Context only,0.7078186025014277,0.09750622079361256
1111,Driver history,0.49177310371695365,0.025673172310759752
1111,Automation only,0.45787187338982976,0.025085010142814383
1111,Additive,0.7486488184754332,0.08349782949275804
1111,Interaction,0.7425732841258337,0.09962842670684807
1111,HGB,0.7142652876278885,0.12212130620297623
1111,MLP,0.7417438501098232,0.06944090147797367
1112,Context only,0.7494274892117037,0.04610282674215196
1112,Driver history,0.5637038039612412,0.020138256788532257
1112,Automation only,0.5131178571993108,0.013725019017516406
1112,Additive,0.7225644333970884,0.03777922118116066
1112,Interaction,0.7266599355073267,0.040821769132024635
1112,HGB,0.7126425596320124,0.048713516086529476
1112,MLP,0.7170062872453093,0.046906479020979504
1113,Context only,0.7176393334674691,0.10346950275552512
1113,Driver history,0.5655963856523568,0.033376329983565385
1113,Automation only,0.5113186149878363,0.0282335981369389
1113,Additive,0.753382475779359,0.08375254309854654
1113,Interaction,0.7431328004487449,0.10433278825856349
1113,HGB,0.7172339997439227,0.0959965285857323
1113,MLP,0.7376664044923269,0.07450566514016525
1114,Context only,0.7101935361996318,0.06601064437915571
1114,Driver history,0.5210733530071715,0.02487811884695046
1114,Automation only,0.5039349980072751,0.0191685846144691
1114,Additive,0.752814349461734,0.063309895253794
1114,Interaction,0.7521835887015959,0.07302746321020047
1114,HGB,0.7216377663973608,0.08536268811016366
1114,MLP,0.7566035214788092,0.05821518839780822
1115,Context only,0.7056508338792297,0.06555120452822108
1115,Driver history,0.4305634009529026,0.017869076187028272
1115,Automation only,0.4090470258486453,0.017319035231161198
1115,Additive,0.7140984475062375,0.06304743048356468
1115,Interaction,0.7082578922310878,0.07577140844522456
1115,HGB,0.6873275056647945,0.09744407705475533
1115,MLP,0.6853592356733498,0.05287878512420561
1116,Context only,0.7060519540338486,0.053527053235538004
1116,Driver history,0.5445998334730899,0.027713310528674893
1116,Automation only,0.5166879377236597,0.01893002291614367
1116,Additive,0.7006582832374721,0.051465022280567235
1116,Interaction,0.6991937912626519,0.05491443845396626
1116,HGB,0.6687214335486766,0.04854863374203008
1116,MLP,0.6791777143295815,0.05508346784038022
1117,Context only,0.7196185231029743,0.056881053627474296
1117,Driver history,0.5088502729941471,0.018574370657867663
1117,Automation only,0.4898005703550852,0.017933522716707787
1117,Additive,0.6956013263619109,0.04647654123982563
1117,Interaction,0.6905265959218752,0.046589537871423344
1117,HGB,0.6862384524430234,0.07288548065575605
1117,MLP,0.6792613531092362,0.04590450192224457
1118,Context only,0.7422967345625014,0.04948101941339471
1118,Driver history,0.48147399754842296,0.015863312864907594
1118,Automation only,0.4525562927716738,0.014669912107445554
1118,Additive,0.716828502954949,0.0360576308088906
1118,Interaction,0.71522584304646,0.0369602023961859
1118,HGB,0.6952057464277328,0.047093064471324775
1118,MLP,0.7040823110059358,0.038077811074145054
1119,Context only,0.7260039438866563,0.05738545165450243
1119,Driver history,0.4742785466781927,0.02284826492472363
1119,Automation only,0.41514365647581,0.016759937990077734
1119,Additive,0.7285890070863122,0.05947851041061798
1119,Interaction,0.7156460274471697,0.05679247154277549
1119,HGB,0.7039626994980546,0.09461277708454331
1119,MLP,0.7200781115993086,0.053930717045733156
1120,Context only,0.7012851964370537,0.060394610475988444
1120,Driver history,0.460425399554273,0.019761172269682003
1120,Automation only,0.41694871412191337,0.017543646027162425
1120,Additive,0.7193376088307343,0.07195073882876016
1120,Interaction,0.710231846954605,0.07524552390337486
1120,HGB,0.6912638715686119,0.12372663485747368
1120,MLP,0.7075640858218326,0.05842813844385491
1121,Context only,0.7213171185070033,0.053454504575007895
1121,Driver history,0.5379591518277747,0.017716096662491666
1121,Automation only,0.5206017209974247,0.01641776752822213
1121,Additive,0.7133203591168897,0.05089967497741677
1121,Interaction,0.7073602671000565,0.05165083535311663
1121,HGB,0.6986880535142266,0.0677661146288605
1121,MLP,0.6963042129891339,0.04450060560706641
1122,Context only,0.6998092960903408,0.09700709274473933
1122,Driver history,0.5311774608613107,0.027122064755172696
1122,Automation only,0.48254360146176517,0.02545524912230118
1122,Additive,0.7463837583000807,0.07964405357998004
1122,Interaction,0.7362227713075574,0.0930250569324437
1122,HGB,0.709832102908131,0.10795985705036329
1122,MLP,0.7475236629459446,0.0658213974795864
1123,Context only,0.7400829844497607,0.05490440076635381
1123,Driver history,0.4948062909216822,0.017215347948278455
1123,Automation only,0.47204990084361625,0.016133859657514526
1123,Additive,0.7059312830521278,0.04540662786578812
1123,Interaction,0.6969969780911609,0.045998641725367564
1123,HGB,0.6930045564719214,0.06884084773537258
1123,MLP,0.6850820794510198,0.04806778951038209
1124,Context only,0.6956612315501799,0.069981420399298
1124,Driver history,0.4839664941260723,0.027507863563624682
1124,Automation only,0.4142178803308988,0.01981445404478797
1124,Additive,0.7305554495094967,0.06822076397176498
1124,Interaction,0.7188589348997141,0.0721874233371722
1124,HGB,0.6880751170309678,0.08636064975484752
1124,MLP,0.7305534748587468,0.0612543751343491
1125,Context only,0.7016294165105315,0.05530082468096294
1125,Driver history,0.4987578095307947,0.024253651326520353
1125,Automation only,0.4376997806330304,0.015693445208723445
1125,Additive,0.7160371256926061,0.04472517401755226
1125,Interaction,0.7086869986731299,0.05137996557469422
1125,HGB,0.6692319488988312,0.054468963541392655
1125,MLP,0.6958330277309188,0.04762159739100548
1126,Context only,0.7163147497340666,0.06664719621157056
1126,Driver history,0.4909932732795118,0.019978507391026887
1126,Automation only,0.433816341487342,0.017533295373696082
1126,Additive,0.7206722103922734,0.05504597678758623
1126,Interaction,0.7105199983842021,0.06937412924931331
1126,HGB,0.6889465959562735,0.07481802133457105
1126,MLP,0.6950922062758359,0.04848472839939091
1127,Context only,0.6899259449326804,0.08823630678056119
1127,Driver history,0.45075430681178325,0.023463670849475562
1127,Automation only,0.40360296790471906,0.02271999729786265
1127,Additive,0.7022152372399342,0.06292982653263351
1127,Interaction,0.6847621898632226,0.06525134624454848
1127,HGB,0.6597854612582947,0.08569640881037624
1127,MLP,0.6612330631998347,0.04643376967361482
1128,Context only,0.6994258985127971,0.04637610693716744
1128,Driver history,0.5513314909539389,0.024263763198864967
1128,Automation only,0.5128545861078948,0.016036108668867295
1128,Additive,0.7109969530714375,0.04795376209560408
1128,Interaction,0.7030677733971056,0.04821538476190397
1128,HGB,0.675982516394951,0.04982964842343846
1128,MLP,0.6984525967289895,0.04325415175192675
1129,Context only,0.6988312840402705,0.07438985109706406
1129,Driver history,0.5209129457767847,0.025432839662936746
1129,Automation only,0.48612257248170754,0.02101505403813093
1129,Additive,0.7336846067092395,0.06583625574641583
1129,Interaction,0.72881899039784,0.08360071669887094
1129,HGB,0.7001836376062733,0.08837640098820873
1129,MLP,0.7341043573662406,0.0588038060249858
1130,Context only,0.6982742244198541,0.035166261693781585
1130,Driver history,0.49787446475057406,0.02375065325824529
1130,Automation only,0.4774792112822903,0.013666462662999956
1130,Additive,0.68709183262114,0.0383597204466587
1130,Interaction,0.685785807454891,0.04057415619042682
1130,HGB,0.6443641010405128,0.034288842724918486
1130,MLP,0.6661319234520151,0.04087790545658232
1131,Context only,0.7287990952635958,0.039135629453819765
1131,Driver history,0.47901777745358454,0.017132275920035137
1131,Automation only,0.4497345272343093,0.011474306987058246
1131,Additive,0.6956774166383491,0.035316108052352316
1131,Interaction,0.698199007612809,0.03909016948330731
1131,HGB,0.6725033313822434,0.036991386473512494
1131,MLP,0.6718260837592818,0.045102814446123365
1132,Context only,0.7017723006166159,0.07160177038963601
1132,Driver history,0.46778366490192225,0.018080304693840043
1132,Automation only,0.46931719574177067,0.018945739109995512
1132,Additive,0.7264736729943966,0.05412453534783391
1132,Interaction,0.719391365148875,0.05935688996958697
1132,HGB,0.6971471590679587,0.08670691643323372
1132,MLP,0.7220332585371425,0.04861498214859258
1133,Context only,0.7082060687781454,0.059212975027340256
1133,Driver history,0.5198649380227001,0.021058900523445806
1133,Automation only,0.4631189473049352,0.017291534470694567
1133,Additive,0.7279819754618142,0.061853536392187866
1133,Interaction,0.7219382553303924,0.06933313683712053
1133,HGB,0.6953081920319824,0.08316961556302523
1133,MLP,0.7137965547743773,0.05359355067889656
1134,Context only,0.7165283274268902,0.05281760960969871
1134,Driver history,0.5330510147488744,0.037219972544211395
1134,Automation only,0.4503021050309183,0.016862739693219768
1134,Additive,0.7377920758737877,0.060256729187050995
1134,Interaction,0.7343377880946232,0.06822717593265304
1134,HGB,0.6930665969210557,0.061323911007619074
1134,MLP,0.7307624039454192,0.07382015117768947
1135,Context only,0.6751311070493172,0.07015852038649714
1135,Driver history,0.5162448804939177,0.02565071370522335
1135,Automation only,0.45556030252527585,0.02034533795215831
1135,Additive,0.70855257280161,0.06025766105693409
1135,Interaction,0.6964491434966402,0.06742715343214012
1135,HGB,0.6682862342132468,0.07647179676741236
1135,MLP,0.6929654946801471,0.05556711529825858
1136,Context only,0.710202427340112,0.0466661673692015
1136,Driver history,0.5303492729068511,0.016410650273756745
1136,Automation only,0.49461696628044816,0.013923593110427868
1136,Additive,0.7238589017227256,0.041784707075110825
1136,Interaction,0.7205296686841491,0.04816607314137281
1136,HGB,0.6968081311337874,0.062015470395361594
1136,MLP,0.7131010004891127,0.039409501603794736
1137,Context only,0.718796972069372,0.04499733451869927
1137,Driver history,0.4953106279790148,0.01967355635210797
1137,Automation only,0.4338669194067582,0.014151560754197831
1137,Additive,0.7264568253198941,0.04873213059596398
1137,Interaction,0.7139497040298018,0.05334970879431274
1137,HGB,0.6880713250849464,0.07236260162194787
1137,MLP,0.7169778741965966,0.0499674404343906
1138,Context only,0.6928376169248589,0.06205319836115542
1138,Driver history,0.411092546573819,0.019347286420358357
1138,Automation only,0.3628379687954259,0.016135298719959244
1138,Additive,0.6879633443163098,0.04631314126791991
1138,Interaction,0.6760112817779501,0.05056876708239494
1138,HGB,0.6476153270204292,0.06786073343676816
1138,MLP,0.6544133510076189,0.04396346120717785
1139,Context only,0.6931711808851031,0.08627088367245575
1139,Driver history,0.45398292926623174,0.026371181284546606
1139,Automation only,0.4645029654280348,0.024869831357678937
1139,Additive,0.718788794846843,0.07490168902666922
1139,Interaction,0.7146675306654493,0.08382870222893318
1139,HGB,0.6861023843563159,0.10481460083986176
1139,MLP,0.7068134513497604,0.06263773667629796
1140,Context only,0.7088155210125868,0.08457436976846905
1140,Driver history,0.4727656854521009,0.025978093255477765
1140,Automation only,0.4293147732929847,0.02318250951998491
1140,Additive,0.7289891281765832,0.07883091232609349
1140,Interaction,0.7173127467082698,0.0857187601094456
1140,HGB,0.6958545170887738,0.10956513029929352
1140,MLP,0.7122046360575283,0.06483931871848003
1141,Context only,0.6956070349610949,0.05226146679093788
1141,Driver history,0.4862082136993981,0.023929914983326014
1141,Automation only,0.4499379684457834,0.015551392444991317
1141,Additive,0.7064830259741521,0.04194078085710866
1141,Interaction,0.6973760444406821,0.042812319416960475
1141,HGB,0.6631039576686683,0.05096716843804104
1141,MLP,0.6877507455582215,0.04345293082058077
1142,Context only,0.7297522359711415,0.04317428161254685
1142,Driver history,0.5284270041732728,0.018567778889137874
1142,Automation only,0.47381959757581643,0.012474448561689465
1142,Additive,0.7198159082487441,0.04149176372708377
1142,Interaction,0.714475293455393,0.040097106654139694
1142,HGB,0.7111742366717491,0.06806307414213207
1142,MLP,0.7099967703201534,0.04144576272799434
1143,Context only,0.7155517903792035,0.060266283369071735
1143,Driver history,0.49356688921298,0.01786213464169104
1143,Automation only,0.49457280527786335,0.018016297394675352
1143,Additive,0.7004439151329811,0.042312740281350646
1143,Interaction,0.6928057656821137,0.04186995999243706
1143,HGB,0.682418168391695,0.05764873082773381
1143,MLP,0.6725137640605366,0.03667355369488194
1144,Context only,0.7255753025064823,0.03678903184808655
1144,Driver history,0.5590518987683665,0.020830022183211533
1144,Automation only,0.5108004267502161,0.012064961510348172
1144,Additive,0.7187314309636992,0.040370328038513405
1144,Interaction,0.7129966373163353,0.041162374544253776
1144,HGB,0.6828283680855661,0.052551510881798484
1144,MLP,0.7029220910760589,0.04560080049933793
1145,Context only,0.702259512953125,0.06452108507766392
1145,Driver history,0.5434738575651284,0.02375562632665297
1145,Automation only,0.5177359598584252,0.01885339751959094
1145,Additive,0.7412708022041891,0.06487116376417937
1145,Interaction,0.7374593478883575,0.07244655467242535
1145,HGB,0.7113473336069297,0.08435766301010535
1145,MLP,0.7421222008333352,0.05960108435532995
1146,Context only,0.7161136485441776,0.037002687357579625
1146,Driver history,0.5077107136589785,0.017890418616144363
1146,Automation only,0.4777569091693819,0.011982274236234004
1146,Additive,0.6986134232580641,0.03654588880188116
1146,Interaction,0.6997365338190027,0.03837709315576433
1146,HGB,0.6789753513277652,0.03847116994433127
1146,MLP,0.6811791238030194,0.04901004914027536
1147,Context only,0.6815460041326165,0.055017907792145555
1147,Driver history,0.552143794772295,0.036341864182308614
1147,Automation only,0.4606558747280092,0.017930978102763576
1147,Additive,0.7134617650766508,0.05575632434190794
1147,Interaction,0.7035728085897035,0.05804490447108507
1147,HGB,0.6592655356780724,0.06172422159201831
1147,MLP,0.6954935845788732,0.06027913911413244
1148,Context only,0.6929441940503888,0.09045318484707093
1148,Driver history,0.463700196001081,0.025137690481972497
1148,Automation only,0.4401207896783118,0.025141088750942724
1148,Additive,0.7099405318431867,0.07095815614561919
1148,Interaction,0.6956507277303738,0.07063060316644028
1148,HGB,0.6741571332279297,0.10394074008249178
1148,MLP,0.6863756211101344,0.05775937116226791
1149,Context only,0.6979599099581949,0.04837076038119655
1149,Driver history,0.5301717225854862,0.020123469891051772
1149,Automation only,0.47267960124343456,0.014721028777750441
1149,Additive,0.7108470361239146,0.03973902493860241
1149,Interaction,0.7014745417515276,0.04543117690764415
1149,HGB,0.669844356308286,0.05710182010396811
1149,MLP,0.70130174723979,0.041165521524961016
1150,Context only,0.6907363385857331,0.07285698037404069
1150,Driver history,0.4763384887060468,0.026852907054803463
1150,Automation only,0.41651413199565324,0.02054714897067344
1150,Additive,0.7176879172164868,0.06138970443792112
1150,Interaction,0.7063270152526586,0.06492493610702153
1150,HGB,0.6782533183264767,0.08286911315389284
1150,MLP,0.7044750106729798,0.05598897913213717
1151,Context only,0.7167423487298107,0.05151976611452062
1151,Driver history,0.5723066224172164,0.02404767604796368
1151,Automation only,0.5312192948431758,0.01776915255970528
1151,Additive,0.7232859033429401,0.053314298016848845
1151,Interaction,0.7156947675528096,0.05388189780201854
1151,HGB,0.7032001263931875,0.053276059014282215
1151,MLP,0.7095597274380615,0.05142602681011956
1152,Context only,0.6926886043158434,0.055381805080280115
1152,Driver history,0.501316189126253,0.020127432111850706
1152,Automation only,0.44596467585787947,0.015081588054801939
1152,Additive,0.7072729486476768,0.0497438264309783
1152,Interaction,0.6932338889024658,0.05033650469952129
1152,HGB,0.6693768699835564,0.06360552123881485
1152,MLP,0.6791524981409265,0.04442681446246141
1153,Context only,0.7190870354799019,0.05234396903583626
1153,Driver history,0.5495387394271695,0.024746202115313594
1153,Automation only,0.48777346892957885,0.015140866428757217
1153,Additive,0.7283975407492933,0.051196360391683515
1153,Interaction,0.7251080349560538,0.05602372389711906
1153,HGB,0.6968520772878147,0.06710587154643498
1153,MLP,0.7151525969060889,0.05736832125641571
1154,Context only,0.7052209390452998,0.08341147488077735
1154,Driver history,0.5192671706880699,0.02388679828209899
1154,Automation only,0.5078145578112965,0.023625749381626704
1154,Additive,0.7392891310289988,0.0729680420324557
1154,Interaction,0.737039050269612,0.08452419683763154
1154,HGB,0.7123768419352434,0.10640225697449004
1154,MLP,0.7404238004124941,0.06254690516859196
1155,Context only,0.7328135420835001,0.054480352022627444
1155,Driver history,0.5055236678004534,0.017047908947320133
1155,Automation only,0.4697285164065626,0.01594898665441388
1155,Additive,0.7277233810190742,0.04962673309657639
1155,Interaction,0.7228051637321595,0.050806492311042215
1155,HGB,0.7062101924102974,0.07457824423558891
1155,MLP,0.7147319344404429,0.049301058168691576
1156,Context only,0.6792145774403049,0.10518439501158144
1156,Driver history,0.4770620561690855,0.03311519069913025
1156,Automation only,0.44744050779099953,0.030071418732361393
1156,Additive,0.7015655024408118,0.07867430280516753
1156,Interaction,0.690276982028626,0.09887854541758001
1156,HGB,0.6575272634297218,0.09715903591642046
1156,MLP,0.6772356650639881,0.06628237406439955
1157,Context only,0.7123064053615347,0.05893260923360854
1157,Driver history,0.5041595085913234,0.020521562851059667
1157,Automation only,0.4654869178688423,0.016299315575015016
1157,Additive,0.7366155558313547,0.05228954700743958
1157,Interaction,0.7248594377182125,0.05369851453639379
1157,HGB,0.6994424866337232,0.06783732213865676
1157,MLP,0.7262813907459966,0.054702990496508945
1158,Context only,0.7148514136607416,0.06449608519207373
1158,Driver history,0.5187152629687715,0.019955170705773732
1158,Automation only,0.4875173370319001,0.018583243560703816
1158,Additive,0.7473347146987805,0.06826451334478925
1158,Interaction,0.7410312553522315,0.07261966748484311
1158,HGB,0.7138892713577121,0.09328449249291454
1158,MLP,0.7370772366870065,0.0572883054440262
1159,Context only,0.6914304629446242,0.09130140528156724
1159,Driver history,0.4919883521122627,0.025100799992950607
1159,Automation only,0.47378961638901734,0.025461315071545823
1159,Additive,0.7114349972125027,0.0666985750689928
1159,Interaction,0.6953294060796784,0.07368530230126767
1159,HGB,0.677481056021361,0.09427891465519644
1159,MLP,0.6882098261115146,0.0537317506882054
1160,Context only,0.6844326079694959,0.0975713402044247
1160,Driver history,0.49166620879001083,0.030000715672027032
1160,Automation only,0.4746390841769166,0.027175367192944385
1160,Additive,0.7092502858458551,0.06833867051764558
1160,Interaction,0.6968690830344053,0.08263072263496835
1160,HGB,0.6673626391836016,0.087320916310174
1160,MLP,0.6796239219185118,0.05711644739507524
1161,Context only,0.7014872829684687,0.0503618072867603
1161,Driver history,0.5542006206892103,0.02697458030011373
1161,Automation only,0.49459719722044787,0.01644122238386861
1161,Additive,0.7409104436443876,0.05360920675507827
1161,Interaction,0.7382546100045809,0.06120340573706739
1161,HGB,0.6958318412919626,0.06638620819632433
1161,MLP,0.7411862696707509,0.05617054824063688
1162,Context only,0.7152165254966724,0.0653979416646373
1162,Driver history,0.5437876206120835,0.02415911381420954
1162,Automation only,0.48598955886686646,0.01841163145941047
1162,Additive,0.7335588989615762,0.05671106655688975
1162,Interaction,0.722517440791758,0.063868515748269
1162,HGB,0.7031870475679177,0.07325640955330033
1162,MLP,0.7175488940305954,0.055280029103270206
1163,Context only,0.6871683343039601,0.06340206438746798
1163,Driver history,0.49001190482167245,0.023832941025188452
1163,Automation only,0.42982932866093665,0.016997388477706727
1163,Additive,0.7102404372339144,0.051052930922341394
1163,Interaction,0.7009719969977508,0.05603762422373323
1163,HGB,0.6644015395312877,0.06607360469193137
1163,MLP,0.685673955990441,0.04453896557987431
1164,Context only,0.7211119951677117,0.05588410394417036
1164,Driver history,0.4894596834012842,0.016769717281793377
1164,Automation only,0.4742298540508213,0.016397821467605652
1164,Additive,0.6850152281452351,0.042323599489251476
1164,Interaction,0.6752065661037729,0.04268918890256558
1164,HGB,0.6774851741712095,0.06281350868259239
1164,MLP,0.6659293360169399,0.044197639811765665
1165,Context only,0.7021020281336837,0.06951159067947185
1165,Driver history,0.5626122749722895,0.032638036781872305
1165,Automation only,0.5043421836800852,0.020668419888225896
1165,Additive,0.7352379203100736,0.062378853390258254
1165,Interaction,0.7309380277543024,0.07329514357073724
1165,HGB,0.6941948265391492,0.07006567742468921
1165,MLP,0.7260874658308949,0.0640112844443165
1166,Context only,0.7217187896351074,0.035647288071544304
1166,Driver history,0.5090956565687624,0.025476487858459775
1166,Automation only,0.4405108268700083,0.011750138966475848
1166,Additive,0.7209025466397116,0.03843841341619886
1166,Interaction,0.7234526454152029,0.04078187772047321
1166,HGB,0.6719803333000238,0.04101205580440665
1166,MLP,0.6999262066367906,0.045347775942225624
1167,Context only,0.692449253197257,0.10797946992995305
1167,Driver history,0.5158627569202413,0.029340241514321144
1167,Automation only,0.5330995132424523,0.02955046044387256
1167,Additive,0.7487794297142689,0.09285501379115353
1167,Interaction,0.7505509722896231,0.11910754318853012
1167,HGB,0.7134739440106272,0.12031573499304041
1167,MLP,0.7611064543168482,0.0804863945382602
1168,Context only,0.7408353370069949,0.0425530209583831
1168,Driver history,0.5612430261241623,0.02135455549744206
1168,Automation only,0.5201469256733227,0.01384525005697159
1168,Additive,0.7374932821058167,0.04741412469151797
1168,Interaction,0.7411627856209517,0.049284747272726886
1168,HGB,0.7150245898316291,0.06375918599026204
1168,MLP,0.7286584066454397,0.053992128217354614
1169,Context only,0.7449902929843406,0.03378789219359203
1169,Driver history,0.5580525525673496,0.026033025867722433
1169,Automation only,0.4657399833781728,0.009957688961499683
1169,Additive,0.7455362510224395,0.038712748557787044
1169,Interaction,0.7472332541661328,0.04067622704950967
1169,HGB,0.7069617862222792,0.045702302387293184
1169,MLP,0.732550202188431,0.05131511078691248
1170,Context only,0.7478280733410776,0.048968586167942404
1170,Driver history,0.5445019173101737,0.019720223064018647
1170,Automation only,0.4953102525891614,0.01435007504826017
1170,Additive,0.7151103354115803,0.04053682540961619
1170,Interaction,0.7120943310840611,0.04259380591084738
1170,HGB,0.7016355986513974,0.05242967698259294
1170,MLP,0.7025044173558126,0.0471524495121339
1171,Context only,0.7073247662090029,0.08262785846484749
1171,Driver history,0.5572230234169256,0.024630154375541363
1171,Automation only,0.5400430560246565,0.023773725243535535
1171,Additive,0.7382044184249763,0.06548152182756271
1171,Interaction,0.7292480147348344,0.07518667146315453
1171,HGB,0.7156238328320654,0.09249877993655833
1171,MLP,0.7284304387270714,0.056195053913022465
1172,Context only,0.7201471330762838,0.08393646260694837
1172,Driver history,0.5337418282889778,0.027294247702431468
1172,Automation only,0.48938372132351515,0.023407145406322567
1172,Additive,0.7463212201155757,0.07012508267403786
1172,Interaction,0.7393052052530875,0.07480572550695949
1172,HGB,0.7151962418584875,0.09728201587883514
1172,MLP,0.7375527869581182,0.06317497365344224
1173,Context only,0.699060912360603,0.0681639799735769
1173,Driver history,0.42612333929274016,0.019075492332826887
1173,Automation only,0.4019988436441729,0.018152533047758712
1173,Additive,0.7089307912452081,0.058161304941102096
1173,Interaction,0.7004697954588315,0.06920932959049456
1173,HGB,0.6690116473393011,0.07928799193539302
1173,MLP,0.681122298690914,0.04939199813642484
1174,Context only,0.6942308280449576,0.08191423513437204
1174,Driver history,0.4489739276703112,0.022721203749737066
1174,Automation only,0.41768687718225145,0.022291084083104776
1174,Additive,0.7014019930167954,0.06744038329891983
1174,Interaction,0.6926003517088462,0.07562837946018505
1174,HGB,0.6724437393276754,0.09889051183820771
1174,MLP,0.6789642429339654,0.05397005903031624
1175,Context only,0.6835576786031312,0.055542570629180145
1175,Driver history,0.5539757028227934,0.03334353997743932
1175,Automation only,0.4698138766712593,0.018029041150637498
1175,Additive,0.7088011317178557,0.049043577870673816
1175,Interaction,0.703503236873098,0.05144947222441293
1175,HGB,0.6628179049467022,0.05440943223540585
1175,MLP,0.6935735129012335,0.05477152609179528
1176,Context only,0.6958707721025063,0.08134744235693397
1176,Driver history,0.5851495943583261,0.03277550723471146
1176,Automation only,0.5495111578725022,0.025819620493363452
1176,Additive,0.7294149908907127,0.0660415547962062
1176,Interaction,0.722746900718526,0.08475880310607661
1176,HGB,0.6931523357544407,0.07150505263024973
1176,MLP,0.7173243778764282,0.06040604745359205
1177,Context only,0.755575817277703,0.0412900431605617
1177,Driver history,0.6091025100375145,0.02261758465080513
1177,Automation only,0.5412603340273934,0.012706983227737053
1177,Additive,0.7383053073631867,0.03897777255465942
1177,Interaction,0.7375014276552191,0.03953115324605178
1177,HGB,0.7186810881807719,0.04107953483748013
1177,MLP,0.7365119527687727,0.04580956268864059
1178,Context only,0.6952076426748515,0.06412880286385639
1178,Driver history,0.4904146847771098,0.02000250177014242
1178,Automation only,0.456248109962722,0.016739054690191817
1178,Additive,0.7062299161459349,0.04465631108653982
1178,Interaction,0.6899589914902396,0.04397203899887983
1178,HGB,0.6668251118478135,0.06039350993027635
1178,MLP,0.6681532604732795,0.038387627271637574
1179,Context only,0.7336874245684001,0.042882714839497516
1179,Driver history,0.5271950595581677,0.0169665034854835
1179,Automation only,0.4774498871805635,0.011292129881611513
1179,Additive,0.7114767539486803,0.04825212166316352
1179,Interaction,0.7044366899302094,0.04956876799324103
1179,HGB,0.6936607939339876,0.06747054785833857
1179,MLP,0.6983378810935614,0.04906190365711438
1180,Context only,0.7072611058024026,0.048532700919010775
1180,Driver history,0.5210617200029345,0.018274011653244583
1180,Automation only,0.5047399955611149,0.016301035758512553
1180,Additive,0.6993927642459885,0.04423859696354289
1180,Interaction,0.6904188803051873,0.04438102305088714
1180,HGB,0.6683256767210197,0.05188848838779675
1180,MLP,0.6778112396654307,0.04080976776672032
1181,Context only,0.69448257507844,0.05094392090051009
1181,Driver history,0.4822786686138142,0.018319675499039872
1181,Automation only,0.4357215410419166,0.014084857277586918
1181,Additive,0.71225428709822,0.05332590598899354
1181,Interaction,0.7078144655224765,0.06371779541509409
1181,HGB,0.6748359353537399,0.077947309780993
1181,MLP,0.6965608326947268,0.05184746284683744
1182,Context only,0.7119440410316746,0.08925258117927115
1182,Driver history,0.5281191977498759,0.026175455638495514
1182,Automation only,0.5016041325808409,0.02470256872710861
1182,Additive,0.7494356306413956,0.08343087138042588
1182,Interaction,0.7452615033917311,0.10796944767867364
1182,HGB,0.7192764306855157,0.11589528173180302
1182,MLP,0.7458155780649668,0.06812864872826063
1183,Context only,0.6676781087037711,0.07305793759128622
1183,Driver history,0.45129343931981764,0.022489239405612926
1183,Automation only,0.41121148845229916,0.01994567303953422
1183,Additive,0.700439436239816,0.054528542912773426
1183,Interaction,0.6867529094027656,0.05815028592894795
1183,HGB,0.6486211747808727,0.07136449203490104
1183,MLP,0.6824527798398214,0.04595287567311512
1184,Context only,0.6975889127028227,0.09523632297716607
1184,Driver history,0.5342145958834235,0.038130593530434416
1184,Automation only,0.46295375098857217,0.025608058449639516
1184,Additive,0.7495563552333324,0.0887301750856056
1184,Interaction,0.7412808662391919,0.102488403622082
1184,HGB,0.7051430747022523,0.10388529789056405
1184,MLP,0.7611560929860615,0.08174499126777063
1185,Context only,0.6939265310444827,0.08950115931657336
1185,Driver history,0.4769541170890831,0.031024687020653904
1185,Automation only,0.4583241690606915,0.024796088051682832
1185,Additive,0.7277294598102522,0.07339939602504165
1185,Interaction,0.7198165063710928,0.08319611497712216
1185,HGB,0.6819024396425164,0.09410599856296692
1185,MLP,0.7229930016635984,0.06526566236047869
1186,Context only,0.6821652524236885,0.059849236989469014
1186,Driver history,0.5347037562927586,0.030784517227419254
1186,Automation only,0.47748704082395216,0.019570828357929025
1186,Additive,0.6878638929840414,0.054063915830441664
1186,Interaction,0.6777200682097655,0.056807334725578244
1186,HGB,0.6498984326700319,0.06051156715597566
1186,MLP,0.6581026271629764,0.053480496630998235
1187,Context only,0.686508784215005,0.04202557117557667
1187,Driver history,0.55180625975039,0.026273595616359877
1187,Automation only,0.4708735906254432,0.012342399704782646
1187,Additive,0.7028437898879591,0.038900596171494516
1187,Interaction,0.6917673468302369,0.04162556443140055
1187,HGB,0.6576396521769962,0.04771897505663274
1187,MLP,0.6959276609700752,0.04686949398598321
1188,Context only,0.7184998259658893,0.06072469557764205
1188,Driver history,0.501353840352709,0.02285055712544771
1188,Automation only,0.470921075530804,0.018335841302749754
1188,Additive,0.719888231426693,0.0640762103630534
1188,Interaction,0.7144752871562825,0.07148489856726487
1188,HGB,0.6980619368062807,0.09210905922857593
1188,MLP,0.7093084077812585,0.05058176810946963
1189,Context only,0.709249201103731,0.043301198874169854
1189,Driver history,0.6112548942621252,0.02829340420660243
1189,Automation only,0.5261214540457416,0.01455624998767178
1189,Additive,0.732595240432331,0.053071205673543884
1189,Interaction,0.7249776418109042,0.05718701867363816
1189,HGB,0.6874458768227377,0.06309733081200573
1189,MLP,0.7318410605416135,0.06221375140918159
1190,Context only,0.7056741373943959,0.06487478480863088
1190,Driver history,0.43699659924825496,0.019453687757237742
1190,Automation only,0.3941985949885097,0.01754871865468208
1190,Additive,0.7132404685863554,0.05482425815068846
1190,Interaction,0.7008274731285982,0.05878763941506131
1190,HGB,0.6772310290023527,0.07810193034736379
1190,MLP,0.6985272394392318,0.04736814571413492
1191,Context only,0.6815978477924922,0.09165499057169335
1191,Driver history,0.5177406855394172,0.030922259881216226
1191,Automation only,0.4521279516958473,0.0249104830682758
1191,Additive,0.7218338919289167,0.0744201366404344
1191,Interaction,0.7117918841172233,0.0975642413906871
1191,HGB,0.673091914271723,0.09366434722293851
1191,MLP,0.7057942913921361,0.06464003503421462
1192,Context only,0.7149754347895381,0.03796716532727709
1192,Driver history,0.6059625868813464,0.03151872695601943
1192,Automation only,0.5185090626595676,0.013412707157275983
1192,Additive,0.7448808676353587,0.05404224560399471
1192,Interaction,0.7449783659900739,0.05784488984617929
1192,HGB,0.700527553597533,0.047938513962406455
1192,MLP,0.7358822694867023,0.06084810507480747
1193,Context only,0.6987076433340471,0.074622504676792
1193,Driver history,0.4535622482102471,0.020945746269671446
1193,Automation only,0.43332155135711137,0.019902650022800988
1193,Additive,0.7281773498121036,0.06288888167996556
1193,Interaction,0.7164519762957713,0.06509306916129554
1193,HGB,0.6908044905633446,0.09047651624295612
1193,MLP,0.7186216441363288,0.05067985280685283
1194,Context only,0.7013938540347613,0.06396297901634695
1194,Driver history,0.5103002848438384,0.02415556237908465
1194,Automation only,0.49348979644576907,0.018410801108817893
1194,Additive,0.7396727956905884,0.05878808952495483
1194,Interaction,0.7379783050643052,0.07345014395897798
1194,HGB,0.7042492914796661,0.07561917983187111
1194,MLP,0.7356147759869753,0.05446005271551078
1195,Context only,0.6900610511652704,0.08761276102930138
1195,Driver history,0.5307631537704327,0.036147918883345696
1195,Automation only,0.43954909543044296,0.024852704923544196
1195,Additive,0.7300816667053346,0.0768304406181303
1195,Interaction,0.7172400413068377,0.08658715115121532
1195,HGB,0.6835185528023451,0.09507110172913993
1195,MLP,0.7258349790885317,0.07209691447046446
1196,Context only,0.7099396597330306,0.04392294857887621
1196,Driver history,0.5238278883973411,0.020585627500289132
1196,Automation only,0.4895310531306146,0.014336610684865685
1196,Additive,0.7131215162504695,0.03558487174223177
1196,Interaction,0.7072265200712532,0.035780148671077414
1196,HGB,0.675697261047687,0.04804655685886652
1196,MLP,0.7092071938070081,0.0377175358760699
1197,Context only,0.7083363102525096,0.09163446698169717
1197,Driver history,0.572902409230724,0.03148494207499211
1197,Automation only,0.5244675997468615,0.02689427288296734
1197,Additive,0.7463189892656977,0.07733961146467229
1197,Interaction,0.7343441479120758,0.08129629377207212
1197,HGB,0.7071739069354859,0.0887344256407606
1197,MLP,0.7353588425203066,0.06403305082755413
1198,Context only,0.7101497932464791,0.049471431060999396
1198,Driver history,0.5755145020602068,0.03423796323008431
1198,Automation only,0.47009745904777955,0.015530265349388138
1198,Additive,0.7333637616132821,0.05508763843237592
1198,Interaction,0.7268286281716101,0.058829820106703415
1198,HGB,0.6923503945447117,0.064761970914695
1198,MLP,0.7254325609771738,0.06542112640969419
1199,Context only,0.6930614426781445,0.07945372482665962
1199,Driver history,0.5195526131831079,0.02432865449679525
1199,Automation only,0.4845307258147307,0.021871683580286294
1199,Additive,0.7355755822621823,0.07322584590103849
1199,Interaction,0.7309586608606187,0.09459923955287737
1199,HGB,0.7026615901510899,0.09529067777244714
1199,MLP,0.7311480371580352,0.061452141474199556
1200,Context only,0.7025462424233021,0.05976656849511869
1200,Driver history,0.46399484629388277,0.023250425933875152
1200,Automation only,0.4102554032458263,0.017895582672170045
1200,Additive,0.6765493442148163,0.04664484607604805
1200,Interaction,0.6643173731355634,0.05219675642586044
1200,HGB,0.6442187596971389,0.056859029472339714
1200,MLP,0.6361313458077329,0.04602941141846115
1201,Context only,0.6997058867918833,0.05771415010029681
1201,Driver history,0.47890402740780424,0.018952260017177515
1201,Automation only,0.46202694748598294,0.016048001965037986
1201,Additive,0.7095042522846126,0.05183018798400244
1201,Interaction,0.7029650912713086,0.05651943287355533
1201,HGB,0.6804198706581042,0.08071002124359843
1201,MLP,0.6944718413486571,0.04647826479698613
1202,Context only,0.7105648413026688,0.057065546180706014
1202,Driver history,0.48910248437323733,0.01808415812131087
1202,Automation only,0.4244864355940195,0.015579346019940763
1202,Additive,0.7062381949606764,0.04524241650766737
1202,Interaction,0.6938459769582987,0.04951617601872099
1202,HGB,0.6797665241625472,0.07107446790510136
1202,MLP,0.689254123990154,0.0438244117731894
1203,Context only,0.7241846174110399,0.036777113594240636
1203,Driver history,0.4322036860663046,0.011844228930284126
1203,Automation only,0.4445018035178731,0.011695595884386569
1203,Additive,0.6930572160979168,0.03437826727606748
1203,Interaction,0.6971865627786333,0.03618090490974682
1203,HGB,0.6638227486422955,0.03720887127264651
1203,MLP,0.655286181810813,0.03708281403720161
1204,Context only,0.6803435616344791,0.054891854926553234
1204,Driver history,0.48504192066663254,0.0252968362425255
1204,Automation only,0.3928782678483001,0.016030221407107147
1204,Additive,0.7042740296774415,0.04773040575418107
1204,Interaction,0.6908795655960248,0.05199271927498546
1204,HGB,0.6503865922169287,0.06344751325852965
1204,MLP,0.6916759728839028,0.04722899676866549
1205,Context only,0.7107710538508144,0.043869136727845155
1205,Driver history,0.5191694287038027,0.024793506121848642
1205,Automation only,0.4491624790619766,0.014350805496852078
1205,Additive,0.7276551195694786,0.052334343867845856
1205,Interaction,0.7255880466160589,0.05949873429034126
1205,HGB,0.6897031701058485,0.06327300313253918
1205,MLP,0.7270171780890267,0.05353187797621369
1206,Context only,0.7287366373798716,0.0656338797669605
1206,Driver history,0.5474260060388418,0.02019205351966069
1206,Automation only,0.5157056393527413,0.018872423044944363
1206,Additive,0.748144526893112,0.06637050029838423
1206,Interaction,0.7421468967566747,0.07140973263419673
1206,HGB,0.7268219933017704,0.09552063760640692
1206,MLP,0.7414300394952055,0.055514867211184135
1207,Context only,0.724469530301391,0.05252437105130319
1207,Driver history,0.5406130406382867,0.023892371523413385
1207,Automation only,0.5078986387115648,0.017358415354361743
1207,Additive,0.7198096119706825,0.047564474301113886
1207,Interaction,0.7187240275223108,0.05000580443856461
1207,HGB,0.6973573692710274,0.05434831312414192
1207,MLP,0.7045629410562508,0.0512085570465573
1208,Context only,0.7206568502571301,0.0497241784844398
1208,Driver history,0.5308176150000268,0.02428736219416221
1208,Automation only,0.4808440365911148,0.016246264095703043
1208,Additive,0.7186544696283913,0.0487228846350796
1208,Interaction,0.7118980618244574,0.05778849993914764
1208,HGB,0.6834222385099131,0.05221341552722971
1208,MLP,0.7026040244276802,0.051542178254526574
1209,Context only,0.6941054189658361,0.044193357616867136
1209,Driver history,0.4749774164408311,0.013229731482878407
1209,Automation only,0.468462739848282,0.012774552774108038
1209,Additive,0.6912419324996463,0.035020684824277296
1209,Interaction,0.6876247537575778,0.03537447558504221
1209,HGB,0.6597634440199824,0.04004503059673269
1209,MLP,0.6626974020744223,0.03025497580065257
1210,Context only,0.719520301739449,0.043918367793972374
1210,Driver history,0.5596028221646205,0.025569893013056014
1210,Automation only,0.5070794383937631,0.014778642920449505
1210,Additive,0.7090554341650389,0.042154362230855016
1210,Interaction,0.7061354661631394,0.044621240743202575
1210,HGB,0.6744478301877015,0.04727077504382728
1210,MLP,0.7017022782157574,0.050204191487454336
1211,Context only,0.6720568970185007,0.044964289451525336
1211,Driver history,0.5346485786223882,0.02335395405955134
1211,Automation only,0.46453195923731855,0.013637115441954095
1211,Additive,0.7169943018298042,0.057990206232561986
1211,Interaction,0.7117204043079073,0.0652950469285519
1211,HGB,0.664694568582694,0.07783111791936588
1211,MLP,0.7083463245455,0.0530557069558244
1212,Context only,0.7027836403547942,0.07977859205958027
1212,Driver history,0.5094367382240544,0.02693715887637119
1212,Automation only,0.42884387892120224,0.021347578980150335
1212,Additive,0.7484019058989798,0.07557178714227501
1212,Interaction,0.7431047476689401,0.08860274965571577
1212,HGB,0.7078271278804317,0.10904784305486279
1212,MLP,0.7558105319563981,0.06928365309638475
1213,Context only,0.7201934622130224,0.0371713877941479
1213,Driver history,0.5714554609969554,0.030312323469054825
1213,Automation only,0.5008857094565673,0.013609701092021826
1213,Additive,0.7315853101739151,0.04862494325162189
1213,Interaction,0.7315079340689734,0.05112291756467887
1213,HGB,0.689056439557738,0.05693002228144846
1213,MLP,0.7191612320470973,0.055962060648151284
1214,Context only,0.6975898425057978,0.08819426678914459
1214,Driver history,0.5068451276300584,0.02541326342985794
1214,Automation only,0.4732091385069771,0.023322476912905128
1214,Additive,0.7456720682729339,0.07485717791084016
1214,Interaction,0.7364166844351083,0.08651538334735949
1214,HGB,0.7115606088126205,0.1102830444371766
1214,MLP,0.7547810269896048,0.06313118754502993
1215,Context only,0.7097561363577206,0.05476701883120357
1215,Driver history,0.48466814357645466,0.02113405795524992
1215,Automation only,0.4250702062371481,0.016581328811776992
1215,Additive,0.7333970563992516,0.05981055047334007
1215,Interaction,0.7218130272698088,0.05908146443642723
1215,HGB,0.6951932226036608,0.08484793272275296
1215,MLP,0.7285921588815589,0.05580167943776065
1216,Context only,0.7252170628359957,0.04696303650681713
1216,Driver history,0.5352473914138373,0.02116916089632178
1216,Automation only,0.48365390932083696,0.014927157083409949
1216,Additive,0.7341258544739213,0.05089698639156631
1216,Interaction,0.7287239187004333,0.049751460677370865
1216,HGB,0.7150623724904106,0.07754349102397322
1216,MLP,0.7290706352942894,0.051148587486858924
1217,Context only,0.6990439785876846,0.04646656700808269
1217,Driver history,0.4943130215512175,0.024092875077725753
1217,Automation only,0.46557761964291433,0.015551225932706936
1217,Additive,0.6890665234905066,0.04852642109408384
1217,Interaction,0.6831407400284215,0.05097344113402087
1217,HGB,0.6500154929426974,0.04239407112882535
1217,MLP,0.6606391105982413,0.045297922856406124
1218,Context only,0.7248100439690894,0.03975398498432454
1218,Driver history,0.49581463779653817,0.016730998881702288
1218,Automation only,0.5162646247155231,0.014707880654521588
1218,Additive,0.7095235416074739,0.046851138125572886
1218,Interaction,0.7218348866452682,0.051839911353579085
1218,HGB,0.690676471332885,0.05469043962838267
1218,MLP,0.6877533567572586,0.050734620438104436
1219,Context only,0.7069530409555174,0.05161812987537912
1219,Driver history,0.5203503486869965,0.01877604121628698
1219,Automation only,0.4979960754415747,0.016445244033101884
1219,Additive,0.7105669086082579,0.05414341980571751
1219,Interaction,0.7042524845984378,0.06014157513018768
1219,HGB,0.6784703046006562,0.06865526777433507
1219,MLP,0.6889397795930384,0.04665538728211538
1220,Context only,0.7092866106272753,0.06174114142390526
1220,Driver history,0.5084670140453504,0.024379876056866288
1220,Automation only,0.4617332134439921,0.018064647896614595
1220,Additive,0.7300557662949824,0.05887429491359157
1220,Interaction,0.7225203525128969,0.0666980627014666
1220,HGB,0.689965378197618,0.06715068546720414
1220,MLP,0.7124553828675674,0.056272832794459195
1221,Context only,0.6974285605872451,0.06588321536362376
1221,Driver history,0.4661871843695671,0.02303761544603922
1221,Automation only,0.43302304964538996,0.018895880897391894
1221,Additive,0.7069756050445677,0.05939099835912752
1221,Interaction,0.7039672848193835,0.07460400793342424
1221,HGB,0.6724508099456357,0.08203864312098233
1221,MLP,0.6855254987995695,0.05500376344065289
1222,Context only,0.7173929529932715,0.052057384614591494
1222,Driver history,0.5314526288292767,0.025679409112705436
1222,Automation only,0.4597274477667907,0.015605691955025144
1222,Additive,0.701909845838828,0.04538743539136377
1222,Interaction,0.6898293230643483,0.04638712550341062
1222,HGB,0.6719088768016719,0.05459885634840493
1222,MLP,0.6790907060910305,0.04826101819982984
1223,Context only,0.7159888721427143,0.06522876516421995
1223,Driver history,0.5717764667776486,0.025870961583311074
1223,Automation only,0.5216181278879248,0.0195592165400382
1223,Additive,0.7422123601358045,0.05926976786990693
1223,Interaction,0.733375146083219,0.05931105206732984
1223,HGB,0.714622328373191,0.0793050115319161
1223,MLP,0.7391892946715553,0.056035978348745324
1224,Context only,0.6955321678597325,0.0767867960612944
1224,Driver history,0.5413392954540662,0.0333091946998572
1224,Automation only,0.4733537937476567,0.022552152023658
1224,Additive,0.7338051512209789,0.07148408489917266
1224,Interaction,0.722292806984897,0.08497162702982196
1224,HGB,0.6861957287968415,0.07418296746218406
1224,MLP,0.7177616318952681,0.06248667362030129
1225,Context only,0.7063123942733425,0.08686584839376507
1225,Driver history,0.5125718412369772,0.02764965719234308
1225,Automation only,0.42557972586902065,0.022683721509497424
1225,Additive,0.7383665297527001,0.08137979818577397
1225,Interaction,0.7272821877187972,0.09232871159195633
1225,HGB,0.7079468422733379,0.12376934833797817
1225,MLP,0.7347748610061646,0.06841801396091725
1226,Context only,0.7112988275202122,0.046432233188817736
1226,Driver history,0.5978298435961108,0.034864422922519754
1226,Automation only,0.5269953532322604,0.015515197652011349
1226,Additive,0.740849803121685,0.04774167541401304
1226,Interaction,0.7375155574822749,0.04901630473585296
1226,HGB,0.702446545190116,0.050382861546845334
1226,MLP,0.7438818889929939,0.051926434497389456
1227,Context only,0.6943870032511714,0.07976295052085104
1227,Driver history,0.47239715676537153,0.02793913691616913
1227,Automation only,0.44040554526836,0.022757509752181115
1227,Additive,0.7024547493945177,0.07001984047028638
1227,Interaction,0.6900858328085298,0.0801439895768068
1227,HGB,0.6617581861533304,0.09017985800825119
1227,MLP,0.6727028222424833,0.0576324050856045
1228,Context only,0.6953663102240452,0.07210028857341855
1228,Driver history,0.507724316743286,0.02749363757499217
1228,Automation only,0.45151724435064494,0.021825920644040365
1228,Additive,0.7111277875414204,0.06570023768354841
1228,Interaction,0.6995933994774577,0.07194298077572275
1228,HGB,0.669544958520059,0.07601261957473963
1228,MLP,0.6899666192738808,0.05561689250177574
1229,Context only,0.7027186909363662,0.04664332332318393
1229,Driver history,0.5299256517654573,0.02291174205676525
1229,Automation only,0.4967056649103068,0.015468629079223712
1229,Additive,0.7131317604072676,0.04658921462280234
1229,Interaction,0.7093075931928987,0.04659986380061851
1229,HGB,0.6876566520736558,0.062182000945193217
1229,MLP,0.7092124415629746,0.0471694348568949
1230,Context only,0.7856398715114765,0.04399603125350157
1230,Driver history,0.5689156610413981,0.02293372250284816
1230,Automation only,0.5245260149190937,0.014618432560516384
1230,Additive,0.7626825652292959,0.060574693002890506
1230,Interaction,0.7613021817671847,0.061935766484064056
1230,HGB,0.7529995124915687,0.10213419073550685
1230,MLP,0.7433331552480616,0.06210059703976174
1231,Context only,0.7298554038785965,0.06757687143526496
1231,Driver history,0.5668564563309654,0.020298460163816312
1231,Automation only,0.5426771370200121,0.01947621986987428
1231,Additive,0.7436897354939561,0.05531434990136855
1231,Interaction,0.7356075203912646,0.05941097216018323
1231,HGB,0.7298697203262603,0.07269415058211816
1231,MLP,0.7412118292550804,0.04995743402122522
1232,Context only,0.7118583042471576,0.04687194036024282
1232,Driver history,0.6085096502747347,0.029339971959107595
1232,Automation only,0.5120544199467809,0.016014793879973135
1232,Additive,0.7555599232816118,0.057431042335959095
1232,Interaction,0.7443467705705499,0.056984872293554846
1232,HGB,0.7141717351487715,0.06755849267577214
1232,MLP,0.753064415799841,0.05895660291772963
1233,Context only,0.7034510489799632,0.06780130200505766
1233,Driver history,0.5182153282558899,0.027911224136321217
1233,Automation only,0.48525970213434544,0.020297747835845873
1233,Additive,0.7185738089922019,0.06262551921441477
1233,Interaction,0.7143138008881391,0.07329506318197378
1233,HGB,0.6822562372340337,0.07475160513491046
1233,MLP,0.7052256733401143,0.05859041569234255
1234,Context only,0.7021625704833095,0.07169981013329356
1234,Driver history,0.5785928760568311,0.03549699038385357
1234,Automation only,0.5064523005303776,0.021980146312241974
1234,Additive,0.7434787559235392,0.0706611664486054
1234,Interaction,0.7306481217506623,0.07049199523334183
1234,HGB,0.7002363737121681,0.0875086614607696
1234,MLP,0.7492173051067147,0.0680392569104573
1235,Context only,0.6997499625226631,0.060432766214772116
1235,Driver history,0.5201286886891983,0.03129230164319599
1235,Automation only,0.4465269115563136,0.017408724692738613
1235,Additive,0.7343813198810907,0.06103358515896056
1235,Interaction,0.7263385419760315,0.06662224758150968
1235,HGB,0.688185375636054,0.0735095378471331
1235,MLP,0.7283662073217987,0.05955751907383488
1236,Context only,0.6886741876535191,0.06941856521040751
1236,Driver history,0.4618774824024888,0.019333373054771404
1236,Automation only,0.43953795417816843,0.019263344436322997
1236,Additive,0.6949141839419971,0.04810179967104377
1236,Interaction,0.6836903740131605,0.051035408842052224
1236,HGB,0.6635888741974478,0.07228510235922135
1236,MLP,0.6712416329665628,0.04093711883815914
1237,Context only,0.7212503942936801,0.04653867235297178
1237,Driver history,0.5394789726996143,0.016647776087151907
1237,Automation only,0.5244983566856946,0.014400335430639087
1237,Additive,0.7360476001505947,0.04206186028456477
1237,Interaction,0.7315017755934756,0.04307798064557718
1237,HGB,0.7148814066363441,0.06353611436631425
1237,MLP,0.7278763088006349,0.04394718640872813
1238,Context only,0.712959978122012,0.09579874634631672
1238,Driver history,0.5462065787328386,0.028695046979309788
1238,Automation only,0.5269553886085069,0.026623815506409212
1238,Additive,0.7495526254206041,0.08132031113064804
1238,Interaction,0.7464965067434381,0.09335411903095905
1238,HGB,0.7167447013006929,0.10309472902581933
1238,MLP,0.7522814180291397,0.0708806543165613
1239,Context only,0.7595509809857814,0.04558773615879439
1239,Driver history,0.5972010491711921,0.025973083623565422
1239,Automation only,0.5234328742093037,0.014637017630326642
1239,Additive,0.7371187846117986,0.04540321218707831
1239,Interaction,0.7342259281387392,0.04999557316178766
1239,HGB,0.7238832462149729,0.04387869307317474
1239,MLP,0.7377992991236366,0.058792690486815326
1240,Context only,0.6817780926975658,0.04837488839976761
1240,Driver history,0.5260759836612204,0.026973489996409458
1240,Automation only,0.4706539679893298,0.014820538017734208
1240,Additive,0.7073718322774258,0.04572662865965865
1240,Interaction,0.7048001417139047,0.05565684735994174
1240,HGB,0.6588041847282428,0.05481878546640523
1240,MLP,0.6951706818939647,0.049050983201062257
1241,Context only,0.6952731930812207,0.0727105811276512
1241,Driver history,0.5463499113523789,0.026618225809206232
1241,Automation only,0.4963854008639334,0.02078528233974944
1241,Additive,0.7323891295473792,0.06689341478826863
1241,Interaction,0.7226576922373928,0.08172682770923044
1241,HGB,0.6974858803531283,0.08400593968999776
1241,MLP,0.7286988296076962,0.05914242662931382
1242,Context only,0.701453850724013,0.07151371196954662
1242,Driver history,0.5361541877180714,0.03207508524940649
1242,Automation only,0.43771637827969123,0.020662250602163285
1242,Additive,0.730254258617135,0.06747871327278268
1242,Interaction,0.7176687943610185,0.08100840364973587
1242,HGB,0.6850061891062518,0.0792966261295324
1242,MLP,0.7189561934815667,0.0653678022236549
1243,Context only,0.7100355593475448,0.07865421091891424
1243,Driver history,0.5182897498657135,0.02429241754313393
1243,Automation only,0.4556235216084333,0.02123036590704743
1243,Additive,0.7310708479961904,0.07004066222828412
1243,Interaction,0.7233773301718726,0.08267587997428587
1243,HGB,0.7020077071236329,0.0993641404671444
1243,MLP,0.7148136075092725,0.060640170167763865
1244,Context only,0.7473443197245297,0.04407555831688036
1244,Driver history,0.5754084461620885,0.017081341303930343
1244,Automation only,0.5449323287542976,0.014374513741209984
1244,Additive,0.7320620484465782,0.0428217686543888
1244,Interaction,0.7337882893895025,0.046269432422578104
1244,HGB,0.7314456731494438,0.06927245263359552
1244,MLP,0.7344410750417418,0.052333277545551664
1245,Context only,0.7443626711533998,0.04802434647774852
1245,Driver history,0.6080938152703643,0.025012263797555438
1245,Automation only,0.5575150847064284,0.016556108904130153
1245,Additive,0.7425295892318403,0.05541537501246337
1245,Interaction,0.7412241819447667,0.057383746957676146
1245,HGB,0.7172815618472963,0.07061543512307474
1245,MLP,0.7364075191459735,0.05868533734624749
1246,Context only,0.6807768270788799,0.045893338526206015
1246,Driver history,0.47119312606026487,0.016967602734364776
1246,Automation only,0.4201796459571101,0.012131940470119984
1246,Additive,0.6798506405331183,0.04019153274573249
1246,Interaction,0.6671074927921006,0.04885693969922731
1246,HGB,0.6300830905342594,0.04852696399009683
1246,MLP,0.6441277966269313,0.03759007370800965
1247,Context only,0.7099582935872146,0.06311939065877575
1247,Driver history,0.44928588186990437,0.01760142079271581
1247,Automation only,0.4063693348274787,0.015753994081830345
1247,Additive,0.7162723311445955,0.05522115879030212
1247,Interaction,0.7080317644807073,0.06957109103042268
1247,HGB,0.6831396964168295,0.08577460042050275
1247,MLP,0.6907611111625624,0.04822241956114136
1248,Context only,0.6917883532870613,0.06592641703649497
1248,Driver history,0.47777633888744997,0.023288601583318767
1248,Automation only,0.44109751861689855,0.019050329694102842
1248,Additive,0.7247571788915458,0.07283002066472934
1248,Interaction,0.7195229643550057,0.08339387003206927
1248,HGB,0.684261116431659,0.10829307540588509
1248,MLP,0.7123020772891574,0.06083716215150863
1249,Context only,0.6997677053472303,0.05768907022045931
1249,Driver history,0.46386867084237793,0.01680184566607925
1249,Automation only,0.44501686716708916,0.01577155794493405
1249,Additive,0.711447683474457,0.04524641289418578
1249,Interaction,0.7024766013797522,0.050406764198562756
1249,HGB,0.6742016575806282,0.05948416877430072
1249,MLP,0.6883573395306193,0.042846230737366
1250,Context only,0.7103638809455903,0.060305690791338525
1250,Driver history,0.5150703226479185,0.021901751420365503
1250,Automation only,0.48929881756301835,0.018340664994857196
1250,Additive,0.694786691075477,0.050870298419653
1250,Interaction,0.6833970255042603,0.049236772900484956
1250,HGB,0.6791972438576876,0.07548439839094095
1250,MLP,0.6751935797739261,0.0477085283381039
1251,Context only,0.7224361819568211,0.044024802242432166
1251,Driver history,0.6281618810247306,0.03263167904405613
1251,Automation only,0.5387875994400628,0.01551973073828485
1251,Additive,0.7483850592372563,0.05731811980633083
1251,Interaction,0.7487384342244529,0.06105341995830257
1251,HGB,0.7116309308386539,0.07051673969884022
1251,MLP,0.7501490889640023,0.06285935955710853
1252,Context only,0.6819742975096551,0.054201007487287026
1252,Driver history,0.5149717006259156,0.026205433933557003
1252,Automation only,0.4764539219603142,0.017364318961735938
1252,Additive,0.7012569916100679,0.04894849242060364
1252,Interaction,0.6937506658676256,0.05027608431960258
1252,HGB,0.6590749434012518,0.05615289732918266
1252,MLP,0.6785109535224397,0.04680001515419459
1253,Context only,0.6952611243134621,0.07225379399963222
1253,Driver history,0.457778693475279,0.019730881753634445
1253,Automation only,0.4209585283110461,0.01927693309562223
1253,Additive,0.7048372347691596,0.05745268633463372
1253,Interaction,0.6882485591876132,0.058655117833048324
1253,HGB,0.6689000434642718,0.089269323024853
1253,MLP,0.6870530094774692,0.04661539486828055
1254,Context only,0.7238933847319446,0.0397798713074964
1254,Driver history,0.6196048130922261,0.029887709594021702
1254,Automation only,0.5156448929539401,0.012702428575062994
1254,Additive,0.747971162783432,0.05826869242646674
1254,Interaction,0.7467971499245664,0.061809849007189874
1254,HGB,0.708127425457093,0.06527678732150555
1254,MLP,0.7448006070739983,0.06386964730631883
1255,Context only,0.7146638397007491,0.060792184363958994
1255,Driver history,0.5467906841693563,0.02914583969606164
1255,Automation only,0.48298017053288783,0.01758327444322334
1255,Additive,0.7570876101085708,0.06583447747934379
1255,Interaction,0.7538252319562586,0.07163437590712884
1255,HGB,0.7163940834849715,0.08434843711226137
1255,MLP,0.7645492273543735,0.06251279865574005
1256,Context only,0.6939831205946458,0.05088311315835202
1256,Driver history,0.5290598382912356,0.024701058193469263
1256,Automation only,0.45355160920309945,0.016010161882865404
1256,Additive,0.7324372314664604,0.06521113145371285
1256,Interaction,0.7254828473357801,0.0721180451300871
1256,HGB,0.6890173697592081,0.08492205126589626
1256,MLP,0.7224219160090812,0.058489228951118646
1257,Context only,0.7051957172752582,0.04451725647842922
1257,Driver history,0.5365650111377819,0.021169828297124854
1257,Automation only,0.48960482475643347,0.013617190335860042
1257,Additive,0.7211953463671021,0.047595546215140276
1257,Interaction,0.7116339241872158,0.04932916554417268
1257,HGB,0.683349543003218,0.05692575400131049
1257,MLP,0.7089743441142565,0.04802642506992425
1258,Context only,0.6991486371616121,0.07161095216137217
1258,Driver history,0.49068986155558736,0.02680055959631486
1258,Automation only,0.4492769816976822,0.020093049027616577
1258,Additive,0.7396494001344069,0.06973133571063098
1258,Interaction,0.7354888443445206,0.08446802906271371
1258,HGB,0.7005041553962106,0.09306611717960926
1258,MLP,0.7417899806128806,0.06345344573595432
1259,Context only,0.7072413589015152,0.059268761535631126
1259,Driver history,0.5172509395714961,0.01738034026155527
1259,Automation only,0.4975069912997159,0.016612239431645696
1259,Additive,0.7341728441642993,0.05410284157576873
1259,Interaction,0.7322356252959281,0.06390405172205522
1259,HGB,0.7071690414891099,0.06996216365518892
1259,MLP,0.7343859123461174,0.05112388580657893
1260,Context only,0.7069537727398456,0.0519032639749949
1260,Driver history,0.49911701526425856,0.02395778471455844
1260,Automation only,0.41567021715570907,0.014766048149571042
1260,Additive,0.7287567352319566,0.0490312896119793
1260,Interaction,0.7146046582185391,0.048332227375755626
1260,HGB,0.6880841993138113,0.06309730248354564
1260,MLP,0.7192965967163026,0.049999972910157106
1261,Context only,0.7010829523319304,0.045994810060955196
1261,Driver history,0.5457055604160126,0.025151145653004935
1261,Automation only,0.4962237170119716,0.015640132692748266
1261,Additive,0.7235090481525217,0.0572438603850979
1261,Interaction,0.7215441486205598,0.058303886235290814
1261,HGB,0.6934716890327371,0.08701535517373062
1261,MLP,0.7287115964131421,0.05430930813602478
1262,Context only,0.6964927111210245,0.04522186452879472
1262,Driver history,0.5731046809995309,0.024300099469680484
1262,Automation only,0.5019764355248935,0.015359730316888457
1262,Additive,0.7260672079208437,0.04776730612978364
1262,Interaction,0.7152552875996843,0.05517391091221503
1262,HGB,0.6810843685625896,0.0508656084119031
1262,MLP,0.7244242647004578,0.04804933598952961
1263,Context only,0.6852362988599487,0.056139587115116546
1263,Driver history,0.5693429285881629,0.03657340919488751
1263,Automation only,0.4409177716441368,0.016537400291444085
1263,Additive,0.7494412785840989,0.06592414478492804
1263,Interaction,0.741412219606204,0.0738693578469584
1263,HGB,0.695863275815081,0.08393649880989972
1263,MLP,0.7690163361125968,0.07008568869831847
1264,Context only,0.7156705146894657,0.07602691811834618
1264,Driver history,0.5159615788713342,0.021035896407142336
1264,Automation only,0.4736241348515293,0.019494837016753468
1264,Additive,0.7497951223356054,0.0642052496244649
1264,Interaction,0.7401717820416847,0.06897330222862408
1264,HGB,0.7212839656961244,0.09480760215093384
1264,MLP,0.7492363053727854,0.05682839341614335
1265,Context only,0.7144935407760412,0.04239585413209719
1265,Driver history,0.5098675450276824,0.017836824849716056
1265,Automation only,0.4814218468941996,0.012563560468684995
1265,Additive,0.6976315205457051,0.04481565722130759
1265,Interaction,0.7002368187445978,0.047479324896715316
1265,HGB,0.6800873688882659,0.05440911171375596
1265,MLP,0.6821901207746397,0.048940687287814214
1266,Context only,0.7242271068679396,0.03379385286460348
1266,Driver history,0.5577551734479655,0.03316703031366258
1266,Automation only,0.4529459912026392,0.011978542898180655
1266,Additive,0.7306145656303109,0.04398269370173836
1266,Interaction,0.7302284314705587,0.048796422756191754
1266,HGB,0.6883341247625713,0.04693919132434252
1266,MLP,0.7198446715985205,0.06218561652613373
1267,Context only,0.7216929978699689,0.06059055173955872
1267,Driver history,0.5385093352478492,0.02471909445089988
1267,Automation only,0.479444406982694,0.017038483328585437
1267,Additive,0.756711581101825,0.06271256028719498
1267,Interaction,0.7502052683561475,0.06762036070551548
1267,HGB,0.7234491826947868,0.0834048052550343
1267,MLP,0.7585774407101691,0.05846539478521238
1268,Context only,0.707563831610213,0.05145279532145827
1268,Driver history,0.5538276118124179,0.026120199177271805
1268,Automation only,0.49561394489823124,0.016419171211431813
1268,Additive,0.7340063974410236,0.04994605850865872
1268,Interaction,0.7361514441842311,0.0588055159211385
1268,HGB,0.6970078635212582,0.06061073272750079
1268,MLP,0.7308952609432416,0.05375187257571289
1269,Context only,0.6887627312445574,0.04951085892627567
1269,Driver history,0.5708253720359733,0.029805662322651867
1269,Automation only,0.4948039799382333,0.01594457064936985
1269,Additive,0.7093624856954281,0.04590802022843191
1269,Interaction,0.703294489853181,0.05005654115930918
1269,HGB,0.6653816949260518,0.05054218138591522
1269,MLP,0.6954099363549023,0.051637065050296735
1270,Context only,0.6846571626061994,0.05762633033617414
1270,Driver history,0.5173520370143578,0.027248970159783913
1270,Automation only,0.4511474271022095,0.017285717644226276
1270,Additive,0.7210299478923416,0.061768615213403044
1270,Interaction,0.71607553430934,0.06789342245549058
1270,HGB,0.677389870592281,0.07757732883162394
1270,MLP,0.7151494142645319,0.05448863045534345
1271,Context only,0.7268472217847355,0.05415453465346056
1271,Driver history,0.526174126689136,0.020213888147848982
1271,Automation only,0.49212524018017456,0.01664995731722131
1271,Additive,0.729332692852868,0.05413352652297901
1271,Interaction,0.7204747692695372,0.06049194353940703
1271,HGB,0.6999874003842883,0.060838138506924946
1271,MLP,0.7147533625224431,0.052073516733464165
1272,Context only,0.7073408599068114,0.07055084809343234
1272,Driver history,0.5311786400181803,0.02098297506573496
1272,Automation only,0.5129972269215859,0.020251125037309296
1272,Additive,0.7207882850433489,0.05239519556605987
1272,Interaction,0.7144528331593042,0.057094059911718516
1272,HGB,0.6978462968931719,0.07241950887667517
1272,MLP,0.7063760009149526,0.0450579256623794
1273,Context only,0.7333840528642426,0.05398816742081686
1273,Driver history,0.5607888450590788,0.01890001554304322
1273,Automation only,0.5310080907185546,0.01670930393878941
1273,Additive,0.7333641464017353,0.06082060905411731
1273,Interaction,0.7228269922479201,0.05949591545691224
1273,HGB,0.7185162134704972,0.08455760844047398
1273,MLP,0.7221968497451058,0.053767633197058566
1274,Context only,0.7128787240762186,0.0608568450021809
1274,Driver history,0.5184852791521914,0.021659419037571476
1274,Automation only,0.4628867951012388,0.01732215476634583
1274,Additive,0.7201756325227217,0.05631576840214643
1274,Interaction,0.7110037898726181,0.06108032379007787
1274,HGB,0.7005405832192863,0.08405301892461253
1274,MLP,0.7048227883636874,0.05195292166678264
1275,Context only,0.6886913809082484,0.0843042625797104
1275,Driver history,0.4957416126042632,0.02531441873644986
1275,Automation only,0.44479901143033673,0.022231240874077858
1275,Additive,0.7298832252085264,0.07300221903275408
1275,Interaction,0.7257912882298424,0.08875428211538551
1275,HGB,0.6931710843373493,0.10628522232077849
1275,MLP,0.7301125733704048,0.06104785752597918
1276,Context only,0.7118517881305501,0.06459592370564002
1276,Driver history,0.4932080711063237,0.020904668880129408
1276,Automation only,0.4909508825123259,0.02011624841233783
1276,Additive,0.7041570253566454,0.06020020360100167
1276,Interaction,0.6984611721173314,0.060728964984093636
1276,HGB,0.6878821200243359,0.08757713333726823
1276,MLP,0.6830807891910942,0.05079445362523246
1277,Context only,0.7025361130278384,0.04972532261742278
1277,Driver history,0.5809477619537798,0.03146378354145995
1277,Automation only,0.5038341459000261,0.016354487807925366
1277,Additive,0.7323394002465979,0.06027274195889267
1277,Interaction,0.7227882537922921,0.06165777916321758
1277,HGB,0.6946008619616981,0.06570918198059011
1277,MLP,0.7277564109815278,0.058930092833376344
1278,Context only,0.7088389298631884,0.07889526657543883
1278,Driver history,0.537345029932631,0.02522080254743217
1278,Automation only,0.4789400601395211,0.021567863372435648
1278,Additive,0.7288197975529511,0.05980186987796514
1278,Interaction,0.7206888399610771,0.07169715804244595
1278,HGB,0.6957656873425069,0.0837545482854149
1278,MLP,0.7150125007267863,0.055088353241292215
1279,Context only,0.7591775046964149,0.047881206863173445
1279,Driver history,0.536254053349411,0.01932617555973058
1279,Automation only,0.4978403474997847,0.013829131272615276
1279,Additive,0.7157612731416281,0.04230629993114985
1279,Interaction,0.7099992900091484,0.04357930545551839
1279,HGB,0.705586289494696,0.04946373716842779
1279,MLP,0.7041686356303671,0.04707197078293231
1280,Context only,0.7300301333697483,0.06486805720297587
1280,Driver history,0.5524732122536301,0.020705941677785465
1280,Automation only,0.5312372889070964,0.01912589280504307
1280,Additive,0.7383946470025946,0.05653906080160824
1280,Interaction,0.7308341754290136,0.061104402000266705
1280,HGB,0.7207397696754518,0.08025740259341428
1280,MLP,0.7280120169329509,0.05106813697531999
1281,Context only,0.7137823024681532,0.04161928633562273
1281,Driver history,0.6173798208166201,0.03453679717413987
1281,Automation only,0.5469346526634741,0.015143306600841046
1281,Additive,0.745932160535737,0.05429424588941735
1281,Interaction,0.7540492039092358,0.05955764998614809
1281,HGB,0.706090351214736,0.06267802950147232
1281,MLP,0.7389750545467733,0.06049611507020319
1282,Context only,0.7203858331787445,0.04756266402869066
1282,Driver history,0.49321608808202777,0.016559675137369164
1282,Automation only,0.45622011864006595,0.013624059729168596
1282,Additive,0.7196770072684959,0.05117447829112661
1282,Interaction,0.7106778167529555,0.052916900090451385
1282,HGB,0.6933360878290639,0.0727744841070701
1282,MLP,0.7003653220230366,0.04924171084129251
1283,Context only,0.7030636164850641,0.09813313629236078
1283,Driver history,0.5676189880555291,0.03430116889746018
1283,Automation only,0.5462520648686425,0.028356029297787095
1283,Additive,0.7464518342916442,0.08698990540231306
1283,Interaction,0.7448254193271704,0.11494353086813403
1283,HGB,0.706927799750098,0.09513924537177854
1283,MLP,0.7342092148734076,0.07192097755872649
1284,Context only,0.7158387581432392,0.04424407060423663
1284,Driver history,0.526535483256886,0.0191256012499282
1284,Automation only,0.4879340902163056,0.013716960791260157
1284,Additive,0.7018794360848355,0.047883505541341874
1284,Interaction,0.6962787189617137,0.0501149694846324
1284,HGB,0.6726240176003604,0.05706312250905768
1284,MLP,0.6913948839915998,0.048257834607809795
1285,Context only,0.7194370269293883,0.03928570126198666
1285,Driver history,0.5171360919960478,0.02408618983812319
1285,Automation only,0.4553327762035961,0.012124319953370478
1285,Additive,0.7028545282025166,0.037573598711555106
1285,Interaction,0.6933588394291161,0.03985205149512081
1285,HGB,0.6494897692699424,0.038315031596257106
1285,MLP,0.6816074281063247,0.045549396747056575
1286,Context only,0.7210591162345861,0.05800533849232033
1286,Driver history,0.5059029444098416,0.022089552614486026
1286,Automation only,0.4565475765032623,0.017029969958546387
1286,Additive,0.7263046652439833,0.05387849803026631
1286,Interaction,0.7167151672333574,0.054381388652036664
1286,HGB,0.690981787611764,0.06791833326645244
1286,MLP,0.7029651714877931,0.04978889358263488
1287,Context only,0.7551604484948287,0.04686561739946597
1287,Driver history,0.5697154598387228,0.01795021659672284
1287,Automation only,0.5576844229980762,0.015075447764507843
1287,Additive,0.7316375536914126,0.06048089890552943
1287,Interaction,0.7332453602768434,0.06149048755414616
1287,HGB,0.7284900508579554,0.0861819670343542
1287,MLP,0.7204647742058435,0.05187253951529664
1288,Context only,0.7126596814076177,0.09358763700968704
1288,Driver history,0.5152888145359914,0.026980825945497548
1288,Automation only,0.47276091385580915,0.02555343693273977
1288,Additive,0.7395519504183573,0.07988267184399159
1288,Interaction,0.729946240898496,0.08835939755927535
1288,HGB,0.7065850007704328,0.10950724847511008
1288,MLP,0.7284401055615478,0.06777668314430234
1289,Context only,0.6928109980793796,0.06396202921133225
1289,Driver history,0.5182086439736758,0.02404807958051315
1289,Automation only,0.49805394409852266,0.019546551732078376
1289,Additive,0.7156387146152261,0.05599856883062679
1289,Interaction,0.7083221745677292,0.0638808340689612
1289,HGB,0.6772053002823823,0.06271806262107404
1289,MLP,0.6988024347113753,0.052301436964539955
1290,Context only,0.7283228894850967,0.04538485284611939
1290,Driver history,0.49808759152404636,0.016525764373196992
1290,Automation only,0.4975299226971468,0.01480846660501652
1290,Additive,0.7101217019695281,0.03791117105151265
1290,Interaction,0.6995844410142069,0.03684998050836074
1290,HGB,0.6835725821929836,0.046167905856763246
1290,MLP,0.6922160661709157,0.03633289035311743
1291,Context only,0.6642053665441808,0.04955133783134005
1291,Driver history,0.5247011386346054,0.02544020487268448
1291,Automation only,0.5025914077273509,0.015999238499165954
1291,Additive,0.7056408613761389,0.04921911926770756
1291,Interaction,0.7031008251676121,0.052010445667152475
1291,HGB,0.6547103653623002,0.05679591651705935
1291,MLP,0.7015442345710847,0.05043692471122669
1292,Context only,0.7129531247882858,0.040546096634065054
1292,Driver history,0.5875469158608355,0.028318529849732557
1292,Automation only,0.5104033521975366,0.013584777467346808
1292,Additive,0.7147086587144942,0.048981552146495355
1292,Interaction,0.7125892586955245,0.05140369146738428
1292,HGB,0.6844676884651344,0.0573083977938045
1292,MLP,0.708686943050581,0.052431489516076735
1293,Context only,0.7280440378381215,0.05637651479813775
1293,Driver history,0.5460596363839197,0.021961836716211866
1293,Automation only,0.48090498799102277,0.016633517847794307
1293,Additive,0.7321440289790401,0.0638352696853175
1293,Interaction,0.7219384490701246,0.06992470888662557
1293,HGB,0.712881678763141,0.10211811635983564
1293,MLP,0.7220578005853555,0.05928493426207575
1294,Context only,0.7017754391749604,0.08800515313528934
1294,Driver history,0.5192526107177854,0.02528843574788234
1294,Automation only,0.4872275673350362,0.024751985719728104
1294,Additive,0.7066300397077724,0.060595128514832175
1294,Interaction,0.6987467971510912,0.07178138763479873
1294,HGB,0.6792344332995035,0.07992586518106083
1294,MLP,0.6789817041024827,0.04760237920689246
1295,Context only,0.6988957348420264,0.0764813792954112
1295,Driver history,0.5903202097703376,0.03486774097873563
1295,Automation only,0.5255904311658787,0.02347654853801321
1295,Additive,0.7447324911519285,0.06850816276481005
1295,Interaction,0.7373817458472189,0.07413818576185328
1295,HGB,0.7071110077759695,0.07853792617852898
1295,MLP,0.749574259216203,0.06813926355622502
1296,Context only,0.7139645045910048,0.059014257802260786
1296,Driver history,0.48672310092137266,0.016683946460111117
1296,Automation only,0.46271709779871084,0.015695616460166324
1296,Additive,0.7237947260750909,0.053252602363317025
1296,Interaction,0.7138489906132729,0.05751862033925166
1296,HGB,0.6982755078650422,0.08083078972225657
1296,MLP,0.7108899586095938,0.04655175720100637
1297,Context only,0.741299215863549,0.03810908178825895
1297,Driver history,0.5861425813075793,0.02212921761465839
1297,Automation only,0.5256479667702759,0.012324441207391198
1297,Additive,0.739804649217791,0.04620029737217486
1297,Interaction,0.7385880871532682,0.04671035779079915
1297,HGB,0.7142977288894651,0.05834262916186724
1297,MLP,0.7349845403754931,0.05199234138041973
1298,Context only,0.6856525283780245,0.08365591989088812
1298,Driver history,0.44302677420490055,0.02770957521468736
1298,Automation only,0.4354975880797309,0.024544480958717814
1298,Additive,0.7061318559860068,0.07325562511948308
1298,Interaction,0.7014318373475524,0.09784537348069043
1298,HGB,0.6591960244046448,0.08393378490176001
1298,MLP,0.6805518807243189,0.06395683491288238
1299,Context only,0.6859629320425216,0.10604893658895086
1299,Driver history,0.5215340337454065,0.036591954053049665
1299,Automation only,0.4949725900637539,0.02969126447023842
1299,Additive,0.7306083240325566,0.08285169069197018
1299,Interaction,0.7251631554386033,0.1013276945723926
1299,HGB,0.6819625629687724,0.0962949944253057
1299,MLP,0.7208855374547752,0.07227304012841981
1300,Context only,0.7200622874370063,0.06241211776452314
1300,Driver history,0.5040168010739027,0.025082928026913986
1300,Automation only,0.42357744153945925,0.01717898097025592
1300,Additive,0.7506437452693193,0.05851891600566353
1300,Interaction,0.7466128834434815,0.07083638259227613
1300,HGB,0.7192333806994327,0.08546017370475396
1300,MLP,0.757787962505565,0.06287778265048113
1301,Context only,0.699069279084339,0.04811444518273057
1301,Driver history,0.5122125515387972,0.022568778285875418
1301,Automation only,0.5026318172686748,0.016377734885557934
1301,Additive,0.7083971750142394,0.05944402480479306
1301,Interaction,0.7104520611611348,0.06325861157890958
1301,HGB,0.6788569224609169,0.06128403452069339
1301,MLP,0.693856671921107,0.0560605822055235
1302,Context only,0.6962063243704742,0.046314627660822075
1302,Driver history,0.5480134978727053,0.025201939193621035
1302,Automation only,0.49231110658621885,0.014468411573543512
1302,Additive,0.7256801180996881,0.04808701904952957
1302,Interaction,0.7249777178824933,0.05630699778221908
1302,HGB,0.6873184833513734,0.05830583021680382
1302,MLP,0.7262958904452137,0.049773004419756066
1303,Context only,0.705427244264035,0.054002669679866964
1303,Driver history,0.5670502056235472,0.025797566489724234
1303,Automation only,0.4904777846678258,0.0167126943796755
1303,Additive,0.7231953252504194,0.05006142975765669
1303,Interaction,0.7221053872988941,0.05848902814418318
1303,HGB,0.6912091653700272,0.06397094292284573
1303,MLP,0.7178046024674826,0.05118116964905914
1304,Context only,0.708004209456115,0.07659026701392889
1304,Driver history,0.5584255266650912,0.030685344330550136
1304,Automation only,0.496565993480694,0.02238719290653954
1304,Additive,0.735988025643198,0.06886208876619153
1304,Interaction,0.7230510827607016,0.074165125659935
1304,HGB,0.6951091827679851,0.0810595985644868
1304,MLP,0.7190244525997702,0.06227516860433302
1305,Context only,0.6912556311219077,0.06708168680765729
1305,Driver history,0.4990090143872008,0.02401877785039392
1305,Automation only,0.42902819426012073,0.01869346891080333
1305,Additive,0.7023770490548593,0.056704346783870506
1305,Interaction,0.690458587240869,0.06992631844673054
1305,HGB,0.6592157529056819,0.07115351727551567
1305,MLP,0.6699368885745819,0.04652103581461758
1306,Context only,0.6940365436840072,0.07311620522464747
1306,Driver history,0.471467159356033,0.02142040240527204
1306,Automation only,0.4353092465218544,0.020268123666465607
1306,Additive,0.6877915606767053,0.05487920439870276
1306,Interaction,0.6778411161545046,0.06663728803528697
1306,HGB,0.6618681616043722,0.07729589168296874
1306,MLP,0.6501137185011557,0.0454394172065775
1307,Context only,0.7048429772905077,0.04794951543039383
1307,Driver history,0.5386238376612371,0.016539616671509588
1307,Automation only,0.517911518227125,0.015419837557296985
1307,Additive,0.7002938148590665,0.04669562092471752
1307,Interaction,0.691069414282291,0.04569341921819294
1307,HGB,0.6781199355761451,0.06684382128268788
1307,MLP,0.690441123059081,0.043016176697244404
1308,Context only,0.6966360552659883,0.05932428356492652
1308,Driver history,0.5482568048316373,0.022539496060362284
1308,Automation only,0.4498484138146585,0.015890640688167663
1308,Additive,0.7438136473529872,0.05748938620336205
1308,Interaction,0.7332219188659993,0.0729067566530664
1308,HGB,0.6996102332165872,0.07095349943425978
1308,MLP,0.7433168785563922,0.0528833793368936
1309,Context only,0.696362837471169,0.10902906144099797
1309,Driver history,0.48333865770645773,0.031711329413888274
1309,Automation only,0.4644817919446571,0.030856070848956228
1309,Additive,0.7144392576609839,0.07695011922690809
1309,Interaction,0.7063436957427734,0.09393722012781702
1309,HGB,0.6770941565958838,0.0978258876564638
1309,MLP,0.6895966345105747,0.0637262157097653
1310,Context only,0.7115938989560047,0.05205286202762374
1310,Driver history,0.5409785091185926,0.02228099778670725
1310,Automation only,0.49651637920026637,0.015949831193368506
1310,Additive,0.7356691089592213,0.05785334081914956
1310,Interaction,0.7313308473995483,0.06522819650768599
1310,HGB,0.7003195103777229,0.07092003819951623
1310,MLP,0.7268442864739664,0.05450470693416091
1311,Context only,0.7347450793326291,0.04115190346739414
1311,Driver history,0.5788946055326512,0.02667451849696447
1311,Automation only,0.5142617011368927,0.014196558417015283
1311,Additive,0.721714917411534,0.04090202651981416
1311,Interaction,0.7174717291143745,0.0418141098236301
1311,HGB,0.6985034508084698,0.04010174413038667
1311,MLP,0.7124819698570082,0.05140419282682657
1312,Context only,0.7240725455704153,0.039993017906860745
1312,Driver history,0.6143646704873347,0.03318218221306256
1312,Automation only,0.5392292047393916,0.015172485850333723
1312,Additive,0.7464621579439987,0.05543543389587583
1312,Interaction,0.7439814218402822,0.058445412406705505
1312,HGB,0.6981741622670462,0.05523180445121195
1312,MLP,0.7398122803277398,0.0601390389210128
1313,Context only,0.6897833536349918,0.0760908101692976
1313,Driver history,0.5246825262102803,0.021742994799851097
1313,Automation only,0.4956861307650647,0.01959029722418869
1313,Additive,0.7353120765953902,0.058684143909970565
1313,Interaction,0.728288884204688,0.07023173798136263
1313,HGB,0.6950103311502056,0.07652520744480931
1313,MLP,0.7251230069087818,0.04896528461394584
1314,Context only,0.6837214828008127,0.056930524594175955
1314,Driver history,0.5205742915835676,0.029021559351523996
1314,Automation only,0.46957523077556296,0.01771583883111882
1314,Additive,0.7137625303553587,0.05541293741603623
1314,Interaction,0.7068480566957653,0.06104957315092344
1314,HGB,0.6598592708727001,0.060648414101238786
1314,MLP,0.6987219879439179,0.05915241642288813
1315,Context only,0.7354897355983787,0.05372985827051917
1315,Driver history,0.5454830780035994,0.023254107074923588
1315,Automation only,0.4764772910173683,0.0163007436283121
1315,Additive,0.7226305181218267,0.04773393057443698
1315,Interaction,0.7143805876241898,0.04634076540519303
1315,HGB,0.7076893390691072,0.06587385223993596
1315,MLP,0.7136222802627921,0.05125529803231032
1316,Context only,0.6976101373969074,0.0676459490789774
1316,Driver history,0.48536982467354445,0.02311319359373948
1316,Automation only,0.4044435643816589,0.01791001555825553
1316,Additive,0.7182130151443173,0.054664275391531555
1316,Interaction,0.7077700859132345,0.06645299212319618
1316,HGB,0.6764016374957698,0.07625546817170561
1316,MLP,0.6982216941845509,0.051601618496717544
1317,Context only,0.7052852083280893,0.08248151886804904
1317,Driver history,0.45000149450023913,0.022411501716112885
1317,Automation only,0.4052073894384455,0.021831542726244345
1317,Additive,0.711403220359603,0.06161657391134956
1317,Interaction,0.7040298281272286,0.0708154852194524
1317,HGB,0.6798678232525359,0.09182485056769195
1317,MLP,0.6919157238205509,0.05325620494523315
1318,Context only,0.7114512533024036,0.04616729472863443
1318,Driver history,0.5370722340356981,0.027387605841349673
1318,Automation only,0.4842018171273923,0.014789091029962531
1318,Additive,0.7308702880340228,0.0557602723299392
1318,Interaction,0.7284469360139183,0.05880340468498354
1318,HGB,0.6882734712288163,0.05966457273779178
1318,MLP,0.7175441716605452,0.05395479861813608
1319,Context only,0.6964368422077329,0.09912782522159212
1319,Driver history,0.5117065376776443,0.029005659680445113
1319,Automation only,0.5409258097934516,0.030787912022853442
1319,Additive,0.7102060975697231,0.07699604968088565
1319,Interaction,0.7019636805933414,0.09476343116120199
1319,HGB,0.6728778754315261,0.08832778096491714
1319,MLP,0.6927137290103362,0.0593928543155458
1320,Context only,0.7217184175230895,0.07375606010813694
1320,Driver history,0.5701071778227997,0.02836676201157031
1320,Automation only,0.5210250970549619,0.022173758369809334
1320,Additive,0.7414440250362188,0.0698056281620717
1320,Interaction,0.7344899521233248,0.07760059251943563
1320,HGB,0.7144739578617347,0.0835246799535476
1320,MLP,0.7296598407506338,0.06291391762894724
1321,Context only,0.7379499667638185,0.06427451552384378
1321,Driver history,0.5155607114247244,0.021894692748904446
1321,Automation only,0.482099333571952,0.018470404139226296
1321,Additive,0.732395476470488,0.05523165753793337
1321,Interaction,0.7204419559918869,0.0556048823481244
1321,HGB,0.7173224420923455,0.0858442501761092
1321,MLP,0.7183851476879548,0.055671727179805675
1322,Context only,0.6734951738192018,0.046805344483715504
1322,Driver history,0.4810899718427136,0.018016449429656918
1322,Automation only,0.46423148138003567,0.013597800171618275
1322,Additive,0.6989808048382326,0.04492601483092228
1322,Interaction,0.6957197090048536,0.056106366434778995
1322,HGB,0.650503708654257,0.05095463286979131
1322,MLP,0.6720106165021419,0.04147482490891677
1323,Context only,0.682096907327365,0.06668215239236126
1323,Driver history,0.4461006625057029,0.0205116186719537
1323,Automation only,0.40127717085507086,0.018484338751465646
1323,Additive,0.6852156899267092,0.05396711767009282
1323,Interaction,0.6748204870644805,0.06419387845642917
1323,HGB,0.6467921885194874,0.07137753706080463
1323,MLP,0.6451521390491427,0.04480305209727611
1324,Context only,0.6875118929245835,0.06170871028805681
1324,Driver history,0.46121920554225854,0.027916613274510057
1324,Automation only,0.42092718796944617,0.018679739078943
1324,Additive,0.7125794101386187,0.06842841916941311
1324,Interaction,0.7071842605835784,0.08261168655409316
1324,HGB,0.6631541454496892,0.08098557789492355
1324,MLP,0.6889578995659386,0.059126912868926754
1325,Context only,0.6928836198310012,0.08083944523449767
1325,Driver history,0.5213488883453404,0.025194054186872376
1325,Automation only,0.48589811156135976,0.022571477247273205
1325,Additive,0.7193362600896183,0.06203058473707516
1325,Interaction,0.705820395339044,0.06496459166962532
1325,HGB,0.6791096676257214,0.07966198597526682
1325,MLP,0.6944519392492139,0.05056273119260701
1326,Context only,0.6956201396201396,0.07191812504380603
1326,Driver history,0.4271348231348232,0.0190019129107315
1326,Automation only,0.42377161577161576,0.01949180460921347
1326,Additive,0.7233975273975274,0.06684382411278474
1326,Interaction,0.7215317655317656,0.0769237859526367
1326,HGB,0.6905605865605866,0.0990827936484775
1326,MLP,0.7192235872235873,0.05500126413771751
1327,Context only,0.6891809362301924,0.08507330953223655
1327,Driver history,0.45355573663983434,0.02302007084173214
1327,Automation only,0.4667040336523109,0.0242832276810923
1327,Additive,0.711729966633998,0.06404145502965417
1327,Interaction,0.7000860027970179,0.0662388411388788
1327,HGB,0.67116979220579,0.08006603980026919
1327,MLP,0.69733038949026,0.05231092438239133
1328,Context only,0.699275269946648,0.04965467340657102
1328,Driver history,0.5408665572093134,0.022561896083810623
1328,Automation only,0.4934151374080703,0.015769708171293556
1328,Additive,0.7154714314608308,0.04947280072975102
1328,Interaction,0.7088997411435574,0.05861476099942184
1328,HGB,0.6778471659213708,0.05694483502246027
1328,MLP,0.7036869196763189,0.04979349430984676
1329,Context only,0.7223784136322053,0.05878339325340997
1329,Driver history,0.4492797394718526,0.016951149708879815
1329,Automation only,0.4444948546566342,0.016590719923613724
1329,Additive,0.7099315413268902,0.054152659610023655
1329,Interaction,0.7068517764675499,0.06143030549524427
1329,HGB,0.6874811235276352,0.08243113928683185
1329,MLP,0.6937846615804149,0.046103510681714935
1330,Context only,0.7166470229468718,0.07668764348528476
1330,Driver history,0.5149740055734561,0.022676219165541033
1330,Automation only,0.4900359134077563,0.02160212846329394
1330,Additive,0.7369744207670774,0.06280016720298884
1330,Interaction,0.7278146667566907,0.06595072754342456
1330,HGB,0.7078654817492707,0.08409943133630195
1330,MLP,0.7233789308568146,0.05571014060682011
1331,Context only,0.7036889191041815,0.05491720519723159
1331,Driver history,0.49991189811553416,0.02206076891227258
1331,Automation only,0.4286058202109591,0.015890564498964546
1331,Additive,0.7052051156069059,0.04503067046984423
1331,Interaction,0.6897937923517716,0.04452820807670802
1331,HGB,0.6657588596908028,0.056271555840571814
1331,MLP,0.6794325886936267,0.046018761407479285
1332,Context only,0.7079642103913534,0.06017432831659382
1332,Driver history,0.43131757110409447,0.01614545091968903
1332,Automation only,0.412183024929543,0.015445946881948355
1332,Additive,0.7083289716167889,0.054702333433753594
1332,Interaction,0.7046087317102068,0.06248540469313702
1332,HGB,0.6870614446167491,0.09680590774897499
1332,MLP,0.6882740018160971,0.0497948532565975
1333,Context only,0.7241896807112153,0.056295586529713115
1333,Driver history,0.5672131970188602,0.028618721987678192
1333,Automation only,0.48305567727557436,0.01671367179976627
1333,Additive,0.7417135550101304,0.05622084734190447
1333,Interaction,0.7371474861306386,0.06859027965347576
1333,HGB,0.7058277304787226,0.06384005798395977
1333,MLP,0.7313443535502071,0.06018251529615317
1334,Context only,0.6952435045160728,0.05874580484984637
1334,Driver history,0.5269592479026234,0.02521177796372205
1334,Automation only,0.4831313487353418,0.018671204298685084
1334,Additive,0.7192971203081427,0.05459965269587784
1334,Interaction,0.7107586896813234,0.054805865858333865
1334,HGB,0.6824645911496389,0.06976092218789132
1334,MLP,0.7057964527816571,0.05073864647289481
1335,Context only,0.688045312756526,0.07658798377212502
1335,Driver history,0.5366450500738795,0.022892998073396464
1335,Automation only,0.5219863733377114,0.02049251680329281
1335,Additive,0.7414529633886061,0.06389953798489323
1335,Interaction,0.7376427516007225,0.0774281348333059
1335,HGB,0.7082966672139221,0.08871778244702318
1335,MLP,0.7517126908553603,0.05514525325855364
1336,Context only,0.7434815770165681,0.04052194088117279
1336,Driver history,0.5483229361701614,0.031361007164608656
1336,Automation only,0.47771026303352193,0.013887781791537834
1336,Additive,0.7215369348091222,0.05154982041120053
1336,Interaction,0.7147305299470935,0.05492932340314519
1336,HGB,0.6970113343381977,0.05309673336672277
1336,MLP,0.7054758258401637,0.06369243417705411
1337,Context only,0.7041256101125135,0.06237156097644824
1337,Driver history,0.49750060358252696,0.023718147067216942
1337,Automation only,0.43654494536695704,0.017693539905001242
1337,Additive,0.7275587310506855,0.05701238779177001
1337,Interaction,0.7141002525869334,0.05634420588938789
1337,HGB,0.6842262707353541,0.07127870723201427
1337,MLP,0.7182240272438093,0.05060944859779627
1338,Context only,0.6880452006556154,0.09172323874009541
1338,Driver history,0.4627611451602104,0.02871787672567442
1338,Automation only,0.375098731500942,0.024333532318480757
1338,Additive,0.7120913223516143,0.08131107990428821
1338,Interaction,0.6973380735340788,0.08912576234823504
1338,HGB,0.6765633599030622,0.11890675985216949
1338,MLP,0.6956636526001156,0.06377846456339169
1339,Context only,0.6862023510481902,0.07183341583072253
1339,Driver history,0.5442816916897218,0.03001936114093851
1339,Automation only,0.4750612071260722,0.020598269086822833
1339,Additive,0.7296638961880838,0.06513814316902325
1339,Interaction,0.7226761549770221,0.0787181066074684
1339,HGB,0.6859268466320164,0.07981122601206196
1339,MLP,0.7321063933230694,0.05940109086450844
1340,Context only,0.7116902770162589,0.07729003154553407
1340,Driver history,0.5513691834880811,0.022217999522038078
1340,Automation only,0.5141043347716632,0.0208911103674609
1340,Additive,0.7310603083873272,0.06156304510879915
1340,Interaction,0.7255556930555191,0.07555603546798917
1340,HGB,0.7072546988103443,0.08219411770552688
1340,MLP,0.7218124823671352,0.05034623360337351
1341,Context only,0.738276592758588,0.04921688066378955
1341,Driver history,0.5094319653781644,0.01768322564285799
1341,Automation only,0.48187507333672314,0.015119466560297744
1341,Additive,0.7188694525801873,0.044298867597083486
1341,Interaction,0.7141860256442703,0.04372541226055282
1341,HGB,0.7058772912693063,0.06702559817965541
1341,MLP,0.7057141673894888,0.0425669864990717
1342,Context only,0.749167990830066,0.041587927794443855
1342,Driver history,0.49540396412706067,0.01345962987662621
1342,Automation only,0.48806223649968267,0.012529089560937895
1342,Additive,0.7136913780974354,0.043499918644566336
1342,Interaction,0.7179737963231714,0.04547248081090516
1342,HGB,0.7045485012766083,0.06379647243249119
1342,MLP,0.6922639135546778,0.04403219551178323
1343,Context only,0.6844607796073647,0.11063318514101232
1343,Driver history,0.48838008441567127,0.03406013385381563
1343,Automation only,0.42764368144366277,0.02912679295381633
1343,Additive,0.722958162024777,0.08949475357947682
1343,Interaction,0.7100551792810125,0.10766598752030432
1343,HGB,0.6750340996694753,0.10773766417725261
1343,MLP,0.7035224644611968,0.0700132986269403
1344,Context only,0.6995209032152498,0.06685019702397973
1344,Driver history,0.5190221713163709,0.022303214146598388
1344,Automation only,0.4963629223594862,0.01916471173875348
1344,Additive,0.717797103820666,0.055485781021842234
1344,Interaction,0.718,0.07231766756412931
1344,HGB,0.6871291826883743,0.07729615623232987
1344,MLP,0.7047692055960075,0.05258431226772233
1345,Context only,0.6993952925343222,0.0625031079526796
1345,Driver history,0.4928406988055793,0.025488440235975802
1345,Automation only,0.44898447423791377,0.018185701597366474
1345,Additive,0.7179199062797905,0.059670037155124894
1345,Interaction,0.7135060476841795,0.07383064349604436
1345,HGB,0.6728499696457698,0.07012466789119896
1345,MLP,0.7017562786932808,0.0566004840507296
1346,Context only,0.736168816030038,0.03417753688459093
1346,Driver history,0.530442838386689,0.020252637639421943
1346,Automation only,0.4897744702258979,0.010656522708849939
1346,Additive,0.7115731253911187,0.032794729421272775
1346,Interaction,0.7067220265776655,0.03346117725606835
1346,HGB,0.6890302710529221,0.04394450116310183
1346,MLP,0.7002622795931139,0.042170343077697604
1347,Context only,0.7223144202736042,0.05076469949998879
1347,Driver history,0.5136031555479335,0.017334852275400027
1347,Automation only,0.5008967982797515,0.015665589627776127
1347,Additive,0.7158130944685566,0.04799480962574696
1347,Interaction,0.7075490415946598,0.047336463502443436
1347,HGB,0.6928206007677796,0.06772242279865848
1347,MLP,0.6963188792000317,0.04379088912130379
1348,Context only,0.6864323810134565,0.0999654662417101
1348,Driver history,0.4687158110751274,0.02860044455609179
1348,Automation only,0.4673752952619147,0.02842750432334732
1348,Additive,0.7019889697630423,0.07381876056575612
1348,Interaction,0.6941547225874029,0.08947472518084501
1348,HGB,0.6625509560607517,0.09234512655456323
1348,MLP,0.6666522375776232,0.059858482319631603
1349,Context only,0.7378423517169617,0.046038646754712594
1349,Driver history,0.5655861082206035,0.01563813386595868
1349,Automation only,0.529965140478668,0.013195157895019988
1349,Additive,0.7183046305931321,0.045637765763618776
1349,Interaction,0.7163816337148803,0.04557353393940524
1349,HGB,0.7170759625390218,0.06498204944113675
1349,MLP,0.7200959937565037,0.048348225071679664
1350,Context only,0.7205618934217242,0.046245739752661615
1350,Driver history,0.4935506638234767,0.018312731081820806
1350,Automation only,0.4669631873300735,0.014367032086118406
1350,Additive,0.6981125647635524,0.04460372167241075
1350,Interaction,0.6919273106949495,0.04481676673107692
1350,HGB,0.6804007375503143,0.06633125878804978
1350,MLP,0.6779934552747346,0.04344029344801499
1351,Context only,0.7131103574605391,0.04361955137394136
1351,Driver history,0.5625664702218034,0.03131104407739334
1351,Automation only,0.45511148485103725,0.013058524946002298
1351,Additive,0.7466349522525132,0.045516296190119786
1351,Interaction,0.7437984266515855,0.0471992099343978
1351,HGB,0.6970679516573473,0.05508465665587314
1351,MLP,0.7418384517910978,0.0522383683678194
1352,Context only,0.7171428063613939,0.06019951294359441
1352,Driver history,0.4891289582563677,0.0194878178880055
1352,Automation only,0.4561867056668304,0.01791088698507279
1352,Additive,0.688987024066605,0.047384219723666784
1352,Interaction,0.6791976274900373,0.04655265534492237
1352,HGB,0.6769237287812829,0.0685847149755642
1352,MLP,0.6618452841159392,0.044790419508169775
1353,Context only,0.7115732960955562,0.05784601318187284
1353,Driver history,0.48549699020930476,0.018311676774994106
1353,Automation only,0.44630462395367376,0.016068255107892122
1353,Additive,0.6909889706752503,0.04796379504350959
1353,Interaction,0.6772950147136557,0.04723410122806257
1353,HGB,0.6723018390097275,0.07004167728425985
1353,MLP,0.6541231765717577,0.04323857343252426
1354,Context only,0.7214544645903397,0.03890510345745562
1354,Driver history,0.5786810937271532,0.022451100542797982
1354,Automation only,0.5299806258224887,0.012870838214945713
1354,Additive,0.7059012038797094,0.039502387188738844
1354,Interaction,0.7005062874689283,0.04023420246655347
1354,HGB,0.6772033557537651,0.041921608192721456
1354,MLP,0.6997782326850904,0.04365760277075168
1355,Context only,0.6970980726043436,0.06893366149152258
1355,Driver history,0.4763984467721371,0.024264483019485944
1355,Automation only,0.4430954932765481,0.02095121142658435
1355,Additive,0.6930612164952115,0.05230118464394316
1355,Interaction,0.6860617141206261,0.06359025728546162
1355,HGB,0.6581117533246947,0.06411945079469761
1355,MLP,0.6664908961480855,0.04968725129066216
1356,Context only,0.6901338895266208,0.05928815211084215
1356,Driver history,0.49045315403957584,0.018576531563529477
1356,Automation only,0.4666779408549251,0.017324863085564555
1356,Additive,0.6913017929375752,0.05291217083064808
1356,Interaction,0.6867371132611786,0.06844042138102711
1356,HGB,0.6634238001530557,0.0696827803991806
1356,MLP,0.671910872417186,0.044672928862874155
1357,Context only,0.7140159178197559,0.05847773992192512
1357,Driver history,0.5283810082522341,0.023385265633649552
1357,Automation only,0.47681021235437687,0.017701860036105896
1357,Additive,0.7060114980350024,0.04423085387696835
1357,Interaction,0.6931955648277459,0.043568080883719294
1357,HGB,0.6769250003606445,0.05168482742795671
1357,MLP,0.6747680025169555,0.042335057243191816
1358,Context only,0.6989027576974001,0.062595248138802
1358,Driver history,0.5212597956747482,0.023408440066539735
1358,Automation only,0.45570811362261043,0.01744271349055381
1358,Additive,0.7219785001198662,0.059942750567669636
1358,Interaction,0.715256135266823,0.07981358573225013
1358,HGB,0.6801471274176101,0.07095798710448868
1358,MLP,0.706262824892886,0.05472186896232151
1359,Context only,0.6895025206936007,0.07117986966081154
1359,Driver history,0.5641535862923427,0.03168640704865265
1359,Automation only,0.49262208030608867,0.021437215896807565
1359,Additive,0.7465071393431426,0.07568371546728656
1359,Interaction,0.7436279331126855,0.09433726036482086
1359,HGB,0.700863317661439,0.10661869408642219
1359,MLP,0.7522696237079571,0.07079405472410213
1360,Context only,0.678361360663402,0.07515316793724161
1360,Driver history,0.46142558546604595,0.024590818063555668
1360,Automation only,0.35272514322306514,0.019970163146886457
1360,Additive,0.7143912274966815,0.0693640498475681
1360,Interaction,0.6933394632214762,0.07651141093298422
1360,HGB,0.6657300068759954,0.09772980385183204
1360,MLP,0.7043305888396314,0.05823768518252251
1361,Context only,0.7004541936498225,0.08858114287266854
1361,Driver history,0.47909103345088133,0.02477019450687338
1361,Automation only,0.4323761149582643,0.023539170422978796
1361,Additive,0.7346357309520664,0.08200554757575904
1361,Interaction,0.7281171056248485,0.10518489269248647
1361,HGB,0.6956557323846744,0.11125874896703872
1361,MLP,0.7318574022264385,0.0667054730659373
1362,Context only,0.7013144073089375,0.056322039517436896
1362,Driver history,0.4837929891920153,0.019091432995481557
1362,Automation only,0.44761758709080707,0.016018977579761406
1362,Additive,0.6971805637442253,0.046641704505066314
1362,Interaction,0.6813813751773918,0.04664870919742198
1362,HGB,0.660084830204511,0.05658234433118024
1362,MLP,0.6591237761359826,0.043802881468513244
1363,Context only,0.6863323222109875,0.06053759549955012
1363,Driver history,0.5021381867205932,0.030040584383369942
1363,Automation only,0.4864693292888439,0.01955457296004672
1363,Additive,0.7166880687563195,0.06038107628433931
1363,Interaction,0.7210716211661611,0.0714476065567678
1363,HGB,0.6723978766430738,0.07062796409365225
1363,MLP,0.7131383552409841,0.06143524297254705
1364,Context only,0.7383844039229005,0.03639695537135731
1364,Driver history,0.5162956663411735,0.018633076119116812
1364,Automation only,0.4956648817610597,0.011780129901307416
1364,Additive,0.7031903418739917,0.044557527949666095
1364,Interaction,0.6948909288231299,0.042168580050122424
1364,HGB,0.6878051498683875,0.04977159647096538
1364,MLP,0.6860064240680989,0.044400664410930685
1365,Context only,0.7265921970156942,0.061061565554292555
1365,Driver history,0.5647731872458649,0.02891702164179871
1365,Automation only,0.5363376478813637,0.018778613714456303
1365,Additive,0.7374454931831982,0.06799732813028327
1365,Interaction,0.7342532796084709,0.0723504913673954
1365,HGB,0.7085005335688396,0.07955087389874399
1365,MLP,0.7304819598535446,0.06463459976448636
1366,Context only,0.7034899173877773,0.0732825303768842
1366,Driver history,0.4647671074801002,0.019377686195771217
1366,Automation only,0.44487852904585745,0.019227899692585176
1366,Additive,0.7227569469069923,0.06333372389866565
1366,Interaction,0.7142878289571071,0.07506144302852319
1366,HGB,0.6895783401634087,0.09866607080155225
1366,MLP,0.7042437037538989,0.052434295567359325
1367,Context only,0.6928986218459903,0.07197864121720107
1367,Driver history,0.5238366365160624,0.02384942026192543
1367,Automation only,0.525532096823963,0.02169260405309224
1367,Additive,0.7178503845967961,0.062028356067531154
1367,Interaction,0.7106476989252108,0.068718381336058
1367,HGB,0.6863333370510404,0.07806747895373212
1367,MLP,0.7144063007699372,0.0502678284992471
1368,Context only,0.7144981139287732,0.08212127696888825
1368,Driver history,0.5070360013001073,0.023674953079195857
1368,Automation only,0.4838146076674288,0.02306636320810877
1368,Additive,0.7121865894384589,0.05795785226289299
1368,Interaction,0.6927782527289665,0.05671401177384251
1368,HGB,0.6881989793699514,0.08652817689508537
1368,MLP,0.6766276233900299,0.05324545120012125
1369,Context only,0.7616106825075198,0.04712487319270956
1369,Driver history,0.5730300665768906,0.015821823573858983
1369,Automation only,0.5314182513812502,0.013322612503231485
1369,Additive,0.7415180537901003,0.05279145386897709
1369,Interaction,0.7373749323533483,0.054051124425466
1369,HGB,0.7373481883282782,0.07736250348687222
1369,MLP,0.7393263022767032,0.0535425540431793
1370,Context only,0.7100681031728943,0.08675509114423177
1370,Driver history,0.49511319804169074,0.02541678470750367
1370,Automation only,0.5014274647381909,0.025638486789978546
1370,Additive,0.7273904713254613,0.076999473189298
1370,Interaction,0.7236954221214642,0.09172127089438985
1370,HGB,0.7025327076763301,0.10375014523470816
1370,MLP,0.7173786927624459,0.06425562127078241
1371,Context only,0.7225606280812744,0.05429133132434884
1371,Driver history,0.5639624921632327,0.026837764724967655
1371,Automation only,0.4918809310079507,0.016329898932712302
1371,Additive,0.7416790006696874,0.04805915005969608
1371,Interaction,0.7418628975378302,0.05870264123621482
1371,HGB,0.7117441081758855,0.07282843353988146
1371,MLP,0.7433999725713146,0.0585635324256358
1372,Context only,0.6995044782189537,0.05978816793945786
1372,Driver history,0.5253076164452697,0.021297998120495217
1372,Automation only,0.4586452225787735,0.01648898677533198
1372,Additive,0.7254798595076459,0.05217051215813964
1372,Interaction,0.7176076166801618,0.05657000548373862
1372,HGB,0.6896906839422018,0.0679391140845696
1372,MLP,0.7140318869457342,0.04635460145107412
1373,Context only,0.683966706289224,0.06799062761831053
1373,Driver history,0.4953423066068422,0.02642635529287051
1373,Automation only,0.48274311069761217,0.02093364014916402
1373,Additive,0.6957213318440991,0.05296069217662246
1373,Interaction,0.6850378905652075,0.0546102926920079
1373,HGB,0.6547599686208481,0.06298252680770468
1373,MLP,0.6621935330724782,0.050016143597224956
1374,Context only,0.7300835207195631,0.044506057468938647
1374,Driver history,0.5422729426248191,0.022204785451478894
1374,Automation only,0.44695743386447534,0.012578379981164825
1374,Additive,0.7365108833563341,0.052752292692926736
1374,Interaction,0.7370308689277439,0.058423759995618545
1374,HGB,0.7110901392071813,0.08321963567025027
1374,MLP,0.7454269086027777,0.053509814418310264
1375,Context only,0.7103139869853123,0.04823497188616147
1375,Driver history,0.5355951000022745,0.02146277873104231
1375,Automation only,0.5200314347763684,0.015583691111963172
1375,Additive,0.7170556406521933,0.046617521102283885
1375,Interaction,0.7142698041836174,0.05369538844828541
1375,HGB,0.6883523879214538,0.050595072308538394
1375,MLP,0.7032786126659875,0.04458797584450637
1376,Context only,0.7311076980238657,0.04997951073624712
1376,Driver history,0.4809776550794514,0.01794219517020277
1376,Automation only,0.446029369831765,0.01495426527097202
1376,Additive,0.7198265806050237,0.054514895515721536
1376,Interaction,0.7171717171717171,0.05512879953625933
1376,HGB,0.7013678271163301,0.08040380466643782
1376,MLP,0.7025537669250244,0.050987072732067706
1377,Context only,0.7221630219915987,0.061354720024987625
1377,Driver history,0.48604041402410564,0.020752669717667524
1377,Automation only,0.4248208549542872,0.016720974825660984
1377,Additive,0.7446270213875847,0.056948216035440896
1377,Interaction,0.7447944979820442,0.07348025702575672
1377,HGB,0.7163751269802048,0.0845236300348918
1377,MLP,0.7450474288224473,0.05827362171075919
1378,Context only,0.6941772316730817,0.07937102360721614
1378,Driver history,0.5461303745449726,0.0330354282393627
1378,Automation only,0.501173275881284,0.02346806006492805
1378,Additive,0.7287968621139085,0.06618886501476742
1378,Interaction,0.720315724272396,0.08105394892851438
1378,HGB,0.6883114388312818,0.07946029552457368
1378,MLP,0.7170013408867214,0.06664711857447703
1379,Context only,0.7077611246859621,0.06321170490396515
1379,Driver history,0.5118458546993839,0.024127762629079594
1379,Automation only,0.4851842929414599,0.018815715604602403
1379,Additive,0.7289494786110059,0.05658257190873027
1379,Interaction,0.7263982861272671,0.0651828686760928
1379,HGB,0.6935022541900403,0.07155952058798706
1379,MLP,0.7035253123171697,0.05415864957504365
1380,Context only,0.6817494670460162,0.08014716358689852
1380,Driver history,0.4946893736135767,0.028135106897312367
1380,Automation only,0.4478106331412267,0.02175048570190564
1380,Additive,0.7302781357823547,0.06944707125899163
1380,Interaction,0.7203677585130785,0.07545643390780268
1380,HGB,0.68409905784003,0.09534484841064114
1380,MLP,0.7332008040917897,0.06356025750914687
1381,Context only,0.7390907501003244,0.03837550017395514
1381,Driver history,0.5425500401297166,0.03027776049160987
1381,Automation only,0.4713241993036951,0.012419623613345079
1381,Additive,0.7279862745523367,0.0499255343492964
1381,Interaction,0.7237977353824796,0.05183730791614126
1381,HGB,0.6963861563323609,0.05264993310945905
1381,MLP,0.7122570525265453,0.05251874629282069
1382,Context only,0.6923435707272633,0.0644724881975684
1382,Driver history,0.584191359753397,0.04427677139868377
1382,Automation only,0.4978855541056498,0.018546388535220747
1382,Additive,0.7577227343236389,0.0713936527315664
1382,Interaction,0.7550897319528113,0.08012039613134274
1382,HGB,0.7006749013368926,0.07980501561664233
1382,MLP,0.7671686386047007,0.07393899124349934
1383,Context only,0.702406876187727,0.07834446870951602
1383,Driver history,0.5559572779100815,0.03668776549052036
1383,Automation only,0.47671573933751893,0.023758271723432735
1383,Additive,0.7380401902768756,0.07571474391478908
1383,Interaction,0.72838231579707,0.08517670155783294
1383,HGB,0.6893525534627505,0.0830867821130832
1383,MLP,0.7251276430684852,0.07333408678616087
1384,Context only,0.7021711936465488,0.07173787262897394
1384,Driver history,0.552702674876597,0.02665257419714159
1384,Automation only,0.49296983436214853,0.0208211246563673
1384,Additive,0.7382923877113586,0.06421599139323986
1384,Interaction,0.7288364682543003,0.06534598836339606
1384,HGB,0.7062442529308846,0.08659424375582428
1384,MLP,0.7412749114734182,0.0588810556274959
1385,Context only,0.696691079858653,0.0738208320741298
1385,Driver history,0.5400318123780757,0.027726792182429977
1385,Automation only,0.5076311062607625,0.02135126973766131
1385,Additive,0.7311727297740982,0.059837237437031614
1385,Interaction,0.7279401717064604,0.06501104324527707
1385,HGB,0.6999587273812138,0.0835096743317528
1385,MLP,0.7354496242182164,0.05468799468419494
1386,Context only,0.7052655476401756,0.05567827490769904
1386,Driver history,0.5190745225201316,0.021351416485418696
1386,Automation only,0.48589226329189505,0.01688758616559154
1386,Additive,0.7210561780048267,0.04749841952639981
1386,Interaction,0.713497773281031,0.047393257544034006
1386,HGB,0.6905513721067166,0.0733733744957143
1386,MLP,0.7234641029681292,0.04626167771715508
1387,Context only,0.7276823643410854,0.06777618240138818
1387,Driver history,0.4644071705426357,0.02028822420375005
1387,Automation only,0.4500922480620155,0.01957240289841792
1387,Additive,0.7342689922480621,0.07020347155949891
1387,Interaction,0.7326170542635659,0.0848999377526852
1387,HGB,0.7072513565891473,0.10214408945330848
1387,MLP,0.7275162790697675,0.06271717846659552
1388,Context only,0.716962045293143,0.04413683088538699
1388,Driver history,0.576016277575498,0.020104008192970813
1388,Automation only,0.532734835589724,0.015141635254013635
1388,Additive,0.7279070239316432,0.04506025994878684
1388,Interaction,0.7147808050861786,0.04299430960498699
1388,HGB,0.7003136025971977,0.05313109708952999
1388,MLP,0.7259501076529404,0.04482525017013907
1389,Context only,0.7110848388482239,0.04287954540035447
1389,Driver history,0.5131338468989591,0.019881468387377033
1389,Automation only,0.4542670724017874,0.013492766562407653
1389,Additive,0.7239184965868903,0.0442207087200337
1389,Interaction,0.7121782218932479,0.0520678643635466
1389,HGB,0.6811497656057242,0.05108130220813502
1389,MLP,0.7148086465443979,0.0484206691305737
1390,Context only,0.6922228757867558,0.06374567060902117
1390,Driver history,0.5198377030364315,0.02461390406528409
1390,Automation only,0.4600470125858905,0.01754167286411123
1390,Additive,0.7264571735316645,0.05360570799637751
1390,Interaction,0.7225787453470244,0.0687728377966848
1390,HGB,0.6845477149841785,0.07329438138121183
1390,MLP,0.7174177885579208,0.05085257326064608
1391,Context only,0.7158990300216881,0.06406744651248966
1391,Driver history,0.510813550546986,0.02312873468885165
1391,Automation only,0.4446821593456036,0.017306498771366054
1391,Additive,0.7368278511467237,0.057942957030300994
1391,Interaction,0.7320740365295413,0.07317099381414921
1391,HGB,0.702645850237437,0.08437704029964832
1391,MLP,0.7261437325565966,0.05552225856307154
1392,Context only,0.6902738793156041,0.07108076793438675
1392,Driver history,0.503417755643377,0.025374151233689295
1392,Automation only,0.4295468873107902,0.019570686428402193
1392,Additive,0.7375280206947724,0.06525837545857671
1392,Interaction,0.727863194872819,0.08098403418543593
1392,HGB,0.6915820331748339,0.08581380617413743
1392,MLP,0.7384689528876893,0.05948354881150662
1393,Context only,0.6908232529509214,0.08982075938522419
1393,Driver history,0.4886835508525894,0.028392863830572466
1393,Automation only,0.453065303057029,0.02576635539878012
1393,Additive,0.7082166860939821,0.0691084578813523
1393,Interaction,0.6909607747043623,0.07157510727993119
1393,HGB,0.6674321665427076,0.08915989016564764
1393,MLP,0.6773543042263049,0.05761714338763006
1394,Context only,0.7013939549631126,0.06484600060657811
1394,Driver history,0.5691456446269967,0.029047458270853317
1394,Automation only,0.533390022112527,0.02063096238503949
1394,Additive,0.7436172787115124,0.06589931242521806
1394,Interaction,0.7396734286338773,0.07573677153573387
1394,HGB,0.7029612051469107,0.07575968461828078
1394,MLP,0.749167764250374,0.06879574358407792
1395,Context only,0.7017600537089597,0.06941323306018458
1395,Driver history,0.4868630106042384,0.0235056128798167
1395,Automation only,0.46590818746143137,0.019248069107758618
1395,Additive,0.7314717655684682,0.06248765253859624
1395,Interaction,0.722128854810397,0.06652387292407844
1395,HGB,0.6979017729256871,0.0852207114128922
1395,MLP,0.723416683597945,0.0548925166963151
1396,Context only,0.7172165195087311,0.0497755054972512
1396,Driver history,0.5252011539793209,0.024125049895230153
1396,Automation only,0.4670646004326413,0.014241364720019902
1396,Additive,0.7210831375882115,0.05291740118051769
1396,Interaction,0.7158845778416185,0.05504670028342475
1396,HGB,0.6906067072524451,0.07960258164395015
1396,MLP,0.7034302418894898,0.05173381374189385
1397,Context only,0.712153451167137,0.07332902007974576
1397,Driver history,0.5846310413026363,0.03250655764608804
1397,Automation only,0.5427593575785505,0.021697169287786765
1397,Additive,0.7576528367160149,0.07644001087072314
1397,Interaction,0.7573896148159527,0.09469444187823033
1397,HGB,0.722769934458547,0.08345578503202922
1397,MLP,0.7652250667255516,0.0820092507131535
1398,Context only,0.7118474590290405,0.05213909435308008
1398,Driver history,0.5989498581942715,0.029205683203052533
1398,Automation only,0.5132619771361129,0.016376619543722572
1398,Additive,0.7321217811372136,0.05736394717380289
1398,Interaction,0.7265565226658522,0.0651452582756338
1398,HGB,0.7044917342291829,0.06950346518960458
1398,MLP,0.7284728485374843,0.05891763356917002
1399,Context only,0.7055536306065894,0.05939355187269862
1399,Driver history,0.5455259931311541,0.024758963567313864
1399,Automation only,0.4790174159964251,0.01723206480187433
1399,Additive,0.7420513445851145,0.05961890622723191
1399,Interaction,0.737074070962211,0.07613985860767988
1399,HGB,0.7008912472405278,0.07219999845948151
1399,MLP,0.7416643307039191,0.05301661022429032
1400,Context only,0.7486711062206474,0.04406130774314431
1400,Driver history,0.575232661567573,0.020990924572490764
1400,Automation only,0.5387367348976086,0.014358361339780308
1400,Additive,0.7240494161167699,0.04944540506391236
1400,Interaction,0.7226793011123561,0.04892092527465292
1400,HGB,0.7157804944528009,0.06011394018391022
1400,MLP,0.707705621004766,0.04914643041991397
1401,Context only,0.6991429500170702,0.11237366157083407
1401,Driver history,0.49105077832741323,0.03227985801004009
1401,Automation only,0.4543053164520182,0.030156046508147537
1401,Additive,0.728062008324435,0.09599875101094879
1401,Interaction,0.7172812838225573,0.10614362883451502
1401,HGB,0.6933296469015814,0.13026429777093992
1401,MLP,0.7296513507231217,0.07724139682735469
1402,Context only,0.7145692423755513,0.05621496066899545
1402,Driver history,0.5746758808483113,0.026318608628843283
1402,Automation only,0.5074930605851515,0.01782193903828519
1402,Additive,0.7271967162229849,0.049250080064231164
1402,Interaction,0.7149880740048937,0.04750726834679851
1402,HGB,0.7005160279755546,0.06400139420451138
1402,MLP,0.7173790972696632,0.049542870489145865
1403,Context only,0.700799796845684,0.060751535268576594
1403,Driver history,0.5257274794741233,0.02730458029889731
1403,Automation only,0.4776533774581127,0.017467861458393616
1403,Additive,0.7471801244073639,0.06537585946712582
1403,Interaction,0.7493539601179338,0.08373270763899032
1403,HGB,0.7040702361668922,0.08271489552498443
1403,MLP,0.7576005883303907,0.06263816740034509
1404,Context only,0.7177910636339171,0.03804208597570086
1404,Driver history,0.5467612089020778,0.026805621738147163
1404,Automation only,0.48840925077953967,0.013255531577994202
1404,Additive,0.7189955705731448,0.04446459500274671
1404,Interaction,0.7202720310215736,0.048538807368800174
1404,HGB,0.6770482332686012,0.043368715252856856
1404,MLP,0.7035330991337525,0.05248341888763436
1405,Context only,0.6855311172398958,0.057260615793949185
1405,Driver history,0.5361341794129171,0.026121535346762852
1405,Automation only,0.48284883497606956,0.017025453576205617
1405,Additive,0.7381976507463375,0.05569960604618926
1405,Interaction,0.7328584378769138,0.06650671917294661
1405,HGB,0.6848491192219346,0.06712956612228074
1405,MLP,0.7363573508285384,0.05624874081633119
1406,Context only,0.7396718855823214,0.0529521339866225
1406,Driver history,0.5340891847980962,0.018607366811264577
1406,Automation only,0.47519087500878976,0.01576377865464226
1406,Additive,0.7570990607062098,0.05570349298309626
1406,Interaction,0.757639857810609,0.06418575797839922
1406,HGB,0.7336259682534984,0.08797887832212278
1406,MLP,0.75960458433104,0.05574825243728203
1407,Context only,0.6965585004783711,0.10746571868413383
1407,Driver history,0.49228757112423477,0.030372004372254915
1407,Automation only,0.4391980608403,0.029414848890265147
1407,Additive,0.7294737195928584,0.08872549150822943
1407,Interaction,0.7112929579743651,0.08791187059006114
1407,HGB,0.6864530765207701,0.12322390268533318
1407,MLP,0.7262027928973946,0.0717531197130643
1408,Context only,0.7284624181607716,0.05314615984297227
1408,Driver history,0.5273405367983414,0.021429333025108323
1408,Automation only,0.4953425150837281,0.01728669512639825
1408,Additive,0.7159925204807438,0.05275323823897296
1408,Interaction,0.7093909467854258,0.05239505237355084
1408,HGB,0.696815900352481,0.06383594846730387
1408,MLP,0.6939573431050334,0.047684065887652734
1409,Context only,0.7153483204278195,0.05595343028656683
1409,Driver history,0.5032172086839801,0.019376218716683796
1409,Automation only,0.4775424790147139,0.0163313435830333
1409,Additive,0.7004540657185734,0.04638815048490765
1409,Interaction,0.6995519285483385,0.055634474711580284
1409,HGB,0.6806579992421534,0.06338636621254716
1409,MLP,0.6804978666832222,0.04625209179714326
1410,Context only,0.6816921239013569,0.05003349075965949
1410,Driver history,0.5561162439309039,0.02260060658963773
1410,Automation only,0.5191892471950498,0.017284174785076312
1410,Additive,0.7091195253154465,0.04642910357872746
1410,Interaction,0.7040677273632303,0.05735353546444309
1410,HGB,0.6691156379909686,0.05413091035110462
1410,MLP,0.704840882586424,0.048234698371216286
1411,Context only,0.7427944524418008,0.0398632714050588
1411,Driver history,0.5269549308457679,0.01881668750287623
1411,Automation only,0.49927833547887956,0.013606610370034923
1411,Additive,0.7166924554984114,0.044913322077435716
1411,Interaction,0.7166842115276078,0.05050735015053405
1411,HGB,0.7052548972357332,0.057692418713103884
1411,MLP,0.7039929355511729,0.053988752970463676
1412,Context only,0.7041344336612844,0.05819421366605739
1412,Driver history,0.5438485347529023,0.022848419394426674
1412,Automation only,0.4668431337199606,0.017445054753961135
1412,Additive,0.7374347828141954,0.06352993987226907
1412,Interaction,0.73025152378811,0.07666531317039428
1412,HGB,0.7015502227191793,0.07946905020520795
1412,MLP,0.736050932706195,0.054591714534391676
1413,Context only,0.7078938773798037,0.08398783230879461
1413,Driver history,0.44714108933140767,0.025456692411078934
1413,Automation only,0.37437242693545386,0.022115874163528726
1413,Additive,0.7400207043679925,0.08215502761927487
1413,Interaction,0.730523661706807,0.08946336343041593
1413,HGB,0.7037210932865112,0.1250760624798997
1413,MLP,0.7433486843288009,0.06900129703899488
1414,Context only,0.6991730716001291,0.05979286746695015
1414,Driver history,0.48233987779136556,0.022703097600957834
1414,Automation only,0.40517089109165516,0.01682120214819303
1414,Additive,0.7103727099416163,0.058885268473547484
1414,Interaction,0.6955686680828919,0.06412586627165093
1414,HGB,0.6683610386042038,0.08159083719927504
1414,MLP,0.6898406036123892,0.05480108796217245
1415,Context only,0.6822752315223783,0.07573798442219391
1415,Driver history,0.5007793822640775,0.027044194213731484
1415,Automation only,0.4732772241467609,0.021835370623022654
1415,Additive,0.7156318419587206,0.06596256110717412
1415,Interaction,0.7090107268494394,0.07893154104172802
1415,HGB,0.6713273986970786,0.08217752755587471
1415,MLP,0.6963446468626788,0.05833603633974351
1416,Context only,0.7062749904645174,0.08523120794808156
1416,Driver history,0.5334333844749485,0.024947288815546885
1416,Automation only,0.523765181774157,0.02451110102096185
1416,Additive,0.7227565098419038,0.06233662174770536
1416,Interaction,0.7128821960752382,0.06813142007248497
1416,HGB,0.6925255475938441,0.07721405039496389
1416,MLP,0.6978721141772272,0.051750892409529556
1417,Context only,0.7114191832264123,0.07137653589393061
1417,Driver history,0.514668022740312,0.027811184403263453
1417,Automation only,0.49296197778125483,0.020140387447831608
1417,Additive,0.7431580868930268,0.06909441709092756
1417,Interaction,0.7451042264295277,0.080478864731115
1417,HGB,0.7059667240390132,0.08297368290626783
1417,MLP,0.7415565291468906,0.06838907214577318
1418,Context only,0.7015665168815391,0.0811046500157847
1418,Driver history,0.5100363924888788,0.027265354193565874
1418,Automation only,0.4558821374754725,0.023187755245743014
1418,Additive,0.7297959135371268,0.07770645452554975
1418,Interaction,0.7178302908581482,0.09607009680974457
1418,HGB,0.6888736643032399,0.09333637513982068
1418,MLP,0.7047860800138853,0.0641188341096928
1419,Context only,0.699919841699093,0.06770601673197894
1419,Driver history,0.5100496787408042,0.02522833980002891
1419,Automation only,0.4799910983909498,0.020186858016632375
1419,Additive,0.7327686257718484,0.06415858875242274
1419,Interaction,0.7185398231196446,0.06729057893910337
1419,HGB,0.6913487565290987,0.08400117540340517
1419,MLP,0.7281159387629393,0.05696831305108899
1420,Context only,0.6886345720720721,0.050319786766780075
1420,Driver history,0.5056042873230373,0.025016660034022926
1420,Automation only,0.4371573359073359,0.014936577125752977
1420,Additive,0.690946348133848,0.04143871162365352
1420,Interaction,0.6779464285714285,0.04178071333358152
1420,HGB,0.6444811776061776,0.0474428213307836
1420,MLP,0.6529950933075932,0.04075878191722898
1421,Context only,0.7038121911419213,0.055387522923402134
1421,Driver history,0.5203905162004622,0.01999064538747715
1421,Automation only,0.46198263257992217,0.015387897080891095
1421,Additive,0.71943688975816,0.05275027239327555
1421,Interaction,0.7115181640376358,0.05967844579657903
1421,HGB,0.6800118431762858,0.07222351640270673
1421,MLP,0.7060228530867484,0.04477150854156882
1422,Context only,0.7042719074025936,0.0646705117921491
1422,Driver history,0.5191935274239666,0.025895980148177955
1422,Automation only,0.455985544291367,0.01804628867703477
1422,Additive,0.7509955448690177,0.06739953002562356
1422,Interaction,0.7513800436126274,0.08420947891580498
1422,HGB,0.7156370043034976,0.08878149489390275
1422,MLP,0.7571933757906593,0.06525676848249914
1423,Context only,0.7191077878601004,0.05457157121737695
1423,Driver history,0.558784688573694,0.02767661097603001
1423,Automation only,0.4829290370892433,0.016489954010751855
1423,Additive,0.7393659148973659,0.06477708465891338
1423,Interaction,0.7338126596775614,0.06829554322036531
1423,HGB,0.7063333626993217,0.09833449095186819
1423,MLP,0.7334844947581711,0.06639372761984663
1424,Context only,0.7048565599276982,0.08937640654817232
1424,Driver history,0.5499600878878239,0.02767749751399895
1424,Automation only,0.49325525892813654,0.024820832983917598
1424,Additive,0.7401275022864905,0.07927292133703563
1424,Interaction,0.7312218247547098,0.0941498371343789
1424,HGB,0.7028334893739074,0.09653864381189772
1424,MLP,0.7284769537993625,0.06356326507792104
1425,Context only,0.6971118877923975,0.04927697161507087
1425,Driver history,0.5357225420321637,0.026715707040536708
1425,Automation only,0.46941566154970754,0.015361458079938533
1425,Additive,0.7103376279239766,0.047454785840009485
1425,Interaction,0.7062120796783626,0.05683278968638847
1425,HGB,0.6681387061403509,0.05540788288869875
1425,MLP,0.6940081323099414,0.04713175323698088
1426,Context only,0.6962711784490616,0.06042772117584388
1426,Driver history,0.4787960110646591,0.02045264689528675
1426,Automation only,0.3982687894885738,0.016512182560458936
1426,Additive,0.7242455914248892,0.06108098939042722
1426,Interaction,0.7151860088643007,0.07737235991299844
1426,HGB,0.6782388488982491,0.0821269656595906
1426,MLP,0.7025771697104957,0.05224539742378966
1427,Context only,0.7082923770958548,0.058426458451751255
1427,Driver history,0.5531568192448044,0.023825573073747525
1427,Automation only,0.5124488203353034,0.01765462084301576
1427,Additive,0.7421230629679745,0.054135323082631456
1427,Interaction,0.7309008454701359,0.05603752248356074
1427,HGB,0.6985454178620052,0.0640129752057351
1427,MLP,0.726336674028368,0.05315373868770899
1428,Context only,0.7262867283339929,0.07653586791730302
1428,Driver history,0.5524870976784065,0.023107953332818156
1428,Automation only,0.5100176427911886,0.020805532908084047
1428,Additive,0.7638734995383194,0.0735609212176942
1428,Interaction,0.7573196972694897,0.08741062021738831
1428,HGB,0.7448633920327135,0.10641152362737877
1428,MLP,0.7655973816119246,0.06871135545859575
1429,Context only,0.7062799431379384,0.06696088274643616
1429,Driver history,0.4756933480955993,0.020756821190380144
1429,Automation only,0.3914888018644195,0.017397347087494106
1429,Additive,0.743145456160854,0.06316539860384375
1429,Interaction,0.7292282615381462,0.0655128973557635
1429,HGB,0.6991366466419262,0.089120260785856
1429,MLP,0.7479049200718977,0.05721256917222777
1430,Context only,0.7471832923686745,0.03987372267203811
1430,Driver history,0.452771342835151,0.01241093194240888
1430,Automation only,0.42160752510247357,0.009665051764823905
1430,Additive,0.7025776748186957,0.037668751846819344
1430,Interaction,0.6982178204322547,0.038584868597263164
1430,HGB,0.6748512319764797,0.04446012082822712
1430,MLP,0.6825427959836042,0.041640841350644615
1431,Context only,0.7164744854212448,0.04956341661965251
1431,Driver history,0.5305933644759098,0.02697966151286812
1431,Automation only,0.48228176378808674,0.016140484008881132
1431,Additive,0.7377852848983493,0.05120478666916885
1431,Interaction,0.7419989036063853,0.05464513362738888
1431,HGB,0.7016970673813528,0.060083246430317996
1431,MLP,0.7303031012945878,0.05475890362967252
1432,Context only,0.686398911431522,0.04827067984872633
1432,Driver history,0.5116551365369235,0.022259063423284806
1432,Automation only,0.4764086557499243,0.015202414018770214
1432,Additive,0.714038418237016,0.04857327874529019
1432,Interaction,0.7173441103165545,0.0612789323969032
1432,HGB,0.6666736546240868,0.05285592222256297
1432,MLP,0.7026550355997608,0.05469113346143786
1433,Context only,0.7364063355099916,0.04759356379083196
1433,Driver history,0.5572810014398887,0.024527769160821618
1433,Automation only,0.5170308008649959,0.015320483198212073
1433,Additive,0.7546291622611033,0.05193411286799679
1433,Interaction,0.752002826644847,0.05375606996973648
1433,HGB,0.7267524401064773,0.06409269816009758
1433,MLP,0.7483536919063382,0.05411574217837462
1434,Context only,0.6908248608278089,0.07440836952647419
1434,Driver history,0.5846813647373789,0.03474482424270681
1434,Automation only,0.5099164170066293,0.022405949630027493
1434,Additive,0.7393923699643039,0.06901925688685201
1434,Interaction,0.7346753888322284,0.08622168637268675
1434,HGB,0.6928452479602244,0.07225269650961971
1434,MLP,0.7400462667856536,0.06444703093182638
1435,Context only,0.6858400761714175,0.0571818616414355
1435,Driver history,0.475288390076316,0.020968695948309544
1435,Automation only,0.42807653434509635,0.016552685850103697
1435,Additive,0.6917645800016772,0.0492906297091077
1435,Interaction,0.6808626543165249,0.054401648989725514
1435,HGB,0.6566310920505843,0.06736525733518257
1435,MLP,0.668619993117389,0.04485124709688183
1436,Context only,0.6846384987583839,0.046880873820055256
1436,Driver history,0.5760477276292668,0.035678400749743794
1436,Automation only,0.5047961846723351,0.01617498848724868
1436,Additive,0.727066793281782,0.05667944044103298
1436,Interaction,0.720511780522863,0.05849898820022502
1436,HGB,0.6727072505902676,0.05986875342673317
1436,MLP,0.7283855298433907,0.061476094740795226
1437,Context only,0.7290084276906487,0.05232450779597273
1437,Driver history,0.5542666893280509,0.020349355613446647
1437,Automation only,0.5150434473435388,0.015521006292747023
1437,Additive,0.7219941432043198,0.04393254873310203
1437,Interaction,0.7164577326112946,0.04631048506016559
1437,HGB,0.7018826531010932,0.06386361678525801
1437,MLP,0.7122756327605473,0.04654432695990519
1438,Context only,0.7123692459882924,0.047283374731849195
1438,Driver history,0.5331309229061727,0.02325837567252892
1438,Automation only,0.45699594282087164,0.014524773351942317
1438,Additive,0.7374697938745133,0.04901771178237143
1438,Interaction,0.7313162817976311,0.05987103116547031
1438,HGB,0.6955006792898266,0.07045077545897883
1438,MLP,0.7365107145906258,0.05619567783269968
1439,Context only,0.6792687608592949,0.05674887754125806
1439,Driver history,0.47173218898590386,0.023075524495480785
1439,Automation only,0.42023496096143315,0.016054937522403754
1439,Additive,0.7026430274916791,0.05514856115195954
1439,Interaction,0.6945307403480216,0.062181887154088185
1439,HGB,0.6530125533978037,0.07230541945557271
1439,MLP,0.6771799513956916,0.04980209468500954
1440,Context only,0.7243908062917331,0.03199454341792922
1440,Driver history,0.5600193377848668,0.02703145662502359
1440,Automation only,0.47430166468970403,0.010455164546882386
1440,Additive,0.7227485208436836,0.03775380183153845
1440,Interaction,0.7226564078549202,0.040178131292089594
1440,HGB,0.6881589050083318,0.043661212817547465
1440,MLP,0.711841154419403,0.045646471320221524
1441,Context only,0.7377727245704773,0.0512808891058976
1441,Driver history,0.5303971651082405,0.02224484017827801
1441,Automation only,0.4724925051169032,0.015483749906625259
1441,Additive,0.731251114678081,0.04403985767426166
1441,Interaction,0.7231935845499249,0.04502643207015813
1441,HGB,0.7033809778593085,0.05842800758138429
1441,MLP,0.7196287378871649,0.049986245961591944
1442,Context only,0.6654556242013124,0.04488349223276396
1442,Driver history,0.49824368816677395,0.024066067974853188
1442,Automation only,0.4480010392946248,0.013276016158082436
1442,Additive,0.7039933975165822,0.04841394652265838
1442,Interaction,0.7042620287543517,0.05996550140260207
1442,HGB,0.6458395386748913,0.05759884132757298
1442,MLP,0.6868030000224193,0.05049682082278254
1443,Context only,0.6917283999403164,0.0655736353696388
1443,Driver history,0.5399962118605556,0.0310767391266319
1443,Automation only,0.5192263406504835,0.02130280977052016
1443,Additive,0.717379247945309,0.0583064731796619
1443,Interaction,0.7157049039372805,0.07101803212736632
1443,HGB,0.6709573364201674,0.060833925519844574
1443,MLP,0.69743428497846,0.06122505487853665
1444,Context only,0.6834360039425513,0.049230033357749496
1444,Driver history,0.5236015285209175,0.030121530856899996
1444,Automation only,0.42937983040770983,0.014450608664827827
1444,Additive,0.7216621296035546,0.05393241717638903
1444,Interaction,0.7168039519384212,0.06625824898411936
1444,HGB,0.6592372258205826,0.06557187663211048
1444,MLP,0.7096565130323226,0.06324669179772517
1445,Context only,0.7046020197743971,0.059485294971090306
1445,Driver history,0.48341299538415317,0.018025931668784204
1445,Automation only,0.4558302378936443,0.01609779095522132
1445,Additive,0.717172349984978,0.052344592578273993
1445,Interaction,0.7070581146041023,0.05744960505166667
1445,HGB,0.6872782549913965,0.07035671374481074
1445,MLP,0.697637963291727,0.04814483000664766
1446,Context only,0.718016824845766,0.05553357114003768
1446,Driver history,0.513959587306597,0.0182968060253809
1446,Automation only,0.46007367914816233,0.014478906827765581
1446,Additive,0.7486556655169563,0.052275046850979404
1446,Interaction,0.7398998324278425,0.05504562618658596
1446,HGB,0.7239430930964779,0.08324644142111028
1446,MLP,0.752873524350564,0.05058730692100544
1447,Context only,0.7448064744783106,0.05721699476220547
1447,Driver history,0.580776923549608,0.02589048537214813
1447,Automation only,0.5174032761857285,0.017833550174707197
1447,Additive,0.7436854622828404,0.06498017509104417
1447,Interaction,0.740467177126418,0.06675673402383225
1447,HGB,0.7333897193163751,0.10837377874787821
1447,MLP,0.74608543666465,0.06664163829650972
1448,Context only,0.7471311659561227,0.03829345122823487
1448,Driver history,0.5628581641474042,0.017484034032608703
1448,Automation only,0.5311509337668356,0.013057560984975541
1448,Additive,0.7332596299001214,0.03837697527009348
1448,Interaction,0.7297126102617444,0.03980641437746492
1448,HGB,0.713625276723195,0.057394013136164296
1448,MLP,0.7289608218301655,0.04583248539283745
1449,Context only,0.7168239179345792,0.061339863660863324
1449,Driver history,0.553345773861221,0.027514821380799775
1449,Automation only,0.5236013129473105,0.01948944900553322
1449,Additive,0.7357268125082752,0.05600137412411257
1449,Interaction,0.7425271989166798,0.0703581270754983
1449,HGB,0.7026416683436205,0.06927024966716468
1449,MLP,0.728259627826185,0.060357497860748094
1450,Context only,0.6919121101869823,0.04217427966760995
1450,Driver history,0.4821531626606053,0.01640757407486704
1450,Automation only,0.447194773055455,0.013755899407172341
1450,Additive,0.702826505686221,0.03868561222698162
1450,Interaction,0.6831359207299224,0.037280071625933095
1450,HGB,0.6539031116162249,0.040796311843738525
1450,MLP,0.6829041915431147,0.039606502181362725
1451,Context only,0.7232782638979582,0.03794433739684423
1451,Driver history,0.46328223629794085,0.014834213935865181
1451,Automation only,0.4840015671934178,0.012992413067921607
1451,Additive,0.6955775760741805,0.04013523581622075
1451,Interaction,0.6985568760611206,0.04120666479878664
1451,HGB,0.6775529471942885,0.05126537416671733
1451,MLP,0.6646499934700274,0.04162220323685847
1452,Context only,0.6858890904749705,0.0720589980767489
1452,Driver history,0.48536589616632075,0.022565484823979604
1452,Automation only,0.4179803166005267,0.020268620919112194
1452,Additive,0.7150752113603923,0.06386764695314717
1452,Interaction,0.6940470526313955,0.06555232949168205
1452,HGB,0.6733496809769547,0.09700998942695727
1452,MLP,0.7009799872077075,0.05385434882214801
1453,Context only,0.7095562701935563,0.05919034739356663
1453,Driver history,0.5642561702723402,0.027847799339902692
1453,Automation only,0.5208168628032293,0.018672748984066533
1453,Additive,0.7341443696865384,0.05529150000951584
1453,Interaction,0.7266180237010929,0.05603918659620083
1453,HGB,0.6970215105123159,0.06984675771626077
1453,MLP,0.7255879292975045,0.05408435007765844
1454,Context only,0.7462190702817987,0.04068994204655602
1454,Driver history,0.5916934082426588,0.024209922774542706
1454,Automation only,0.5353487430636467,0.014257838716702961
1454,Additive,0.7503051008116274,0.04671069680932662
1454,Interaction,0.7535210015995577,0.047823589117978606
1454,HGB,0.7306041292284603,0.06234866038591354
1454,MLP,0.7482794881415509,0.05508622095354841
1455,Context only,0.7015168973544228,0.07011995856426331
1455,Driver history,0.5033798405612716,0.025579655577920503
1455,Automation only,0.4492509212059651,0.020977332812596887
1455,Additive,0.7095993102401021,0.056773806768807736
1455,Interaction,0.6945870227544555,0.06116633669124922
1455,HGB,0.6702849013219071,0.07203743533260856
1455,MLP,0.6862107168714202,0.05363718182023115
1456,Context only,0.7400108689299219,0.043286759507783254
1456,Driver history,0.5500136564114323,0.017027692887315884
1456,Automation only,0.5377158612193883,0.014138211396504756
1456,Additive,0.7015065325977978,0.03650714724416356
1456,Interaction,0.7021595675806909,0.037684322001992385
1456,HGB,0.694803932147305,0.0382122764553948
1456,MLP,0.6846580052422637,0.037546175594341105
1457,Context only,0.7330800645537978,0.04838883299331714
1457,Driver history,0.5497975258551735,0.02231495376528838
1457,Automation only,0.49341998162314293,0.014960860352113197
1457,Additive,0.719343403037034,0.04093518396177059
1457,Interaction,0.710497779593549,0.04101985404602857
1457,HGB,0.6956027812606148,0.04716225606702564
1457,MLP,0.7050489005974827,0.043579246476068804
1458,Context only,0.7283714980896775,0.05425612175564948
1458,Driver history,0.5061168256795362,0.017514912063562593
1458,Automation only,0.4758328788917296,0.015895249465579887
1458,Additive,0.7100489546175437,0.04209760196275674
1458,Interaction,0.7099476433242111,0.04937310475442571
1458,HGB,0.6951434784711417,0.054874880021674184
1458,MLP,0.6948993724536678,0.04223198365810504
1459,Context only,0.7051674614788889,0.07752131526330973
1459,Driver history,0.522408037239132,0.023517176919413928
1459,Automation only,0.4791905579980737,0.021390770910083734
1459,Additive,0.7318966767329513,0.0688377696726981
1459,Interaction,0.7220388310782871,0.08228359264329402
1459,HGB,0.7005421735956012,0.09749124153085277
1459,MLP,0.7164534045424295,0.05864180245841392
1460,Context only,0.7067852267833434,0.06135637163008369
1460,Driver history,0.44186906619723876,0.01933465950299683
1460,Automation only,0.4118371094090696,0.017259177582440055
1460,Additive,0.6968527890287629,0.04504761285715919
1460,Interaction,0.6811695478275933,0.043264609674069615
1460,HGB,0.6684139938681838,0.06411355251734172
1460,MLP,0.6688627590396607,0.041006965843824635
1461,Context only,0.7020626956918292,0.06121432806992348
1461,Driver history,0.5543821128379668,0.027552076396014754
1461,Automation only,0.45214301220811043,0.017878764557656256
1461,Additive,0.7387582374513184,0.06691103339736354
1461,Interaction,0.7258092480917087,0.08427303556771623
1461,HGB,0.7082102784742995,0.09254161478017059
1461,MLP,0.7383433598456758,0.0632777608203192
1462,Context only,0.7315486731506492,0.051331924594724986
1462,Driver history,0.5296369669164306,0.02223462201377078
1462,Automation only,0.4938049919524867,0.01696841479191923
1462,Additive,0.7167027716604287,0.051241884029673224
1462,Interaction,0.7105028118613157,0.052093292124960514
1462,HGB,0.6961416318332339,0.057771607062795625
1462,MLP,0.6974775043758812,0.05007851667842386
1463,Context only,0.7085817629279731,0.053539571845774715
1463,Driver history,0.5157568133479409,0.018962303039155665
1463,Automation only,0.46603992674194333,0.014857598004564892
1463,Additive,0.7182322089542926,0.042639699233294456
1463,Interaction,0.7156488164382857,0.052656684043695196
1463,HGB,0.6874193693420905,0.061783600113409845
1463,MLP,0.7085491895185192,0.04728274947778171
1464,Context only,0.7024236005426201,0.07536449454756858
1464,Driver history,0.4917582505534906,0.022725775870970372
1464,Automation only,0.4617334042313545,0.021342992892007334
1464,Additive,0.7359325199851801,0.07189584455828563
1464,Interaction,0.7310400908519142,0.08278237796924798
1464,HGB,0.6995879707362306,0.09098391138149937
1464,MLP,0.7336097075573043,0.061100654206728014
1465,Context only,0.7102299471827361,0.05649953799458251
1465,Driver history,0.5077188155003682,0.016601103960928877
1465,Automation only,0.5128431752607104,0.016187364858007532
1465,Additive,0.7279874274185698,0.05589525509689663
1465,Interaction,0.730120425594722,0.06156463085423347
1465,HGB,0.7083814999656306,0.09427964098182369
1465,MLP,0.738067963539793,0.05032636121823479
1466,Context only,0.6809219418905856,0.04477187596994057
1466,Driver history,0.5728972686148065,0.0308859306028278
1466,Automation only,0.4787113486188238,0.014171173027009739
1466,Additive,0.7286713842728789,0.049040845648069535
1466,Interaction,0.7246745312035754,0.059424132029725026
1466,HGB,0.6703541970932738,0.06085879941861099
1466,MLP,0.7293878131760984,0.05358475532976572
1467,Context only,0.6926191193408345,0.06725949497293043
1467,Driver history,0.49521768406130945,0.023770684492483252
1467,Automation only,0.4734058651546027,0.019759244585703464
1467,Additive,0.7071453885000443,0.059541169646017425
1467,Interaction,0.6953183308230708,0.06777871554424482
1467,HGB,0.6648283866394968,0.07278849568217956
1467,MLP,0.6811278461947373,0.05054047392955163
1468,Context only,0.7038465320425148,0.08826143343508393
1468,Driver history,0.5235790417787789,0.0286060126040343
1468,Automation only,0.5062873769744428,0.024893119535086102
1468,Additive,0.7369023036284159,0.08300832462580085
1468,Interaction,0.7343158989395144,0.09458639875304109
1468,HGB,0.7065454214975521,0.11129864338956619
1468,MLP,0.739185967860644,0.0707729443006985
1469,Context only,0.7024103708235445,0.04909515928595754
1469,Driver history,0.5051443741563503,0.01691293804042838
1469,Automation only,0.46845705678041005,0.013018405414150305
1469,Additive,0.7229565223577199,0.05516307370926225
1469,Interaction,0.7193062642164438,0.0651772607334517
1469,HGB,0.6908091301803877,0.08219249421890755
1469,MLP,0.7091308917656223,0.050383874315923366
1470,Context only,0.7118611430909145,0.04864634135682884
1470,Driver history,0.4768770183479596,0.017398345225397835
1470,Automation only,0.4431258055290062,0.014194560153241791
1470,Additive,0.6925798107278363,0.04924419436742839
1470,Interaction,0.673521356474643,0.04772294533770486
1470,HGB,0.6593347688041242,0.0592179949130562
1470,MLP,0.6664924370782286,0.04572301114497514
1471,Context only,0.6978104616038338,0.06349387910169452
1471,Driver history,0.5213714299421388,0.02337358643490278
1471,Automation only,0.4686943470193048,0.018150615634276206
1471,Additive,0.7302517480840041,0.05923946350817973
1471,Interaction,0.7265141637210673,0.07498880922763453
1471,HGB,0.693066433189009,0.07406236620566216
1471,MLP,0.7251969111042955,0.056305271300192736
1472,Context only,0.7143509803136201,0.04416385159159931
1472,Driver history,0.5528623355296096,0.020602798877413703
1472,Automation only,0.5193063705365188,0.014979682849556055
1472,Additive,0.7205673101956622,0.05517142859706353
1472,Interaction,0.7207230188452527,0.05737415170340879
1472,HGB,0.6910878076622675,0.0651840568035905
1472,MLP,0.7051386357719344,0.05774944487580003
1473,Context only,0.7027400311152535,0.0772902359481655
1473,Driver history,0.5292263022745674,0.023325173640352456
1473,Automation only,0.5231868362706885,0.02273454202602415
1473,Additive,0.7205377443088742,0.06486495752050542
1473,Interaction,0.7120825507446948,0.07823117663934681
1473,HGB,0.6887637629686116,0.07426226159808898
1473,MLP,0.6985849561750364,0.05170395069634968
1474,Context only,0.7022071631944874,0.0665404314270067
1474,Driver history,0.569173847509961,0.028204697575252558
1474,Automation only,0.5421079773815206,0.019810617697451027
1474,Additive,0.7506554926298726,0.06412338644444515
1474,Interaction,0.751065084985887,0.07754819031526311
1474,HGB,0.7121481978298486,0.0726312914466003
1474,MLP,0.7560710930647431,0.06319643796109498
1475,Context only,0.7127724818345442,0.04509627767196845
1475,Driver history,0.58631909387859,0.02796597077042055
1475,Automation only,0.5160886243947372,0.015034151089368269
1475,Additive,0.7230566447085346,0.05747551060923553
1475,Interaction,0.7244244323105733,0.06286496164300197
1475,HGB,0.6900436940567598,0.06174894400529081
1475,MLP,0.7122325178321445,0.06260000537567145
1476,Context only,0.7101337305108377,0.10336555312614329
1476,Driver history,0.5169705919634935,0.030841734606816787
1476,Automation only,0.501829509443529,0.02852179341413911
1476,Additive,0.7511375332741792,0.08936711314618163
1476,Interaction,0.7426670046900747,0.09244293384482535
1476,HGB,0.7172871086322727,0.11959741780342625
1476,MLP,0.7574868804664723,0.07591647708964816
1477,Context only,0.6994227401756042,0.07445682312377848
1477,Driver history,0.5247929532520381,0.029319860330750097
1477,Automation only,0.4557726670759879,0.020439418637394107
1477,Additive,0.7408043848756756,0.07061192457289521
1477,Interaction,0.7318995850805197,0.0779753440559336
1477,HGB,0.6990219656775963,0.09399707052607027
1477,MLP,0.7412683127617338,0.06456289054561676
1478,Context only,0.7254390683704964,0.03985932796891609
1478,Driver history,0.5731349604127176,0.02841307742244221
1478,Automation only,0.5159267682382247,0.013967603052535688
1478,Additive,0.7187086651115642,0.05345520091628997
1478,Interaction,0.7168588405316492,0.05507780563115301
1478,HGB,0.6878970975606998,0.048652796852985736
1478,MLP,0.7042529949540818,0.06021774610701534
1479,Context only,0.6899422613551384,0.0677768998635609
1479,Driver history,0.4755642653771544,0.02410724408027875
1479,Automation only,0.41360775201797634,0.018971774956064915
1479,Additive,0.7156399910094715,0.060293597623724944
1479,Interaction,0.7059440381113011,0.0709714166740971
1479,HGB,0.6736154971566564,0.08035871214598352
1479,MLP,0.7023994214274659,0.0528289350936768
1480,Context only,0.6951621539785495,0.06509900326585227
1480,Driver history,0.46297933034789407,0.02126384526386422
1480,Automation only,0.45413807391352856,0.0189288043180577
1480,Additive,0.6916293486748792,0.047614881647546944
1480,Interaction,0.6806599308355511,0.04717846616995162
1480,HGB,0.6592678767789129,0.06188931935955587
1480,MLP,0.6592173580455466,0.04260452945771214
1481,Context only,0.7020723787985788,0.057144904675146796
1481,Driver history,0.537534145013016,0.021694606024124534
1481,Automation only,0.4639136311517112,0.016433953065601144
1481,Additive,0.7210439589645459,0.04941344089238087
1481,Interaction,0.7166838901809401,0.05515484843043241
1481,HGB,0.687496073798099,0.06622487034902466
1481,MLP,0.7153046283966393,0.04542246883177518
1482,Context only,0.6955726935161382,0.09713049828840202
1482,Driver history,0.43468401885175667,0.02447710974360895
1482,Automation only,0.4241823764638674,0.025278613717036068
1482,Additive,0.7186490764543464,0.07991355974073744
1482,Interaction,0.7103007474055032,0.09246866121683665
1482,HGB,0.6836075407026563,0.11138031219488725
1482,MLP,0.7066022803008665,0.06233679713972646
1483,Context only,0.6920881251899683,0.061360236849378136
1483,Driver history,0.5740190650762045,0.0360482517399566
1483,Automation only,0.5179653916296034,0.018618732559597784
1483,Additive,0.7465449007822048,0.06750959364088925
1483,Interaction,0.7432266563696026,0.07513504495134038
1483,HGB,0.7098840959984121,0.08967035125005694
1483,MLP,0.7638525751964816,0.06515391636112808
1484,Context only,0.7004110503806884,0.0835399831727268
1484,Driver history,0.5325486273902009,0.025278176970114974
1484,Automation only,0.5187954368231397,0.0242462789921763
1484,Additive,0.7475939068039599,0.0748044309576204
1484,Interaction,0.7393653314315052,0.08791209685155317
1484,HGB,0.7115968031365636,0.0966150625295242
1484,MLP,0.740592821890075,0.06503755115539
1485,Context only,0.7108268726769041,0.07967729584467338
1485,Driver history,0.5594580210959532,0.027214764864523962
1485,Automation only,0.5210335161084593,0.0231596582862086
1485,Additive,0.7525979125768553,0.07223076093919935
1485,Interaction,0.7441628322089466,0.09151930446042862
1485,HGB,0.7175007909736824,0.09016415236084484
1485,MLP,0.7560797538141124,0.07284226892341829
1486,Context only,0.7156389579779406,0.043795224660835755
1486,Driver history,0.5424292687267502,0.02524848142908913
1486,Automation only,0.4925478776277351,0.014453861265597927
1486,Additive,0.7217300079434323,0.04870709671843833
1486,Interaction,0.7126699373640827,0.048184390345081485
1486,HGB,0.693388937359742,0.062110287983483684
1486,MLP,0.7134729619453162,0.04538958883973483
1487,Context only,0.7018150954443674,0.059944717515998905
1487,Driver history,0.5198761533025887,0.023298934828320912
1487,Automation only,0.46659462361206544,0.01779296479038261
1487,Additive,0.7282953306727514,0.056152205672226604
1487,Interaction,0.7220798673644963,0.06685066819963613
1487,HGB,0.6883429326493808,0.06746137659418328
1487,MLP,0.7228832762527548,0.051178321753570635
1488,Context only,0.7045703330115013,0.04836159209819747
1488,Driver history,0.5555033284211597,0.029049893573008953
1488,Automation only,0.48605191447736174,0.015243213598059142
1488,Additive,0.7354373634331013,0.05532375467708514
1488,Interaction,0.7286990044378948,0.06131898490911551
1488,HGB,0.6913641021732134,0.059534609232736575
1488,MLP,0.7257310563714281,0.06312203933178606
1489,Context only,0.7020024862532559,0.12209299364977036
1489,Driver history,0.5862764959176335,0.03514725190014363
1489,Automation only,0.5008504564708358,0.030620676993509163
1489,Additive,0.7676097547072185,0.10384156342627637
1489,Interaction,0.7532857349575102,0.10894927375076277
1489,HGB,0.7299859901602253,0.13396123630637788
1489,MLP,0.7736228042481167,0.08464551004519627
1490,Context only,0.6933802052375746,0.07683911482031319
1490,Driver history,0.4816263976007864,0.02488281166838851
1490,Automation only,0.46259094856349847,0.022020663312108796
1490,Additive,0.7031957737667018,0.06094815542854451
1490,Interaction,0.694262276721179,0.07231587782421553
1490,HGB,0.6635885111133454,0.07301501414537795
1490,MLP,0.669279845220092,0.05275096893277346
1491,Context only,0.7509831616191666,0.04145332494896326
1491,Driver history,0.5391861406741374,0.022692874144523496
1491,Automation only,0.4757318411694559,0.01292816118736172
1491,Additive,0.743926900842914,0.04437227652761562
1491,Interaction,0.7432410987325417,0.047543460068957974
1491,HGB,0.7073377764193272,0.0427957189888558
1491,MLP,0.7336924269383478,0.053569555047977904
1492,Context only,0.703905495889114,0.0692701178915741
1492,Driver history,0.49597466617618935,0.023346846577387916
1492,Automation only,0.45406986314579284,0.019389855967399346
1492,Additive,0.7295365606350404,0.0628627019403561
1492,Interaction,0.7204891374753124,0.06235722175655868
1492,HGB,0.6941249541800907,0.08277696106081048
1492,MLP,0.720020629917016,0.0527635269383762
1493,Context only,0.6977064220183488,0.05904062885462082
1493,Driver history,0.4861169772854039,0.018276586115852568
1493,Automation only,0.44554132287038645,0.01662445322430831
1493,Additive,0.7342673052141635,0.05783831215038198
1493,Interaction,0.7231092647087108,0.061671612379213925
1493,HGB,0.6966920546996711,0.08846019864230462
1493,MLP,0.7298017040755487,0.05198135865352776
1494,Context only,0.7044253520166377,0.06544637859470133
1494,Driver history,0.5138556201134767,0.023990404708067428
1494,Automation only,0.48987735644660885,0.020044744283812286
1494,Additive,0.7240636901835666,0.05604797159183626
1494,Interaction,0.7176422666319131,0.05669881860869731
1494,HGB,0.6888436048615304,0.06427569854877709
1494,MLP,0.7138075591056914,0.050561870809956215
1495,Context only,0.7068667402669092,0.09826609929882976
1495,Driver history,0.5656068946882582,0.031025296721167682
1495,Automation only,0.549511866879427,0.027885644820153294
1495,Additive,0.7555511842526406,0.08524667264515895
1495,Interaction,0.7455957270884455,0.08418731059503319
1495,HGB,0.7187107162571493,0.10576919340225364
1495,MLP,0.7578012294796803,0.07116082611833872
1496,Context only,0.6887307138418368,0.056687980464519505
1496,Driver history,0.49247241020803756,0.024158228492174954
1496,Automation only,0.44504047442132255,0.01639842240336371
1496,Additive,0.7014516435225353,0.04920322283030564
1496,Interaction,0.6918120868576039,0.055317820128473943
1496,HGB,0.6608044383933034,0.06299947638956774
1496,MLP,0.6803308624507418,0.0462698833706113
1497,Context only,0.6895797989374238,0.06966475506208082
1497,Driver history,0.5305346560884276,0.03169177981101344
1497,Automation only,0.47487683075767945,0.020018689184008814
1497,Additive,0.7351922176760188,0.0693053418190764
1497,Interaction,0.7293545242643704,0.08239344922628299
1497,HGB,0.6905683902638382,0.08413841535568818
1497,MLP,0.7427736454056417,0.06457887929780118
1498,Context only,0.7366623462197075,0.04210482282077936
1498,Driver history,0.5892256141347663,0.027034636645625165
1498,Automation only,0.5248844921600656,0.014386668243437591
1498,Additive,0.735650296315586,0.04213995063738665
1498,Interaction,0.7414148378747347,0.04597001159558729
1498,HGB,0.7097683037017748,0.04943764344725986
1498,MLP,0.72716229492673,0.05394972762780849
1499,Context only,0.7069086739308325,0.0729865064115999
1499,Driver history,0.4596993123447751,0.019106083300040544
1499,Automation only,0.4298485794679644,0.018584188661221933
1499,Additive,0.7335124251690426,0.0659818985569994
1499,Interaction,0.7284598102129004,0.08038031656527735
1499,HGB,0.7000292504701608,0.10486242732612952
1499,MLP,0.7314508951002769,0.0561626718483029
1500,Context only,0.699228732748353,0.0637941768238637
1500,Driver history,0.5475425286719566,0.028838315059778033
1500,Automation only,0.48694855594220554,0.019489687902544326
1500,Additive,0.7294438070468796,0.06678594204606805
1500,Interaction,0.7237283675608537,0.07728220929508506
1500,HGB,0.6875538487555197,0.0739419405111752
1500,MLP,0.7222446566727264,0.06165998814979413
1501,Context only,0.7139580110897036,0.06305602871587992
1501,Driver history,0.4853828028185576,0.019408540836050973
1501,Automation only,0.46603959186996274,0.018511188422782838
1501,Additive,0.723366168263186,0.06351097050829739
1501,Interaction,0.7141995242101074,0.06402649996150629
1501,HGB,0.6937102566189972,0.08504646732338268
1501,MLP,0.7039953687371667,0.05220767769699451
1502,Context only,0.7159755104477461,0.055013551463931304
1502,Driver history,0.5937646485586133,0.027893192694881754
1502,Automation only,0.5208442026076168,0.01667286957656982
1502,Additive,0.7458111691226146,0.05815684782645603
1502,Interaction,0.7453054194254128,0.06915233705032087
1502,HGB,0.7163217156644093,0.07947270957274287
1502,MLP,0.7443115771276696,0.06113906663852165
1503,Context only,0.7002929539996651,0.09344105707711267
1503,Driver history,0.5400692458015196,0.031215140084768726
1503,Automation only,0.45051419164249784,0.025627816701678595
1503,Additive,0.7320823268650059,0.07500896718209192
1503,Interaction,0.7148242685809763,0.07729031991148413
1503,HGB,0.7012704040353184,0.1024522697496455
1503,MLP,0.7248608117237803,0.06592253566681155
1504,Context only,0.686756892547264,0.07062242948904782
1504,Driver history,0.5005735766634174,0.029733244426342995
1504,Automation only,0.4541585436297339,0.020612827278757687
1504,Additive,0.724579256772206,0.06296116024765704
1504,Interaction,0.7183440737932778,0.07528191552768447
1504,HGB,0.6813224304126503,0.07417814405952317
1504,MLP,0.7167248817646846,0.05779114002700659
1505,Context only,0.7126770420753582,0.04487172397640088
1505,Driver history,0.5370489704083113,0.017581769043468014
1505,Automation only,0.49850564046202017,0.01394052071896651
1505,Additive,0.7239216763784916,0.04259781735289242
1505,Interaction,0.7078588018165606,0.04046358556749473
1505,HGB,0.6976409078655413,0.056979606869245615
1505,MLP,0.7159908135122244,0.044112494592035145
1506,Context only,0.7524793143251669,0.047961996213891175
1506,Driver history,0.4665385611184828,0.014207073860643729
1506,Automation only,0.4462790057930677,0.013304611302073725
1506,Additive,0.6857436055104265,0.03535171262679326
1506,Interaction,0.6795449151536728,0.03690557434496143
1506,HGB,0.6757111880643387,0.042414626614980126
1506,MLP,0.6680898518830167,0.0420931494632512
1507,Context only,0.7062707783356522,0.052042984772861664
1507,Driver history,0.5765229118637251,0.029378768184331047
1507,Automation only,0.5036482741619189,0.016810525177570035
1507,Additive,0.7377074633324703,0.05941966324307927
1507,Interaction,0.7349395650067948,0.06979326091405162
1507,HGB,0.6977238650811642,0.06060040520537607
1507,MLP,0.7258950659724416,0.06030541410754055
1508,Context only,0.715220078615565,0.049116163303143084
1508,Driver history,0.5460112315222454,0.021487940041280587
1508,Automation only,0.5025402007556121,0.01599647307986846
1508,Additive,0.7251554112469636,0.04943451809614792
1508,Interaction,0.71846765825561,0.05550663502595227
1508,HGB,0.697737320843306,0.06277711563971719
1508,MLP,0.7133414415002965,0.04849512082442335
1509,Context only,0.7043030140674799,0.10055726714096419
1509,Driver history,0.48282315998376824,0.028761625802446025
1509,Automation only,0.44333340202220023,0.027464727573502195
1509,Additive,0.7246110096629385,0.07957815513643117
1509,Interaction,0.7082559262640865,0.08313181353954516
1509,HGB,0.6902796535122202,0.10913997865201794
1509,MLP,0.7084646347443083,0.06737642122706994
1510,Context only,0.704987278114663,0.06858607985137981
1510,Driver history,0.5148575436176832,0.023505131786354473
1510,Automation only,0.47487317696467957,0.01918002290598106
1510,Additive,0.7342190275307581,0.07119550164814324
1510,Interaction,0.7260343898450095,0.07259269652412474
1510,HGB,0.7055676646559109,0.11472261888369191
1510,MLP,0.7392693726547781,0.06039537275237926
1511,Context only,0.6960774986833413,0.060400082882762024
1511,Driver history,0.5420480283606762,0.02576880153994769
1511,Automation only,0.4776999494646602,0.01860679994627797
1511,Additive,0.727434905307124,0.0591296391350474
1511,Interaction,0.7215232599556141,0.068283494999541
1511,HGB,0.690683193650813,0.0724723812138697
1511,MLP,0.7249800598508903,0.05548204711247077
1512,Context only,0.7738054244627613,0.0418605651833349
1512,Driver history,0.5345332854874839,0.012761278669420938
1512,Automation only,0.5115778497881975,0.011114282648486884
1512,Additive,0.7351094896684378,0.03318272909638057
1512,Interaction,0.7354212126264713,0.035022321555695866
1512,HGB,0.7347874967679887,0.05998848066131164
1512,MLP,0.7261057707410548,0.04367779361011545
1513,Context only,0.7338029783275627,0.03607287031260571
1513,Driver history,0.5057332938852861,0.020891375222355794
1513,Automation only,0.5005803927213022,0.012523238254175437
1513,Additive,0.6920986627645085,0.031528818996302596
1513,Interaction,0.6911757650389017,0.03261067711652445
1513,HGB,0.6772956497866341,0.02701216918270776
1513,MLP,0.6795325939489893,0.03385134369930669
1514,Context only,0.724171368259944,0.042137388869441655
1514,Driver history,0.5459056976376901,0.025221242565824992
1514,Automation only,0.4881293864773874,0.013698233292596194
1514,Additive,0.7060625515206456,0.03812241206844362
1514,Interaction,0.7033548446740814,0.03909396416671155
1514,HGB,0.6814854381148772,0.04756747167205545
1514,MLP,0.6969276361236444,0.04546524116079038
1515,Context only,0.7078414196569103,0.09060694885225831
1515,Driver history,0.5746174662046364,0.03343025427813595
1515,Automation only,0.5481267061910531,0.027349237837618962
1515,Additive,0.7361935271621113,0.07938935733487139
1515,Interaction,0.7302227524632989,0.09339650138120607
1515,HGB,0.7043715574872152,0.09446717339143688
1515,MLP,0.7326194327115068,0.0666285576487593
1516,Context only,0.7599610154987164,0.045419143237885706
1516,Driver history,0.5745519951824031,0.03603511258808676
1516,Automation only,0.47440398085639124,0.015060368915827153
1516,Additive,0.7495629298595923,0.0627941730026788
1516,Interaction,0.7437913219866249,0.06562725341349904
1516,HGB,0.7214221419289406,0.0729189528276383
1516,MLP,0.7282678837437799,0.07570140852429738
1517,Context only,0.6964395894982056,0.06650573649075965
1517,Driver history,0.3934821076490256,0.018498165699671307
1517,Automation only,0.4035685290794196,0.018610900149624642
1517,Additive,0.7002138996676355,0.05936763203789269
1517,Interaction,0.6951107937317953,0.06479120986692549
1517,HGB,0.6701382146419376,0.09165100253924165
1517,MLP,0.680211381251719,0.05025776429286389
1518,Context only,0.7123413081622642,0.054753060392015634
1518,Driver history,0.5168099529597733,0.021391613887409726
1518,Automation only,0.4371876179717137,0.015965870857719364
1518,Additive,0.7346037635009126,0.05337141562193651
1518,Interaction,0.725296104582852,0.05783481615373961
1518,HGB,0.702862921640625,0.07896613114573721
1518,MLP,0.7408093407440189,0.05333314862649608
1519,Context only,0.704838007939489,0.07735490413214496
1519,Driver history,0.4876220446481412,0.02629723120599683
1519,Automation only,0.4554275244629765,0.023001021491008928
1519,Additive,0.7070078557164051,0.06335089982474616
1519,Interaction,0.6966784128588376,0.06685227610288409
1519,HGB,0.6774239357490495,0.08277565130583489
1519,MLP,0.6803462514423766,0.05594808725480798
1520,Context only,0.7277070083389612,0.03867767419440618
1520,Driver history,0.5014901161913384,0.01517827488685464
1520,Automation only,0.49102807194611214,0.012542855286877022
1520,Additive,0.7033809156283164,0.044127079150245836
1520,Interaction,0.6908155780995282,0.04248713211977669
1520,HGB,0.6701063953473989,0.06839799555648368
1520,MLP,0.6773745383391837,0.04106938058946264
1521,Context only,0.7043549290929481,0.06963394541218805
1521,Driver history,0.5782334086644684,0.03178506780143628
1521,Automation only,0.5077328172320142,0.02091658436155673
1521,Additive,0.7517147445851338,0.07247093997012337
1521,Interaction,0.748499918434878,0.08972267968832819
1521,HGB,0.7116986909309823,0.08380744623489358
1521,MLP,0.7552339895173461,0.070571353159598
1522,Context only,0.6911627808284988,0.08259616759398795
1522,Driver history,0.4871962661568368,0.025640830622339246
1522,Automation only,0.42892161530011713,0.021973837171886633
1522,Additive,0.7250175326537175,0.07435043094524717
1522,Interaction,0.7133238374993676,0.08259823591834199
1522,HGB,0.682816475961086,0.1008049372413129
1522,MLP,0.7091415718942176,0.058392765317431254
1523,Context only,0.7098636759714362,0.05249987219038646
1523,Driver history,0.5442227794785727,0.02319085061133333
1523,Automation only,0.4961521876437002,0.016420998921046613
1523,Additive,0.7217211288824794,0.0501760674511339
1523,Interaction,0.7151478200501352,0.057200908533159435
1523,HGB,0.689289375886804,0.05810254846963909
1523,MLP,0.7055381301117037,0.048095616024424914
1524,Context only,0.7005195500778219,0.056119788170265014
1524,Driver history,0.5452327197474682,0.022037435722464718
1524,Automation only,0.4893259027176719,0.018072125305183866
1524,Additive,0.7339780291360334,0.07709198589460546
1524,Interaction,0.72299306780225,0.08335599243111444
1524,HGB,0.695386881019314,0.11529203391753254
1524,MLP,0.7201004554476041,0.05973230036314403
1525,Context only,0.7042175744114199,0.05890189966473982
1525,Driver history,0.6413199990832371,0.04354063471459245
1525,Automation only,0.5481602793868184,0.019737088356132144
1525,Additive,0.7473288485026041,0.06620183114940266
1525,Interaction,0.7426981993248506,0.07331429165214688
1525,HGB,0.701300375042392,0.06498581288682835
1525,MLP,0.76236043862455,0.08136488822337265
1526,Context only,0.7016364238002892,0.08380709367827197
1526,Driver history,0.5217107355762819,0.026661186117518793
1526,Automation only,0.4648953171011994,0.02242089471306865
1526,Additive,0.742130313663927,0.07477427754413998
1526,Interaction,0.7324600352961697,0.08266108011687678
1526,HGB,0.7030619940283805,0.09815049127376071
1526,MLP,0.7373596874647295,0.06194275507324846
1527,Context only,0.694955276529495,0.0692435653972432
1527,Driver history,0.43158000152332804,0.01808824909490268
1527,Automation only,0.3877396538283962,0.0173257309322654
1527,Additive,0.7137892221717581,0.053905316737441165
1527,Interaction,0.7029096506594976,0.061549325665752115
1527,HGB,0.6774738330789751,0.08772779834256951
1527,MLP,0.6961552891925515,0.04588978025398014
1528,Context only,0.6944933166961306,0.07256977484734677
1528,Driver history,0.5101356922590293,0.022874959256099003
1528,Automation only,0.4844527142673018,0.02064474572939912
1528,Additive,0.7119878474127631,0.06268204877277936
1528,Interaction,0.6994758943481352,0.06080754309012845
1528,HGB,0.6788092637024755,0.09253713554793365
1528,MLP,0.6985292172578895,0.049406606808339804
1529,Context only,0.6951842268868502,0.06002772893312456
1529,Driver history,0.4764998647810357,0.01840557717339672
1529,Automation only,0.45461400186407785,0.017450439644559914
1529,Additive,0.7177373178082183,0.05738795571484626
1529,Interaction,0.7114047050743091,0.06273071768620042
1529,HGB,0.6865206642883134,0.0880773425701405
1529,MLP,0.705793714858842,0.050995516580677636
1530,Context only,0.707050458134938,0.04784072467647678
1530,Driver history,0.5276273381435068,0.020333293885773564
1530,Automation only,0.5000464950973232,0.01531442525150061
1530,Additive,0.7073408699208366,0.038684063015639286
1530,Interaction,0.703574036748167,0.04092456928449337
1530,HGB,0.6771976844954674,0.04818042687722984
1530,MLP,0.6907764437823153,0.04527232555775622
1531,Context only,0.7056085732165205,0.050094427547740586
1531,Driver history,0.5678367829729358,0.02356889917294612
1531,Automation only,0.4983392354605105,0.015954860430905115
1531,Additive,0.7383615357346973,0.04491456643471492
1531,Interaction,0.737145239352659,0.052076481282058634
1531,HGB,0.7033765111013044,0.05707203075098553
1531,MLP,0.7364425908107677,0.046372451750904486
1532,Context only,0.689957685276067,0.0790062550117383
1532,Driver history,0.46701800853170533,0.024684441832042214
1532,Automation only,0.4430421367553633,0.021819077480305087
1532,Additive,0.6988925164216452,0.06417547661934567
1532,Interaction,0.6929875327623958,0.08035503203107963
1532,HGB,0.6660515852685168,0.09229390696211583
1532,MLP,0.6596760634970285,0.05517300757332012
1533,Context only,0.6885376067358899,0.05367499496426506
1533,Driver history,0.5103319462513626,0.020607597696092134
1533,Automation only,0.44025951325458934,0.015178327510844082
1533,Additive,0.7270389361166933,0.05305743012773305
1533,Interaction,0.7172065219449261,0.05877040832771974
1533,HGB,0.6766009031134288,0.06846407428656395
1533,MLP,0.717565576475234,0.049407048882602576
1534,Context only,0.7184901304072866,0.04831309240515989
1534,Driver history,0.4869533652203622,0.015656982231540544
1534,Automation only,0.436785131461303,0.013574128998481021
1534,Additive,0.7153989543429116,0.04808772105099194
1534,Interaction,0.7111583550799963,0.04741162630521406
1534,HGB,0.6945966660366798,0.07587812159104675
1534,MLP,0.7002192990426621,0.04365119307770032
1535,Context only,0.7084990171048413,0.044151528792570914
1535,Driver history,0.4986943296923998,0.015914600908522876
1535,Automation only,0.5005172247613369,0.014934173297903645
1535,Additive,0.7164201770332033,0.04483490353959829
1535,Interaction,0.7106135865922789,0.045170587354141846
1535,HGB,0.6853460642726015,0.06454540648823312
1535,MLP,0.7078957750077892,0.042183526158512265
1536,Context only,0.7063106826538088,0.06461428427909297
1536,Driver history,0.4668985190816063,0.02056161732624589
1536,Automation only,0.3846342574633436,0.01669007233591067
1536,Additive,0.7364803763115725,0.0563807133556127
1536,Interaction,0.7264819367562427,0.06536888667480595
1536,HGB,0.697169704311402,0.08620878128467432
1536,MLP,0.7397068620084364,0.052110772905864786
1537,Context only,0.6806275527379362,0.043446267945594155
1537,Driver history,0.5129791947601618,0.02275565035860502
1537,Automation only,0.4385929707399559,0.012497768970584803
1537,Additive,0.7078852968132491,0.056616392073511004
1537,Interaction,0.700626229546476,0.0573576079351145
1537,HGB,0.6653259623785535,0.07805825521586487
1537,MLP,0.692254124757496,0.05399784290237413
1538,Context only,0.6830210008212753,0.0714587300218716
1538,Driver history,0.5337490238295881,0.02581622396625292
1538,Automation only,0.4819962346136949,0.020391865229445343
1538,Additive,0.7254740926421175,0.06343522990349353
1538,Interaction,0.7139264457564399,0.06934023207000446
1538,HGB,0.6827217679541295,0.08133081116680205
1538,MLP,0.7147162062251782,0.05484922585180323
1539,Context only,0.6945414867908035,0.08954471160489696
1539,Driver history,0.535736305943637,0.026139005165996747
1539,Automation only,0.4722570184579294,0.023363866702998164
1539,Additive,0.7231611487139206,0.06377108433826685
1539,Interaction,0.7129542822332795,0.08519572405446448
1539,HGB,0.6894516465174028,0.0883506681421337
1539,MLP,0.691663209038188,0.05236376834615392
1540,Context only,0.6944477615818199,0.08329388034218545
1540,Driver history,0.5662704089305888,0.032559048752004036
1540,Automation only,0.4420684164163824,0.02183939373482376
1540,Additive,0.7555543869238944,0.08378128681931667
1540,Interaction,0.7442142739724521,0.10554889357710963
1540,HGB,0.7073055689767767,0.10007279096659191
1540,MLP,0.7680317089464278,0.07592771284000685
1541,Context only,0.6994373190658598,0.06805350147917284
1541,Driver history,0.4665387174083473,0.024528663129524002
1541,Automation only,0.39364554597886914,0.018361534617239807
1541,Additive,0.7217494443419257,0.07121580622257866
1541,Interaction,0.7102269588489798,0.08202452720701651
1541,HGB,0.6823345984275846,0.10386123594041059
1541,MLP,0.708161238985276,0.062177169690848966
1542,Context only,0.6952685414845209,0.06786018095938978
1542,Driver history,0.5043271209811727,0.020717567887368084
1542,Automation only,0.4591664867048395,0.018648275827656928
1542,Additive,0.7299926128290768,0.06188761816163259
1542,Interaction,0.715081290329795,0.0642590953525067
1542,HGB,0.6970552304594653,0.09131727745173082
1542,MLP,0.728040638525529,0.05097874087762758
1543,Context only,0.6889395599114899,0.08190576874728232
1543,Driver history,0.5224329809530286,0.02859947764704511
1543,Automation only,0.4767609132699315,0.02298664222136834
1543,Additive,0.7239566150133232,0.06841410523986093
1543,Interaction,0.7108284862072589,0.07184638268385514
1543,HGB,0.6834104920491021,0.09227979398006371
1543,MLP,0.7091241001038089,0.05720634665876794
1544,Context only,0.7003450488872526,0.04729603474028769
1544,Driver history,0.583950390007091,0.028092392092552237
1544,Automation only,0.5306246335160639,0.01611762925731678
1544,Additive,0.7306950325233186,0.04657658552719176
1544,Interaction,0.725113823092238,0.04809336357522936
1544,HGB,0.6949739285032455,0.05495643713161649
1544,MLP,0.7320488923662248,0.05105903930289603
1545,Context only,0.6973600590246238,0.07690806563701394
1545,Driver history,0.5085573946860201,0.02840210228158654
1545,Automation only,0.4360871788992848,0.01998528427020941
1545,Additive,0.747673700826286,0.07235490397036215
1545,Interaction,0.7387794424994929,0.08726236173265672
1545,HGB,0.7034202241642343,0.10124438734205256
1545,MLP,0.7524059589002842,0.07209860023948866
1546,Context only,0.6947969295506798,0.04931563524660232
1546,Driver history,0.5691720359910306,0.03621413443300383
1546,Automation only,0.4963584094973177,0.016505277734631875
1546,Additive,0.7336813637137748,0.057694299088027576
1546,Interaction,0.727568139564588,0.068933087995585
1546,HGB,0.6841737390366438,0.060876493640284766
1546,MLP,0.7324293590871676,0.06152456023218393
1547,Context only,0.7317574777687954,0.05534430424473587
1547,Driver history,0.5505658852061439,0.018275792884291125
1547,Automation only,0.5178104284559417,0.01609072948968142
1547,Additive,0.748037186742118,0.05734800867476409
1547,Interaction,0.7487675828617624,0.0658275044882066
1547,HGB,0.7295468876313662,0.08568265298092836
1547,MLP,0.740947857720291,0.05404391111440876
1548,Context only,0.6945209369646669,0.08988372436481179
1548,Driver history,0.5200647438187631,0.03312314567272645
1548,Automation only,0.4567868790135671,0.02550710140203829
1548,Additive,0.7248715200483689,0.08231569430458174
1548,Interaction,0.714683128589881,0.09991605669222328
1548,HGB,0.6862717683055304,0.10217003303615844
1548,MLP,0.7161314480446314,0.07321511289820944
1549,Context only,0.7471400824819893,0.041690822832734425
1549,Driver history,0.5688631560483941,0.018602701116756444
1549,Automation only,0.5202483015897461,0.012723231257537698
1549,Additive,0.7354699291544742,0.045946160220918464
1549,Interaction,0.7348742021322108,0.04583857392285578
1549,HGB,0.7247393560586615,0.06445090155211369
1549,MLP,0.7297992924003627,0.05154101069252278
1550,Context only,0.6939935608874903,0.04967372494836656
1550,Driver history,0.5482078081002953,0.02750116728645064
1550,Automation only,0.4805147127685478,0.015923328223349995
1550,Additive,0.732952897080339,0.06280351815111083
1550,Interaction,0.72810795398969,0.07078855173014713
1550,HGB,0.6870489343414479,0.07857011549210012
1550,MLP,0.7290149240064017,0.06064998765915641
1551,Context only,0.7417385791992147,0.04230578731935546
1551,Driver history,0.5510002999195669,0.02764865541510465
1551,Automation only,0.4898974820389077,0.013381458982806706
1551,Additive,0.7305962264665384,0.05543722657816366
1551,Interaction,0.7304987526072553,0.060763215366947836
1551,HGB,0.7054622851144465,0.05943313260310732
1551,MLP,0.7204548552888089,0.06629977299005838
1552,Context only,0.708304314216527,0.06741947820522011
1552,Driver history,0.5339338438228179,0.026893196714932083
1552,Automation only,0.4912405487206274,0.02040445691757558
1552,Additive,0.7202472243523489,0.062106738053365834
1552,Interaction,0.7110478556107536,0.06796097815578807
1552,HGB,0.6896633905936076,0.0830910848362072
1552,MLP,0.7048124500655091,0.05918830306932352
1553,Context only,0.7205861722970404,0.05301599753389469
1553,Driver history,0.5653437190900099,0.027525892717001104
1553,Automation only,0.48377661429404756,0.01659305775368086
1553,Additive,0.7453672661619619,0.05634871527974989
1553,Interaction,0.7447359890562784,0.06367285332073487
1553,HGB,0.7077288052575517,0.07155014253864621
1553,MLP,0.747513132782977,0.05567702365782364
1554,Context only,0.6937944996725496,0.06199676503866976
1554,Driver history,0.42939210368703573,0.018389884605442157
1554,Automation only,0.41854898182510225,0.017584464181369143
1554,Additive,0.6844152840982239,0.049091298544734124
1554,Interaction,0.671397030836314,0.04851885073342907
1554,HGB,0.6559171270563606,0.06936643622523872
1554,MLP,0.6464026982474406,0.040542122088587054
1555,Context only,0.6768343814011092,0.07500237144936744
1555,Driver history,0.4940614907838362,0.029328499162835635
1555,Automation only,0.4706325532192428,0.02178283776467557
1555,Additive,0.7206842279536662,0.06366993642303555
1555,Interaction,0.7193643362627629,0.07879581131946645
1555,HGB,0.6697854029267537,0.07646004748843384
1555,MLP,0.7155852719123093,0.06009858182437293
1556,Context only,0.7100950227437332,0.0722898431841426
1556,Driver history,0.49927480602301827,0.021897894470125533
1556,Automation only,0.4763148793488763,0.02105269262101913
1556,Additive,0.7309376807750705,0.0728160330885887
1556,Interaction,0.7231063302486225,0.0761057674414135
1556,HGB,0.701777314580028,0.11441122352274632
1556,MLP,0.725597982608372,0.06134300973053313
1557,Context only,0.7578023633466542,0.06826251222608115
1557,Driver history,0.5957648259194729,0.022078930617646257
1557,Automation only,0.5636918993000463,0.020364224219070685
1557,Additive,0.775208734746307,0.07190359373352391
1557,Interaction,0.7796642085901536,0.08402512435421133
1557,HGB,0.764993329999534,0.11937181434706559
1557,MLP,0.776854017540396,0.06771861641019059
1558,Context only,0.6722202280882319,0.06574649313575967
1558,Driver history,0.4507544541424471,0.02337777138378686
1558,Automation only,0.41084633895312844,0.01949665797104844
1558,Additive,0.6840757616269204,0.054411780141230506
1558,Interaction,0.6688737456795459,0.05905327117485007
1558,HGB,0.636368395092477,0.07020178883500794
1558,MLP,0.6542977453669959,0.048643898622958634
1559,Context only,0.701079894901607,0.07311150426892489
1559,Driver history,0.4266937436399043,0.019970431354726658
1559,Automation only,0.3535442688134656,0.017997113810532837
1559,Additive,0.7118732400285799,0.056033951687880335
1559,Interaction,0.6981131450681318,0.0623887711643725
1559,HGB,0.6682521851983458,0.07514617120454258
1559,MLP,0.6916238414914496,0.047350999795863435
1560,Context only,0.7290062785634992,0.05048394094209544
1560,Driver history,0.5229521683029856,0.018979439380738126
1560,Automation only,0.47757157093839653,0.01526426746361474
1560,Additive,0.7049217071781786,0.04073209869463596
1560,Interaction,0.6950384661130574,0.03933369885918294
1560,HGB,0.6915419153583322,0.05538439095678864
1560,MLP,0.6867717208742412,0.042719484360715564
1561,Context only,0.7274191268342955,0.04830425016932143
1561,Driver history,0.5079568980455461,0.01818048548263828
1561,Automation only,0.4938213083805303,0.01545058569166748
1561,Additive,0.7221111840725237,0.048368218747142
1561,Interaction,0.7199227977053636,0.04865941994431842
1561,HGB,0.7030545751365747,0.062247498421604444
1561,MLP,0.7082731401679937,0.04689374163098768
1562,Context only,0.7120485643786452,0.11231172988189556
1562,Driver history,0.5653659175648725,0.03330492679052142
1562,Automation only,0.5211865365257813,0.02970065691826474
1562,Additive,0.7655240932173677,0.09549995986656513
1562,Interaction,0.7542922788227001,0.10542604962041494
1562,HGB,0.7310256370381261,0.12570307881224563
1562,MLP,0.7680361007121557,0.08232566285964533
1563,Context only,0.6958047490002868,0.06422246646389997
1563,Driver history,0.47995562916681433,0.022698105245212173
1563,Automation only,0.43496208984368706,0.018620236272025026
1563,Additive,0.7035704503784571,0.05475063105187783
1563,Interaction,0.6980771027811522,0.06791695404382614
1563,HGB,0.6731762685321535,0.08151894509253374
1563,MLP,0.6895196865363361,0.05422557767664512
1564,Context only,0.703175586218666,0.09495286111751478
1564,Driver history,0.540210237735444,0.03449209709598933
1564,Automation only,0.4499797689531879,0.02578829854563147
1564,Additive,0.7457485900199008,0.09204392980609272
1564,Interaction,0.7362166015694889,0.11201367429104488
1564,HGB,0.6978100924022097,0.1032244312402341
1564,MLP,0.7372402650129506,0.07501208182333839
1565,Context only,0.7181543946249829,0.05353765067639926
1565,Driver history,0.5153274829745418,0.01933349421637593
1565,Automation only,0.4691115822337542,0.015536402926130795
1565,Additive,0.7101523413740608,0.043379461381463515
1565,Interaction,0.7071737212008705,0.04936520383588866
1565,HGB,0.6854648117091555,0.055036217948653966
1565,MLP,0.6937319593428191,0.043905951894439695
1566,Context only,0.7320349317952385,0.059223287641371664
1566,Driver history,0.5353465025085351,0.022139458001168164
1566,Automation only,0.4850208241387532,0.016968848835162004
1566,Additive,0.7363126309435034,0.05208329352166639
1566,Interaction,0.7326383498962599,0.06062356428645887
1566,HGB,0.7145134862296894,0.07120351367853527
1566,MLP,0.7247840224829678,0.05268663398185071
1567,Context only,0.6985026869317861,0.06063946505044156
1567,Driver history,0.5348471320031997,0.02212290055379474
1567,Automation only,0.4818700794443726,0.017185843398937157
1567,Additive,0.739145964697209,0.05295981034430613
1567,Interaction,0.7340542372606315,0.0596955443030266
1567,HGB,0.7008956808092475,0.07181409156734112
1567,MLP,0.740858328197718,0.05166300239510795
1568,Context only,0.7090414701725416,0.05661622632284275
1568,Driver history,0.4970060592491009,0.018843668931636387
1568,Automation only,0.42434562208757226,0.01510147383032311
1568,Additive,0.7150130840598368,0.046398971576000085
1568,Interaction,0.7017527042722604,0.05058382806699755
1568,HGB,0.6819249310812892,0.06291612321662338
1568,MLP,0.6891237878003387,0.04308232086846066
1569,Context only,0.7461963176438845,0.057182996729964984
1569,Driver history,0.5468910577057018,0.018841667020954675
1569,Automation only,0.5201861342274425,0.016709161814416135
1569,Additive,0.7354639864169161,0.04913727733558996
1569,Interaction,0.7323151540419514,0.05810805372031237
1569,HGB,0.7273632315738512,0.07092544714247156
1569,MLP,0.7282087649076392,0.04996411485498006
1570,Context only,0.7002105151560533,0.0576079428966499
1570,Driver history,0.5010147653454762,0.020700526227097768
1570,Automation only,0.48872804214603127,0.017743934768547697
1570,Additive,0.706629021806983,0.051125027919797936
1570,Interaction,0.7015335096831782,0.05237102616710882
1570,HGB,0.6760127636165756,0.06836758606249763
1570,MLP,0.6953715208839635,0.04931575809854588
1571,Context only,0.7045356671374073,0.06826688191898996
1571,Driver history,0.5340496163538544,0.03365699620714139
1571,Automation only,0.4701378586798177,0.020956746675923267
1571,Additive,0.7348672496721894,0.0648720628755232
1571,Interaction,0.7350350530956762,0.07574944589526911
1571,HGB,0.6897557866193847,0.07146015758535468
1571,MLP,0.7274014823130737,0.06305298085267193
1572,Context only,0.6981930161341925,0.05055389693606058
1572,Driver history,0.5513140454316925,0.027097784186964513
1572,Automation only,0.4692086018556607,0.016244141997775557
1572,Additive,0.7017126011243658,0.04588355338221766
1572,Interaction,0.6894560994560994,0.04842301653831947
1572,HGB,0.6607792860734037,0.05520855762172844
1572,MLP,0.6843790849673203,0.053544076887792634
1573,Context only,0.6796144676579459,0.0373564829192761
1573,Driver history,0.5824989580812562,0.02795756735631002
1573,Automation only,0.5018110340315309,0.01357741423240763
1573,Additive,0.7080148759108387,0.045012372047579546
1573,Interaction,0.7091290567610444,0.04923581297227477
1573,HGB,0.6606986009159922,0.05358313357552231
1573,MLP,0.7081280305270988,0.05836620857383528
1574,Context only,0.7079284171961637,0.07498037486214679
1574,Driver history,0.5124340240493199,0.025913497998761963
1574,Automation only,0.45462233094741933,0.02095613200766204
1574,Additive,0.7412320873294179,0.06924894858008102
1574,Interaction,0.7318355510462707,0.08030547858138752
1574,HGB,0.7099978141331393,0.09315902837220849
1574,MLP,0.7386906807016662,0.06403740123426005
1575,Context only,0.7298759748835123,0.03880930174143726
1575,Driver history,0.4965140906485934,0.012605310980245305
1575,Automation only,0.48363379263947376,0.01045449966000561
1575,Additive,0.7048488774823711,0.03526273602030094
1575,Interaction,0.7045118730222012,0.03555953748301377
1575,HGB,0.6935299504148705,0.041008553740792424
1575,MLP,0.6908348491266538,0.03692401200372224
1576,Context only,0.6947955049729394,0.0654648076869913
1576,Driver history,0.5459752605643323,0.03231163054438191
1576,Automation only,0.4878759978394961,0.01813677741122905
1576,Additive,0.7494401719176779,0.06766642374771836
1576,Interaction,0.7476343058804533,0.08118039951746597
1576,HGB,0.7055214586348717,0.0785456811272889
1576,MLP,0.7598883739645182,0.06728658302825381
1577,Context only,0.7333538216923875,0.038550161908150436
1577,Driver history,0.5799361916434485,0.02111700260824339
1577,Automation only,0.5400792789079091,0.01312879777302597
1577,Additive,0.7172735269544606,0.0428440143187127
1577,Interaction,0.7174250426636339,0.04260236888315262
1577,HGB,0.7007825448995642,0.040964869271862825
1577,MLP,0.6987947446745603,0.044704488455538816
1578,Context only,0.7166329215986381,0.08784621141806415
1578,Driver history,0.550990303981213,0.025326963754957625
1578,Automation only,0.4774867839828538,0.021852415748078006
1578,Additive,0.7623954639962877,0.08077593485440795
1578,Interaction,0.7553525830840108,0.09712119906395132
1578,HGB,0.7306371248304735,0.11998047729757323
1578,MLP,0.762872958311221,0.07157702068496849
1579,Context only,0.6744138766329266,0.0723687274629904
1579,Driver history,0.42887067471513607,0.0267480010429974
1579,Automation only,0.3794391467059602,0.020935441828229186
1579,Additive,0.7015827633264403,0.0639408959242702
1579,Interaction,0.687828364436035,0.06711413240188449
1579,HGB,0.650147490155695,0.07869269698153146
1579,MLP,0.6786002528402668,0.05306663032293783
1580,Context only,0.6933970317281799,0.06963784196176268
1580,Driver history,0.5334832293145173,0.030469193443101124
1580,Automation only,0.47292403978249997,0.020766525006852825
1580,Additive,0.7391950473373639,0.06986909426373361
1580,Interaction,0.7281034548567806,0.07020435908386151
1580,HGB,0.6917783859226784,0.08794079346264913
1580,MLP,0.7389719490945437,0.06427810650905104
1581,Context only,0.7018922198232114,0.04389380129983389
1581,Driver history,0.5294997600989131,0.01900476854579114
1581,Automation only,0.4876301002048386,0.014205563670435647
1581,Additive,0.6969184244034767,0.042711649727162876
1581,Interaction,0.6842973204893982,0.041499558230985285
1581,HGB,0.6710384026278395,0.04679245976486204
1581,MLP,0.681093256934064,0.039359277061205546
1582,Context only,0.7132375347194133,0.06121689335713649
1582,Driver history,0.46324124261791116,0.017215120178051362
1582,Automation only,0.44895588949114146,0.016877337302311415
1582,Additive,0.6924097632338269,0.045091929349145576
1582,Interaction,0.6869369050508318,0.05106740953719595
1582,HGB,0.6778097443572526,0.07153742141997531
1582,MLP,0.6647036714936763,0.043727087463232756
1583,Context only,0.682665796674267,0.06795540739462076
1583,Driver history,0.5474020892372268,0.03578255029125464
1583,Automation only,0.5228564812457583,0.020571889296037555
1583,Additive,0.7412180056342585,0.07104016266217077
1583,Interaction,0.7484086950881235,0.09478120445580844
1583,HGB,0.6928443241365697,0.08001808300117612
1583,MLP,0.7584203500103577,0.07327384783071639
1584,Context only,0.6967316938240872,0.055876379608754426
1584,Driver history,0.5221553551395348,0.031378936719676856
1584,Automation only,0.4443766820961071,0.01713235252833272
1584,Additive,0.7169557448579337,0.05210585427372346
1584,Interaction,0.7078616981275365,0.05904680509064905
1584,HGB,0.6674988006527413,0.058757007904952724
1584,MLP,0.6962158355823025,0.05613812910845388
1585,Context only,0.7171510417175079,0.05154225930122972
1585,Driver history,0.5219483843047679,0.02043304007918428
1585,Automation only,0.4727393119425762,0.015281430189962726
1585,Additive,0.7142819665570123,0.04038533097016167
1585,Interaction,0.7055990892496314,0.0461962914626752
1585,HGB,0.6838408513352141,0.047223331626911946
1585,MLP,0.7007951983053992,0.04342004814400446
1586,Context only,0.6974056968677363,0.05167585936963425
1586,Driver history,0.4444971537001898,0.017807528800731623
1586,Automation only,0.4207195243184797,0.013801638705859126
1586,Additive,0.7310135530464567,0.046976643966358554
1586,Interaction,0.7279734096377614,0.0535816697896543
1586,HGB,0.686775198334012,0.06806409211628742
1586,MLP,0.7268757035722352,0.043468513162485484
1587,Context only,0.6991885010545824,0.10087135441676218
1587,Driver history,0.5495881522226198,0.035666078982400845
1587,Automation only,0.47874506271871803,0.02881837076183348
1587,Additive,0.7320979016917546,0.08505419239726605
1587,Interaction,0.7202459694226983,0.10586125660227574
1587,HGB,0.6982442690455863,0.10356287975816715
1587,MLP,0.7262573788369617,0.07754303590542698
1588,Context only,0.7254041775295804,0.046244942364833674
1588,Driver history,0.5290196821674846,0.014210767144050765
1588,Automation only,0.5209234597067619,0.013444422696415933
1588,Additive,0.6992262997481052,0.03707589823308668
1588,Interaction,0.7017380845863792,0.040536468490749454
1588,HGB,0.6925063524630808,0.0453225160616875
1588,MLP,0.6817936645062048,0.04092956150791368
1589,Context only,0.7357851219482408,0.04261416634692079
1589,Driver history,0.561759730822311,0.035487635363054285
1589,Automation only,0.4985154923728917,0.015347442502776396
1589,Additive,0.7302177603536926,0.057092613693426025
1589,Interaction,0.7290330854065145,0.06234559933277633
1589,HGB,0.698086200368837,0.07768496552419575
1589,MLP,0.7201223757007291,0.06676770971585802
1590,Context only,0.7165548216335231,0.04886199910082688
1590,Driver history,0.5515237140298626,0.01934003875778342
1590,Automation only,0.5093624607889242,0.014697060129624625
1590,Additive,0.735270283905306,0.05137485316602567
1590,Interaction,0.7300973948170211,0.05797584135786346
1590,HGB,0.7147821026325699,0.07308271987895881
1590,MLP,0.7322284413405908,0.0515605961892913
1591,Context only,0.7004307647667554,0.07741769167958418
1591,Driver history,0.4630495779760036,0.02556853228543431
1591,Automation only,0.4300359335518472,0.021259574607319563
1591,Additive,0.7286196673540561,0.07311025613059749
1591,Interaction,0.719776621854017,0.08367871675423326
1591,HGB,0.6902372294078071,0.09699313571789361
1591,MLP,0.7142259876335255,0.06169153202705556
1592,Context only,0.716640679741438,0.05488468200888982
1592,Driver history,0.5630139093821569,0.029282330065632217
1592,Automation only,0.48361209492083157,0.017623031650325034
1592,Additive,0.7211965623921364,0.046867284993508
1592,Interaction,0.7146356609168603,0.05755055723348257
1592,HGB,0.6807019977249483,0.050665338064357426
1592,MLP,0.7079703334537022,0.05568166988903942
1593,Context only,0.6967175794979937,0.07144300992571803
1593,Driver history,0.554054461449744,0.028723092572117914
1593,Automation only,0.5094279823970799,0.02088383957711313
1593,Additive,0.7261552399453021,0.06584543231872618
1593,Interaction,0.7247313606704755,0.08735830546508352
1593,HGB,0.6890690596908435,0.08073571765433614
1593,MLP,0.7191730523503671,0.059146617701423335
1594,Context only,0.7407376924635332,0.060421283280018535
1594,Driver history,0.5361502228525121,0.018497610981844468
1594,Automation only,0.5368876714538687,0.01835349441001485
1594,Additive,0.7262550929677651,0.048325305797908696
1594,Interaction,0.7270227898583348,0.05353883649110045
1594,HGB,0.7230616708685995,0.07535777854859883
1594,MLP,0.7197838349390719,0.05801188165184604
1595,Context only,0.7037875839603334,0.0721362442543882
1595,Driver history,0.5586650307013751,0.03209842310783645
1595,Automation only,0.543026788030788,0.023510548609275036
1595,Additive,0.7332309954164145,0.08028038896526049
1595,Interaction,0.7332576609299778,0.08897296977608811
1595,HGB,0.7020982876416155,0.09629769240822332
1595,MLP,0.7361187984663726,0.06981911508909386
1596,Context only,0.7105250740017809,0.09408203322394362
1596,Driver history,0.5541087365403362,0.025326064421785192
1596,Automation only,0.566587724031648,0.027186165823940987
1596,Additive,0.7449156390800462,0.07917519874021221
1596,Interaction,0.7485427256193833,0.10110899296724146
1596,HGB,0.7184282199379561,0.09656757014287146
1596,MLP,0.7442353001263526,0.0651814594093329
1597,Context only,0.6943292790334986,0.07408547033610367
1597,Driver history,0.49263967714540635,0.022536414220152023
1597,Automation only,0.4535287875337799,0.020612163160129534
1597,Additive,0.7201500563534788,0.0604040329387788
1597,Interaction,0.704271980362925,0.0622640145034406
1597,HGB,0.6764519792458802,0.07326186903263349
1597,MLP,0.6970879500938747,0.04745576020654071
1598,Context only,0.6991611600175164,0.06246280106976135
1598,Driver history,0.5403505330735805,0.020393053881968302
1598,Automation only,0.5322467058354574,0.019163036848403394
1598,Additive,0.7253046435509044,0.06222973764478195
1598,Interaction,0.7144652702141278,0.06511854006302457
1598,HGB,0.6944913273784795,0.07869862479893219
1598,MLP,0.7110096958196253,0.05039388757549776
1599,Context only,0.6843315096744402,0.05973503887590709
1599,Driver history,0.5726357565064374,0.03362161090967211
1599,Automation only,0.5100154597601632,0.019627140438469918
1599,Additive,0.708837959561261,0.05003335866945543
1599,Interaction,0.7035963052577225,0.05324558587102377
1599,HGB,0.6667324993486933,0.055426792807624636
1599,MLP,0.6945753558006861,0.055831369485120144
1600,Context only,0.6901066762896646,0.09635713776421342
1600,Driver history,0.4880394202422885,0.029255887691634192
1600,Automation only,0.4475707093583933,0.026662469312864777
1600,Additive,0.7135456742140776,0.07603720003893033
1600,Interaction,0.7011361096017034,0.08919836392354918
1600,HGB,0.6749998534781361,0.09892200962952707
1600,MLP,0.6814802015471035,0.062281524492354495
1601,Context only,0.6969950404549435,0.09062760904702692
1601,Driver history,0.49666713723879685,0.02791897591167586
1601,Automation only,0.44976084003304456,0.025547184010486182
1601,Additive,0.722466182975556,0.0772183781341667
1601,Interaction,0.7110652659778252,0.0860318001720421
1601,HGB,0.680191812805456,0.09180585740637892
1601,MLP,0.7046153381797509,0.05966342729476411
1602,Context only,0.6899155498143597,0.06839339504689507
1602,Driver history,0.49280711259180454,0.023515881344353194
1602,Automation only,0.4297296692748757,0.018675374937278263
1602,Additive,0.7048855318901177,0.05339919286691486
1602,Interaction,0.6880405602994983,0.058132398524227455
1602,HGB,0.6668153500457399,0.06953980842501448
1602,MLP,0.6758422732504457,0.047682869485626646
1603,Context only,0.7178170297386436,0.06386227726474444
1603,Driver history,0.5070411019650232,0.02022070247466582
1603,Automation only,0.47540585765361276,0.018542860782245964
1603,Additive,0.7224144979352014,0.05340852013517415
1603,Interaction,0.7153238546603474,0.05778639147315422
1603,HGB,0.6980765499847565,0.07836694433218544
1603,MLP,0.7062002854688063,0.04888738957058203
1604,Context only,0.7110240119057841,0.0735723892909782
1604,Driver history,0.49437609112503933,0.023301752462879233
1604,Automation only,0.45999170029478265,0.02032871419401768
1604,Additive,0.7238769640250708,0.05933257266836222
1604,Interaction,0.7157715863884835,0.06417619776261935
1604,HGB,0.6947999484845884,0.0857795519576425
1604,MLP,0.7130418419621648,0.055840595288963416
1605,Context only,0.7162470992450766,0.05125845691782148
1605,Driver history,0.532632038874478,0.023733828214650025
1605,Automation only,0.4714711843804162,0.016191574185825886
1605,Additive,0.7053023837080808,0.048367611651213414
1605,Interaction,0.6970741270108993,0.05624773560526579
1605,HGB,0.6724371575800578,0.05163015254955916
1605,MLP,0.6835827085926323,0.04918023020742315
1606,Context only,0.7088077359525244,0.05215391017171545
1606,Driver history,0.550491641283751,0.021317787821135623
1606,Automation only,0.504178543699336,0.017349232347566045
1606,Additive,0.7143456456309712,0.05102177589987109
1606,Interaction,0.7041631601141642,0.05784624774674359
1606,HGB,0.6798216228053506,0.05932469704901355
1606,MLP,0.7009235580603652,0.049079407651150896
1607,Context only,0.6965717168249428,0.06281196384304281
1607,Driver history,0.5081584516192065,0.02402549042678953
1607,Automation only,0.4636580068810592,0.017422273422329
1607,Additive,0.7069070446386833,0.04968545412132057
1607,Interaction,0.6990588241679733,0.06672619770411081
1607,HGB,0.6656259477400449,0.060174936898005495
1607,MLP,0.6846843851791945,0.048543191066295184
1608,Context only,0.7213645987363893,0.05587401586158407
1608,Driver history,0.5699517184209347,0.01929846237106081
1608,Automation only,0.533271160998342,0.016901983893569734
1608,Additive,0.7229197472778599,0.055165495171782625
1608,Interaction,0.71963637585697,0.06907143501188331
1608,HGB,0.7042142761123807,0.07005256744153819
1608,MLP,0.703686091320518,0.04566257712013748
1609,Context only,0.6990359406045358,0.07430580723787503
1609,Driver history,0.4761126362321737,0.02436938385251695
1609,Automation only,0.4310916503050895,0.0204731780107262
1609,Additive,0.7147890532231327,0.06157124239673951
1609,Interaction,0.7062318504061982,0.07255775973680856
1609,HGB,0.6721705738504768,0.07668248907042002
1609,MLP,0.6905535405669139,0.05281594950859076
1610,Context only,0.7240965984697273,0.04229684418988215
1610,Driver history,0.5515916084497671,0.021385179775151943
1610,Automation only,0.5268203176979374,0.014702789794962924
1610,Additive,0.7099769211576846,0.059676334812963666
1610,Interaction,0.7147673403193613,0.06214062697547121
1610,HGB,0.6856726650864937,0.062362679542089294
1610,MLP,0.6890115602129074,0.05336167548171178
1611,Context only,0.7029651799986762,0.08465632589701023
1611,Driver history,0.5347269077926425,0.028322919471049358
1611,Automation only,0.5013162162065676,0.025242210536152557
1611,Additive,0.7236449879568826,0.06923871595740251
1611,Interaction,0.7105956914995719,0.0682357496655276
1611,HGB,0.6911729208218923,0.0917541564499851
1611,MLP,0.7099157517275166,0.0589201252322532
1612,Context only,0.7003177769198873,0.05737562656267303
1612,Driver history,0.493662870501437,0.01831674585172075
1612,Automation only,0.4670557557299932,0.016508553420010584
1612,Additive,0.7237229943236249,0.04991145072429979
1612,Interaction,0.7188137162384363,0.05582594016495491
1612,HGB,0.6898652754543245,0.06529836118657713
1612,MLP,0.7108467736170091,0.04585178368268443
1613,Context only,0.7147455577723678,0.050747251623017194
1613,Driver history,0.5213812590933318,0.01792030685441874
1613,Automation only,0.5198558751926705,0.016343280972257884
1613,Additive,0.7219079070571458,0.05120733987197533
1613,Interaction,0.7241587317593167,0.062408076443054655
1613,HGB,0.6974371659776143,0.05601400913637429
1613,MLP,0.7090520966882266,0.047301249453850856
1614,Context only,0.6981979198580154,0.07392845331187847
1614,Driver history,0.561622645330583,0.027532800169278157
1614,Automation only,0.5264208895455541,0.022591931509791798
1614,Additive,0.7422355395709986,0.07358877544390084
1614,Interaction,0.7344365438287902,0.08516054429372773
1614,HGB,0.7018489575835181,0.09137002989166654
1614,MLP,0.748800322480564,0.06816617246553008
1615,Context only,0.7370982920460882,0.039356976232361195
1615,Driver history,0.5652920221339328,0.025394975282409582
1615,Automation only,0.5295854849583022,0.01406777442412565
1615,Additive,0.7302312291040001,0.05226951396063639
1615,Interaction,0.7336628784378947,0.05226869221912873
1615,HGB,0.7153270983262667,0.07135557257683449
1615,MLP,0.7213694429900658,0.04994291763632132
1616,Context only,0.7042786617771611,0.06271957633095826
1616,Driver history,0.48574914924992885,0.021451064947998456
1616,Automation only,0.42074067161709194,0.017033343665364145
1616,Additive,0.7142269241611082,0.051026863708266146
1616,Interaction,0.7051977850630277,0.061665232838687745
1616,HGB,0.6838068978967528,0.07490857490340684
1616,MLP,0.7005293555998067,0.050051792617411064
1617,Context only,0.7042298501938292,0.05782803668986328
1617,Driver history,0.48995281605138646,0.023844245137114927
1617,Automation only,0.44059834029109596,0.01640808743922557
1617,Additive,0.711987114081649,0.052397194103742446
1617,Interaction,0.7040115364017366,0.06064816219719668
1617,HGB,0.6677549055092705,0.05963432314110311
1617,MLP,0.6906929210974977,0.05194518266523797
1618,Context only,0.7606242461492292,0.038137192754302524
1618,Driver history,0.5368517604760008,0.012467135322292319
1618,Automation only,0.517633976234584,0.010553971383808324
1618,Additive,0.7357017232523648,0.030990938562892235
1618,Interaction,0.7353042383005246,0.03371926668482289
1618,HGB,0.7184006677170081,0.040970266979680245
1618,MLP,0.7257927335999586,0.04035919717934995
1619,Context only,0.6908480079360189,0.09405537879174831
1619,Driver history,0.5157997411549419,0.024725100719183
1619,Automation only,0.5430294353290319,0.026824118654259637
1619,Additive,0.7220165262613956,0.06959154932086287
1619,Interaction,0.7177945903279179,0.08295721166690577
1619,HGB,0.6894345231040548,0.082908906834345
1619,MLP,0.704423003076748,0.05127927053771243
1620,Context only,0.7265903361516728,0.03477092873528997
1620,Driver history,0.49207334707961714,0.011680416794751881
1620,Automation only,0.49957847851821147,0.01064370000911998
1620,Additive,0.7022167346370056,0.03826028429414398
1620,Interaction,0.7097204024593438,0.03991670877124462
1620,HGB,0.6911330614519776,0.04680423874428221
1620,MLP,0.687156708807106,0.04022825218271864
1621,Context only,0.7623232132106303,0.03629309700618706
1621,Driver history,0.5189823686247528,0.016113826859105458
1621,Automation only,0.522129526103036,0.012502660771726995
1621,Additive,0.7294191106906338,0.041285504306752
1621,Interaction,0.7260848026146041,0.04089792935889568
1621,HGB,0.7277464522232734,0.06836218002290761
1621,MLP,0.7171325363378344,0.04250775200562215
1622,Context only,0.7274412981763941,0.039582537914649996
1622,Driver history,0.5265712962517443,0.017047289299943813
1622,Automation only,0.49509214261656165,0.011473776818104322
1622,Additive,0.710631285185007,0.04506894816323479
1622,Interaction,0.7069876822402925,0.044877669012631335
1622,HGB,0.6859900519655489,0.05284291586945526
1622,MLP,0.6924018428523313,0.04555694873664293
1623,Context only,0.6860937700403883,0.07708246448446301
1623,Driver history,0.5121375716218939,0.02681043487526452
1623,Automation only,0.42900604908897216,0.020489577318854646
1623,Additive,0.7341629563319121,0.06793522992427853
1623,Interaction,0.7154974204339326,0.07694721404889336
1623,HGB,0.6859814784277081,0.08389116975980146
1623,MLP,0.732992924843145,0.06104221331275559
1624,Context only,0.7018819849957117,0.041516396745835134
1624,Driver history,0.5275008790291575,0.019901383980113582
1624,Automation only,0.48796366734250596,0.013139745420584431
1624,Additive,0.6989536677696977,0.034963982586015234
1624,Interaction,0.6896758025454055,0.034839873014376424
1624,HGB,0.6643581197648474,0.03653933977496595
1624,MLP,0.6783055193172819,0.03969189901264179
1625,Context only,0.72382892362724,0.06390570070065651
1625,Driver history,0.5033228818085009,0.01901064295273836
1625,Automation only,0.45662794941556784,0.017110770146388225
1625,Additive,0.7400347120182266,0.06506756838653387
1625,Interaction,0.734603158051071,0.07118153691889442
1625,HGB,0.7164273401777786,0.10901909521525543
1625,MLP,0.7384547384985828,0.05738439619687063
1626,Context only,0.6930706008265459,0.09482729591562766
1626,Driver history,0.48694013217949167,0.031056939615575336
1626,Automation only,0.44235542949637063,0.026666284858919174
1626,Additive,0.7013935729820492,0.07202278982855331
1626,Interaction,0.6896037920388753,0.09846543449279724
1626,HGB,0.6572138586243922,0.08700724317300623
1626,MLP,0.667232345661939,0.06016601213015094
1627,Context only,0.6994292717330992,0.06934395569001103
1627,Driver history,0.4836428337329619,0.024079181394958526
1627,Automation only,0.43272755663451384,0.019913691693260786
1627,Additive,0.7187267457555868,0.05933618296204193
1627,Interaction,0.716858685917902,0.0711836793027523
1627,HGB,0.6787629414384035,0.07054262365555826
1627,MLP,0.7088308351156399,0.05446250189572878
1628,Context only,0.7153566560654248,0.06605027720882531
1628,Driver history,0.4331357739959211,0.016871614073036417
1628,Automation only,0.43012633882275275,0.016810978112237005
1628,Additive,0.7456667678572519,0.059697831572649344
1628,Interaction,0.7463448126921518,0.07773596608589378
1628,HGB,0.7099958640894987,0.09079367340609179
1628,MLP,0.7383297033757588,0.05757078853019031
1629,Context only,0.6918293391284596,0.06520868951047233
1629,Driver history,0.5011217804634523,0.024350225588591543
1629,Automation only,0.4333408651047902,0.017970806598505213
1629,Additive,0.7109108455142977,0.05998800292069433
1629,Interaction,0.6969721391492806,0.06497660586319434
1629,HGB,0.6735365984942767,0.07818040169755157
1629,MLP,0.6890815241308492,0.05500774077303188
1630,Context only,0.748839994272147,0.04180041166626211
1630,Driver history,0.5628178612011863,0.02374910900730104
1630,Automation only,0.5217999085391203,0.01469740803820478
1630,Additive,0.7294905906155594,0.05577786282276035
1630,Interaction,0.7278259333167041,0.05803108348284311
1630,HGB,0.7200993944181148,0.06272800177296373
1630,MLP,0.7163442439695868,0.06053053518160871
1631,Context only,0.6934284119710119,0.04875495852346681
1631,Driver history,0.5084955653968034,0.021177614864494557
1631,Automation only,0.45000158594460377,0.015604098476489994
1631,Additive,0.7094251177375066,0.051498808058774555
1631,Interaction,0.7024639537447928,0.05778682164846105
1631,HGB,0.6760079433168296,0.05944052988147683
1631,MLP,0.6958966326620004,0.05141973857277605
1632,Context only,0.7145184518451845,0.0847732867692489
1632,Driver history,0.5183409919939361,0.024641579446031164
1632,Automation only,0.4615012553886968,0.022750260479105847
1632,Additive,0.7484502660792395,0.07747403029856638
1632,Interaction,0.745192256067712,0.09814047822424067
1632,HGB,0.7163494244161258,0.11245479726888519
1632,MLP,0.744114990446413,0.06669058150866013
1633,Context only,0.6864021546611202,0.08014562725869599
1633,Driver history,0.4675121311402155,0.030797700906671888
1633,Automation only,0.4192593657074147,0.022074000090134546
1633,Additive,0.7137639947352172,0.06826617943761851
1633,Interaction,0.7015462760598625,0.07799235910336114
1633,HGB,0.6632077598674055,0.08255798583290916
1633,MLP,0.6899653279927203,0.059791831432694745
1634,Context only,0.7045821843107072,0.06368452877116407
1634,Driver history,0.5088251840449508,0.017384649386336982
1634,Automation only,0.501254577395518,0.017310865684183763
1634,Additive,0.7310961330714885,0.05790329169451738
1634,Interaction,0.7299606283586262,0.07445477894010724
1634,HGB,0.7062129623557754,0.09022712319734814
1634,MLP,0.7328800661975088,0.048662332740927856
1635,Context only,0.6955554725582829,0.10251192410529804
1635,Driver history,0.4421586134256389,0.026393201672371594
1635,Automation only,0.43322567960672453,0.027350897311008093
1635,Additive,0.7280990555223567,0.08332160677712368
1635,Interaction,0.7216482882517204,0.10210440726946912
1635,HGB,0.6926247683906296,0.12422809166943434
1635,MLP,0.7220772118929768,0.06968168007544137
1636,Context only,0.7003253115576966,0.07173662901297172
1636,Driver history,0.5258058452598956,0.025926473058245407
1636,Automation only,0.46656763886814895,0.02024016022689492
1636,Additive,0.7476965557712509,0.070850677865644
1636,Interaction,0.7378130968193214,0.07772292462743297
1636,HGB,0.7012356861604722,0.08809432553834998
1636,MLP,0.7538939800005764,0.065501646804938
1637,Context only,0.7311506871587393,0.054349196930193897
1637,Driver history,0.5505529562939284,0.020886958663395135
1637,Automation only,0.5234667887124426,0.016775228797435152
1637,Additive,0.747194122399996,0.057571610802354
1637,Interaction,0.7452107288297665,0.06714714840061647
1637,HGB,0.7262719252346859,0.07369456992665602
1637,MLP,0.7395767412969398,0.05478597041031457
1638,Context only,0.7212874679262887,0.04892955544480285
1638,Driver history,0.5261974185522121,0.01880073227774643
1638,Automation only,0.487459907860975,0.015314635262138351
1638,Additive,0.7361135409377187,0.05180017528648767
1638,Interaction,0.7278448409921467,0.0555524213183377
1638,HGB,0.711135166394526,0.08730633737971004
1638,MLP,0.7310998367156519,0.05788425373013163
1639,Context only,0.6923155830712863,0.05985948525003067
1639,Driver history,0.5084760613032273,0.02511224492939325
1639,Automation only,0.45906728411913106,0.018697562761442788
1639,Additive,0.7067002149024526,0.052997185254883346
1639,Interaction,0.6990062216304989,0.05861165082119649
1639,HGB,0.6736016460669991,0.06527145156431452
1639,MLP,0.6913202086445784,0.05034244372771159
1640,Context only,0.7277136763630638,0.044063034036877315
1640,Driver history,0.5051709470672731,0.017047588645344634
1640,Automation only,0.5040766905938769,0.015579482511288824
1640,Additive,0.7061859110369986,0.04385531609840442
1640,Interaction,0.7063248721458185,0.0454581379892093
1640,HGB,0.6855798214524076,0.03992420714455475
1640,MLP,0.6813930577221534,0.04621956938400483
1641,Context only,0.6962012678930755,0.07683272654129729
1641,Driver history,0.5318533399612813,0.02929621977989343
1641,Automation only,0.45959022949866013,0.021426653468429226
1641,Additive,0.7345538115469344,0.07064274378016588
1641,Interaction,0.7266327580369829,0.08381942440629184
1641,HGB,0.6891204796440935,0.09176938680635888
1641,MLP,0.7257682042075548,0.06256294667720992
1642,Context only,0.7143806687196056,0.04942151636471117
1642,Driver history,0.5329752396253788,0.022076131049629952
1642,Automation only,0.47279197495502334,0.015424793559210384
1642,Additive,0.7017043563129335,0.04070665448666119
1642,Interaction,0.6941792304917762,0.047111011980257606
1642,HGB,0.671483317859471,0.04627723862420461
1642,MLP,0.6855654471214592,0.04316448474431662
1643,Context only,0.7358826401572262,0.05257666816856072
1643,Driver history,0.5522714132784186,0.02256407223066629
1643,Automation only,0.5064616250515848,0.017252425697398436
1643,Additive,0.7434206494159179,0.06522821299193465
1643,Interaction,0.7436499716028651,0.06748173052598402
1643,HGB,0.7205323543472132,0.07177772630818337
1643,MLP,0.7333085113772406,0.05635646078707146
1644,Context only,0.7118662461061684,0.04471439623789985
1644,Driver history,0.4946093448400394,0.015200179609849604
1644,Automation only,0.470138470077761,0.013536905499353756
1644,Additive,0.705155335194189,0.039696742251423923
1644,Interaction,0.7002341191267855,0.03983471211444565
1644,HGB,0.6811109806495916,0.05689426492651916
1644,MLP,0.6884752369210844,0.03736067001808009
1645,Context only,0.7253798988305573,0.05204839630957173
1645,Driver history,0.5236517693528382,0.016423278542925513
1645,Automation only,0.5262109549315505,0.01588380821692289
1645,Additive,0.7195403862716583,0.0424880490631757
1645,Interaction,0.7178567959929267,0.044282548349563085
1645,HGB,0.7078532320013076,0.05524239628387009
1645,MLP,0.7071951984946521,0.04538444443747246
1646,Context only,0.7551725460661312,0.0444650305364879
1646,Driver history,0.5364371671260764,0.015823784774971556
1646,Automation only,0.502122721275729,0.012487722550672382
1646,Additive,0.7363527769343561,0.04873517462305179
1646,Interaction,0.735934607866549,0.05060493924517021
1646,HGB,0.7216474348515285,0.06279566847864544
1646,MLP,0.7147603415803766,0.04972262591828035
1647,Context only,0.6969596121967149,0.06308215481879152
1647,Driver history,0.45376218164464754,0.020809072308154687
1647,Automation only,0.34537317275330287,0.01699078805012371
1647,Additive,0.7241232669412768,0.06103276213343467
1647,Interaction,0.711116849600643,0.06441542090885402
1647,HGB,0.6701199640829859,0.07178152535144573
1647,MLP,0.7092177060832872,0.0506044404851981
1648,Context only,0.7066676450086217,0.07832640714344113
1648,Driver history,0.5516802289320175,0.02692420297228365
1648,Automation only,0.541527387460102,0.02397907384283774
1648,Additive,0.7349527827713982,0.06511373749341086
1648,Interaction,0.7279040246542172,0.0711430842646391
1648,HGB,0.7017448728766923,0.07562846410141721
1648,MLP,0.721044282202737,0.057215127447382885
1649,Context only,0.7086035929298082,0.04698453022320194
1649,Driver history,0.5292520452710763,0.021999843771321914
1649,Automation only,0.4621943640080486,0.014241576639768577
1649,Additive,0.71990956427794,0.04842104623693128
1649,Interaction,0.7111837771949765,0.04957869531272622
1649,HGB,0.6790904919494436,0.05364493594965657
1649,MLP,0.7001411206920787,0.04779714258009609
1650,Context only,0.7133229461008265,0.048113950303581926
1650,Driver history,0.5113075589123336,0.020266782661025703
1650,Automation only,0.4541240834147587,0.014081652436251096
1650,Additive,0.7242993019427646,0.04648197462831557
1650,Interaction,0.721180491368914,0.05709094861163405
1650,HGB,0.687876867281098,0.063862452158407
1650,MLP,0.7164908319469019,0.0528871276966256
1651,Context only,0.7276748374742548,0.05432964821862115
1651,Driver history,0.523847348211466,0.0183799653160983
1651,Automation only,0.48705345806913125,0.015812254896540697
1651,Additive,0.7216409298210965,0.047290801046908304
1651,Interaction,0.7155567377080663,0.055129135781862466
1651,HGB,0.7044689005405238,0.06273715832525366
1651,MLP,0.7111367109321601,0.04695877305453293
1652,Context only,0.7034721761492179,0.07152187293031242
1652,Driver history,0.49708768684677473,0.022366940606413248
1652,Automation only,0.4612651513369336,0.020997256533448545
1652,Additive,0.7115907314536957,0.057462441756690116
1652,Interaction,0.7024792460021775,0.06049984323628488
1652,HGB,0.6839614225558099,0.08446094320952306
1652,MLP,0.692099009131574,0.05110236746449965
1653,Context only,0.7088675643883309,0.07702548674954715
1653,Driver history,0.5813697917822639,0.034648980842350394
1653,Automation only,0.5070794664400696,0.023328081620977284
1653,Additive,0.7348404044503489,0.06791393054468609
1653,Interaction,0.7226542609015476,0.0758330640590342
1653,HGB,0.695702318709158,0.07188560921915776
1653,MLP,0.7179810140428864,0.05974682564786866
1654,Context only,0.7052418880299589,0.04605739455046953
1654,Driver history,0.5035292536794347,0.015281550607720466
1654,Automation only,0.46458648406061337,0.013328257449391956
1654,Additive,0.7142790960332892,0.04779695680600148
1654,Interaction,0.709203680576414,0.05444345937216182
1654,HGB,0.6788291326563771,0.06887976226937859
1654,MLP,0.6970688795091627,0.0416624194587178
1655,Context only,0.7091385366207315,0.06611719186290266
1655,Driver history,0.5075073023964835,0.018953524962253967
1655,Automation only,0.5094060208759823,0.01880610205634925
1655,Additive,0.733699963559563,0.06076807529469928
1655,Interaction,0.7318168896656065,0.06838386988616335
1655,HGB,0.7070931024548643,0.08614328295020544
1655,MLP,0.7226949515685605,0.05262308003065383
1656,Context only,0.7268656893417353,0.05355083406894229
1656,Driver history,0.5364634552888559,0.02359216242597227
1656,Automation only,0.488703240000369,0.0168345984244859
1656,Additive,0.7185516780651795,0.05309855052493013
1656,Interaction,0.7086617424154248,0.05227797240095402
1656,HGB,0.6986789115580525,0.07515428595144456
1656,MLP,0.7091804622272274,0.05245999910284744
1657,Context only,0.6965758428069072,0.05964341821541386
1657,Driver history,0.5221769614083891,0.031435205577452774
1657,Automation only,0.41447949557775243,0.016908860268117817
1657,Additive,0.7392922791540244,0.0629181571090639
1657,Interaction,0.735015149773139,0.07732510343790622
1657,HGB,0.689453311217422,0.07859896848876803
1657,MLP,0.7438638511410353,0.0634323584732337
1658,Context only,0.736762332813986,0.04127713687950767
1658,Driver history,0.5337637972724145,0.023202632623618852
1658,Automation only,0.4681815422593634,0.012806962635769876
1658,Additive,0.722645105319601,0.052118583589314364
1658,Interaction,0.7192457406770401,0.056592816161235925
1658,HGB,0.6871408409380628,0.04995199532733882
1658,MLP,0.7121827006738027,0.057361058662389885
1659,Context only,0.7239732387521068,0.057433297736535126
1659,Driver history,0.4845907741942155,0.01841965272958969
1659,Automation only,0.46343036181455316,0.017058100919276713
1659,Additive,0.7126636127684656,0.05430211000079738
1659,Interaction,0.7098791194019047,0.062990871549676
1659,HGB,0.6891767917524068,0.07051552070675905
1659,MLP,0.6889093860837374,0.051276047004076425
1660,Context only,0.7199004965064588,0.044373067455479635
1660,Driver history,0.48951735447285494,0.014257688518496837
1660,Automation only,0.49583439068011576,0.013004471615631532
1660,Additive,0.7270500985228149,0.04442608235184382
1660,Interaction,0.7240413361088898,0.04740965999532657
1660,HGB,0.7014988712085903,0.0568861678166815
1660,MLP,0.7121331680670824,0.04956098572827755
1661,Context only,0.7041108172971658,0.056910323680105325
1661,Driver history,0.5578271399331292,0.030659589726452816
1661,Automation only,0.46558209769031167,0.017782464060115154
1661,Additive,0.7153986405454769,0.06022694952407712
1661,Interaction,0.6994232135617737,0.0589732616747331
1661,HGB,0.6788479385702844,0.07299123220178398
1661,MLP,0.6992385204207755,0.06003961438363885
1662,Context only,0.7207269920733591,0.051141472100787365
1662,Driver history,0.5651108457217559,0.022363616257210457
1662,Automation only,0.4974627082729028,0.015404173391513681
1662,Additive,0.7200960776208538,0.05377866944068016
1662,Interaction,0.7137667786096882,0.054091651423934406
1662,HGB,0.7004523694167133,0.06815188707052511
1662,MLP,0.709191315076267,0.05307239058468255
1663,Context only,0.6910877116804168,0.060492224929553515
1663,Driver history,0.4960353437046131,0.021767120194110548
1663,Automation only,0.44622400317427047,0.01746875173232485
1663,Additive,0.7054945198915956,0.04902124655787906
1663,Interaction,0.695734761255933,0.05543756300245541
1663,HGB,0.6644622082141735,0.06133534094395293
1663,MLP,0.6802489631215656,0.04603881120122698
1664,Context only,0.7326513383000667,0.05887622150076798
1664,Driver history,0.5783533361629565,0.025349922338631137
1664,Automation only,0.5205710812511403,0.018312724779353966
1664,Additive,0.7442949118907469,0.06270951992187822
1664,Interaction,0.745031172394792,0.07582432401735625
1664,HGB,0.7184124697025545,0.07228631181672004
1664,MLP,0.7349278353010384,0.05971955166341521
1665,Context only,0.6996236954605101,0.06989318689638967
1665,Driver history,0.47958933917001567,0.025696174980520622
1665,Automation only,0.4477184655129993,0.020640942550362945
1665,Additive,0.7129154535389157,0.06562566431727207
1665,Interaction,0.7030638096653818,0.06992982370691543
1665,HGB,0.6793339736426638,0.09228172540345556
1665,MLP,0.6952746965471993,0.05606001962824089
1666,Context only,0.7149886740413732,0.06415660558756141
1666,Driver history,0.5350022291721263,0.021794304106665843
1666,Automation only,0.47231618151084576,0.017839585763762073
1666,Additive,0.7287422801361836,0.05426429822597674
1666,Interaction,0.7150063162939803,0.05901447451495221
1666,HGB,0.7032488575722569,0.07580490110440476
1666,MLP,0.7148379798003558,0.05063659509006893
1667,Context only,0.7031012512605409,0.06975062781441674
1667,Driver history,0.4998994988628403,0.025170932420318735
1667,Automation only,0.46084889105192045,0.020972749378526785
1667,Additive,0.7051414956222846,0.058968077674636944
1667,Interaction,0.6915029923679009,0.05821554366298884
1667,HGB,0.6726290213641184,0.07402928390225189
1667,MLP,0.6777162321168562,0.05356128050475076
1668,Context only,0.7107806045871217,0.05771478410258709
1668,Driver history,0.5305179290830581,0.018922848064529787
1668,Automation only,0.4937630331622914,0.016480629636874532
1668,Additive,0.7180254233667285,0.047426991479625764
1668,Interaction,0.7024283546481098,0.04555741796978165
1668,HGB,0.6926950891251225,0.06023460738361613
1668,MLP,0.6955742723136698,0.04434866967674486
1669,Context only,0.7003103679548556,0.09096898257504853
1669,Driver history,0.5048411156594741,0.025277384481068196
1669,Automation only,0.4992684844700387,0.025862639788992968
1669,Additive,0.7174398112814819,0.07495082153058871
1669,Interaction,0.7115809801336757,0.08436552914379788
1669,HGB,0.6849486574620134,0.09599118156852028
1669,MLP,0.6958209024260507,0.057836391380746706
1670,Context only,0.7074233999992261,0.061175503328331444
1670,Driver history,0.5094491068008496,0.027815816719830466
1670,Automation only,0.45605351843468633,0.018232496230352696
1670,Additive,0.7272200361380986,0.0601737126200962
1670,Interaction,0.7190827732701883,0.06230863225557351
1670,HGB,0.6865654490371557,0.07048534603175304
1670,MLP,0.7130975457820183,0.05829675073750254
1671,Context only,0.7070741133676871,0.04638889751469056
1671,Driver history,0.5543147544710518,0.02171786349597155
1671,Automation only,0.49637181721733864,0.014831796800725971
1671,Additive,0.7210397090027281,0.044308242242400014
1671,Interaction,0.7164053501060927,0.04392759047831159
1671,HGB,0.6905571764170961,0.057939944467864324
1671,MLP,0.7141849802970598,0.04800333234483794
1672,Context only,0.6919816958644948,0.05736069411921605
1672,Driver history,0.4911066649792793,0.018863275525245655
1672,Automation only,0.4838876601762516,0.017258395349743254
1672,Additive,0.7215919294672075,0.0539997685720688
1672,Interaction,0.7157869151143708,0.05916802875244699
1672,HGB,0.6883315153743088,0.07800874765368772
1672,MLP,0.7190861592049995,0.04654317340325203
1673,Context only,0.6970852784692343,0.05602245079828535
1673,Driver history,0.5406025083306161,0.028987021142191875
1673,Automation only,0.4851325343364534,0.018191449332658552
1673,Additive,0.7194731630892072,0.0611708520340806
1673,Interaction,0.7145817593306877,0.06973433635698255
1673,HGB,0.6792637246403321,0.07709855779957213
1673,MLP,0.712738685074876,0.05962745716208075
1674,Context only,0.7025390296022804,0.08542918444441862
1674,Driver history,0.5131147589503995,0.028545365796489374
1674,Automation only,0.4179363967218954,0.022751593405669752
1674,Additive,0.7443846934970125,0.083720081213654
1674,Interaction,0.7303802624915984,0.09169527796782896
1674,HGB,0.7091068354473975,0.12439864340327289
1674,MLP,0.7484602605973624,0.0721196788285611
1675,Context only,0.6853915769329472,0.06661981811851214
1675,Driver history,0.470980242905201,0.022914849558627694
1675,Automation only,0.4124096130911945,0.018909875951041544
1675,Additive,0.703456620670515,0.05275109384679219
1675,Interaction,0.6930439094290368,0.05638537370700914
1675,HGB,0.663011853792389,0.0694776956349526
1675,MLP,0.6860173324554468,0.04689054032436858
1676,Context only,0.7172080302261321,0.06320024428706515
1676,Driver history,0.5244656854452152,0.025301519486153896
1676,Automation only,0.48364049371228784,0.018852180149252867
1676,Additive,0.7373741752664523,0.059616687527522
1676,Interaction,0.7316080894377712,0.06716941909037252
1676,HGB,0.7050368662944791,0.07310946610859134
1676,MLP,0.7273226470422376,0.05969213733736423
1677,Context only,0.7031307580777174,0.05855778003027492
1677,Driver history,0.5082581641756134,0.019096695294611145
1677,Automation only,0.486077607220404,0.017074242729331963
1677,Additive,0.7248252891147673,0.054594590285140146
1677,Interaction,0.7171068851688466,0.060117306210478116
1677,HGB,0.6902027289592985,0.07241219124011918
1677,MLP,0.7072696015888994,0.0472250618809356
1678,Context only,0.7328279841085616,0.046322279928161486
1678,Driver history,0.5577030381902714,0.022290514155715653
1678,Automation only,0.4922603064286842,0.01441204450211393
1678,Additive,0.701671554050806,0.043756171521483214
1678,Interaction,0.6993726521670456,0.046095431670860804
1678,HGB,0.688070647881714,0.05252789884281361
1678,MLP,0.7027021110752474,0.05038042893166165
1679,Context only,0.7147307742920614,0.06448026307624904
1679,Driver history,0.5512463626828585,0.024569449319743433
1679,Automation only,0.5272871785008764,0.019636622771509297
1679,Additive,0.7372301649903408,0.060675503228718376
1679,Interaction,0.7352235572786444,0.06908771823836823
1679,HGB,0.7117671930151053,0.08011690367844362
1679,MLP,0.7382607219582997,0.05718777607701376
1680,Context only,0.7007289400186292,0.04824422209652959
1680,Driver history,0.4807179919428551,0.015734979783387733
1680,Automation only,0.4397906652408032,0.014191493766906118
1680,Additive,0.713452448107355,0.044426560287314745
1680,Interaction,0.7014872467259228,0.04340407391861081
1680,HGB,0.6703705357369732,0.054253614660362805
1680,MLP,0.7053684412277816,0.040686450324766615
1681,Context only,0.7022175493874974,0.04243765005706998
1681,Driver history,0.5441777931101903,0.021276157189333775
1681,Automation only,0.4612234356552538,0.012986422362453147
1681,Additive,0.7264920588965176,0.05149552087409666
1681,Interaction,0.7155044217508028,0.051463894752482885
1681,HGB,0.6792552771490235,0.06430917537304119
1681,MLP,0.721639788989239,0.0511817510228647
1682,Context only,0.6819535089066338,0.07905627804682039
1682,Driver history,0.6078393734643734,0.040657515655877344
1682,Automation only,0.5353571154352404,0.022336562605766615
1682,Additive,0.7634429021147771,0.07304939776747583
1682,Interaction,0.7613092038873288,0.08823468851604294
1682,HGB,0.7069620096963848,0.07741237055689712
1682,MLP,0.784408866049491,0.0732800584314078
1683,Context only,0.7186117162221395,0.04003475681980736
1683,Driver history,0.5678863906185642,0.024445547416458463
1683,Automation only,0.5141692345645293,0.012989468648772103
1683,Additive,0.7207545985378951,0.04401672591820236
1683,Interaction,0.7285392387274974,0.05002118816953148
1683,HGB,0.6941385849873238,0.05654981706247513
1683,MLP,0.7204908337610104,0.056371902694336354
1684,Context only,0.7198008212494791,0.048128202088171514
1684,Driver history,0.4696123646272773,0.014067227006784679
1684,Automation only,0.4632359757839093,0.013715537957159277
1684,Additive,0.7048446227824157,0.04468060899378611
1684,Interaction,0.7025967215570965,0.0457873093019942
1684,HGB,0.6851512569237324,0.06620549985654228
1684,MLP,0.686204975254826,0.04182019345821677
1685,Context only,0.7228791651107006,0.04388976097505936
1685,Driver history,0.6422131691047014,0.03748997292344847
1685,Automation only,0.5377948544087431,0.015234210610868184
1685,Additive,0.7565415771697195,0.06461661471052886
1685,Interaction,0.7528688499575242,0.067920199810887
1685,HGB,0.7114684083868466,0.06512588208125414
1685,MLP,0.7533116413633759,0.07171305179789167
1686,Context only,0.6679507683316583,0.04786126004477131
1686,Driver history,0.5672825812065041,0.0313956994620071
1686,Automation only,0.41744873530263504,0.015141801437443762
1686,Additive,0.7146627713926674,0.04862006415169482
1686,Interaction,0.6971409178048267,0.048316285762133974
1686,HGB,0.6478956544414117,0.054792140424281266
1686,MLP,0.7077089997077889,0.054415136582000714
1687,Context only,0.7308777456716157,0.052358475745362267
1687,Driver history,0.5431184589286139,0.022924638738071452
1687,Automation only,0.4817442460531685,0.016358133790404086
1687,Additive,0.7537633749412116,0.06572178373531407
1687,Interaction,0.7465765457470112,0.06981382440787219
1687,HGB,0.7269370904253081,0.11017160044218574
1687,MLP,0.7477724443728715,0.059222071716525715
1688,Context only,0.7214210008327655,0.046724565908982954
1688,Driver history,0.5083760531239523,0.018926654789189125
1688,Automation only,0.4893035592615424,0.01519818944546949
1688,Additive,0.7201999718806442,0.052171895846431914
1688,Interaction,0.7147707731741345,0.05132228862036318
1688,HGB,0.7010436607075262,0.07669257193790434
1688,MLP,0.7136806073780864,0.047491266741475024
1689,Context only,0.715841311528643,0.04335392047727456
1689,Driver history,0.5396274136166319,0.024400503968491978
1689,Automation only,0.49384370745556727,0.013793383555810133
1689,Additive,0.7073030792707343,0.05843172373271313
1689,Interaction,0.7045615859632032,0.060746660519171436
1689,HGB,0.6734493668455932,0.07294843612159249
1689,MLP,0.6933432944214615,0.05577824827047739
1690,Context only,0.7310247102005387,0.043116199994208286
1690,Driver history,0.5405515171896422,0.01796122044799204
1690,Automation only,0.5179059132599242,0.014395334713215052
1690,Additive,0.7226260588135539,0.04931260165050089
1690,Interaction,0.7195706972720192,0.05380355275710755
1690,HGB,0.7025336793968606,0.04990057700864506
1690,MLP,0.7136376048034997,0.05657840411119266
1691,Context only,0.6906398816964319,0.05791438987243291
1691,Driver history,0.5141896478317325,0.031313932215125045
1691,Automation only,0.4291623674047003,0.01755168066789735
1691,Additive,0.7331279536119103,0.06511455924804295
1691,Interaction,0.7240423062529072,0.0736336238119126
1691,HGB,0.6843169362891043,0.08326709816694301
1691,MLP,0.7339101541370643,0.0645865227484381
1692,Context only,0.692310004121634,0.043334777756426794
1692,Driver history,0.4724531736581792,0.01496803858587168
1692,Automation only,0.43907423520791355,0.012372990294853737
1692,Additive,0.7003858307382305,0.039550272388605374
1692,Interaction,0.6956367924528302,0.048698665166072685
1692,HGB,0.6665469293826708,0.05438552406356985
1692,MLP,0.6860047627770655,0.03607269065833381
1693,Context only,0.7004121081423658,0.08512216798601852
1693,Driver history,0.4708876514833713,0.022886431337028695
1693,Automation only,0.4206406045883252,0.021714674493003072
1693,Additive,0.7345883464473152,0.06796743400659647
1693,Interaction,0.725348744721044,0.08125444705267897
1693,HGB,0.697411417485061,0.09497717319366923
1693,MLP,0.7297821903991724,0.057820366864905666
1694,Context only,0.6920617008471304,0.09629041508551761
1694,Driver history,0.49703475960119003,0.024878170861325336
1694,Automation only,0.47896666553110306,0.025091401463276198
1694,Additive,0.7420573005382571,0.0804066440295866
1694,Interaction,0.7360393813449615,0.09980681507382334
1694,HGB,0.7051509163998092,0.11442300745259795
1694,MLP,0.7385475574027389,0.06562736457129557
1695,Context only,0.7530849299610416,0.041564531583428294
1695,Driver history,0.5408913766898286,0.019830292022154937
1695,Automation only,0.5206121396547518,0.012993853615227624
1695,Additive,0.7219234330445159,0.04022063175915201
1695,Interaction,0.7215196794299827,0.041351336697495404
1695,HGB,0.7078661427359613,0.04595925182074247
1695,MLP,0.7081472820717218,0.0390200093802254
1696,Context only,0.6947962165143631,0.08008730420379845
1696,Driver history,0.44570525434425057,0.022347522745392864
1696,Automation only,0.3944843733695085,0.021042099226909555
1696,Additive,0.7215358111834946,0.06927245439878979
1696,Interaction,0.7080896913184558,0.07120696053633277
1696,HGB,0.6832217456010893,0.09963723111559608
1696,MLP,0.7076812920200951,0.05432479023864145
1697,Context only,0.7052108498369826,0.056605375392808965
1697,Driver history,0.4921542194195053,0.020301626361981025
1697,Automation only,0.435540761302202,0.01542589793093987
1697,Additive,0.7327023182406569,0.05823159877424703
1697,Interaction,0.7247293424613914,0.06180738165549188
1697,HGB,0.6963456040647087,0.09050703196757166
1697,MLP,0.7313732582045229,0.053127083740916396
1698,Context only,0.7185630513092706,0.06630015072449454
1698,Driver history,0.5032602172456038,0.02047011394372601
1698,Automation only,0.44993516800102795,0.018638873231315568
1698,Additive,0.7203952123613011,0.05873125961594303
1698,Interaction,0.7123791883442578,0.0721955772112152
1698,HGB,0.6925756774870884,0.07946025361604174
1698,MLP,0.7019458360772552,0.05105264765417773
1699,Context only,0.7166303068516183,0.05201685970606668
1699,Driver history,0.5638142076502732,0.025301725615955683
1699,Automation only,0.522833123160992,0.017331450557825805
1699,Additive,0.7369472467423287,0.06527474798900917
1699,Interaction,0.7310027322404372,0.06415386211259619
1699,HGB,0.7102545187053383,0.10731583795229034
1699,MLP,0.7362658680117695,0.059584955685941854
1700,Context only,0.7029746040739808,0.0752065333627916
1700,Driver history,0.5447127670985012,0.03207645369877796
1700,Automation only,0.45029385498568325,0.020937595287660482
1700,Additive,0.7534115975078579,0.08512838647554492
1700,Interaction,0.7499250935019632,0.10825839242740741
1700,HGB,0.7081196895081937,0.09749611687212166
1700,MLP,0.7721656197244839,0.07854386845813542
1701,Context only,0.7014407960254674,0.06151149445695775
1701,Driver history,0.5496001829493448,0.030929794585182184
1701,Automation only,0.4716328858440847,0.01760673202508049
1701,Additive,0.7489744066734549,0.06654635026843485
1701,Interaction,0.7444387874990208,0.07807858940655478
1701,HGB,0.7069626702212177,0.08181920967119134
1701,MLP,0.7556220557463998,0.07379376171996085
1702,Context only,0.7223334836324284,0.0744739983250463
1702,Driver history,0.5696270177653531,0.029599758976658345
1702,Automation only,0.5102373523311391,0.02202809555828782
1702,Additive,0.7434479213635135,0.07266502430810096
1702,Interaction,0.7335516277392009,0.07894962167806621
1702,HGB,0.7186761655694833,0.09575690263513098
1702,MLP,0.7335927495716476,0.06616900153237354
1703,Context only,0.712742053264605,0.06118280475635205
1703,Driver history,0.5772976804123712,0.02797102018109828
1703,Automation only,0.5537229381443299,0.02002081523613285
1703,Additive,0.7437121993127149,0.07608518691005521
1703,Interaction,0.7477946735395189,0.08555151476689676
1703,HGB,0.7178730670103093,0.11624903233620719
1703,MLP,0.7476971649484536,0.06605057252689812
1704,Context only,0.6942261579552089,0.07688447271926147
1704,Driver history,0.5377353704666502,0.02695489885358053
1704,Automation only,0.4877624113791358,0.020467765391591702
1704,Additive,0.7394198394516921,0.06614183538045926
1704,Interaction,0.7316848164123426,0.08019341652044044
1704,HGB,0.6996996752323382,0.08785672814398104
1704,MLP,0.7382788635991193,0.05985193651831768
1705,Context only,0.6871954543802474,0.0690883204376837
1705,Driver history,0.4689303228429238,0.024703977423950543
1705,Automation only,0.42172765319322786,0.01920927478773032
1705,Additive,0.7051442448130154,0.0568788280352777
1705,Interaction,0.6931873587402355,0.056232219767138214
1705,HGB,0.663029282417223,0.0809927226795087
1705,MLP,0.692672597725844,0.05029426566317749
1706,Context only,0.7084716148525084,0.04632818529150177
1706,Driver history,0.5705325196787787,0.030614890112351037
1706,Automation only,0.5023278603800588,0.016073270297547876
1706,Additive,0.7222332432217541,0.05640621954945345
1706,Interaction,0.7161928520314861,0.05692579481322048
1706,HGB,0.6870187644112269,0.062082407185934704
1706,MLP,0.7192488272242983,0.055368821593491456
1707,Context only,0.7479229007733192,0.04579544393992314
1707,Driver history,0.5937815329813239,0.016835663880615984
1707,Automation only,0.5591645717168731,0.013949898634905158
1707,Additive,0.7029761697648726,0.03397589608882673
1707,Interaction,0.6959198496855401,0.03424503443793018
1707,HGB,0.7061131577344967,0.04110243333785589
1707,MLP,0.7050230951904591,0.0386073923187776
1708,Context only,0.702373160517586,0.0556756069280756
1708,Driver history,0.4990957547308949,0.018233619471605983
1708,Automation only,0.4467627341730172,0.01593540952687892
1708,Additive,0.7129430841679548,0.05346034037099877
1708,Interaction,0.7008452909489373,0.05813066657074323
1708,HGB,0.6786170408678204,0.08176138217075873
1708,MLP,0.6995912659912099,0.04538698744602417
1709,Context only,0.7097480199974667,0.06189036230818756
1709,Driver history,0.4850503289449176,0.024178403335349367
1709,Automation only,0.4493371741284636,0.01848307053350783
1709,Additive,0.7019339483820977,0.061710262663525396
1709,Interaction,0.6923980848178696,0.06211162204950277
1709,HGB,0.6779280474902584,0.08399189250510916
1709,MLP,0.6757310456201524,0.05278380292821099
1710,Context only,0.681302526163397,0.06118057083007825
1710,Driver history,0.45753861631516307,0.019851709363246525
1710,Automation only,0.38380123793048454,0.017228296955568535
1710,Additive,0.6864641993939171,0.04735293753330164
1710,Interaction,0.6675731838983154,0.051094276263190366
1710,HGB,0.6370175261020525,0.060569797815508766
1710,MLP,0.6485472106690223,0.040629571116835815
1711,Context only,0.680154798978516,0.042551321390969316
1711,Driver history,0.5458054258460697,0.027307721229427574
1711,Automation only,0.4825097997316678,0.013745551637000567
1711,Additive,0.7171715557314856,0.04908359650247188
1711,Interaction,0.7127174507035839,0.05694416374127968
1711,HGB,0.6734732035576791,0.0639760619044669
1711,MLP,0.7187374109792025,0.04758970187438666
1712,Context only,0.6700228497996364,0.08827476096840793
1712,Driver history,0.4818253083392263,0.03065612801288458
1712,Automation only,0.46645872303457503,0.02605190558525168
1712,Additive,0.7065617372311062,0.07900382454897854
1712,Interaction,0.6991992352350754,0.09692180503255352
1712,HGB,0.655981011094129,0.09160713872890143
1712,MLP,0.6853584253408459,0.06337723174483695
1713,Context only,0.7230013158612294,0.056777074009326634
1713,Driver history,0.5670653831742162,0.02003726689287166
1713,Automation only,0.5439032349428005,0.01823033683318153
1713,Additive,0.7343262104428014,0.05972959796483534
1713,Interaction,0.732933825198039,0.06972583383213526
1713,HGB,0.7141577344669442,0.07074198214730333
1713,MLP,0.7250034743662139,0.05438241661948247
1714,Context only,0.745289523925583,0.046427146854240486
1714,Driver history,0.5643515415549598,0.019227995963502206
1714,Automation only,0.5317775611341296,0.013881230598290184
1714,Additive,0.7236303213096109,0.051089958958024075
1714,Interaction,0.7242690815663336,0.055159692992605286
1714,HGB,0.7124918758631895,0.06515877447223137
1714,MLP,0.7192742607035503,0.05332476734230578
1715,Context only,0.7268498763926987,0.039786386595652895
1715,Driver history,0.5345228419519794,0.02191875638386799
1715,Automation only,0.4756671407768635,0.012813624858841195
1715,Additive,0.7190208495603192,0.043653863747230265
1715,Interaction,0.7202241863930374,0.04605723210587871
1715,HGB,0.6898119927303102,0.050955384307787
1715,MLP,0.7030467224310565,0.050528749222462394
1716,Context only,0.7147002058524519,0.047779939644672934
1716,Driver history,0.5626268792355232,0.02721429867955272
1716,Automation only,0.5128234373458114,0.015514272013617684
1716,Additive,0.7352817791893957,0.056006249905084855
1716,Interaction,0.729522041358672,0.056825999090969505
1716,HGB,0.6954368225744638,0.05607372124235327
1716,MLP,0.7220668320523972,0.0549617377757855
1717,Context only,0.7108600751617766,0.07732255259481283
1717,Driver history,0.554477490003607,0.029243474763246943
1717,Automation only,0.5101526974075661,0.0229553855841909
1717,Additive,0.7466568732330972,0.07586910154086858
1717,Interaction,0.7376405429652215,0.07969051407749633
1717,HGB,0.7140166848045578,0.09159113186936375
1717,MLP,0.7405508266870551,0.06368094165640624
1718,Context only,0.693647712272015,0.04517717668594763
1718,Driver history,0.5686642701515103,0.02887615741084535
1718,Automation only,0.4894890580964606,0.015546429193662864
1718,Additive,0.729836613696678,0.04673586962332321
1718,Interaction,0.7179195081510444,0.046438528739198355
1718,HGB,0.6801593210584254,0.05620127648235697
1718,MLP,0.7303130238570495,0.05115012697926681
1719,Context only,0.7432103832404812,0.04413856436964761
1719,Driver history,0.6035210393374426,0.03514039778609586
1719,Automation only,0.5013680826321909,0.014570865335312095
1719,Additive,0.737938198133834,0.04244553702379171
1719,Interaction,0.736968379556792,0.04938571862239004
1719,HGB,0.7028734802248722,0.04401361609813692
1719,MLP,0.7338577650090066,0.06421964598351004
1720,Context only,0.7094783690838271,0.0640669357790611
1720,Driver history,0.540812653783472,0.027511382799258917
1720,Automation only,0.48372849106226723,0.019559496890096412
1720,Additive,0.7301181694803609,0.06195308122230626
1720,Interaction,0.7291982532949467,0.07500533902262603
1720,HGB,0.7031846310223169,0.07509932921752506
1720,MLP,0.730418692906555,0.06348508477383656
1721,Context only,0.7057120597152896,0.06044512964693535
1721,Driver history,0.48360950086420557,0.025005675256587676
1721,Automation only,0.41323383091461874,0.017593697854161386
1721,Additive,0.7241771019430442,0.06264403433113808
1721,Interaction,0.7160007071401784,0.0685807459710292
1721,HGB,0.6886865528507713,0.08329552330102456
1721,MLP,0.7033735499128875,0.057561051835563155
1722,Context only,0.7669172707773343,0.04477914996914515
1722,Driver history,0.5689926963699057,0.02159295666748874
1722,Automation only,0.541933697157286,0.01485055313765007
1722,Additive,0.7408965273818251,0.04527916772607804
1722,Interaction,0.7434595856751106,0.04627503513179837
1722,HGB,0.732979283755532,0.05918449252647819
1722,MLP,0.7355646059026364,0.05081165894226829
1723,Context only,0.6896155809353666,0.07339495469572528
1723,Driver history,0.48950679512537487,0.024764726354318083
1723,Automation only,0.4656996107956357,0.021613012940034555
1723,Additive,0.6989976392522173,0.06144794186575855
1723,Interaction,0.6879289223505392,0.06940000393800791
1723,HGB,0.6618775920372615,0.07708311422103878
1723,MLP,0.6688904485420788,0.054471570363662986
1724,Context only,0.7548371349960061,0.04461694696779777
1724,Driver history,0.5699486541658372,0.020649191230886054
1724,Automation only,0.5335636959405488,0.015020444104690034
1724,Additive,0.7182326886218783,0.05000738577616013
1724,Interaction,0.7115490945814014,0.04877989816628079
1724,HGB,0.707825292231079,0.06849400694648279
1724,MLP,0.707057383557339,0.050045859468107426
1725,Context only,0.7000522954920275,0.04100115783774218
1725,Driver history,0.5205766002696042,0.024463860196213827
1725,Automation only,0.4662877730476655,0.013128866533241034
1725,Additive,0.711796972279257,0.04580436294058146
1725,Interaction,0.702494894417284,0.04663933302624559
1725,HGB,0.6629938916661464,0.0489461907696518
1725,MLP,0.6960151202383095,0.049293146898491985
1726,Context only,0.7066876220943445,0.11954339575049105
1726,Driver history,0.5149312295258676,0.03148077315227646
1726,Automation only,0.48998178257840647,0.032470690156077266
1726,Additive,0.7341857732580103,0.08753781565465187
1726,Interaction,0.7214265609461051,0.09916183316939613
1726,HGB,0.6999982846853197,0.1167844322463483
1726,MLP,0.7186820574575838,0.06809444125522408
1727,Context only,0.6996629788435409,0.04008524305660651
1727,Driver history,0.5547515432485719,0.02570031617534186
1727,Automation only,0.47905946115619896,0.012431846275326973
1727,Additive,0.7389291011128478,0.04222896523172438
1727,Interaction,0.736809368983838,0.044218216797398416
1727,HGB,0.6950903474874789,0.05394871939717259
1727,MLP,0.733886321064426,0.047673380053999556
1728,Context only,0.6996710556299963,0.08256763292443617
1728,Driver history,0.4645826496941854,0.02579297167315552
1728,Automation only,0.4315939274613288,0.023105691454156474
1728,Additive,0.7135052059121114,0.0746114130799646
1728,Interaction,0.7051599658636185,0.08521825493052203
1728,HGB,0.6827189411341117,0.10711936756951894
1728,MLP,0.6962159718614126,0.059812359892468484
1729,Context only,0.700674168993569,0.06416124261138118
1729,Driver history,0.4853000227769295,0.022578570104335914
1729,Automation only,0.3712669034342548,0.017198018114206192
1729,Additive,0.7294710972012496,0.06879374476407615
1729,Interaction,0.7191199669312727,0.07860497741018674
1729,HGB,0.6909569965947084,0.10581507895257042
1729,MLP,0.7349167517286564,0.06146819493997673
1730,Context only,0.7011131421023074,0.053074257951966346
1730,Driver history,0.5380788412552507,0.02157764975732755
1730,Automation only,0.48134940083422556,0.015041582264028089
1730,Additive,0.7213148202292332,0.04987685182460048
1730,Interaction,0.7096482832748926,0.04987443603117305
1730,HGB,0.6844324174240815,0.05923363137934603
1730,MLP,0.6952472702566832,0.043371959370031375
1731,Context only,0.7249169439536413,0.06615995149633057
1731,Driver history,0.5096556988758822,0.020551629758605184
1731,Automation only,0.47958212751790735,0.018537775687828002
1731,Additive,0.7128135625842048,0.04987442403271222
1731,Interaction,0.7017232395672762,0.06020362600100908
1731,HGB,0.6968263573768161,0.07161450771583876
1731,MLP,0.6858975081452146,0.05039821076988342
1732,Context only,0.705711399816132,0.06619442048402617
1732,Driver history,0.5009233722036741,0.023939370238655933
1732,Automation only,0.42525523781874486,0.017165147760485333
1732,Additive,0.7410868373090757,0.0615307944875946
1732,Interaction,0.7324542480497626,0.06782647541252564
1732,HGB,0.7078518222824363,0.09118948636869813
1732,MLP,0.7516730240910092,0.05969067922152883
1733,Context only,0.729935110981913,0.03835491115871935
1733,Driver history,0.5169682635112964,0.015001585557970295
1733,Automation only,0.504188936824325,0.012035951527388344
1733,Additive,0.7043208510338418,0.034656591013383455
1733,Interaction,0.6997082581818743,0.03500263951100243
1733,HGB,0.6817721099446576,0.03627960727986234
1733,MLP,0.6826293320824607,0.04182751379653707
1734,Context only,0.7438245117794262,0.03621883142931398
1734,Driver history,0.4884923318446711,0.013308584416313596
1734,Automation only,0.4908483315197056,0.012324775261118059
1734,Additive,0.7080662952448626,0.04304397326510977
1734,Interaction,0.7167985980714902,0.04634468664424225
1734,HGB,0.6967906226864804,0.06378358611823784
1734,MLP,0.6829209475718557,0.043628447543626214
1735,Context only,0.6787208400493173,0.05782661131780938
1735,Driver history,0.5127801656831358,0.02656148018571622
1735,Automation only,0.46673201337424347,0.01686838465530249
1735,Additive,0.7333687818870471,0.05950059936932027
1735,Interaction,0.7303600951412539,0.07395204276801079
1735,HGB,0.6847948276193816,0.0756957308947678
1735,MLP,0.7347289998771511,0.055885356120630336
1736,Context only,0.7149620689464853,0.08432983776829212
1736,Driver history,0.5744074393986225,0.026987749385565453
1736,Automation only,0.5492272358486401,0.023838506882274905
1736,Additive,0.7518149712447015,0.07731291319524464
1736,Interaction,0.7429317365219887,0.0828722546346915
1736,HGB,0.7291161885155423,0.10419973042526536
1736,MLP,0.7475623882351643,0.0625642039563929
1737,Context only,0.7148319990389047,0.047652894582542134
1737,Driver history,0.4663807349485757,0.01613204529686058
1737,Automation only,0.4161420176250509,0.013116043771703232
1737,Additive,0.7132526808290851,0.04818727546960355
1737,Interaction,0.7031230337992511,0.05434067224787609
1737,HGB,0.6764633795042029,0.06694871052031676
1737,MLP,0.693660278217817,0.046210125405340446
1738,Context only,0.7283954385167071,0.04859814865042121
1738,Driver history,0.6171999642148895,0.03090657695033687
1738,Automation only,0.5105058188080577,0.015186571237208702
1738,Additive,0.7295999243294019,0.04670334492489917
1738,Interaction,0.7322628397721681,0.05265259278915333
1738,HGB,0.707916151013166,0.062024705869112406
1738,MLP,0.7300807867505629,0.06258271700423555
1739,Context only,0.6937425167455468,0.05182079375455794
1739,Driver history,0.5327522986298585,0.021148954941733196
1739,Automation only,0.4782470264653059,0.01645503467622127
1739,Additive,0.6989705583354984,0.04422851715181757
1739,Interaction,0.6933136415492878,0.05141600775457868
1739,HGB,0.6656649577549106,0.05584010403675242
1739,MLP,0.6849401622030701,0.046059752697627986
1740,Context only,0.7184496340938441,0.05644743382684954
1740,Driver history,0.5528456736978046,0.027039412332779983
1740,Automation only,0.5017757210503659,0.016218747102238393
1740,Additive,0.7403168316831683,0.05666497996876626
1740,Interaction,0.7400030133448128,0.07060615641165406
1740,HGB,0.7089229444683598,0.06211894313320332
1740,MLP,0.7378708566508825,0.05833094562985864
1741,Context only,0.700536519711824,0.07590384210198099
1741,Driver history,0.5039762325701937,0.022741556592462395
1741,Automation only,0.4906672367240191,0.021666899217331326
1741,Additive,0.7133352977201558,0.06048203311421145
1741,Interaction,0.7038743265647277,0.06512680810794243
1741,HGB,0.6835477376261513,0.07682811339725663
1741,MLP,0.6868906342768444,0.05223074777557257
1742,Context only,0.6926131371033726,0.08538910522770755
1742,Driver history,0.5301503115785173,0.030562209312645805
1742,Automation only,0.47998345980113943,0.024600393555806583
1742,Additive,0.7265787884556473,0.0703221021886625
1742,Interaction,0.7128201669400254,0.07714068663985686
1742,HGB,0.6779838859129699,0.08533106832971146
1742,MLP,0.710535804109584,0.0638909372850335
1743,Context only,0.6778953621763355,0.04791411081424538
1743,Driver history,0.45066556047197637,0.01393886216179388
1743,Automation only,0.4104455506391348,0.01318491535352429
1743,Additive,0.7087610619469027,0.04330341110556195
1743,Interaction,0.6981137332022288,0.047617419657768445
1743,HGB,0.6612329973779089,0.07027712774880654
1743,MLP,0.7057919534578827,0.038797072665477446
1744,Context only,0.6986307625692906,0.07786721073135709
1744,Driver history,0.4727010894813518,0.02399519670426508
1744,Automation only,0.40766329816743413,0.02103882358043812
1744,Additive,0.7298035223782311,0.06953761475222153
1744,Interaction,0.7172883562385268,0.07858516639273705
1744,HGB,0.6880191161015918,0.0993379577260551
1744,MLP,0.7225584488365484,0.05808884727333713
1745,Context only,0.7094001634833115,0.05079755908318117
1745,Driver history,0.5396978012679265,0.028686393123264826
1745,Automation only,0.47130114776792814,0.015946836008387828
1745,Additive,0.7246981651282989,0.05601501714058315
1745,Interaction,0.7142976817863345,0.06463178804793263
1745,HGB,0.6830917892791502,0.06091119959546629
1745,MLP,0.7124187237470511,0.05886704187509303
1746,Context only,0.7372387861922746,0.039315381822685874
1746,Driver history,0.562022792022792,0.02301362806277779
1746,Automation only,0.5305492612469357,0.014162099269743916
1746,Additive,0.7258666269131384,0.044193372359723204
1746,Interaction,0.7286897899688597,0.044894461352498076
1746,HGB,0.6997021798184588,0.050545616610709984
1746,MLP,0.7130315377989797,0.04851966577779161
1747,Context only,0.7417525327942747,0.05191532039097156
1747,Driver history,0.5118329447928291,0.017567436393253772
1747,Automation only,0.47485201372534225,0.015018570064396762
1747,Additive,0.7298051605062809,0.046228387365494596
1747,Interaction,0.7196759691338657,0.04614006462402275
1747,HGB,0.7099426820017712,0.06355885164502653
1747,MLP,0.7116263299403884,0.04630270492013079
1748,Context only,0.6996037335727443,0.07323425301313435
1748,Driver history,0.5068877784908774,0.0253610836900277
1748,Automation only,0.44112785307660163,0.020228242082717122
1748,Additive,0.7217301470877157,0.06449739255774076
1748,Interaction,0.7114627029704502,0.07663456841792275
1748,HGB,0.6823051799213897,0.08029563173695417
1748,MLP,0.6953122860453016,0.05508249595278082
1749,Context only,0.7007050787581188,0.052995166468738454
1749,Driver history,0.48716428751515733,0.024428150510161426
1749,Automation only,0.41815601251005485,0.016150021959787483
1749,Additive,0.724182629392626,0.058359338463670724
1749,Interaction,0.715273192225037,0.05780964630079954
1749,HGB,0.6884203204350907,0.08930051924476105
1749,MLP,0.7257201235397933,0.05619770418393219
1750,Context only,0.6772484664432551,0.04042615418010944
1750,Driver history,0.5081403567797448,0.0176890667882282
1750,Automation only,0.44238174852276346,0.012144409497385326
1750,Additive,0.686656888105817,0.04175624248319984
1750,Interaction,0.6738380211891772,0.04068367287775302
1750,HGB,0.6510153126950609,0.042032076145891564
1750,MLP,0.6642685090498417,0.03933106658446266
1751,Context only,0.7079681564705971,0.038730396092948836
1751,Driver history,0.5161779634817789,0.03172131452810054
1751,Automation only,0.4406640415651767,0.013418231392311162
1751,Additive,0.7078288249836064,0.041684311378196545
1751,Interaction,0.7066307346540139,0.045213436382800065
1751,HGB,0.6603312291871921,0.046878130746144706
1751,MLP,0.6886347760694294,0.05536547822028825
1752,Context only,0.7004951077338581,0.11632497249443598
1752,Driver history,0.5473652996605872,0.03676036905380221
1752,Automation only,0.4835100626989263,0.03114840781858577
1752,Additive,0.7473180030771669,0.09976175614525881
1752,Interaction,0.7354622848954688,0.11455875301791785
1752,HGB,0.7085900046553706,0.11724594984577041
1752,MLP,0.7435373717296847,0.08080526678152022
1753,Context only,0.6796517418134708,0.06035553949466039
1753,Driver history,0.49151533378774803,0.0167956481734653
1753,Automation only,0.4868295205460098,0.01671088399991192
1753,Additive,0.7095705393717078,0.0521857434261281
1753,Interaction,0.7065193031430095,0.06087874984567642
1753,HGB,0.6761886680422969,0.07472141663929815
1753,MLP,0.6977131791497181,0.04498595317032458
1754,Context only,0.7419300003231749,0.04200746446759412
1754,Driver history,0.5087279837119866,0.01853942195657745
1754,Automation only,0.46886630255631323,0.01319060170318657
1754,Additive,0.6979313576576286,0.03989297239078673
1754,Interaction,0.6806531364121126,0.037977628907152346
1754,HGB,0.6714171218046086,0.0427396023075349
1754,MLP,0.6771751284620108,0.04205907682684584
1755,Context only,0.745537309883736,0.05731704704489121
1755,Driver history,0.553264405119724,0.019112183249760082
1755,Automation only,0.5059885073177469,0.016632598203079666
1755,Additive,0.7483151700585333,0.05768128771067347
1755,Interaction,0.7415267362659432,0.06010451954984471
1755,HGB,0.7319998307754327,0.08304590950340267
1755,MLP,0.7404778357150394,0.05685468427403007
1756,Context only,0.7041146338952137,0.07825155470010942
1756,Driver history,0.48806234004059657,0.023582082060212773
1756,Automation only,0.48952602986889465,0.02367718728542446
1756,Additive,0.7317013490522558,0.07523980407749842
1756,Interaction,0.7271216684317359,0.08259178739715488
1756,HGB,0.6989136550172095,0.11098504361427756
1756,MLP,0.7258839748869866,0.06718816474114829
1757,Context only,0.7001784667203033,0.0859972632617795
1757,Driver history,0.5396092709512316,0.03270200321729817
1757,Automation only,0.45970407820035547,0.024207718734859923
1757,Additive,0.7443592073145787,0.07980092903566553
1757,Interaction,0.73977083418561,0.10020849776980427
1757,HGB,0.704614282337647,0.1043680806059602
1757,MLP,0.7433387481306734,0.07317191032688211
1758,Context only,0.7269842328291094,0.06482245163182541
1758,Driver history,0.5356790070434634,0.020135683278690482
1758,Automation only,0.5053411799986136,0.018975369453403626
1758,Additive,0.7476689436613351,0.05968441976774884
1758,Interaction,0.7464935261620811,0.06826969096706777
1758,HGB,0.7212390030651271,0.07875909460851481
1758,MLP,0.7482272669734806,0.056208673788244144
1759,Context only,0.7255480473187064,0.04695718734023298
1759,Driver history,0.5640483013989359,0.020257928396932967
1759,Automation only,0.5254094241346325,0.014732103936097356
1759,Additive,0.7429196153673701,0.04592116070826517
1759,Interaction,0.7380589297991271,0.055384214529645266
1759,HGB,0.7224666239463142,0.06400682702496777
1759,MLP,0.7410836054731871,0.04763123599848003
1760,Context only,0.7563101508793859,0.04686751572718451
1760,Driver history,0.5685200726125643,0.018442428378391742
1760,Automation only,0.5148415320060709,0.01416674683330681
1760,Additive,0.7078049578906646,0.0400614568247893
1760,Interaction,0.6998657857929351,0.04099669418930999
1760,HGB,0.7063065797696634,0.05156408848592678
1760,MLP,0.708242418831652,0.044174757487247925
1761,Context only,0.7167284714691983,0.05165067293788107
1761,Driver history,0.5102318063710949,0.02228967145419646
1761,Automation only,0.47423890582482553,0.016358283018551228
1761,Additive,0.70972338727827,0.046963006995093315
1761,Interaction,0.7066391145119381,0.04879962813599609
1761,HGB,0.6843676473596988,0.06130198044776886
1761,MLP,0.6951122204717965,0.0465775365201643
1762,Context only,0.690765149332565,0.056438970157918315
1762,Driver history,0.49820759764579986,0.020273099959017927
1762,Automation only,0.45172877995911703,0.0160350921867567
1762,Additive,0.7215088282504013,0.060028412554617064
1762,Interaction,0.718152103826261,0.06647001155587999
1762,HGB,0.6838812404823641,0.08599321289948425
1762,MLP,0.716142253501804,0.05328790352672004
1763,Context only,0.7065906485338045,0.07496043272853165
1763,Driver history,0.5067643253817998,0.029253679428028045
1763,Automation only,0.4582968493626151,0.02169757298429315
1763,Additive,0.7128507720139677,0.06924291778603187
1763,Interaction,0.6976829720434179,0.07503400879881579
1763,HGB,0.674139964344314,0.08250109035130526
1763,MLP,0.6808858833985444,0.058578959067217815
1764,Context only,0.7561368342661077,0.04716216846510219
1764,Driver history,0.548102799743788,0.01923804080202518
1764,Automation only,0.5262925150335124,0.0154761173809119
1764,Additive,0.7090273888751417,0.044285789110930826
1764,Interaction,0.7037344322192531,0.044510904972637884
1764,HGB,0.7057433404411251,0.050424085780314695
1764,MLP,0.6922025235226074,0.04445644175401576
1765,Context only,0.7002649098388404,0.06383988018156525
1765,Driver history,0.49212198807990215,0.020409461408513713
1765,Automation only,0.4582544508852202,0.01811141389859271
1765,Additive,0.7015697442884976,0.04774804443590444
1765,Interaction,0.6879916364420856,0.04603807598758134
1765,HGB,0.6756832989639621,0.06571442869145389
1765,MLP,0.6769694044063017,0.04407425174761582
1766,Context only,0.7383916436689516,0.03762593927483526
1766,Driver history,0.5360212469212736,0.018085372508083467
1766,Automation only,0.5188156918602926,0.013523698629274983
1766,Additive,0.7091379566159233,0.0464886471526299
1766,Interaction,0.7026077925160984,0.0463873335136161
1766,HGB,0.6957423068933797,0.07407298768319368
1766,MLP,0.7065764562746668,0.04655641486476887
1767,Context only,0.7041461082386627,0.0679621021551759
1767,Driver history,0.5423153046854184,0.030364432269151462
1767,Automation only,0.47769373000498805,0.020253792395089256
1767,Additive,0.7394872395848984,0.060649307029258526
1767,Interaction,0.7352002689706796,0.07730339734245191
1767,HGB,0.692889137737962,0.06558082220867757
1767,MLP,0.7243015476498119,0.058954088653762046
1768,Context only,0.7220132924800455,0.06762827800048232
1768,Driver history,0.5468076132665677,0.020772870046035383
1768,Automation only,0.5364338897595252,0.02032072349314631
1768,Additive,0.729963936360391,0.05432040961310492
1768,Interaction,0.7247087618173373,0.058268060085643225
1768,HGB,0.7168573566930339,0.08200730087994856
1768,MLP,0.7227598229139531,0.04929483891738614
1769,Context only,0.7157345023499315,0.05980272598320828
1769,Driver history,0.5303532829634918,0.021704921634173865
1769,Automation only,0.4782777992609779,0.017268583817665172
1769,Additive,0.7168679477264164,0.06153110216383997
1769,Interaction,0.7044473529392323,0.06793176697403872
1769,HGB,0.6933060414063894,0.07847910784400178
1769,MLP,0.6953731797119268,0.05181513998457887
1770,Context only,0.6837796521271338,0.07338176067015796
1770,Driver history,0.5575690661470581,0.030657664531072444
1770,Automation only,0.5019630938358853,0.020837948054163745
1770,Additive,0.7269565891127833,0.06586598268877056
1770,Interaction,0.7210791218857351,0.09175856509520086
1770,HGB,0.6781090721860787,0.07032013841018954
1770,MLP,0.7239483435691711,0.05798166148791967
1771,Context only,0.7367756007313132,0.05489186572820209
1771,Driver history,0.501188656470787,0.018232766745544686
1771,Automation only,0.46275406822502146,0.016684871821422847
1771,Additive,0.7280165535456249,0.049611189175020214
1771,Interaction,0.7262323200122067,0.05694249636644193
1771,HGB,0.7041205849415957,0.06909983438559869
1771,MLP,0.7158847645801716,0.04962924724700335
1772,Context only,0.6816846605451184,0.047728766636033204
1772,Driver history,0.4934236436408117,0.015600613855557102
1772,Automation only,0.48904033892061155,0.015158338480124453
1772,Additive,0.7058433377533585,0.052671348032449106
1772,Interaction,0.7069541107760756,0.0631083008769771
1772,HGB,0.6703960417198817,0.07901363188321191
1772,MLP,0.6954810415519683,0.046388710638845226
1773,Context only,0.6840503380078782,0.07150043035895194
1773,Driver history,0.5022129494841725,0.034193526140852123
1773,Automation only,0.41543217690334755,0.020059472916773548
1773,Additive,0.7401552756655425,0.07284155968976794
1773,Interaction,0.734119657501424,0.09281609688961
1773,HGB,0.6812799693788671,0.08434509956069798
1773,MLP,0.7445956413108015,0.06630509601316824
1774,Context only,0.6888621279081718,0.05369445340850276
1774,Driver history,0.5131881974608774,0.017928282105446017
1774,Automation only,0.4737870671888439,0.014946512713399081
1774,Additive,0.705616740683843,0.04598677525067497
1774,Interaction,0.6940919012046498,0.05061488018198361
1774,HGB,0.6702492535173936,0.05674462154583248
1774,MLP,0.6776283760757734,0.03994583066910051
1775,Context only,0.7373782890827697,0.042452735841946136
1775,Driver history,0.5561741766849508,0.022228582043500953
1775,Automation only,0.5094123310404236,0.014124272313133528
1775,Additive,0.7281484377026504,0.046663071624919644
1775,Interaction,0.7304654769596053,0.048550057389760856
1775,HGB,0.7125317982118804,0.07525992917796989
1775,MLP,0.7216014897579143,0.05024012238799405
1776,Context only,0.6800800224760465,0.06704260330864412
1776,Driver history,0.5858484223171642,0.02981656237835896
1776,Automation only,0.5467352573604208,0.020641935963949497
1776,Additive,0.7284802511116923,0.062009710398726436
1776,Interaction,0.7240036426696118,0.07307586309902743
1776,HGB,0.6901878493717363,0.06501189387383738
1776,MLP,0.729965607773612,0.053855283315039255
1777,Context only,0.6974108808425119,0.04165252420799148
1777,Driver history,0.5725303509063695,0.03185397168839099
1777,Automation only,0.4884715145297639,0.013119261042863229
1777,Additive,0.7403529801895091,0.05148641653469429
1777,Interaction,0.7370088202468947,0.052337148736210336
1777,HGB,0.689046724065729,0.06907692690882368
1777,MLP,0.7429497634643012,0.05407663480820894
1778,Context only,0.7047640789432453,0.06351078723259349
1778,Driver history,0.5714925179385947,0.025887096620144313
1778,Automation only,0.49562707120081534,0.01814657307502458
1778,Additive,0.7490379780454579,0.058304276701434815
1778,Interaction,0.7456632542677368,0.07646120438422463
1778,HGB,0.7101544233612801,0.06903745194505753
1778,MLP,0.7491506304806155,0.05380464944517077
1779,Context only,0.6985461182616358,0.05017186270839799
1779,Driver history,0.5574826132108128,0.031739012511786784
1779,Automation only,0.4669420886175536,0.01630590788521159
1779,Additive,0.7252822402995878,0.05480109946025752
1779,Interaction,0.719964321679202,0.057270564271096565
1779,HGB,0.676722747584731,0.06022642785666685
1779,MLP,0.7143812741920257,0.05720362451766918
1780,Context only,0.691239725771818,0.07992388487625783
1780,Driver history,0.509413691152618,0.024931311401007746
1780,Automation only,0.5032859842106054,0.023922722637848805
1780,Additive,0.7087621884172661,0.060025680958598976
1780,Interaction,0.6992699912819591,0.0642819961695429
1780,HGB,0.670786130803567,0.07782503232522038
1780,MLP,0.6842205882424206,0.051040164861717564
1781,Context only,0.7135995117100231,0.09672906999219111
1781,Driver history,0.5940104280041519,0.030484719994491167
1781,Automation only,0.5759610559528527,0.028561458823983997
1781,Additive,0.7442995123974327,0.06656998792923562
1781,Interaction,0.7429037844191733,0.0961094062144658
1781,HGB,0.7159611934347796,0.09061922541038744
1781,MLP,0.723671208534878,0.06565722343535323
1782,Context only,0.6906262771574765,0.06728928888034703
1782,Driver history,0.5037020810514786,0.029056153028174263
1782,Automation only,0.43375079694626534,0.02037691973249105
1782,Additive,0.6995684229455132,0.0602124297045268
1782,Interaction,0.6838694806362493,0.060565295082670015
1782,HGB,0.6563467983194651,0.07003195900559432
1782,MLP,0.6675231727452551,0.05515795691924609
1783,Context only,0.7171696961411462,0.04995878640423417
1783,Driver history,0.5693579716666761,0.025043688900059837
1783,Automation only,0.5070446436878512,0.015942453029377558
1783,Additive,0.7270705522928499,0.0547674085281177
1783,Interaction,0.7210082805002858,0.05745231934152446
1783,HGB,0.7014284859842896,0.06694855121295819
1783,MLP,0.7177120299852466,0.06181751793509423
1784,Context only,0.6901952529589539,0.05697263176005297
1784,Driver history,0.43720276722070006,0.01887715686925416
1784,Automation only,0.3844067826833947,0.015030452813308568
1784,Additive,0.6913578236862059,0.04956387858257359
1784,Interaction,0.6800767397469714,0.05630336675612504
1784,HGB,0.6505808201802741,0.06885649599643877
1784,MLP,0.660440187499903,0.04521830042165264
1785,Context only,0.7020416994492525,0.04791110750271051
1785,Driver history,0.4876823367427223,0.01750696693140042
1785,Automation only,0.4862317073170732,0.01572512742297144
1785,Additive,0.6966957120377655,0.05135651668528973
1785,Interaction,0.6937145948072384,0.05173004724693624
1785,HGB,0.6708988985051141,0.06451488786439805
1785,MLP,0.6747842250196696,0.04667750217360013
1786,Context only,0.7035620130773512,0.06442240046748111
1786,Driver history,0.5701380773511409,0.02834164770590037
1786,Automation only,0.4844035197551475,0.018307158837521483
1786,Additive,0.7426716402337229,0.06163441087305373
1786,Interaction,0.7363190386755704,0.0777374785040556
1786,HGB,0.7002018989983305,0.07271444770661854
1786,MLP,0.7393386547022816,0.05772708816610196
1787,Context only,0.7163819549308261,0.04126489191109104
1787,Driver history,0.6298348692645965,0.033888708585938176
1787,Automation only,0.528136127216122,0.013975486824229633
1787,Additive,0.7482716889444019,0.05292297643496286
1787,Interaction,0.7493467372594346,0.058236505324740874
1787,HGB,0.6954309410919094,0.05807070025670484
1787,MLP,0.7458139917848909,0.06059195128722588
1788,Context only,0.7057033318962863,0.06926215964253371
1788,Driver history,0.4956220360904108,0.019404990044793978
1788,Automation only,0.4541022048407957,0.018211045496451157
1788,Additive,0.727149411837162,0.05895824515850956
1788,Interaction,0.7170711954178727,0.0674185448302296
1788,HGB,0.7005222639650182,0.09595958848382669
1788,MLP,0.726148303257991,0.051833504850153526
1789,Context only,0.6993657930328617,0.06863044576551743
1789,Driver history,0.5292081059270444,0.032761609656832724
1789,Automation only,0.46448159801597677,0.02042007250146956
1789,Additive,0.739608762769197,0.06994181355048294
1789,Interaction,0.7348449700681305,0.07934589045549728
1789,HGB,0.6914832654277769,0.08303549133624337
1789,MLP,0.743849556153537,0.06839725790839658
1790,Context only,0.7254554616285877,0.04633844938994608
1790,Driver history,0.5302343609128417,0.021213804850770922
1790,Automation only,0.4408173649711783,0.013201147522265769
1790,Additive,0.729069596068296,0.05229842758889865
1790,Interaction,0.7147184482646474,0.05816193745171486
1790,HGB,0.6968103894735196,0.0690789747403772
1790,MLP,0.7124336269706069,0.05609637894040764
1791,Context only,0.7440448173347843,0.05849336732541574
1791,Driver history,0.5219543554525387,0.020747054715542387
1791,Automation only,0.4837561257250978,0.017006439743660774
1791,Additive,0.737035733903274,0.05464713673454196
1791,Interaction,0.7286059314143372,0.05857284068841971
1791,HGB,0.7231939579787189,0.08408169363168463
1791,MLP,0.7233521015787223,0.05285223794333009
1792,Context only,0.7080262410003791,0.05219909258593441
1792,Driver history,0.5544246701574288,0.031071873925632022
1792,Automation only,0.4734683420028248,0.016116054953100773
1792,Additive,0.7359915946122844,0.053190434862456386
1792,Interaction,0.733339505322264,0.06358515003508157
1792,HGB,0.6889819232491646,0.05915009275424938
1792,MLP,0.7252019532191946,0.05937990509077615
1793,Context only,0.7088031184276329,0.031641232160947476
1793,Driver history,0.5467168136136629,0.020001943090616304
1793,Automation only,0.5232868172445211,0.012483073246158072
1793,Additive,0.7182769180179625,0.0411144025587106
1793,Interaction,0.718727007419282,0.04260435378039208
1793,HGB,0.6874105130471121,0.05004660208465417
1793,MLP,0.7064499112837481,0.045545533154237525
1794,Context only,0.6885912336370366,0.04806608900170696
1794,Driver history,0.5186211503609182,0.024287459621514584
1794,Automation only,0.4622397750163398,0.01461213326104561
1794,Additive,0.7160855482224188,0.04739819599418233
1794,Interaction,0.7165585252354061,0.05893393890879907
1794,HGB,0.6706976926391663,0.056316529667966575
1794,MLP,0.7047996651636141,0.05091517421292754
1795,Context only,0.7113167109906494,0.13169998134832872
1795,Driver history,0.5881743698692018,0.04512381782630648
1795,Automation only,0.5745503705552896,0.0393537205326299
1795,Additive,0.7573051782639264,0.11981632945137322
1795,Interaction,0.7492782493215544,0.1379367367049969
1795,HGB,0.719104082391661,0.11905648863245791
1795,MLP,0.7692970657863006,0.10200072662721789
1796,Context only,0.6856180204656664,0.06780760642359462
1796,Driver history,0.48249320450354594,0.026000182604458966
1796,Automation only,0.41023217891688224,0.01838249855912781
1796,Additive,0.7289552930275653,0.061366276249959065
1796,Interaction,0.7209446558017246,0.07934004678331495
1796,HGB,0.6771590178888091,0.07676604605814047
1796,MLP,0.7284896526542679,0.058521376943064016
1797,Context only,0.7094594392067685,0.042948927010513144
1797,Driver history,0.5025577798470928,0.024651821685813764
1797,Automation only,0.43041115311909267,0.012476576937771575
1797,Additive,0.7335974873809533,0.044416099432405654
1797,Interaction,0.733514059796097,0.050076899709285354
1797,HGB,0.6909652421697966,0.0620093524177275
1797,MLP,0.7249569873349933,0.05529763526070738
1798,Context only,0.689348369447983,0.0498149932279475
1798,Driver history,0.4946263561998038,0.022406943502868724
1798,Automation only,0.4532035273626021,0.016681874438107428
1798,Additive,0.70197696003045,0.04605364719288298
1798,Interaction,0.6987073062452891,0.05320291631925292
1798,HGB,0.6560680159533347,0.04953573626070759
1798,MLP,0.6849955086976725,0.04638470439957834
1799,Context only,0.7107661710442149,0.1301716986700584
1799,Driver history,0.47623873800476657,0.036755232914238836
1799,Automation only,0.49349745764211084,0.03817277824881551
1799,Additive,0.7246737982420285,0.10320353796775208
1799,Interaction,0.7110045316446975,0.10655824169827383
1799,HGB,0.6869653374649172,0.12096656196731985
1799,MLP,0.7007658886117327,0.07756977192883231
1800,Context only,0.736473643481551,0.053761132475540395
1800,Driver history,0.4949550724231996,0.02021187819778749
1800,Automation only,0.45534715368382644,0.015776930873280203
1800,Additive,0.7233703312748487,0.043303456835735575
1800,Interaction,0.7198943247047946,0.044112100712611686
1800,HGB,0.7004038109204126,0.06522422932600332
1800,MLP,0.7069767998345747,0.0461600380385223
1801,Context only,0.7174375108112784,0.05647897317659099
1801,Driver history,0.58245848469123,0.025004119742837602
1801,Automation only,0.5419330565646082,0.018230158709375936
1801,Additive,0.7381558121432278,0.05179770720424045
1801,Interaction,0.739043201868189,0.07048776121949644
1801,HGB,0.7133071700397855,0.06321014439048289
1801,MLP,0.7352739577927694,0.06863581941857133
1802,Context only,0.7207388579206319,0.06473390658524461
1802,Driver history,0.5606536185829197,0.03021735742841429
1802,Automation only,0.507574178159552,0.01843012331696593
1802,Additive,0.7651866132894186,0.06992225080944779
1802,Interaction,0.7583845941637413,0.07459451527849881
1802,HGB,0.7302367650186686,0.08964586099820472
1802,MLP,0.7753180417766116,0.07057931428253766
1803,Context only,0.7167898874950311,0.04771013010377659
1803,Driver history,0.5077491610660702,0.02334996622374524
1803,Automation only,0.4457079169478521,0.014963895573802573
1803,Additive,0.7186304962113158,0.049918373734628305
1803,Interaction,0.7105146385881873,0.052199492047964466
1803,HGB,0.6752489838807588,0.051397657377299774
1803,MLP,0.6950351905435429,0.05318363402810572
1804,Context only,0.7357554132764218,0.05089431633335143
1804,Driver history,0.5391227003621961,0.020480671566546482
1804,Automation only,0.48714122401097193,0.01602550672576498
1804,Additive,0.7333149071594449,0.04986036193300425
1804,Interaction,0.7300473608246717,0.05062903722032411
1804,HGB,0.7169786718106046,0.07168722313038031
1804,MLP,0.7236785739937001,0.04848617683249903
1805,Context only,0.7041230165642288,0.06437725428260684
1805,Driver history,0.5220093977322683,0.01995576116645199
1805,Automation only,0.5029192690837003,0.018061956108019632
1805,Additive,0.7331943995155978,0.058510650420346595
1805,Interaction,0.7231131958095902,0.05730198893717361
1805,HGB,0.7110643159894161,0.10533261347490212
1805,MLP,0.736507245294913,0.054068598464386566
1806,Context only,0.7214955888531018,0.047280030882513924
1806,Driver history,0.5665039795592757,0.03066464449743915
1806,Automation only,0.5019182692418062,0.015922102318330914
1806,Additive,0.7353194781462853,0.058492324707273786
1806,Interaction,0.733410391619854,0.060272119992739265
1806,HGB,0.7006579415566081,0.06383973040862807
1806,MLP,0.7313800932504748,0.057859618051952624
1807,Context only,0.7062873425487847,0.05735617110310297
1807,Driver history,0.5076642729003417,0.018582010197945375
1807,Automation only,0.47089648882245644,0.01661227188467461
1807,Additive,0.7178896973340526,0.05448826147703657
1807,Interaction,0.7147568007532678,0.061872408541737964
1807,HGB,0.6895419588530236,0.07006891960723859
1807,MLP,0.7091772938087375,0.04779706494703593
1808,Context only,0.715310411516024,0.06177005399637285
1808,Driver history,0.47529448783931016,0.01913763012519256
1808,Automation only,0.42839945699211335,0.016753811018144913
1808,Additive,0.7183044765961696,0.053774758296748076
1808,Interaction,0.7108235017439513,0.059560597190517206
1808,HGB,0.6929233249346449,0.08101834735107366
1808,MLP,0.6962813222301162,0.05135314586575039
1809,Context only,0.6942648713028519,0.04519293174940692
1809,Driver history,0.5098488608041643,0.017751716419818257
1809,Automation only,0.49401260504201683,0.014846321734433664
1809,Additive,0.7050781336156509,0.04666592659881194
1809,Interaction,0.6962088378658551,0.04762374725492939
1809,HGB,0.6714401508634951,0.04741018714802069
1809,MLP,0.6873037010079622,0.04080175343850004
1810,Context only,0.7314788916048812,0.05355062993707567
1810,Driver history,0.5410240957614756,0.017658256309872077
1810,Automation only,0.48151256000068465,0.014622760320745285
1810,Additive,0.7412620941607065,0.05028645509286837
1810,Interaction,0.7333492329235923,0.05930875858402594
1810,HGB,0.7130448255841972,0.06904200224242579
1810,MLP,0.7251138757480802,0.050031243644482845
1811,Context only,0.731975408342201,0.04222954673764982
1811,Driver history,0.5736221173133031,0.021089974194536953
1811,Automation only,0.5404924317532326,0.014453041831833914
1811,Additive,0.7274920752671908,0.0396551413022818
1811,Interaction,0.7299906843302739,0.04124721262133606
1811,HGB,0.710808047498692,0.06386627492285805
1811,MLP,0.7230229054307202,0.04527242324531813
1812,Context only,0.7150667804526664,0.04420668093571419
1812,Driver history,0.5154730607057485,0.026936705358809033
1812,Automation only,0.4506113703413121,0.013717874083549795
1812,Additive,0.7257615173913642,0.05024098049833252
1812,Interaction,0.7208627548141113,0.052375439187800056
1812,HGB,0.683588204796447,0.062181922162665
1812,MLP,0.7105816391607365,0.0506820160087922
1813,Context only,0.6970879949134916,0.08431163815054908
1813,Driver history,0.48961855396625553,0.026704839391941508
1813,Automation only,0.48891681684779625,0.025646806646578205
1813,Additive,0.7154921133853493,0.0751060862627997
1813,Interaction,0.7035103435498609,0.07822456097899542
1813,HGB,0.678132276591534,0.08274632044561177
1813,MLP,0.6893363853788144,0.05896941766573627
1814,Context only,0.6907652205220958,0.06657705289705851
1814,Driver history,0.444398210220316,0.021296609388736742
1814,Automation only,0.370134294089266,0.018080354865063236
1814,Additive,0.7144256436490946,0.05504193194880112
1814,Interaction,0.7050600310823294,0.06359332805616674
1814,HGB,0.6758842825728022,0.08315101737002067
1814,MLP,0.7050918528899051,0.048728098794746516
1815,Context only,0.6960653159892743,0.07243940420417994
1815,Driver history,0.49974315420135773,0.026066596361992714
1815,Automation only,0.44118583255590166,0.020698189520119124
1815,Additive,0.7142305187375685,0.061928759949778464
1815,Interaction,0.7018367921705304,0.07343344316594591
1815,HGB,0.6766867332030768,0.08214089058505271
1815,MLP,0.6900183649880012,0.05630173297044106
1816,Context only,0.7014035590803607,0.07775538531350158
1816,Driver history,0.5202762549058535,0.028710927595782473
1816,Automation only,0.5002596093642625,0.02351999413550164
1816,Additive,0.7197853443443901,0.06136455419429681
1816,Interaction,0.7133494076212034,0.07348839100282574
1816,HGB,0.6830045230851547,0.07321543768631412
1816,MLP,0.7043883597721998,0.057847979636478544
1817,Context only,0.7161154305391981,0.05978084897431059
1817,Driver history,0.5012907379624787,0.019294689356440985
1817,Automation only,0.4901000662981985,0.01807786102767498
1817,Additive,0.7299680074540678,0.052989634496051666
1817,Interaction,0.7228991860145009,0.05388506810180383
1817,HGB,0.7038256259641338,0.07470997010955953
1817,MLP,0.7212238126188113,0.05065450552145213
1818,Context only,0.7148550815533493,0.06040617104186314
1818,Driver history,0.4918629303397649,0.02160797132731988
1818,Automation only,0.4413832138168217,0.01668533987877379
1818,Additive,0.7144532455191761,0.05315939936236537
1818,Interaction,0.7030741997059071,0.05406095984192569
1818,HGB,0.6855012453396043,0.0750121465373337
1818,MLP,0.692892739707518,0.050237470032387425
1819,Context only,0.7048172838282375,0.048407611285031175
1819,Driver history,0.5385514876494257,0.027081993464133244
1819,Automation only,0.4882563533497812,0.015887022764763087
1819,Additive,0.7139686958469176,0.05171457835042499
1819,Interaction,0.7139636476782095,0.05517622961023931
1819,HGB,0.6806888731018885,0.056963215049960034
1819,MLP,0.7012945799189356,0.05627845297370495
1820,Context only,0.70043517864653,0.052919328935024754
1820,Driver history,0.538321433745248,0.02636173915464518
1820,Automation only,0.4944486244450379,0.017261029548507043
1820,Additive,0.7193667292222213,0.060557993332738064
1820,Interaction,0.7148799812457154,0.06342756141104833
1820,HGB,0.6793242266643499,0.06831904637582978
1820,MLP,0.7030516572406851,0.05827175371932213
1821,Context only,0.7140078020106755,0.04681898076122353
1821,Driver history,0.5333923805547369,0.021362671786471766
1821,Automation only,0.47566451149425293,0.013971036166303854
1821,Additive,0.7290290262632216,0.05420254298953031
1821,Interaction,0.7243318556177751,0.054052827438594624
1821,HGB,0.6963811319055573,0.06512245505270993
1821,MLP,0.7134756606739365,0.04929056511576614
1822,Context only,0.6932591135380045,0.07824122056654988
1822,Driver history,0.5235380678515074,0.027998929454842517
1822,Automation only,0.46550861524052084,0.02104713737592237
1822,Additive,0.7246006699332835,0.06331963169070769
1822,Interaction,0.7126746924858585,0.07573194030694816
1822,HGB,0.6848320322232373,0.08243879625146897
1822,MLP,0.7133783069881608,0.0589633492092584
1823,Context only,0.6875963009104195,0.07203498860384741
1823,Driver history,0.4743992752044586,0.023304462728929422
1823,Automation only,0.44462073609636105,0.0200807122939026
1823,Additive,0.7093607321478819,0.05683830936830337
1823,Interaction,0.7029240303533663,0.06773504887321262
1823,HGB,0.6705927370675961,0.07979358437940184
1823,MLP,0.686505221523296,0.05045933400358053
1824,Context only,0.702389668006681,0.05977713890434714
1824,Driver history,0.5032966984792225,0.021323803725451555
1824,Automation only,0.43496418347529886,0.01661179693078586
1824,Additive,0.6985038819501375,0.04536877639397121
1824,Interaction,0.6876675931324626,0.05127632474618127
1824,HGB,0.6683884463577765,0.0619515764409033
1824,MLP,0.6745173317785075,0.042928440994210136
1825,Context only,0.7094325614336163,0.10059385290249075
1825,Driver history,0.49875573218511904,0.02605785831980535
1825,Automation only,0.48043821202023884,0.02672065651762199
1825,Additive,0.7405985671129216,0.07923665429192636
1825,Interaction,0.7304134265549851,0.08874800408571816
1825,HGB,0.7051875666616638,0.10392299788529692
1825,MLP,0.7425362036358842,0.06748586605318135
1826,Context only,0.6973545149864798,0.07532765592086946
1826,Driver history,0.5270744651243185,0.024579316487238427
1826,Automation only,0.5470640063748567,0.023380649181501643
1826,Additive,0.7141405149103096,0.05681278906054405
1826,Interaction,0.7078678286522861,0.06484749039021605
1826,HGB,0.6827899007151207,0.06623146067971286
1826,MLP,0.6960457064929206,0.047649726883022936
1827,Context only,0.6822690629893581,0.060418452474328165
1827,Driver history,0.5287864322009523,0.03191661201461675
1827,Automation only,0.46666154005944194,0.01931097827189056
1827,Additive,0.7304636317151896,0.06941038570066826
1827,Interaction,0.728687162442875,0.0791988458128095
1827,HGB,0.6872707008404972,0.07583759798496456
1827,MLP,0.7397762136077466,0.06983744291665579
1828,Context only,0.7139358287598452,0.0600134138567025
1828,Driver history,0.5596665461675814,0.0242970747940668
1828,Automation only,0.5098300962897236,0.018326289288908407
1828,Additive,0.7403921697503478,0.06916633843364757
1828,Interaction,0.7359941722260563,0.07920435482952853
1828,HGB,0.7061036073044353,0.08646272996795379
1828,MLP,0.7290310778095457,0.06058432245284981
1829,Context only,0.7065375229603478,0.07070461278960564
1829,Driver history,0.540806400106614,0.025819431624093496
1829,Automation only,0.5018585152245494,0.021543411624550375
1829,Additive,0.734546790077358,0.06919001440516613
1829,Interaction,0.7322450977064169,0.08347374230497497
1829,HGB,0.7020323601037475,0.08889108124348094
1829,MLP,0.7295404598732953,0.06347993207811173
1830,Context only,0.6933530392336151,0.0840516140550409
1830,Driver history,0.5319284820009285,0.02833687012056456
1830,Automation only,0.5007942732145118,0.02393497407845904
1830,Additive,0.7469839773798304,0.08035886468309272
1830,Interaction,0.7406909842868599,0.10430610390153962
1830,HGB,0.7061421216256136,0.09675369857560259
1830,MLP,0.75643753428897,0.07608005898135262
1831,Context only,0.7189649765630157,0.03690945297749769
1831,Driver history,0.5472769635351333,0.023470738445410783
1831,Automation only,0.5020892475957835,0.013719853428382155
1831,Additive,0.7285213243546577,0.04338961397503828
1831,Interaction,0.7254805682093264,0.04489462120984059
1831,HGB,0.6833624920226228,0.045518103211136925
1831,MLP,0.7142929843093242,0.045787909559954425
1832,Context only,0.7186633582906243,0.05525234228263933
1832,Driver history,0.5414441278131129,0.023785944652662233
1832,Automation only,0.4882408902276495,0.01761716292908218
1832,Additive,0.72578951360371,0.05495492831783722
1832,Interaction,0.7197256503884453,0.06335882094917468
1832,HGB,0.6950406865241465,0.06670149832511725
1832,MLP,0.7156814857353372,0.05620892415865134
1833,Context only,0.7113916981616274,0.060246857695333576
1833,Driver history,0.5423326538587159,0.02308970183872127
1833,Automation only,0.47348937190882795,0.016818501456764567
1833,Additive,0.7303404371967153,0.05346381577835585
1833,Interaction,0.7205926739221724,0.0595043847109407
1833,HGB,0.6999222832680104,0.07073643676715897
1833,MLP,0.7170899531075028,0.05092841773359607
1834,Context only,0.7162581895913532,0.06602027648602177
1834,Driver history,0.501387140953509,0.023143574262417616
1834,Automation only,0.45577782610305,0.019567949468906474
1834,Additive,0.7238650244299674,0.06564625282952574
1834,Interaction,0.7177885327213503,0.07241319385908808
1834,HGB,0.6976136826325141,0.08462957135805223
1834,MLP,0.7080396801895172,0.05237536312659924
1835,Context only,0.743940147033884,0.05186884618896942
1835,Driver history,0.5343312865503932,0.01884639936631164
1835,Automation only,0.49607309179887915,0.016134637689627588
1835,Additive,0.7253840941754607,0.044916115574515164
1835,Interaction,0.7195149304179767,0.045412630578030244
1835,HGB,0.7113787923902501,0.0623706168750637
1835,MLP,0.7167557982414391,0.046622463854260984
1836,Context only,0.7234871272257741,0.047953869514142655
1836,Driver history,0.5373613469515337,0.01827254789609816
1836,Automation only,0.4977675008414668,0.015110192540755808
1836,Additive,0.7163358824107434,0.04434510981069728
1836,Interaction,0.7049626308719819,0.043277392131971106
1836,HGB,0.6909724954858698,0.05287138941592637
1836,MLP,0.7031494200437607,0.041966942001408734
1837,Context only,0.7140848939591465,0.06723294833626664
1837,Driver history,0.5549258469653213,0.03519955700922679
1837,Automation only,0.4671346851546936,0.02091645764664912
1837,Additive,0.7448831634864337,0.08035171629339805
1837,Interaction,0.7338806095003874,0.08490260057234787
1837,HGB,0.7039736015816194,0.09835682877248324
1837,MLP,0.7390278260205014,0.07217679238112051
1838,Context only,0.7081355713624652,0.0445218828709476
1838,Driver history,0.5136844540758142,0.016654168374129565
1838,Automation only,0.48139393847442813,0.013605059120270125
1838,Additive,0.7013092537851873,0.048542923694249826
1838,Interaction,0.6891695978004064,0.04731225725772799
1838,HGB,0.6730207577370553,0.06829171506483614
1838,MLP,0.6793546195594913,0.04345139100180872
1839,Context only,0.7353846020607953,0.04435564776474641
1839,Driver history,0.5704496989149748,0.028292952055868507
1839,Automation only,0.492634592234478,0.01415177342519404
1839,Additive,0.7179886894090952,0.056703877718201415
1839,Interaction,0.7134426019821847,0.058870654025414984
1839,HGB,0.6894114269078544,0.0668716597975934
1839,MLP,0.7039387210864776,0.055367948247663376
1840,Context only,0.7033110841423947,0.04559448434550323
1840,Driver history,0.5345275080906149,0.020863018086087808
1840,Automation only,0.49091161003236244,0.014158440997272611
1840,Additive,0.7157431229773463,0.04464158077230893
1840,Interaction,0.7117265372168284,0.045250586919699985
1840,HGB,0.6902967233009709,0.0670818682020136
1840,MLP,0.7080558252427185,0.04780085704315861
1841,Context only,0.7017291420584205,0.07880732407704938
1841,Driver history,0.5474579386162766,0.030249697124661433
1841,Automation only,0.4884001968344457,0.023180314664812386
1841,Additive,0.7499609893295177,0.08467276778689678
1841,Interaction,0.7420948619715788,0.09429638225869105
1841,HGB,0.7109195831674395,0.10770509498833744
1841,MLP,0.7485846613511279,0.06830148463791912
1842,Context only,0.7174779054771658,0.056522666445833536
1842,Driver history,0.5534483576088606,0.0251323128758651
1842,Automation only,0.5195730920952815,0.017925291461938154
1842,Additive,0.7440188324988621,0.060437800719278754
1842,Interaction,0.7410583560916402,0.06933192970331842
1842,HGB,0.7139664883932636,0.0704633130108041
1842,MLP,0.7368727241693218,0.05698720598085545
1843,Context only,0.7435690674690648,0.04504404573426814
1843,Driver history,0.5447943623879783,0.01951941183541188
1843,Automation only,0.5328525435088184,0.015717513595198556
1843,Additive,0.7313309457768322,0.05003489766182995
1843,Interaction,0.7333212901108503,0.05183836005235094
1843,HGB,0.7163566566564589,0.06611179172451975
1843,MLP,0.7181300252858247,0.05182560371208298
1844,Context only,0.7036529027188216,0.09273177370370157
1844,Driver history,0.4916439847001829,0.026585220680154606
1844,Automation only,0.45429079171212317,0.025343551000923895
1844,Additive,0.735993940781691,0.0823790841338147
1844,Interaction,0.7209823305409881,0.08345767679541767
1844,HGB,0.702416918429003,0.12525621462864736
1844,MLP,0.7417387756656124,0.06877658916414296
1845,Context only,0.6907046286043954,0.07098787086284986
1845,Driver history,0.5219832132316141,0.03342002228553212
1845,Automation only,0.4332139482828022,0.020849709176377147
1845,Additive,0.723716476331421,0.06558394409532352
1845,Interaction,0.7113637965282182,0.07244670894951268
1845,HGB,0.6755143889145695,0.07653133520869956
1845,MLP,0.7099686815805409,0.0658160804445921
1846,Context only,0.7175832445073739,0.06884127729675275
1846,Driver history,0.490326614378669,0.020280989283944454
1846,Automation only,0.4571704026600061,0.019103388037446548
1846,Additive,0.7184930874842897,0.05835156038979603
1846,Interaction,0.7073251984663601,0.0616278150628296
1846,HGB,0.6893668167427653,0.0820375473497959
1846,MLP,0.7018725042556915,0.04936234781381054
1847,Context only,0.6856137720524956,0.0633022461030566
1847,Driver history,0.4462374610047332,0.02216516089405069
1847,Automation only,0.3749495750860586,0.016716661556069067
1847,Additive,0.7225190942340791,0.06111921180865459
1847,Interaction,0.7097555400172118,0.06709390076140682
1847,HGB,0.6729754397052495,0.08992067433798284
1847,MLP,0.7162543029259897,0.056610955133262586
1848,Context only,0.6967412664763859,0.07686368327880166
1848,Driver history,0.51303086406924,0.024846675384806827
1848,Automation only,0.4595393308763081,0.02128300800318574
1848,Additive,0.7379850546364803,0.07371627043915029
1848,Interaction,0.7307228018399978,0.090305601511035
1848,HGB,0.7032820279232596,0.10465292228870604
1848,MLP,0.7332291868724656,0.06134356861172657
1849,Context only,0.6859258577037125,0.0757768312273482
1849,Driver history,0.5669469395715726,0.03285460502422201
1849,Automation only,0.5539305024325233,0.02340510941981136
1849,Additive,0.7321199611374167,0.06910466359198132
1849,Interaction,0.7317985141201923,0.09310851317494553
1849,HGB,0.6888362173270778,0.07311562173409906
1849,MLP,0.7329116598584912,0.06547759187877265
1850,Context only,0.6747484980268424,0.07024250093984655
1850,Driver history,0.4500852785689023,0.01981073120931381
1850,Automation only,0.41126084305951116,0.018865873764713267
1850,Additive,0.7142266292511308,0.06190834740757326
1850,Interaction,0.7067906405316356,0.07760387095654167
1850,HGB,0.6699149308464102,0.09593150237513466
1850,MLP,0.7019781603097485,0.05131564712764114
1851,Context only,0.7060569151919213,0.050232689642078256
1851,Driver history,0.48293702711348857,0.01951876496243566
1851,Automation only,0.4155272397864307,0.014039263492912561
1851,Additive,0.7144288907287408,0.048566152626503815
1851,Interaction,0.7063653088488964,0.04765105784224292
1851,HGB,0.6788807205606282,0.07007037785446807
1851,MLP,0.7055015940462487,0.045858110026130806
1852,Context only,0.7092183382647148,0.0472989109247836
1852,Driver history,0.5576179592929025,0.027913975382255186
1852,Automation only,0.4780036645452015,0.015203003038850832
1852,Additive,0.7184455249601281,0.0495532463999603
1852,Interaction,0.712973310111598,0.051351627082262256
1852,HGB,0.6810406186132134,0.05782236014930424
1852,MLP,0.7077807919992921,0.055773404308510056
1853,Context only,0.7628855611966754,0.045654426576305786
1853,Driver history,0.5794416761594696,0.024192953323213317
1853,Automation only,0.5349806605579475,0.015233822243798182
1853,Additive,0.7468744321225869,0.05056211648561095
1853,Interaction,0.74811824905861,0.05209237133114588
1853,HGB,0.7330965866487573,0.06480053916870214
1853,MLP,0.739999623620407,0.053886193246547004
1854,Context only,0.7093312060302418,0.04557014579731221
1854,Driver history,0.5702701832190445,0.031254740033730785
1854,Automation only,0.5032131833515094,0.01595636093187889
1854,Additive,0.739330670726507,0.05217188233562968
1854,Interaction,0.7347796816848096,0.055478141052280175
1854,HGB,0.6887537675402702,0.054399674509590296
1854,MLP,0.7283029601389249,0.05601402769179914
1855,Context only,0.7134846047599952,0.061445008655351956
1855,Driver history,0.485005561675447,0.01896588997653225
1855,Automation only,0.4414270690738581,0.01735006261510762
1855,Additive,0.7300592041887712,0.057320741567830034
1855,Interaction,0.7215665104173867,0.061166307622631616
1855,HGB,0.6990893524642678,0.08202392709880188
1855,MLP,0.7233986369286032,0.04948186707771183
1856,Context only,0.7526281627870783,0.04185862600449263
1856,Driver history,0.5486365616650766,0.019735423104587514
1856,Automation only,0.48998651370048746,0.012832448004362342
1856,Additive,0.7389716579508008,0.0451803057767858
1856,Interaction,0.7428067430456552,0.04961006791585153
1856,HGB,0.7292163424177172,0.06423236793471283
1856,MLP,0.7317267408178914,0.06325015800107482
1857,Context only,0.7167823973499122,0.08571273765019201
1857,Driver history,0.5588052748965797,0.02817841549524362
1857,Automation only,0.5014328748871,0.02386129956691352
1857,Additive,0.7377916637042772,0.07796758123031154
1857,Interaction,0.7307235340121814,0.09681347966131154
1857,HGB,0.7150016721042972,0.09843567737669862
1857,MLP,0.7306595463989193,0.06523017458717635
1858,Context only,0.721802424309788,0.0381075807928965
1858,Driver history,0.5891378447972435,0.02139782591434186
1858,Automation only,0.5546445354229574,0.013645849846792405
1858,Additive,0.7143115170152461,0.050661526924966276
1858,Interaction,0.7124108482614253,0.05024051039105712
1858,HGB,0.6975204238528372,0.06223777882934065
1858,MLP,0.7078864168256732,0.051695653638290026
1859,Context only,0.6994116365600956,0.054682610777641874
1859,Driver history,0.47358481687710763,0.016067046470062893
1859,Automation only,0.44800651800730223,0.015253939135992964
1859,Additive,0.7048008435068274,0.042449251451884516
1859,Interaction,0.6984564173616012,0.043400171011066996
1859,HGB,0.6789152920468111,0.07031268723531242
1859,MLP,0.6851561968995896,0.04104281057131999
1860,Context only,0.7049578728831706,0.06758036275158039
1860,Driver history,0.5613322409764181,0.031015452613122996
1860,Automation only,0.5030769087540614,0.019146108030764806
1860,Additive,0.7542010743578524,0.07071807316814097
1860,Interaction,0.7547581763846088,0.09194148926040328
1860,HGB,0.7115311926861739,0.07977092988039476
1860,MLP,0.7639611592637763,0.07112445601692438
1861,Context only,0.6993432441249426,0.06796402514146196
1861,Driver history,0.4943159775695661,0.022131062354585073
1861,Automation only,0.46037863113221966,0.018523849139296285
1861,Additive,0.7241460006113116,0.06058706554801411
1861,Interaction,0.7193870278499466,0.07884302830467547
1861,HGB,0.6872088554953388,0.08192999942850925
1861,MLP,0.7120898628075661,0.059192817836892266
1862,Context only,0.7152358147443083,0.05381945992489778
1862,Driver history,0.5131349177395569,0.01681715862688014
1862,Automation only,0.5089059283678582,0.016373540290394485
1862,Additive,0.721825052013894,0.05425561624741845
1862,Interaction,0.7202432989964248,0.06275012955087439
1862,HGB,0.6992904884773472,0.07698089619576554
1862,MLP,0.7133299283855462,0.051062985107750425
1863,Context only,0.7086349846251941,0.048969257962707964
1863,Driver history,0.47816715859189407,0.01744992068168478
1863,Automation only,0.42112282361652453,0.01401677971275003
1863,Additive,0.6886177072513548,0.03864099732305113
1863,Interaction,0.673064368501702,0.04426629948122682
1863,HGB,0.6462297273671544,0.042308212627747366
1863,MLP,0.6628151835206763,0.03948413706030357
1864,Context only,0.6967607176038902,0.06982709854341788
1864,Driver history,0.4621265424823945,0.021355545596616426
1864,Automation only,0.4129960923341228,0.019671294704660263
1864,Additive,0.691183407359637,0.05368486579931406
1864,Interaction,0.6807732849891479,0.0643627139353038
1864,HGB,0.6599647232315833,0.07217285752025092
1864,MLP,0.6526120376203749,0.04611982882369664
1865,Context only,0.6989357425573877,0.07670367858988045
1865,Driver history,0.46729382482978143,0.02272165571128653
1865,Automation only,0.4411021549297696,0.021439138594086728
1865,Additive,0.71200621222103,0.06392364180675875
1865,Interaction,0.7025745240860013,0.07818151144525834
1865,HGB,0.679775679903381,0.08783245154698696
1865,MLP,0.6928251576058947,0.05432527474329349
1866,Context only,0.7152476156754012,0.05328602636914935
1866,Driver history,0.4847426165208341,0.015863535133629765
1866,Automation only,0.4757373674362882,0.01577368853936973
1866,Additive,0.7035367959457695,0.04173291734069115
1866,Interaction,0.7036437237975889,0.04780948131647336
1866,HGB,0.6883619208090109,0.06612671025828726
1866,MLP,0.6910084776396842,0.042361877967865925
1867,Context only,0.6939019523983415,0.08111348510330212
1867,Driver history,0.4980661728585427,0.02370865394961564
1867,Automation only,0.4049110275421577,0.02041004803037188
1867,Additive,0.7398796075720486,0.07213322578108738
1867,Interaction,0.725705327928845,0.07879047613106807
1867,HGB,0.6991151721756018,0.10547258785725504
1867,MLP,0.7380469713315889,0.060632618727525935
1868,Context only,0.6894374568160642,0.0874816715728138
1868,Driver history,0.5943145187402895,0.03410348637990744
1868,Automation only,0.545529315302808,0.024118793745116544
1868,Additive,0.750923487297835,0.07078163894231866
1868,Interaction,0.747232481705532,0.09518039583781
1868,HGB,0.7039828500568114,0.07875193010071106
1868,MLP,0.748041971440667,0.06407308051510657
1869,Context only,0.7108292354035386,0.05330951184817781
1869,Driver history,0.5343230450622091,0.020861008606619005
1869,Automation only,0.47132079388271336,0.015201471679615006
1869,Additive,0.7218469809414082,0.05224742850428178
1869,Interaction,0.7157724973127451,0.06336467560584567
1869,HGB,0.6847224323037016,0.06154688340501136
1869,MLP,0.7018341722289091,0.05224765196240842
1870,Context only,0.7108358384121233,0.05878341543907967
1870,Driver history,0.5051088165046944,0.026283047788510316
1870,Automation only,0.436303567506726,0.017114354702465324
1870,Additive,0.731260294844342,0.053455684714015836
1870,Interaction,0.726533931806951,0.06128758894875703
1870,HGB,0.6853428869488827,0.06813425282017445
1870,MLP,0.7258788365453248,0.055330577531870935
1871,Context only,0.6918569493820891,0.06149844590009452
1871,Driver history,0.4961760622989673,0.022590842325037372
1871,Automation only,0.4880672083968174,0.01959200445233151
1871,Additive,0.7073966480446927,0.056936479513345316
1871,Interaction,0.701851024208566,0.06452793492950536
1871,HGB,0.6703236837650246,0.06393151099733482
1871,MLP,0.6831775859150161,0.04981294855431429
1872,Context only,0.708991129222948,0.04442738941448915
1872,Driver history,0.5592512764904088,0.025612790660763593
1872,Automation only,0.47037678634764873,0.014206902121168055
1872,Additive,0.7245941924304673,0.04932704305033461
1872,Interaction,0.7149710988531908,0.04834861962494294
1872,HGB,0.6936046629769752,0.05733303429707691
1872,MLP,0.716750057266574,0.052096468618442415
1873,Context only,0.7215308594667423,0.04614165858561558
1873,Driver history,0.5538976731126819,0.022732733611059923
1873,Automation only,0.5044952436282985,0.014599408124791177
1873,Additive,0.7262227769017099,0.04461437071613712
1873,Interaction,0.7165855396411398,0.043852159722088446
1873,HGB,0.6973527838062628,0.059864575466930164
1873,MLP,0.711230979369337,0.04560734362497657
1874,Context only,0.7196066772658153,0.0472427766726874
1874,Driver history,0.5276117882056603,0.022319335467511796
1874,Automation only,0.4708938109743731,0.014073905989579076
1874,Additive,0.7209962078528018,0.05317313480654831
1874,Interaction,0.7122969252245559,0.054349816352752406
1874,HGB,0.6928899960723129,0.06948626093662355
1874,MLP,0.7008576604242496,0.049736596504947016
1875,Context only,0.7071605844857575,0.07560716552643221
1875,Driver history,0.46453621572884907,0.02275401115888881
1875,Automation only,0.41821883641712787,0.020837948131452518
1875,Additive,0.7259216310564264,0.06799185933768111
1875,Interaction,0.7184767340364397,0.0830854957087763
1875,HGB,0.6934993774885051,0.09419633145083547
1875,MLP,0.7163884882626793,0.058066867320911306
1876,Context only,0.6802117209404752,0.05568056626852557
1876,Driver history,0.42772860080929,0.015621607282691956
1876,Automation only,0.4044994632260703,0.014884324194070035
1876,Additive,0.7142040606062989,0.053462827797126924
1876,Interaction,0.711240596625206,0.06771032139866794
1876,HGB,0.6730797060130477,0.08829384491401325
1876,MLP,0.7049750881842884,0.04580138130740468
1877,Context only,0.6886596547213308,0.09335136430981766
1877,Driver history,0.5624663432489984,0.033510958381854014
1877,Automation only,0.47391403816484917,0.025184676471543103
1877,Additive,0.7546823799942513,0.09471360757568341
1877,Interaction,0.744203647541224,0.11355703548809806
1877,HGB,0.7085918426007942,0.11375559046804581
1877,MLP,0.765898833232632,0.08328996146313994
1878,Context only,0.6959888100916077,0.06861427720826554
1878,Driver history,0.5746092673792547,0.03806086719572421
1878,Automation only,0.4933046257871497,0.020976373329230594
1878,Additive,0.7513997263587502,0.08256989788284486
1878,Interaction,0.7495979614481219,0.09799929797630719
1878,HGB,0.708451196991886,0.1055940693959221
1878,MLP,0.7655713832604689,0.07500756646201273
1879,Context only,0.7107381821762149,0.054116147123560436
1879,Driver history,0.4497734599780697,0.01615878204945584
1879,Automation only,0.42909894800266934,0.015006030258522271
1879,Additive,0.6986405494857827,0.05022517343167266
1879,Interaction,0.6866487392610183,0.048956401287800946
1879,HGB,0.6732412642818253,0.07706518306591574
1879,MLP,0.6688949694145725,0.04223355344191917
1880,Context only,0.737310333135543,0.05245195964520271
1880,Driver history,0.5128010416960997,0.022059415909132397
1880,Automation only,0.47903727878085767,0.01648189299039933
1880,Additive,0.7234089646143559,0.05101083186279361
1880,Interaction,0.7200535917794543,0.052713907309590254
1880,HGB,0.7001471654752149,0.07170432273581553
1880,MLP,0.7095217239787893,0.05378168578513604
1881,Context only,0.7098239281735478,0.0515026825816912
1881,Driver history,0.5411098732595281,0.03297943784812844
1881,Automation only,0.46042535960502035,0.015371506754359738
1881,Additive,0.7307445334692686,0.05290499988095819
1881,Interaction,0.7312699123957362,0.06622994816220683
1881,HGB,0.6832719432031671,0.061329141962966294
1881,MLP,0.7252814970421742,0.06351412280805789
1882,Context only,0.6899301575823316,0.07880911617758235
1882,Driver history,0.47698514568079786,0.02249958736484559
1882,Automation only,0.42909036126427436,0.02099734500330775
1882,Additive,0.7069068667329537,0.06191336074355036
1882,Interaction,0.6963587935761849,0.07720888834625114
1882,HGB,0.6674216155955287,0.08401296031976092
1882,MLP,0.6779724607550695,0.049006545054538005
1883,Context only,0.7403670075922235,0.043719328384197606
1883,Driver history,0.6041679311259291,0.02913229417038468
1883,Automation only,0.554183378033677,0.015429098422279514
1883,Additive,0.759644201668266,0.053427695218973476
1883,Interaction,0.7706440403642736,0.05662966322184831
1883,HGB,0.7289045818535742,0.06044836650735813
1883,MLP,0.7507527975306819,0.05315796069227717
1884,Context only,0.7030346058021197,0.08567338013653532
1884,Driver history,0.484104283155769,0.022942477363677077
1884,Automation only,0.4451586280388597,0.022153493914813204
1884,Additive,0.7223911512580201,0.06326912254500128
1884,Interaction,0.7057480618614576,0.06553125534182051
1884,HGB,0.6851721844516702,0.0836299746569601
1884,MLP,0.6955484602945523,0.0494721004573538
1885,Context only,0.687770818152907,0.08105204798814195
1885,Driver history,0.544116438533068,0.029663462408515702
1885,Automation only,0.42461416606727626,0.022272929174471975
1885,Additive,0.7358600606669187,0.07648551960685089
1885,Interaction,0.7219442894334319,0.08807978730310875
1885,HGB,0.6943105001459668,0.09349261579982975
1885,MLP,0.7306579519605871,0.06241056500050236
1886,Context only,0.7155057321143521,0.07562684026575911
1886,Driver history,0.5236003482803657,0.024778040604231007
1886,Automation only,0.45475821925538956,0.020269834919637634
1886,Additive,0.7384133894451701,0.06731570151758827
1886,Interaction,0.7303097437881939,0.0823778577793371
1886,HGB,0.70059062545349,0.09031117639295591
1886,MLP,0.7317915477514955,0.060646848913381
1887,Context only,0.7379676743489973,0.05340622136411036
1887,Driver history,0.5692036886589416,0.020200305209498174
1887,Automation only,0.5051448335495028,0.015786496125932616
1887,Additive,0.7500579619256662,0.04765287126848839
1887,Interaction,0.7473641576754417,0.05644699953556055
1887,HGB,0.7318455647249422,0.06707285775370685
1887,MLP,0.7475190395423859,0.050302917867078044
1888,Context only,0.6950981134319965,0.07595124583005304
1888,Driver history,0.4385251353148876,0.02388296399694831
1888,Automation only,0.4186466889082346,0.02194516600814729
1888,Additive,0.6671963458221359,0.05254575839680091
1888,Interaction,0.6520381044560639,0.051726216517874915
1888,HGB,0.6429123927349017,0.07653041727381896
1888,MLP,0.6084461633295303,0.045479374521798115
1889,Context only,0.715446117272138,0.04358418267209347
1889,Driver history,0.563617662806098,0.02191360643845823
1889,Automation only,0.5135998585909821,0.014524816076348538
1889,Additive,0.7102408820643668,0.04263255948426824
1889,Interaction,0.7107629682572619,0.04506382681376275
1889,HGB,0.6894476082150441,0.05116954689124238
1889,MLP,0.7035798000292041,0.050394980423530925
1890,Context only,0.7032928465940038,0.06383192435892679
1890,Driver history,0.5181799123629619,0.02254965463379903
1890,Automation only,0.49277359433522566,0.019096589241520624
1890,Additive,0.7177651245018708,0.05777064650441597
1890,Interaction,0.7120879964211444,0.06550408300469875
1890,HGB,0.6857328698790264,0.07330911336237776
1890,MLP,0.7053323450301264,0.052138485348004
1891,Context only,0.6838682482575191,0.06819357211014948
1891,Driver history,0.5571803868485733,0.025547903287996603
1891,Automation only,0.4933880715752977,0.019942639354435115
1891,Additive,0.7248306498533585,0.061694741307855655
1891,Interaction,0.7105847552215059,0.06511337872776672
1891,HGB,0.6837012728719173,0.08356067274445024
1891,MLP,0.713609607095786,0.05206662652519699
1892,Context only,0.7256081955497179,0.040090737989294765
1892,Driver history,0.6016939658502666,0.02750511866401588
1892,Automation only,0.5110518233794329,0.01294974031816148
1892,Additive,0.725539142779881,0.046575938093113195
1892,Interaction,0.721923771536738,0.047859576672146645
1892,HGB,0.6959811770841382,0.05051218311946295
1892,MLP,0.7210169106853126,0.05526828797100703
1893,Context only,0.6945769564365855,0.07266657503858931
1893,Driver history,0.5380523146464222,0.03315610382947624
1893,Automation only,0.4761247845870548,0.0223105900665548
1893,Additive,0.7203548782547691,0.06275476537708717
1893,Interaction,0.7093995173092009,0.06811579578793062
1893,HGB,0.6736592325237019,0.07090316777901454
1893,MLP,0.7025746963493529,0.06037095673221525
1894,Context only,0.6886023781253764,0.06277805553039718
1894,Driver history,0.5151352291471542,0.029472638632041442
1894,Automation only,0.44316384212040094,0.018562527508220718
1894,Additive,0.7281079227416536,0.06324701700259695
1894,Interaction,0.7206907232460895,0.06309586760549153
1894,HGB,0.6871524628125991,0.08574771461974637
1894,MLP,0.7349812311481817,0.05820452335382291
1895,Context only,0.7000478132170362,0.07195919481506892
1895,Driver history,0.49343628443717014,0.027978184193590307
1895,Automation only,0.3947010201016218,0.019626659127540146
1895,Additive,0.7312756385022972,0.06753397179221764
1895,Interaction,0.7190209523538218,0.07848788633942375
1895,HGB,0.6907732792421362,0.08702714664219327
1895,MLP,0.7306589548296205,0.06233600613374115
1896,Context only,0.7384637410519764,0.03967807771482472
1896,Driver history,0.521843137254902,0.019413232944271466
1896,Automation only,0.47193277310924364,0.011444686939675314
1896,Additive,0.6956330532212885,0.035123531640987554
1896,Interaction,0.6916442577030812,0.037863328975540025
1896,HGB,0.6766912542794896,0.037072943396376436
1896,MLP,0.678790227201992,0.04420538169828198
1897,Context only,0.6809800781564741,0.07406265906645942
1897,Driver history,0.4724903815163968,0.024836209139408375
1897,Automation only,0.38299706409636625,0.01939885228752586
1897,Additive,0.7205008409878334,0.06206451387663377
1897,Interaction,0.7052270918942873,0.0694589358230221
1897,HGB,0.6701575215534606,0.08362637193003772
1897,MLP,0.7136296682378536,0.05433736695673168
1898,Context only,0.7037431539815935,0.06305212482642485
1898,Driver history,0.5821220847158731,0.03175140462142695
1898,Automation only,0.5018454070235274,0.018412585215493833
1898,Additive,0.7389122299825729,0.060734106870589104
1898,Interaction,0.7354732434167205,0.07231604046500802
1898,HGB,0.7026563469358277,0.07473251745822604
1898,MLP,0.7434385431832171,0.06506397932848755
1899,Context only,0.7193424493804735,0.06176459980295691
1899,Driver history,0.5171927731548248,0.023545474776351702
1899,Automation only,0.4880646731768672,0.018857575332184476
1899,Additive,0.7111657532588109,0.04810713591532327
1899,Interaction,0.7028613652580205,0.04872410600817341
1899,HGB,0.6861247133832498,0.06081249295930657
1899,MLP,0.6896605272754637,0.04637697256261701
1900,Context only,0.7047782946628851,0.048291591366569846
1900,Driver history,0.5121152578204309,0.018061743900585257
1900,Automation only,0.47952140741593496,0.014055677426001023
1900,Additive,0.7324988749463638,0.04665108496017035
1900,Interaction,0.7370217649911217,0.05726644043365689
1900,HGB,0.6988809204857441,0.06815447326722651
1900,MLP,0.7324535239470719,0.05068268183731939
1901,Context only,0.7017737894905162,0.05970554750780231
1901,Driver history,0.49275845395914086,0.017770655990932173
1901,Automation only,0.48571735869457616,0.01734671148493502
1901,Additive,0.7236965940500575,0.048726241826916254
1901,Interaction,0.7202499067228106,0.05527132269821393
1901,HGB,0.6934441364816605,0.07141589609226404
1901,MLP,0.7142169665496577,0.04501562177054839
1902,Context only,0.6927982254341407,0.10344398010015057
1902,Driver history,0.4638458792600841,0.03064805040125689
1902,Automation only,0.43840217914873386,0.027951176836717447
1902,Additive,0.7164998303160345,0.08100079936978967
1902,Interaction,0.7061041460752177,0.09963097185755743
1902,HGB,0.6719269021807126,0.09983554771011871
1902,MLP,0.7016606938432088,0.06647267023802998
1903,Context only,0.7083135299369625,0.0411677266776453
1903,Driver history,0.5877637619974907,0.029034240233699844
1903,Automation only,0.5001503294258907,0.01435682289272889
1903,Additive,0.7128099431971244,0.04274626642803829
1903,Interaction,0.7119493372997852,0.0462125020031093
1903,HGB,0.6774757933545252,0.03861212890860464
1903,MLP,0.708833068432841,0.05395154853922382
1904,Context only,0.6838589288602609,0.06539825420930807
1904,Driver history,0.49467129863086684,0.028717325855444367
1904,Automation only,0.46123465394264035,0.021029804576921305
1904,Additive,0.713951433355851,0.06601115973455929
1904,Interaction,0.7093361194891361,0.07310877201276998
1904,HGB,0.6714137956734505,0.07822900343979564
1904,MLP,0.7070280661192672,0.062354083830643586
1905,Context only,0.7165995231034897,0.06507186859359324
1905,Driver history,0.5509039111945976,0.027058023464954138
1905,Automation only,0.47981607389336184,0.018172861971626028
1905,Additive,0.7530273674013077,0.06780515382586946
1905,Interaction,0.746080666788746,0.07327342268764882
1905,HGB,0.7195121951219512,0.09113789192924066
1905,MLP,0.7538323681856338,0.0649402909648792
1906,Context only,0.7152428955204712,0.04343926838857937
1906,Driver history,0.5016587741316535,0.016261854714105177
1906,Automation only,0.44733206439388495,0.01251637260038162
1906,Additive,0.7150576821153336,0.045167961057270334
1906,Interaction,0.7026376018194521,0.04515110680645143
1906,HGB,0.6709905490846672,0.05265372924213681
1906,MLP,0.6931291816778178,0.04250332016522004
1907,Context only,0.695533418439731,0.1016064389195508
1907,Driver history,0.5403052366371112,0.033603341102447074
1907,Automation only,0.4991198438828437,0.027866784109214573
1907,Additive,0.7544601752375657,0.09500746812495753
1907,Interaction,0.7484776554207605,0.11297912463545562
1907,HGB,0.7098094028217906,0.11556216628456224
1907,MLP,0.7546718173155381,0.08053846802797142
1908,Context only,0.7073298303413613,0.06639899032029059
1908,Driver history,0.4652381416465159,0.020726341064391637
1908,Automation only,0.38917226151820083,0.01748527279228905
1908,Additive,0.7166109343723757,0.05422863561619487
1908,Interaction,0.700694639131285,0.05647659503066006
1908,HGB,0.6784445437303384,0.07443738632816212
1908,MLP,0.7001915296616257,0.048427788381828436
1909,Context only,0.6921033191045454,0.07662358930352942
1909,Driver history,0.5096420154084732,0.021983252466680224
1909,Automation only,0.48272150623268334,0.021037453924504526
1909,Additive,0.7312418703545847,0.06419188800045966
1909,Interaction,0.7290598654425815,0.08443484964754308
1909,HGB,0.696408191988413,0.07964767420717497
1909,MLP,0.7278108501601951,0.05410029880883773
1910,Context only,0.6999141096488039,0.07427347527705348
1910,Driver history,0.5103760694636322,0.024821227905361547
1910,Automation only,0.5002887248842676,0.02119059820489284
1910,Additive,0.7266220703361691,0.06290025861191428
1910,Interaction,0.7180269759325237,0.06836806105945988
1910,HGB,0.6938028672532054,0.08182047828973851
1910,MLP,0.7128135679488112,0.05601070207244177
1911,Context only,0.7326753879966346,0.04829373229641889
1911,Driver history,0.521511293213351,0.015806248016485672
1911,Automation only,0.4778158452255263,0.013898306460387908
1911,Additive,0.7437001093079572,0.052233843035112484
1911,Interaction,0.7376525125680844,0.05743888430363463
1911,HGB,0.7136616301102634,0.07132153057885562
1911,MLP,0.7326970631352505,0.04640098902306868
1912,Context only,0.7165668701462011,0.05140430262620495
1912,Driver history,0.5087631795318244,0.01907307512554223
1912,Automation only,0.48327944062128625,0.014988850501254012
1912,Additive,0.7284483130890197,0.0503347075701175
1912,Interaction,0.7273695951828206,0.055922021016636944
1912,HGB,0.7074605995909682,0.08376210115552486
1912,MLP,0.7220744634911422,0.048327040084637535
1913,Context only,0.6868468200591705,0.11193109006397665
1913,Driver history,0.4539221751692922,0.03089174916087449
1913,Automation only,0.43306957809462215,0.02956696392842895
1913,Additive,0.7216682812374059,0.08792540319966469
1913,Interaction,0.7141575560289901,0.10890109146797868
1913,HGB,0.6783613018186989,0.10880652058515092
1913,MLP,0.7161105995722665,0.07056782479883343
1914,Context only,0.729134247214967,0.050049217102268916
1914,Driver history,0.5338789528842547,0.021317257842489237
1914,Automation only,0.49855201460516857,0.015883845946559425
1914,Additive,0.7267506933077668,0.04632558163325667
1914,Interaction,0.722916149886659,0.055519429651313096
1914,HGB,0.7011075328715002,0.05629769978694046
1914,MLP,0.710657198255551,0.04822049198625461
1915,Context only,0.6935101170912812,0.06451711107549049
1915,Driver history,0.439298520794779,0.022537475834986498
1915,Automation only,0.3821059334891891,0.017382636250126336
1915,Additive,0.7218996596531568,0.055367481949378725
1915,Interaction,0.7109409614335312,0.05876805311959025
1915,HGB,0.6776650767668047,0.08027610192909666
1915,MLP,0.7276719506618172,0.05162654583517151
1916,Context only,0.7013662384344005,0.09999956763762216
1916,Driver history,0.5255341809225854,0.029730682186494495
1916,Automation only,0.500279187297426,0.02685432107335999
1916,Additive,0.7435587227789184,0.08049332815135551
1916,Interaction,0.739759932206514,0.1022870808238767
1916,HGB,0.7080026011397909,0.1057382759486857
1916,MLP,0.7396122099959549,0.07162086571708785
1917,Context only,0.69585795107051,0.07075614454401666
1917,Driver history,0.439664181348426,0.020607542365541152
1917,Automation only,0.4230482725128189,0.01949643954706854
1917,Additive,0.7057921795874091,0.05505033813636354
1917,Interaction,0.6897297088762284,0.05278338770886756
1917,HGB,0.6672866724383842,0.076638935925465
1917,MLP,0.675761282365209,0.04530997941706276
1918,Context only,0.693764852756373,0.06764703815179055
1918,Driver history,0.49118757897026377,0.01976102554538027
1918,Automation only,0.43845405427287665,0.018099694029553665
1918,Additive,0.7255821285597299,0.057398644069783
1918,Interaction,0.7100170745589072,0.061956053223056966
1918,HGB,0.6832350268263037,0.08225351357371044
1918,MLP,0.7088595587511317,0.04864681800556359
1919,Context only,0.6991227485033622,0.09097950641356224
1919,Driver history,0.5145889003553739,0.031017868677659537
1919,Automation only,0.41913067476558014,0.025056785258205667
1919,Additive,0.731492766304753,0.08222120602499713
1919,Interaction,0.722195234563735,0.09910152966050384
1919,HGB,0.691793571879819,0.10589606400197622
1919,MLP,0.7211543567628937,0.0683945373281817
1920,Context only,0.7293855225995357,0.03470964099866691
1920,Driver history,0.5132945652412952,0.015778829393397736
1920,Automation only,0.48616538329830383,0.011686314360829347
1920,Additive,0.7019654228832276,0.03825787200261998
1920,Interaction,0.6958146797234082,0.03806778970852736
1920,HGB,0.6813476467391134,0.04951458429842897
1920,MLP,0.6869445151318083,0.04394696481379895
1921,Context only,0.6899130855804002,0.05413291612306704
1921,Driver history,0.5229053523301325,0.022476388369601627
1921,Automation only,0.44787572626190114,0.016424072708948283
1921,Additive,0.7316152470983383,0.052577707738924645
1921,Interaction,0.7201233798772972,0.05765831215510229
1921,HGB,0.6912978926554437,0.07152889114596736
1921,MLP,0.7344884678413262,0.05496351141996128
1922,Context only,0.6778797625050538,0.04762172088725913
1922,Driver history,0.5414662178430116,0.020958182462430804
1922,Automation only,0.5280846405095148,0.015679778279716332
1922,Additive,0.7010014491371047,0.04289446486887297
1922,Interaction,0.6992147857412178,0.057019290138902064
1922,HGB,0.6671754546156606,0.0412897000793638
1922,MLP,0.6929635080929083,0.041278848599388074
1923,Context only,0.7651551803488708,0.043966085442967026
1923,Driver history,0.4992701659024574,0.015252923724968441
1923,Automation only,0.47705044488353,0.012789505819711942
1923,Additive,0.7132182177433659,0.03772727858853407
1923,Interaction,0.7087178196788259,0.03954908661849675
1923,HGB,0.7025688863798285,0.04476379259883276
1923,MLP,0.688466912321497,0.044048583048203714
1924,Context only,0.711608897310264,0.08010504053971224
1924,Driver history,0.49355477721635277,0.02658111040796813
1924,Automation only,0.4574080985556066,0.023113977234545766
1924,Additive,0.7374210496095545,0.08354774514983924
1924,Interaction,0.7298481919563109,0.09406186607782824
1924,HGB,0.7091931748583677,0.11827673897047059
1924,MLP,0.7308593949369673,0.06900369424210215
1925,Context only,0.7160361097649917,0.13014896211658733
1925,Driver history,0.5344791737130019,0.03370160501075034
1925,Automation only,0.516363577220626,0.03487847495282715
1925,Additive,0.7530851396902458,0.10717501757314242
1925,Interaction,0.7429498759290535,0.1155190519391111
1925,HGB,0.7220417128259381,0.13377957789540604
1925,MLP,0.7468542387241079,0.08414812471315455
1926,Context only,0.7036784602378633,0.059342508091741145
1926,Driver history,0.5361118561548726,0.029238519777718158
1926,Automation only,0.4486680880969923,0.017485746532038462
1926,Additive,0.7331935668960646,0.06149911628285193
1926,Interaction,0.7207398680650101,0.06738227090891039
1926,HGB,0.6901126845680878,0.07609656840261146
1926,MLP,0.7235961960894822,0.06149029647694815
1927,Context only,0.7263578883685472,0.04083367514876735
1927,Driver history,0.5402671435133173,0.0236811474456291
1927,Automation only,0.4970272428786938,0.014431915141666756
1927,Additive,0.7385101109460974,0.051127185933524964
1927,Interaction,0.741891123363421,0.05462908285421513
1927,HGB,0.7061837143251007,0.05881986477321542
1927,MLP,0.7236973921332581,0.05592801181212295
1928,Context only,0.6680747643757281,0.07452573404213506
1928,Driver history,0.43559091390447946,0.019990833921362562
1928,Automation only,0.3603620406650429,0.018517021563732562
1928,Additive,0.7090024356666315,0.058806490862343276
1928,Interaction,0.6957434078153129,0.07286416125233261
1928,HGB,0.6571964682833846,0.0895327592664683
1928,MLP,0.6941647251932649,0.04737249018179791
1929,Context only,0.6901774236292763,0.07897369406242648
1929,Driver history,0.5017468404124068,0.033144319413307415
1929,Automation only,0.4188511193947299,0.021703950915489652
1929,Additive,0.7394377583956371,0.0778333430232817
1929,Interaction,0.7313839815063686,0.09386644698730472
1929,HGB,0.6849310183971339,0.09157791553009782
1929,MLP,0.7472185179205303,0.07170540032993826
1930,Context only,0.7016634680004137,0.0685369404905845
1930,Driver history,0.5233719111869313,0.022179530390338913
1930,Automation only,0.4449696934449959,0.018439621939922254
1930,Additive,0.732507818961952,0.06606118225880883
1930,Interaction,0.7184369184243177,0.07005458198505886
1930,HGB,0.6980614143920596,0.09684751131315868
1930,MLP,0.7228885571753515,0.05472333274978325
1931,Context only,0.7252570183998096,0.060776588623133315
1931,Driver history,0.45762561842377614,0.020032908904791105
1931,Automation only,0.3909185275794827,0.016334660342887632
1931,Additive,0.7527437083794379,0.06182736431570393
1931,Interaction,0.7500536914005052,0.0751451056149956
1931,HGB,0.721460297154667,0.09742824932710428
1931,MLP,0.7610102387166355,0.05949847697289866
1932,Context only,0.6968231401321858,0.08562447234262148
1932,Driver history,0.4727201492379429,0.028501999824348825
1932,Automation only,0.41915890223158747,0.024274013757552334
1932,Additive,0.7197467355522269,0.08255101694845238
1932,Interaction,0.7069724415445937,0.09080988277287337
1932,HGB,0.6846487650951619,0.11173995124574002
1932,MLP,0.7081357845252905,0.06787995299767678
1933,Context only,0.7020109133224809,0.05713495193460737
1933,Driver history,0.4788190626195496,0.019812693534036502
1933,Automation only,0.4340614750752711,0.01630158975555605
1933,Additive,0.6934492853838631,0.05089716119400462
1933,Interaction,0.6798577330445736,0.054825390903298916
1933,HGB,0.6650916139648271,0.06236863349810481
1933,MLP,0.6606184002650698,0.045445020754068
1934,Context only,0.7469477004695845,0.04574660483714714
1934,Driver history,0.5443004624153135,0.026114507848755374
1934,Automation only,0.4929087357063484,0.014179042186974381
1934,Additive,0.722753043935429,0.04791597313152164
1934,Interaction,0.720475021208971,0.04925889630099167
1934,HGB,0.6997493756795833,0.05980007109722435
1934,MLP,0.7084008435793574,0.052993089949991155
1935,Context only,0.7108626942310529,0.058474318251728254
1935,Driver history,0.5351139243051924,0.022770501673515076
1935,Automation only,0.5032343911300594,0.018231852092030206
1935,Additive,0.7264524594779391,0.048748083227764055
1935,Interaction,0.7145609607314751,0.047967332061820946
1935,HGB,0.697334727640805,0.06719748082159714
1935,MLP,0.7188494617168751,0.04969342139367585
1936,Context only,0.6884542737035635,0.041145542042070465
1936,Driver history,0.5220425832670731,0.023541852507812835
1936,Automation only,0.46427564943452315,0.012311027005537992
1936,Additive,0.7018173207142466,0.039084913781134746
1936,Interaction,0.6933684372976545,0.041830870690947146
1936,HGB,0.6537847754587616,0.040757752576170606
1936,MLP,0.6803875750530362,0.04184948148512208
1937,Context only,0.7337108481004382,0.059620584616585745
1937,Driver history,0.5077305521044486,0.018020491598732508
1937,Automation only,0.49285926022799104,0.0170811154110625
1937,Additive,0.7277264107761721,0.053448745263248505
1937,Interaction,0.7275646810087404,0.06351981423645957
1937,HGB,0.7104910743477408,0.07661671245206304
1937,MLP,0.7105878506506245,0.052699221506436855
1938,Context only,0.6890122052009588,0.07727078958428737
1938,Driver history,0.4761629622730933,0.02201266402859196
1938,Automation only,0.4260944413955804,0.020822199755876767
1938,Additive,0.7038995335666595,0.06213626782329742
1938,Interaction,0.6919657307050952,0.073249495930142
1938,HGB,0.6681664030296026,0.09429766374773739
1938,MLP,0.6821942564734874,0.05315822760860181
1939,Context only,0.7061783056026286,0.0589206240118588
1939,Driver history,0.4814220341860177,0.022635192602301672
1939,Automation only,0.4301751954288213,0.017199629331080234
1939,Additive,0.7192827179639152,0.05382928279439825
1939,Interaction,0.7203695525205067,0.06077827745688721
1939,HGB,0.6920537720567714,0.07913366464120251
1939,MLP,0.7205648374855065,0.05333858589979991
1940,Context only,0.7313763862937738,0.051917898874588836
1940,Driver history,0.5493238521638238,0.024099435611295576
1940,Automation only,0.5104242793532638,0.01692729737803569
1940,Additive,0.744888983485022,0.060191049137500584
1940,Interaction,0.7413752184919534,0.06270484515338891
1940,HGB,0.7125830175245614,0.06893282589819699
1940,MLP,0.7342252576698209,0.05845471160555932
1941,Context only,0.7166957314367272,0.04393026253106456
1941,Driver history,0.5043712294757546,0.021028075759817588
1941,Automation only,0.4286666586708565,0.01245499378342936
1941,Additive,0.7485985343679911,0.04961590756730853
1941,Interaction,0.7469285294505679,0.0567667854977787
1941,HGB,0.7119083200402989,0.08022529693420793
1941,MLP,0.7501975364908788,0.051208744046965744
1942,Context only,0.6914516011580374,0.07185054641884672
1942,Driver history,0.5472829220961973,0.03417300008339931
1942,Automation only,0.46278791027768096,0.020506243509632517
1942,Additive,0.7319028762654143,0.06574207826541419
1942,Interaction,0.716949156434121,0.06514168576401934
1942,HGB,0.6838599346717811,0.07629563075075604
1942,MLP,0.7268389224452094,0.06186550174019899
1943,Context only,0.6996133756999768,0.10148649751155125
1943,Driver history,0.5073358961711337,0.02873295379133437
1943,Automation only,0.4722059714789898,0.027063528086076406
1943,Additive,0.7329079223329185,0.08421220247054391
1943,Interaction,0.722414482853554,0.10071850353958782
1943,HGB,0.6978924697879565,0.10685845859694905
1943,MLP,0.7166421232647552,0.0653838924445408
1944,Context only,0.6915823417006861,0.08726228556643567
1944,Driver history,0.5018560401062789,0.025018729921594013
1944,Automation only,0.456222564458906,0.023601826235066476
1944,Additive,0.7285959628691757,0.07141489508018946
1944,Interaction,0.7127537822350208,0.08095695613334625
1944,HGB,0.6904267361087911,0.10516809617586936
1944,MLP,0.7187472856770607,0.06111059565351974
1945,Context only,0.7057507212247586,0.07222650850758984
1945,Driver history,0.4577343656727968,0.021595871689902076
1945,Automation only,0.4173610975123668,0.01950676574140767
1945,Additive,0.7154505388577013,0.06558572647634142
1945,Interaction,0.7060065530857428,0.07957100950454893
1945,HGB,0.6797353056180044,0.08956755442723605
1945,MLP,0.6904532393051228,0.057289031546227824
1946,Context only,0.7196135676089751,0.0580089529558424
1946,Driver history,0.4853055902303125,0.022366079773018143
1946,Automation only,0.4097049543993456,0.016466718226910593
1946,Additive,0.7145137506793264,0.05768362963899875
1946,Interaction,0.7000009274080614,0.06115832243592216
1946,HGB,0.6846554771792698,0.07867649609299228
1946,MLP,0.6902679652852615,0.05083097506035808
1947,Context only,0.7243977855288417,0.04153557438965236
1947,Driver history,0.5990880846427896,0.02731109088781668
1947,Automation only,0.5082696725956448,0.013400880291925479
1947,Additive,0.7386764240749608,0.05424104355771657
1947,Interaction,0.7382409758433309,0.057643519900408446
1947,HGB,0.7035764412073502,0.07330378206864542
1947,MLP,0.7295852753702134,0.06020608949010678
1948,Context only,0.7060320460887568,0.06830029490523035
1948,Driver history,0.5352087496624358,0.019842753382504907
1948,Automation only,0.5201047799081826,0.01905501694937631
1948,Additive,0.7295702583490863,0.05587012061866466
1948,Interaction,0.7295817805383022,0.07746080064040807
1948,HGB,0.7032240525699882,0.0674068847784924
1948,MLP,0.7203074984247007,0.05075602754163683
1949,Context only,0.6894323012982903,0.07013343198238339
1949,Driver history,0.4810076646504403,0.02816991952120399
1949,Automation only,0.43050606876973446,0.02022039577470184
1949,Additive,0.7177337590676456,0.07298023106180304
1949,Interaction,0.7100117958431411,0.07780581904077587
1949,HGB,0.6767012318822296,0.10195542263763764
1949,MLP,0.704969828245422,0.06118241300911441
1950,Context only,0.7024140660631063,0.06569996551466467
1950,Driver history,0.45906345070779403,0.021159442452623047
1950,Automation only,0.4122803706635492,0.018387674021316483
1950,Additive,0.6988634755212129,0.05381318602171729
1950,Interaction,0.6845157276884553,0.05197944023915636
1950,HGB,0.6691819085712888,0.07158360500086418
1950,MLP,0.666004567765971,0.04398176756212794
1951,Context only,0.6985986836733418,0.07676438240221828
1951,Driver history,0.527171065845537,0.02578612983575901
1951,Automation only,0.48766085307932583,0.021918231304639366
1951,Additive,0.7397388087500023,0.06392956700737716
1951,Interaction,0.7335955338108092,0.07520601161752177
1951,HGB,0.7032386964039119,0.08518020467786701
1951,MLP,0.7366857962953801,0.058347521728664226
1952,Context only,0.7042380372271089,0.0825143435464166
1952,Driver history,0.506586158498449,0.026528421344646717
1952,Automation only,0.43218379700506876,0.02184235116991638
1952,Additive,0.7285929119399246,0.0665571829947699
1952,Interaction,0.7130128256424404,0.06934956000029582
1952,HGB,0.6882932450844338,0.08838313286273305
1952,MLP,0.7162560885212553,0.05896530367255214
1953,Context only,0.7088026066155242,0.06060431136127541
1953,Driver history,0.5488565536583354,0.028709756863393242
1953,Automation only,0.46218675245401303,0.018328166972479812
1953,Additive,0.7429901839478676,0.06373266997400595
1953,Interaction,0.7326429101707498,0.07164288964720741
1953,HGB,0.7057667244081498,0.07406182790964207
1953,MLP,0.7393389425059804,0.06544371892618918
1954,Context only,0.7243519863758384,0.04721562188262721
1954,Driver history,0.505547323756651,0.02165548408422792
1954,Automation only,0.45599520845159863,0.015326158294354781
1954,Additive,0.7290843620409303,0.05671945062198478
1954,Interaction,0.722489728960003,0.06494151867887155
1954,HGB,0.6901162287242744,0.06525315342552307
1954,MLP,0.7138288609007727,0.05192114324306367
1955,Context only,0.746298199271545,0.053605152443574486
1955,Driver history,0.5454093821917918,0.02050321536805126
1955,Automation only,0.5010768386594925,0.016350224202291597
1955,Additive,0.7245239934512455,0.04687488458535351
1955,Interaction,0.7149846172299557,0.0462686330892153
1955,HGB,0.7151157534424375,0.06579663821090796
1955,MLP,0.711162869385647,0.04753891721792079
1956,Context only,0.6851423381389273,0.10688823077660463
1956,Driver history,0.5223653267749419,0.03781213625988686
1956,Automation only,0.496363380966272,0.030841790386223904
1956,Additive,0.7375054820645206,0.09405816143723889
1956,Interaction,0.7307278745073125,0.11580752340388004
1956,HGB,0.6839703036714568,0.09832238907940372
1956,MLP,0.7247376091374792,0.07701250646737284
1957,Context only,0.7212255804715993,0.04520040535069353
1957,Driver history,0.5707150724009677,0.020655177440336077
1957,Automation only,0.5313946665222259,0.015478158025674465
1957,Additive,0.7017915177120573,0.035520856383778436
1957,Interaction,0.7031605459863504,0.03750072957839581
1957,HGB,0.6883312118585925,0.04695007270453627
1957,MLP,0.6956712887733362,0.04546616554157898
1958,Context only,0.7135898366072349,0.03838823010747265
1958,Driver history,0.5784898057229138,0.03424084230121014
1958,Automation only,0.5086689347850598,0.014144449047192338
1958,Additive,0.7336509189311085,0.05447163677521792
1958,Interaction,0.7381065950281145,0.05586287173297663
1958,HGB,0.6933449190389583,0.0641420768689013
1958,MLP,0.7222849985538293,0.05771151199540439
1959,Context only,0.7371185812063792,0.03742977463192046
1959,Driver history,0.508901483222937,0.012166463529210109
1959,Automation only,0.5122017232236727,0.011521902677681562
1959,Additive,0.702163991307253,0.04559601024055911
1959,Interaction,0.711950381457108,0.05073526086494895
1959,HGB,0.7053333496807654,0.07045481977466272
1959,MLP,0.6980775420001287,0.04987493498316547
1960,Context only,0.7321346976173505,0.04752993521081912
1960,Driver history,0.5550541207845905,0.023628975957567896
1960,Automation only,0.4648874473632557,0.014070390000145492
1960,Additive,0.7250166681368003,0.04285965400580346
1960,Interaction,0.7159900475925965,0.042183118481459767
1960,HGB,0.7015134032481212,0.05147960177642796
1960,MLP,0.7115132919947648,0.05020531972444294
1961,Context only,0.6852778383472097,0.07976145120431782
1961,Driver history,0.46502334492024205,0.0251813094858946
1961,Automation only,0.4344369602309124,0.0224277130741798
1961,Additive,0.6813976238494047,0.05617173862506693
1961,Interaction,0.6664638886932757,0.06092308513879362
1961,HGB,0.6455289719383,0.07243629405216609
1961,MLP,0.622196636940038,0.045880121749301325
1962,Context only,0.6984752590805039,0.07413035305221846
1962,Driver history,0.607984556659412,0.03443326448875984
1962,Automation only,0.5074119859267695,0.021770707953718018
1962,Additive,0.7454838518702286,0.0697180871292545
1962,Interaction,0.7361735867567294,0.08786225005711007
1962,HGB,0.7044501798621996,0.07686358922529712
1962,MLP,0.7436812830546127,0.06297575518003054
1963,Context only,0.7198346702550167,0.03603362502036367
1963,Driver history,0.586244839569398,0.021327264174262672
1963,Automation only,0.5390135085702341,0.011839938454054608
1963,Additive,0.7378929112667224,0.04498557759660109
1963,Interaction,0.7384213654891305,0.04593525210175426
1963,HGB,0.7017875339673912,0.04610164227636581
1963,MLP,0.7307349367683946,0.04198377481821558
1964,Context only,0.6907708854976841,0.06924780556952977
1964,Driver history,0.5013169028880498,0.020501166091629178
1964,Automation only,0.5083164190727324,0.020375023314837138
1964,Additive,0.7238046773954159,0.067620413407996
1964,Interaction,0.7214114299923091,0.08387509625151837
1964,HGB,0.6915216666377534,0.0876048725336548
1964,MLP,0.7112956419997956,0.05505256393073718
1965,Context only,0.6924091539443153,0.07336339307523909
1965,Driver history,0.4904334328464995,0.0238029372618719
1965,Automation only,0.43382928750175365,0.02090710162930226
1965,Additive,0.7165029012717974,0.06272180675856215
1965,Interaction,0.7008163023471208,0.07261081982049342
1965,HGB,0.6738625063791088,0.08156195316441842
1965,MLP,0.699236407397698,0.05500622678889394
1966,Context only,0.7151235904388047,0.041517758807360035
1966,Driver history,0.5221506179757791,0.01752431521028788
1966,Automation only,0.5053372993972601,0.013090300930647173
1966,Additive,0.6947093046840875,0.03838954721138645
1966,Interaction,0.6984272537648833,0.04013477193536334
1966,HGB,0.6763627212632536,0.04508992409309148
1966,MLP,0.6826913007916091,0.041252534200851
1967,Context only,0.7280812007414619,0.04963783815745807
1967,Driver history,0.5522946894128316,0.01777037817793033
1967,Automation only,0.5008005554296078,0.014988090686629622
1967,Additive,0.7346081654153386,0.042506799585311915
1967,Interaction,0.7286796378038859,0.04818719569928449
1967,HGB,0.7138910327790151,0.06737832128035684
1967,MLP,0.7330487284462639,0.044898138812942905
1968,Context only,0.693441323167415,0.039402732900822295
1968,Driver history,0.49707370674951823,0.027363600498520737
1968,Automation only,0.43612256492758167,0.012661088743562218
1968,Additive,0.7126018166815713,0.04299168149169136
1968,Interaction,0.7026310421602884,0.043774184341970675
1968,HGB,0.65440986659537,0.04593363099054909
1968,MLP,0.6986200295942544,0.0435813838272517
1969,Context only,0.6931378284976135,0.07811443087516091
1969,Driver history,0.5237693309958591,0.02633634759086771
1969,Automation only,0.5038459280136223,0.021659672510706773
1969,Additive,0.7401623719771508,0.06098659411073057
1969,Interaction,0.7310099440516034,0.06829596665723911
1969,HGB,0.6937391479403107,0.07323998382705825
1969,MLP,0.7282195142750894,0.05682879353983268
1970,Context only,0.7088802938808999,0.06686774987849976
1970,Driver history,0.5143789062135796,0.021429077978460605
1970,Automation only,0.4601666443935443,0.019166392260931527
1970,Additive,0.7229871054160981,0.06297175278707132
1970,Interaction,0.7154153833722336,0.07675434347380596
1970,HGB,0.6907683605635204,0.092474375663681
1970,MLP,0.7062953167393392,0.05703521312494012
1971,Context only,0.6790734585092685,0.054713644476311316
1971,Driver history,0.4385507940785993,0.021027528664829286
1971,Automation only,0.40620329609998096,0.016014031164388175
1971,Additive,0.6920250751155432,0.05421404989442472
1971,Interaction,0.6845336847043791,0.0610716186475935
1971,HGB,0.6464925782848701,0.06757997850655664
1971,MLP,0.6664568422523682,0.045834671965481265
1972,Context only,0.6993483886041566,0.07083911878185982
1972,Driver history,0.42503407832955586,0.02374142472953105
1972,Automation only,0.3918840787043863,0.019413889411367072
1972,Additive,0.7257100537007004,0.07245628151817057
1972,Interaction,0.723062189359315,0.08245124414481732
1972,HGB,0.6925453732186186,0.12089052387017143
1972,MLP,0.7300034234508884,0.06335202808164928
1973,Context only,0.6889629756476944,0.05676450139840249
1973,Driver history,0.5229042247290422,0.019958659716891085
1973,Automation only,0.45851367453674957,0.015076611687024115
1973,Additive,0.7180143202688529,0.0463825278116643
1973,Interaction,0.7100036746081013,0.06190449581504738
1973,HGB,0.6756676727244186,0.061135088646315845
1973,MLP,0.7035745374631648,0.0436648779707439
1974,Context only,0.7214703336969671,0.07183225381204701
1974,Driver history,0.5419067076924738,0.026563086428056028
1974,Automation only,0.5035599428626978,0.02304333507029552
1974,Additive,0.7486971290935799,0.0877015808027805
1974,Interaction,0.7477638549857426,0.10354902147492842
1974,HGB,0.7177753783051067,0.10905805471374727
1974,MLP,0.7494329473775166,0.07606943118609036
1975,Context only,0.7194096597883829,0.05245304762262473
1975,Driver history,0.5508155611401185,0.022720376597904414
1975,Automation only,0.5051094591185326,0.016376176963707977
1975,Additive,0.736416674764184,0.05414600313497759
1975,Interaction,0.7373446948186885,0.06335384844076249
1975,HGB,0.7094430275027346,0.0719809874971714
1975,MLP,0.732779032273881,0.05340857274872342
1976,Context only,0.719382425904165,0.07592847618575518
1976,Driver history,0.545423764819702,0.02436731962699596
1976,Automation only,0.47792469054942327,0.021693734975743777
1976,Additive,0.729984305403051,0.06409412504469361
1976,Interaction,0.723747937174523,0.07668614343217332
1976,HGB,0.7034749913848275,0.09630140350301696
1976,MLP,0.7217693905594833,0.05863109383789546
1977,Context only,0.686296563181809,0.05255881342644501
1977,Driver history,0.4471296463099742,0.015369450066641088
1977,Automation only,0.3946890450169139,0.013692976417203974
1977,Additive,0.700562461218199,0.04673626997298076
1977,Interaction,0.6832882964030504,0.04987269304803358
1977,HGB,0.6606189075041534,0.07489849159862624
1977,MLP,0.6840128905702676,0.040282008775968506
1978,Context only,0.7109842676563793,0.049470272038512585
1978,Driver history,0.5335482161596057,0.028705916931015034
1978,Automation only,0.4684835739812363,0.016057720880220276
1978,Additive,0.7277557679348925,0.05375634877747851
1978,Interaction,0.7265520068595606,0.06434915735583255
1978,HGB,0.6874303977835776,0.05527015968232971
1978,MLP,0.7189676862126588,0.058698550615847084
1979,Context only,0.6826663496104406,0.047845789280098125
1979,Driver history,0.5373318407212098,0.02591216714465385
1979,Automation only,0.4855401379194584,0.015528841056577277
1979,Additive,0.7154482294974193,0.04819981959179932
1979,Interaction,0.716314160174008,0.0591889557288047
1979,HGB,0.6647689919010784,0.048936051193470706
1979,MLP,0.7014307307912884,0.046408369171413937
1980,Context only,0.7641539036388821,0.046280739738758174
1980,Driver history,0.5803177906182199,0.018359879302542875
1980,Automation only,0.5245671511765932,0.013252849796691453
1980,Additive,0.7224108549215845,0.0412615145271884
1980,Interaction,0.7154719584977096,0.04062118303034956
1980,HGB,0.7257659881050439,0.06381880124341066
1980,MLP,0.7194247296178626,0.04875894984267948
1981,Context only,0.7250998412961602,0.04469345295218952
1981,Driver history,0.5107255371059052,0.016218881058697017
1981,Automation only,0.4811488263022006,0.013262220839886664
1981,Additive,0.7303337518061445,0.04526765872385449
1981,Interaction,0.7208323661084398,0.045083021978224294
1981,HGB,0.704045289812161,0.06719800869378256
1981,MLP,0.7169306203662031,0.047575518229796554
1982,Context only,0.7260826559270659,0.05084876331302954
1982,Driver history,0.5438642332862437,0.02214736542819911
1982,Automation only,0.4892212749960384,0.01581277144899662
1982,Additive,0.7302760563997612,0.04383504053686942
1982,Interaction,0.7207121531910302,0.044003554879765774
1982,HGB,0.6992724976988978,0.056015226484866384
1982,MLP,0.7190175136633209,0.045836888565702456
1983,Context only,0.6984496209127367,0.10510439821551976
1983,Driver history,0.5266166095840286,0.032500356605041913
1983,Automation only,0.4839372139769523,0.028180186357029444
1983,Additive,0.7496262794804992,0.0927102870850346
1983,Interaction,0.7389218211800981,0.1015954823117616
1983,HGB,0.7108186235765932,0.11201286506412854
1983,MLP,0.753813315379136,0.07687930809621128
1984,Context only,0.6834639871746557,0.088875861308751
1984,Driver history,0.5325914483609504,0.029965172312144534
1984,Automation only,0.49977849167882415,0.022710901792762625
1984,Additive,0.7497729570801199,0.0691672505711261
1984,Interaction,0.746747708116458,0.08672954970153288
1984,HGB,0.703198998051075,0.08413419906729212
1984,MLP,0.7629719178192935,0.06294267581610627
1985,Context only,0.6970052052894469,0.05162181028480213
1985,Driver history,0.493332865792365,0.020231818296124807
1985,Automation only,0.43860524736813394,0.01459764499839576
1985,Additive,0.7055668544622888,0.0486141872079674
1985,Interaction,0.6949318559038735,0.04790478261161996
1985,HGB,0.6763178811043318,0.07499940688458837
1985,MLP,0.6908510024857596,0.044198517021982915
1986,Context only,0.712583146078905,0.05790051108724738
1986,Driver history,0.4728888501172098,0.019430331415388934
1986,Automation only,0.4275173577824985,0.01662754772273316
1986,Additive,0.7104543252577464,0.04776035243390727
1986,Interaction,0.7003496161603766,0.05208667024103028
1986,HGB,0.6780177680805974,0.06581159225052648
1986,MLP,0.6859354988381279,0.045750571725340285
1987,Context only,0.7693075945150784,0.04864317391624389
1987,Driver history,0.5813527445492976,0.02095951814307022
1987,Automation only,0.5496054887772883,0.016341004040522144
1987,Additive,0.7566494446211631,0.05043326604838433
1987,Interaction,0.7580289218978093,0.0516554540471021
1987,HGB,0.7504525071035584,0.057677044431573676
1987,MLP,0.7461619900459148,0.05397743178493586
1988,Context only,0.7321240522974465,0.05404020746277363
1988,Driver history,0.4906155806221062,0.01761018523321271
1988,Automation only,0.46303349654706044,0.015320238881761709
1988,Additive,0.7134693990292014,0.053616234389394266
1988,Interaction,0.7043168033193203,0.05489766123892815
1988,HGB,0.6925633433510752,0.07106535301761249
1988,MLP,0.6860293686060442,0.04920601681576783
1989,Context only,0.7342250701456818,0.05427223194913264
1989,Driver history,0.5577334519620075,0.023925874621710176
1989,Automation only,0.49643110218311215,0.01717983673996787
1989,Additive,0.7335982545695603,0.05944817847101387
1989,Interaction,0.7249437147376195,0.06590609724000779
1989,HGB,0.712944948293588,0.06759912873379648
1989,MLP,0.7177751656309439,0.056290593467979474
1990,Context only,0.7074520711994199,0.05094830671772006
1990,Driver history,0.49251829265523206,0.019295878170552387
1990,Automation only,0.4192697017914918,0.014020240841326973
1990,Additive,0.7087663945036494,0.04758084785432734
1990,Interaction,0.6945588339936807,0.045178155615261735
1990,HGB,0.6810295362227123,0.06315129797409584
1990,MLP,0.6887678630635978,0.04523903095833597
1991,Context only,0.7054228083710689,0.08505273433958213
1991,Driver history,0.49102502655697544,0.027951148125772603
1991,Automation only,0.4535794489718379,0.024849716025893864
1991,Additive,0.7048115860135848,0.06262680635667107
1991,Interaction,0.6886096502620805,0.060915764215101365
1991,HGB,0.6723155162520935,0.08478846769137066
1991,MLP,0.6762538720845481,0.054243433631338364
1992,Context only,0.6838233603412249,0.0565330342583037
1992,Driver history,0.5678332562089887,0.03822564901537839
1992,Automation only,0.4839328673298402,0.018758562700909105
1992,Additive,0.7266911428678184,0.05438525450563345
1992,Interaction,0.71337030751057,0.05577611336681613
1992,HGB,0.6685191479149122,0.055199331064488696
1992,MLP,0.7182675836320105,0.060999077259112924
1993,Context only,0.6913720420779279,0.06447624611680382
1993,Driver history,0.5272023789712001,0.025167530364155994
1993,Automation only,0.5084056004171574,0.01963124231652567
1993,Additive,0.7242104841223571,0.0579627088636643
1993,Interaction,0.7232359476892607,0.06702322943757447
1993,HGB,0.6846623068419043,0.07364189300917906
1993,MLP,0.7183679181031506,0.05586138588414539
1994,Context only,0.6982027592944781,0.07336693291328246
1994,Driver history,0.5022426315792248,0.027143262421351746
1994,Automation only,0.4208801475923756,0.020224553573144798
1994,Additive,0.7200545514236225,0.06163850846898106
1994,Interaction,0.7120375683934785,0.08013424753416312
1994,HGB,0.6782045667846541,0.08379532873481053
1994,MLP,0.7107786488510317,0.05845903982248814
1995,Context only,0.7029731368667577,0.06851810106734194
1995,Driver history,0.5112695862491984,0.02501959756969102
1995,Automation only,0.4966353124041598,0.021736766394274146
1995,Additive,0.7128582680458361,0.06584362856869463
1995,Interaction,0.7074699584576352,0.07507874652899837
1995,HGB,0.6847526974656369,0.07363230451863802
1995,MLP,0.6879736247804389,0.059715998476277905
1996,Context only,0.7413503636748817,0.04286854901576602
1996,Driver history,0.5242420497610809,0.016698435521041236
1996,Automation only,0.5185718405009063,0.014143769049651294
1996,Additive,0.725875350140056,0.03980143851032071
1996,Interaction,0.7345199844643739,0.042276227075980645
1996,HGB,0.7265897535484782,0.06512987232716924
1996,MLP,0.7167258079702469,0.04923653867524651
1997,Context only,0.7066999015663836,0.0695510371792145
1997,Driver history,0.5357663725706354,0.025727155358139582
1997,Automation only,0.494327265870764,0.021784334565256174
1997,Additive,0.7077919183229899,0.058455393544729235
1997,Interaction,0.6973313887573629,0.06330058416434711
1997,HGB,0.68979284362308,0.0810861014935111
1997,MLP,0.692213322634551,0.057611946203007275
1998,Context only,0.6955922550499034,0.07778605298608214
1998,Driver history,0.49433755592619066,0.024831122871490946
1998,Automation only,0.4519296190400551,0.02083496355868992
1998,Additive,0.7387758782728404,0.07690573369056761
1998,Interaction,0.7349954001535488,0.09691946543775186
1998,HGB,0.6981800823339422,0.10725342960253127
1998,MLP,0.7372771225478516,0.06233843339064869
1999,Context only,0.6880371569978175,0.077586468450731
1999,Driver history,0.42540570601369915,0.021873537244100395
1999,Automation only,0.3963896566275329,0.02111819067976846
1999,Additive,0.6946627337333338,0.062299320845541614
1999,Interaction,0.6822345898785187,0.07231896534713445
1999,HGB,0.6534397330598352,0.08500171082987634
1999,MLP,0.6664294517274818,0.05050154634041877
