horizon_frames,scenario,model,AUROC,AUROC_low,AUROC_high,AP,AP_low,AP_high,Brier,Brier_low,Brier_high,ECE,ECE_low,ECE_high,Sensitivity,Sensitivity_low,Sensitivity_high,Precision,Precision_low,Precision_high,FPR,FPR_low,FPR_high,F1,F1_low,F1_high,prevalence,prevalence_low,prevalence_high
0,clean,E-only,0.5465390799843459,0.5407566693981671,0.5526550697013476,0.4242180012647022,0.41681792403990925,0.43202967162580086,0.23656591701013782,0.23505292836612635,0.23808379723050216,0.019521805235906346,0.015113377836313568,0.024740573052578766,1.0,1.0,1.0,0.38946875,0.38247734374999987,0.39648958333333334,1.0,1.0,1.0,0.5603190290595905,0.553011667391558,0.5676631766995308,0.38946875,0.38247734374999987,0.39648958333333334
0,clean,H-only,0.744938530476702,0.740597062863263,0.7492690967352565,0.6397543566243741,0.6307945040927424,0.649815713618804,0.19634475493255737,0.19443897547934258,0.19827606955705238,0.0345537947165685,0.032149730457757326,0.037066191476351096,0.7194798596129439,0.7117506892333438,0.7267563832963757,0.5740830709382352,0.5666918190665321,0.5822798405536405,0.34065457274810906,0.3324761713676316,0.34899016596471244,0.6384283063423222,0.6317621751171888,0.6454324761562981,0.38946875,0.38247734374999987,0.39648958333333334
0,clean,T-only,0.6978380532713105,0.6920442629737306,0.7030951557364433,0.5827223296376758,0.5719741933737801,0.5931205950706615,0.2113447144131556,0.20957421636173001,0.21336836431136047,0.03432648591101866,0.031026716033581436,0.037454029151236114,0.8437801844508692,0.8384699250124543,0.8486323252535776,0.4682621401618555,0.4610034364784354,0.47516224423525394,0.6112186436406213,0.603523338185134,0.6196568781556514,0.6020407158126484,0.5956323322078106,0.6084258154008617,0.38946875,0.38247734374999987,0.39648958333333334
0,clean,H+T,0.7754458788739116,0.770743626602751,0.7793369592932792,0.6896232480305299,0.6817703637329439,0.6977539806970474,0.1844873194717569,0.18259376473516856,0.18667018194861215,0.023555495615051776,0.021956578149832862,0.025148590447749336,0.761842654281321,0.7547272703926277,0.7688901969272874,0.5801185238020875,0.5728407918594902,0.587782512101015,0.351793260955089,0.3446672981742757,0.3595176980159981,0.6585043717729949,0.6520111906845454,0.6651187522220386,0.38946875,0.38247734374999987,0.39648958333333334
0,clean,Additive,0.7788963765170747,0.7742605795406204,0.7827781249055046,0.6964250203833366,0.6886405519054553,0.7043280639309543,0.18301242336019377,0.18111227335594857,0.18518511191762238,0.02332399533092562,0.021853449735144904,0.024749610724175742,0.7647375010467138,0.7582716242991822,0.7710107216876523,0.5809388894836732,0.573768499229958,0.5882869499125352,0.35201723834913584,0.3446795311787863,0.35997364264608234,0.6601316888826191,0.6539134847217282,0.6664773442704239,0.38946875,0.38247734374999987,0.39648958333333334
0,clean,Static interaction,0.7793088950996422,0.7746774714301442,0.7831913128062556,0.6967104288922114,0.6889166261275127,0.7045500105269555,0.18291400142456174,0.18101544117409193,0.18509496723634236,0.024232814899763432,0.022968059812562672,0.025537268558412603,0.7665657075427874,0.7601462881071441,0.7730552527856986,0.5798089588354867,0.5726208458586788,0.5869869371276273,0.3544907468222799,0.3471897891943612,0.36241301470840337,0.6600741469501226,0.6540060903764398,0.6663026040665402,0.38946875,0.38247734374999987,0.39648958333333334
0,clean,Quality static,0.789713620478255,0.7852374906006532,0.7935372423441205,0.7038732431138138,0.6961345965693438,0.71169184504104,0.17922975285573772,0.17731626454909816,0.18139489047523663,0.01862002634684701,0.017133940182072153,0.020206395037241986,0.7945643748895819,0.7881927407892839,0.8008509018986643,0.5770951776321724,0.5700440520128817,0.5843237042699161,0.37154681258129985,0.36391694946911674,0.3795619573775375,0.6684658071953239,0.6622111698191657,0.6748779995584047,0.38946875,0.38247734374999987,0.39648958333333334
0,clean,Quality temporal,0.8038670141174393,0.799519671267705,0.8078799723347655,0.7228240557170962,0.7154270381857901,0.7303686526975612,0.17322778080800683,0.17123535496106843,0.1755124603651311,0.0188368205261798,0.017210868555014466,0.020393621107545824,0.7748756764894934,0.7674916724064924,0.7821947252348617,0.605841955343647,0.5988114031652633,0.6127416921844859,0.3218990295906075,0.31372791126413335,0.3308069390805209,0.6798774693941246,0.673316497321899,0.6863648632867815,0.38946875,0.38247734374999987,0.39648958333333334
0,clean,HGB quality,0.7972771124886293,0.7929609927761205,0.8012143402665429,0.713909686143212,0.7061531475999095,0.721665162697225,0.17610821211831595,0.17413343430772532,0.17829725075007324,0.019049473565332906,0.017686387601120134,0.0204596871097629,0.7987408520338518,0.792565585158994,0.8049410117370212,0.584049869546131,0.5773092277790369,0.5911565547046084,0.36295692421606635,0.35544539844841627,0.37080107430465337,0.6746123341026766,0.6682882057839566,0.680914785617065,0.38946875,0.38247734374999987,0.39648958333333334
0,clean,HGB full,0.8036775419434272,0.7993894611497333,0.8076698556014865,0.7226444120529322,0.7151482665468429,0.7301386192044456,0.17332968453194744,0.1713040430741816,0.17564819360391926,0.01821492914741519,0.016791524680732067,0.01964492387135926,0.7732751273473709,0.7665134667656872,0.779992196145181,0.6062723375780081,0.5997283384431494,0.6130871140409742,0.32075394631313336,0.31223104284460657,0.32980738665969517,0.6795171847245494,0.6736841399752066,0.685604344474786,0.38946875,0.38247734374999987,0.39648958333333334
0,clean,MLP full,0.8058711891485675,0.8015548255982279,0.8097855317412596,0.7267541125774929,0.7194254816788545,0.733954682711195,0.17232777145801237,0.17029844783532228,0.17465523656272774,0.01776554001368565,0.016140029053989417,0.01935957969336418,0.7663327359474013,0.7586000894040472,0.7739403593092923,0.6135096926146579,0.6071106858097792,0.6200293613078719,0.30839962117392195,0.2999389444778663,0.3174077034537926,0.6813155194557845,0.6753075699038344,0.6874118020705764,0.38946875,0.38247734374999987,0.39648958333333334
0,clean,UATIF,0.8048129838354326,0.8005648783926246,0.8086857775722981,0.7248279550630506,0.7175629931520093,0.7321700934613836,0.1728125734654869,0.1708475155738165,0.17509541608776988,0.01889740118513065,0.017212361439014803,0.020498204432608462,0.7767598961855473,0.7693009995513673,0.7840582095921858,0.6059025703173276,0.5990516501923361,0.612827896062521,0.32265002731692305,0.3143208266303127,0.3318407991564885,0.6806294841471223,0.674220753355493,0.6870501506174399,0.38946875,0.38247734374999987,0.39648958333333334
0,clean,No quality,0.79554472881847,0.7909437145118557,0.7994704492543013,0.7136620271312112,0.7061750080344562,0.721144177383251,0.17674977656788818,0.17474581034475503,0.17906633648461262,0.020878447864952663,0.01944394742783747,0.02235634176360726,0.7399800854331355,0.7319846113566257,0.7477645395272442,0.614925850198198,0.6078265165183296,0.6220554225701951,0.2960113054122351,0.287686369359171,0.3047967735486538,0.6715209536085749,0.6651663955659199,0.6781257579142335,0.38946875,0.38247734374999987,0.39648958333333334
0,clean,No temporal,0.7992005347122203,0.795005891960341,0.8029691779889,0.7166785845600848,0.7093123727589943,0.724209507051736,0.1753318030866461,0.17338531394103524,0.17752263404676616,0.01839353169646281,0.01693490463720478,0.019874911880800688,0.7903266778777706,0.7839292006440136,0.7967255918410626,0.589720079513354,0.5829025272283911,0.5967767581226967,0.3507863935329452,0.34384576210527523,0.35820147508507055,0.6753394667135871,0.668923796937589,0.6819172454066635,0.38946875,0.38247734374999987,0.39648958333333334
0,clean,No interactions,0.8038670141174393,0.799519671267705,0.8078799723347655,0.7228240557170962,0.7154270381857901,0.7303686526975612,0.17322778080800683,0.17123535496106843,0.1755124603651311,0.0188368205261798,0.017210868555014466,0.020393621107545824,0.7748756764894934,0.7674916724064924,0.7821947252348617,0.605841955343647,0.5988114031652633,0.6127416921844859,0.3218990295906075,0.31372791126413335,0.3308069390805209,0.6798774693941246,0.673316497321899,0.6863648632867815,0.38946875,0.38247734374999987,0.39648958333333334
0,clean,No driver,0.8003168654804039,0.7959100527033317,0.8043518772171369,0.715740196061683,0.7079678004376092,0.723432117296114,0.17494755932137654,0.17293155981502015,0.1772158219754193,0.018756505453306618,0.01696847191243074,0.020523904044360584,0.7676138072551321,0.7600742497023377,0.7752866173186382,0.6059626401276167,0.599326146431161,0.6130412659962992,0.31867426069811705,0.31071451641961767,0.32723600095242394,0.6771313846030502,0.6707560670801742,0.6836122850938521,0.38946875,0.38247734374999987,0.39648958333333334
0,clean,No telemetry,0.7742975625724876,0.769700931502003,0.7784775957976613,0.681119655963311,0.6741368680623788,0.6885153547902221,0.18552213053706257,0.18352607558549638,0.1876399678473717,0.02080818415399605,0.018728392363397992,0.023031386281565272,0.7636218701026715,0.7562115233126887,0.7713017795067239,0.5763913350573805,0.5689660631247602,0.5839009748311679,0.35852403576252123,0.3483381929756076,0.3689070545359809,0.6567102626727388,0.6504229345113542,0.663234718570418,0.38946875,0.38247734374999987,0.39648958333333334
10,clean,E-only,0.5245623345263849,0.517831453244177,0.5319231008296319,0.411034937074995,0.4033679916802379,0.4188441141010187,0.23805064637415538,0.23665142404638118,0.23936409869967756,0.020836697089777267,0.017504586689412616,0.02462099198401631,1.0,1.0,1.0,0.39125,0.3851138020833333,0.3970432291666666,1.0,1.0,1.0,0.5622540717900851,0.5558904681730796,0.5682629548887567,0.39125,0.3851138020833333,0.3970432291666666
10,clean,H-only,0.5867585662449938,0.5816473093769445,0.5918178632772675,0.4650223366250385,0.45666752576395736,0.4732941446522799,0.2330847684087756,0.23173780379058445,0.23448270164405624,0.017373877831028728,0.015157863698476218,0.01987264602537228,1.0,1.0,1.0,0.39125,0.3851138020833333,0.3970432291666666,1.0,1.0,1.0,0.5622540717900851,0.5558904681730796,0.5682629548887567,0.39125,0.3851138020833333,0.3970432291666666
10,clean,T-only,0.574664016188604,0.5690242110812457,0.5802248759605331,0.4554975308196791,0.4468633982511733,0.46449452876452263,0.23436994021773044,0.23312719541873117,0.23559300792128704,0.020164725022454557,0.017361600787355637,0.02295589773303737,1.0,1.0,1.0,0.39125,0.3851138020833333,0.3970432291666666,1.0,1.0,1.0,0.5622540717900851,0.5558904681730796,0.5682629548887567,0.39125,0.3851138020833333,0.3970432291666666
10,clean,H+T,0.5993902103867992,0.5944613163346553,0.6040294091808663,0.48022095747402815,0.471375853465116,0.48880468655578324,0.23119692756932458,0.22991278332309814,0.23253798258368746,0.017232347972872552,0.015241324334706605,0.019243790009971493,0.9855692239309778,0.9842319684767736,0.986826240355804,0.3950244589242757,0.38899113725015816,0.40070597547198644,0.9700739858089081,0.9681409741662579,0.9719216031612208,0.5638174671797216,0.5576400655089305,0.5696940653689272,0.39125,0.3851138020833333,0.3970432291666666
10,clean,Additive,0.6020833375929077,0.5976883379931134,0.6061901781536126,0.48213835504193764,0.4740672114631485,0.49017277904405554,0.23083762300369554,0.22952641184537778,0.23213464709320555,0.01778234398681232,0.01543381418380964,0.020126854890547805,0.965663018134252,0.963844201125771,0.9674975859393559,0.39959565207319425,0.39355470868575526,0.40533327894407406,0.9325069750535744,0.9296709456298833,0.9353315166035372,0.5651084005229258,0.5589473277504687,0.5710015621083872,0.39125,0.3851138020833333,0.3970432291666666
10,clean,Static interaction,0.6020923590198282,0.597704344363553,0.606210915083335,0.48199492174984787,0.473904102822574,0.4899686975868222,0.23084260910526144,0.22952843741888207,0.23215437091908658,0.018251305154183273,0.01607305346699746,0.020368584454675525,0.9697975804002575,0.9681156430998423,0.9714360287277887,0.39874239565218433,0.39271368623238023,0.4044386539676653,0.9398381838936782,0.9372757390810109,0.9423830601340561,0.5649554747815853,0.558692243898246,0.5707595349693121,0.39125,0.3851138020833333,0.3970432291666666
10,clean,Quality static,0.6048614203785241,0.6004788345353824,0.60903393630044,0.48427407260059113,0.47604745984913743,0.49217222667756627,0.23044221706578671,0.22917559643896504,0.23175581785425398,0.01759710414118569,0.015435742392097196,0.019705127764123274,0.8913952394352405,0.8867113297251416,0.8963570177127783,0.4160044382463314,0.4098766326163424,0.42217085022287393,0.8042312090544316,0.7992127660290347,0.810253203857128,0.5671377894714408,0.5608480935481535,0.573380591702106,0.39125,0.3851138020833333,0.3970432291666666
10,clean,Quality temporal,0.6101182721969937,0.6055246635583014,0.6145985458451523,0.48845405259037256,0.4804515422919615,0.49633632575506564,0.22967346452576934,0.2283516176850339,0.230993869618782,0.017408081262790406,0.01562983451410309,0.019217514124961647,0.8835805487744987,0.8783223604621561,0.889292807701064,0.4182573824246455,0.4125910601176996,0.4238591861537228,0.789838969771203,0.7833717350569788,0.7971188823370752,0.5676345916070582,0.5617996680424555,0.5734480457198591,0.39125,0.3851138020833333,0.3970432291666666
10,clean,HGB quality,0.6038166443185652,0.5993527054065444,0.6081538504230333,0.4806212829451143,0.4731796493785622,0.4877022851584835,0.23074416706880047,0.2294581764724607,0.23210823690990545,0.017482398537122874,0.01543698232297674,0.01931333509844997,0.9366875509996228,0.9338463038353,0.9397649633769328,0.40609475916620064,0.4000423636333524,0.4120533409609599,0.880458936821397,0.8756293906812646,0.885392780771223,0.5664085221220936,0.5602753683703542,0.572483173975944,0.39125,0.3851138020833333,0.3970432291666666
10,clean,HGB full,0.6061882742228839,0.6014346962001121,0.6108666684154632,0.48436671841444023,0.4762780313963303,0.49201052290073555,0.23031433106876756,0.22899993235420243,0.23163569410068807,0.017775779327614313,0.015861791191127555,0.01964113700202087,0.9559728290950115,0.9528903679769515,0.9592137561104122,0.40276922475194293,0.39685606914541505,0.40858862875149615,0.9110491357963963,0.9068950087966343,0.9155328401802697,0.5665982649579762,0.560429046026245,0.5726835695784461,0.39125,0.3851138020833333,0.3970432291666666
10,clean,MLP full,0.6097030199348755,0.6050101119333473,0.6142768502131205,0.48860272721882525,0.4803132778338069,0.49663719921363586,0.22973572061759928,0.22844031780499852,0.2310298896511151,0.017291603238342935,0.015506719890870503,0.019207586861856852,0.8724246635320507,0.86691745246274,0.8784194265772768,0.4208641479898232,0.41492304809390296,0.42676423891993964,0.7715802459970962,0.7647447516006102,0.7790662257855485,0.5676968399989794,0.5612943743248271,0.5739613980662623,0.39125,0.3851138020833333,0.3970432291666666
10,clean,UATIF,0.6101334547005283,0.6055158886322316,0.6147087998569817,0.48854481007466527,0.4803900016708867,0.4964580001194524,0.22968763874498502,0.2283606658546992,0.2310159443433911,0.01741562160983902,0.01555405847872251,0.019352766479956204,0.966623058813336,0.9641407417081919,0.9691939198092037,0.400422114044468,0.3944256322897386,0.4062199110311386,0.9302617437540543,0.9260770765500345,0.9344680025117627,0.5661067023054348,0.5598030513053822,0.5721642969667405,0.39125,0.3851138020833333,0.3970432291666666
10,clean,No quality,0.6068969888793687,0.6023384880010744,0.6114619408228631,0.48612000627704627,0.4777036976485844,0.4942895700238569,0.23015028976230323,0.22887892013699,0.2314470963634405,0.01767557020466226,0.015735236904116063,0.019754762444971978,0.8941751535789325,0.8892415253216029,0.8995719598921793,0.41602177765844595,0.41003320912259233,0.4217176151472923,0.8066713653803465,0.8010162228566425,0.8129083732191891,0.5677190914936563,0.5616698487265448,0.5736454379650757,0.39125,0.3851138020833333,0.3970432291666666
10,clean,No temporal,0.608222076587221,0.6037216834283358,0.612635035251738,0.48613621637295096,0.47803184602942667,0.4940131238380288,0.22999150295396079,0.2286983026524758,0.23131597055133893,0.017767338173625156,0.016106374928073455,0.019454610079523284,0.9155297574790489,0.9114057531114902,0.9199766718202094,0.4121389307140741,0.40608369037943703,0.41808501624917394,0.8392879796998174,0.834115522260135,0.8451307547006087,0.5682675543773006,0.5619503871054357,0.5744981893451345,0.39125,0.3851138020833333,0.3970432291666666
10,clean,No interactions,0.6101182721969937,0.6055246635583014,0.6145985458451523,0.48845405259037256,0.4804515422919615,0.49633632575506564,0.22967346452576934,0.2283516176850339,0.230993869618782,0.017408081262790406,0.01562983451410309,0.019217514124961647,0.8835805487744987,0.8783223604621561,0.889292807701064,0.4182573824246455,0.4125910601176996,0.4238591861537228,0.789838969771203,0.7833717350569788,0.7971188823370752,0.5676345916070582,0.5617996680424555,0.5734480457198591,0.39125,0.3851138020833333,0.3970432291666666
10,clean,No driver,0.6070571523177658,0.6020897494550395,0.6119469563712031,0.4869614070784268,0.47834890401857627,0.495318730632752,0.23008445815042444,0.22878088094139165,0.23144350252325113,0.017915511002737694,0.01613907114876896,0.019571014938271437,0.9274208751424451,0.9235382573741912,0.9316416474282214,0.4086502153588161,0.402748458988179,0.4145454969287741,0.8625681093402353,0.8564681782504796,0.8688047198430743,0.5671895284232672,0.5610104137279665,0.5733298037598438,0.39125,0.3851138020833333,0.3970432291666666
10,clean,No telemetry,0.5980819323243364,0.5927566629583849,0.6035111202960047,0.47506515743530114,0.46681804680515643,0.48306871508513544,0.2315185052371593,0.2300761573435748,0.23297872741623332,0.018801495181670496,0.016594144762918876,0.021083172358487338,0.9373704298046887,0.9329432820455701,0.9416379376804188,0.4048867424703469,0.3986593195222182,0.41097044391072285,0.8854964166783704,0.8808953481370325,0.8903727473676996,0.5653496727780787,0.5588651231585745,0.5717258773492674,0.39125,0.3851138020833333,0.3970432291666666
0,iid10,E-only,0.5376466797861137,0.532850519504238,0.5428326211150211,0.4207860706582662,0.41368713561249004,0.4283450818320994,0.23701100281209664,0.2354046863023471,0.23859683436758525,0.017515736219780843,0.013570911027085339,0.02225368509737189,1.0,1.0,1.0,0.38946875,0.38247734374999987,0.39648958333333334,1.0,1.0,1.0,0.5603190290595905,0.553011667391558,0.5676631766995308,0.38946875,0.38247734374999987,0.39648958333333334
0,iid10,H-only,0.6990821341834816,0.6940492967866833,0.7042600714376093,0.6145633224547786,0.6054182754792867,0.6245860507810808,0.21023188792371048,0.2080302770290492,0.21267394408155682,0.06249739075075385,0.060331718529987144,0.06489425392860779,0.6477690389371747,0.6400056183602321,0.655453468303131,0.5740177655002565,0.5659163310003262,0.5826159146605562,0.30667037872619296,0.2994249397643494,0.31401470335028475,0.6084911435686908,0.6013400787413633,0.6160374621620114,0.38946875,0.38247734374999987,0.39648958333333334
0,iid10,T-only,0.6618112159577658,0.656602767637405,0.6665348190976351,0.5638146628307281,0.5532669505155132,0.5739858413260013,0.22029487373718845,0.21830187013548896,0.22245214901773547,0.05510221840492988,0.0519217841114677,0.0581757426880922,0.7616791621179442,0.7566133196887602,0.7668418936220004,0.4683955672994114,0.4610991963402082,0.4753396264407814,0.5514605411029835,0.5442439733093816,0.5593887041006103,0.579834527118599,0.5735883086832122,0.5859227147164581,0.38946875,0.38247734374999987,0.39648958333333334
0,iid10,H+T,0.7261132431644792,0.7211991838370251,0.7306494732954751,0.651029387557069,0.6433068632931855,0.6592567593348492,0.20274372157920267,0.20049369531363154,0.20525634752347782,0.05518327250791586,0.05236479080169766,0.05829120347915039,0.6373586222396174,0.6302970365454608,0.6446893249556194,0.5837921306122991,0.5759987950238801,0.5918369183983603,0.28981110692124196,0.28421358282480275,0.2961604607412022,0.6092243778293849,0.602766137045617,0.6159805453104862,0.38946875,0.38247734374999987,0.39648958333333334
0,iid10,Additive,0.7287538298760976,0.7237037157620042,0.7332654666272821,0.6550774940549817,0.6476264859073815,0.663007702075229,0.20228367576226197,0.19986384164209955,0.20489105568733793,0.05797518195677697,0.05479231481803765,0.06141351178485073,0.6287198592324255,0.6223350864659988,0.6353748163886238,0.5884122925770494,0.5805517692202764,0.596255871540647,0.28058596750779446,0.27472955325387555,0.28728927936952275,0.6077371142615338,0.6010176389830206,0.6141996074246207,0.38946875,0.38247734374999987,0.39648958333333334
0,iid10,Static interaction,0.729885214046345,0.7248709815904147,0.7344228954365213,0.6552332790657153,0.6478246699588771,0.6630595049648278,0.2020235222718002,0.19960475802369834,0.20462078767829933,0.05862940424582637,0.055566492224236305,0.06200360962435152,0.6322016626038358,0.6257927128401043,0.6388613387843217,0.5875340796459627,0.579527057600498,0.5954318693818375,0.2831386077079771,0.27740400053944214,0.2897791259203723,0.6088882536806923,0.6022624860412705,0.6154032579245349,0.38946875,0.38247734374999987,0.39648958333333334
0,iid10,Quality static,0.7775966346967184,0.7731405421439975,0.7814550638157182,0.6885556302829664,0.6808026140592774,0.696731328807941,0.18412453616657773,0.18235010930841633,0.1861336991427952,0.021153474860038834,0.0196331653617833,0.0226820681569652,0.7982088386307795,0.791656541851813,0.8045268456494117,0.5601704713686092,0.5530469683814316,0.5676084242384586,0.39973604455584394,0.3929379824714346,0.40714141887656385,0.6582155367658525,0.6514229488125437,0.664972915843257,0.38946875,0.38247734374999987,0.39648958333333334
0,iid10,Quality temporal,0.7959121004860815,0.7913016399925001,0.8001342748970972,0.7134108272666296,0.7055826461370832,0.7213270175626224,0.17650851045656318,0.17457770298108072,0.17879405137960125,0.020738555451764954,0.018926646595721613,0.022612845603046067,0.7733844057037049,0.7657315890797228,0.7813839431661075,0.5960432937540039,0.5890699524737686,0.6031609868649197,0.33455231684978276,0.3264696100796202,0.3432337019961816,0.673113692294141,0.6661416149963726,0.6800549155271909,0.38946875,0.38247734374999987,0.39648958333333334
0,iid10,HGB quality,0.7840074017747954,0.7795295101321343,0.7881521523508436,0.6969455520244204,0.688612071692406,0.7053736480993829,0.181523149222315,0.1796854918044636,0.18367121293002409,0.020186131643758598,0.018674657880486834,0.021830152634495458,0.7877990057086871,0.7808829651684807,0.79440886696174,0.5700846879259064,0.5632671893258067,0.5771624296757727,0.37891284299652556,0.37232569154711936,0.38587948659329574,0.6613849263643714,0.6549485839911545,0.6679605682603942,0.38946875,0.38247734374999987,0.39648958333333334
0,iid10,HGB full,0.7962380591724187,0.7917244159842383,0.8005342000000999,0.713528920992685,0.7056270503236177,0.7216549756936586,0.17640477772232765,0.1744091381466297,0.1787147300484529,0.018236246295478552,0.016476622290316656,0.02010953513532191,0.7732108362291863,0.7662855050830187,0.7801601189605285,0.5964326449160365,0.5900300426580596,0.6031898919391828,0.3340486500471617,0.3258260849266318,0.34297379655783927,0.6732815757056689,0.6673565006649805,0.6795083736178147,0.38946875,0.38247734374999987,0.39648958333333334
0,iid10,MLP full,0.7987555620804111,0.7942166164863266,0.8029366799883788,0.7175588613286003,0.7098843691054522,0.725435985562411,0.17532435701948715,0.1733518592657083,0.1776671991341771,0.01929423653788338,0.01787808375797904,0.020849336773983176,0.7585872505641855,0.750694315999251,0.7668405532958081,0.6082444620744223,0.60195551647954,0.6148478710856664,0.31203047494061853,0.3038665428404946,0.3212078936992611,0.6750174726545247,0.6686612983838025,0.6814635305407162,0.38946875,0.38247734374999987,0.39648958333333334
0,iid10,UATIF,0.7974346415498735,0.7930307459056548,0.8014974888455084,0.7161343251075362,0.7085681179923773,0.723815798101887,0.17587998750290765,0.17396589759545886,0.17812979948855992,0.019183951054160472,0.017368350932510702,0.021107778395002098,0.7740923646023092,0.7666523029633148,0.7820629153876236,0.595667051134186,0.5886872555202518,0.6027129196834308,0.33546317716972746,0.3271278093835109,0.34443648537075117,0.6731311711120515,0.6664604742521172,0.679914202559874,0.38946875,0.38247734374999987,0.39648958333333334
0,iid10,No quality,0.7822026488860414,0.7774117914197095,0.7864251928109042,0.6992942300165851,0.6918822410629225,0.7068008558820362,0.18248871087759908,0.1804701045182401,0.1848343947227304,0.030160419123794784,0.02741520739401876,0.03310106603191369,0.6846691519509427,0.6761203416836942,0.6935751182109481,0.6244102180981019,0.6176294581236857,0.6315119880965322,0.26304333137567515,0.2554929120647096,0.2708448476028438,0.6529854056318002,0.6463801656149415,0.6600931428426929,0.38946875,0.38247734374999987,0.39648958333333334
0,iid10,No temporal,0.7869645993040333,0.7827071053942339,0.7908606275512742,0.7009438958549862,0.6931986608811446,0.7089291695190842,0.1804235150881379,0.17862231960275582,0.182484791314498,0.020537048839078167,0.01916756465656425,0.021905695300362456,0.7951951212189493,0.7889624526744206,0.8014459604897604,0.5712595174390486,0.5641565835211836,0.578671195397831,0.3806541723163186,0.3740150042969632,0.3880964854892467,0.6647804327113126,0.6580341158752759,0.6716520165950477,0.38946875,0.38247734374999987,0.39648958333333334
0,iid10,No interactions,0.7959121004860815,0.7913016399925001,0.8001342748970972,0.7134108272666296,0.7055826461370832,0.7213270175626224,0.17650851045656318,0.17457770298108072,0.17879405137960125,0.020738555451764954,0.018926646595721613,0.022612845603046067,0.7733844057037049,0.7657315890797228,0.7813839431661075,0.5960432937540039,0.5890699524737686,0.6031609868649197,0.33455231684978276,0.3264696100796202,0.3432337019961816,0.673113692294141,0.6661416149963726,0.6800549155271909,0.38946875,0.38247734374999987,0.39648958333333334
0,iid10,No driver,0.792773534027663,0.7882741258723951,0.7969314517753766,0.7073692396177268,0.6992961892434647,0.7154576517709295,0.17796237954066285,0.17602042119110434,0.18016010775570873,0.019823632907215054,0.017988016532220787,0.021971868104605753,0.7652156686448257,0.7570925339147953,0.7734163412046258,0.595641624849267,0.5891614380424383,0.6025355626534743,0.33157670713623116,0.3236512854620241,0.3402114843044466,0.6697254836857405,0.6633780067051299,0.6765585561903112,0.38946875,0.38247734374999987,0.39648958333333334
0,iid10,No telemetry,0.7672976182372765,0.7626815788338759,0.7717610355730465,0.6733998307964141,0.6658470541025705,0.6812498290498963,0.18805888741793392,0.18605858901656838,0.1902214764278909,0.020783739056884874,0.01874725365961118,0.023068650581566413,0.7581875630692619,0.7501993530260599,0.7661074316551537,0.5706239902279349,0.5635033763121189,0.578293630455086,0.364364995403064,0.35456358674525534,0.3743921301551579,0.6509295304987242,0.6446508632359887,0.6575557568487065,0.38946875,0.38247734374999987,0.39648958333333334
10,iid10,E-only,0.5200240895028144,0.5139683215025549,0.5268955667256102,0.4095916710525707,0.40208989389872224,0.4169759404027123,0.23846436990942002,0.23697906221438952,0.23988022934239672,0.022049261085897266,0.018695087893545178,0.025769901569740638,1.0,1.0,1.0,0.39125,0.3851138020833333,0.3970432291666666,1.0,1.0,1.0,0.5622540717900851,0.5558904681730796,0.5682629548887567,0.39125,0.3851138020833333,0.3970432291666666
10,iid10,H-only,0.5706684442230963,0.5657044035587597,0.5755325055510736,0.4572201173053012,0.44885956052891723,0.4654547161871701,0.23538063653442923,0.23379420448556223,0.23700174600009646,0.0278309794133669,0.025300524619640496,0.030459423631528062,1.0,1.0,1.0,0.39125,0.3851138020833333,0.3970432291666666,1.0,1.0,1.0,0.5622540717900851,0.5558904681730796,0.5682629548887567,0.39125,0.3851138020833333,0.3970432291666666
10,iid10,T-only,0.5609552381653107,0.5557743077639291,0.5656495120514062,0.44898678362249256,0.440181424550791,0.45772762915572235,0.23595479436922023,0.23458640868673505,0.23732592216413273,0.02810147962786615,0.025191298871849302,0.030889310621019142,1.0,1.0,1.0,0.39125,0.3851138020833333,0.3970432291666666,1.0,1.0,1.0,0.5622540717900851,0.5558904681730796,0.5682629548887567,0.39125,0.3851138020833333,0.3970432291666666
10,iid10,H+T,0.5823276223377277,0.5775677326579588,0.5869883265423378,0.4694443234274615,0.4608900387596001,0.4781149670096292,0.23397198679915707,0.2324296544801017,0.23562085355357176,0.027275878834560355,0.02437017886138127,0.030394940264783347,0.953154905818679,0.9510632089064702,0.9550790702374964,0.3975115863312676,0.3917878265615299,0.40295358822890603,0.9284350012318636,0.9256712091443606,0.9312453303689917,0.5608760642759011,0.555140747635021,0.566374041514092,0.39125,0.3851138020833333,0.3970432291666666
10,iid10,Additive,0.5847034942851362,0.5799502019998711,0.5893482673991011,0.4701338247317717,0.4617175836890789,0.4784151822830286,0.23412482894821401,0.2325023653626768,0.23581188096788075,0.03188014860834823,0.028797456436379626,0.03515296157511416,0.9077098926231977,0.9053113329093967,0.9099753665272071,0.40440930453505025,0.3986550740511299,0.4100307422137767,0.859146756315854,0.8555845588562394,0.8626463641040722,0.5593740366215127,0.5536624990378065,0.5649045915450225,0.39125,0.3851138020833333,0.3970432291666666
10,iid10,Static interaction,0.5850169758601368,0.5802853692200497,0.5896646924037479,0.47009006680659954,0.46165115069961804,0.4783779012851142,0.23411124819484408,0.23248354683068476,0.2358016599612498,0.03200641156110287,0.028886330832728485,0.03521006227663516,0.9175000906077957,0.9152283286648122,0.919633584076618,0.40325999544728947,0.3975093062998268,0.40882225027271385,0.872564902446274,0.8691462901279032,0.8758614810342802,0.5601130248861216,0.5543481120213425,0.5656036704351238,0.39125,0.3851138020833333,0.3970432291666666
10,iid10,Quality static,0.5995324362893463,0.594885200332253,0.6040347487989931,0.4790105242976077,0.47052736781839655,0.4873465588356205,0.2311993030357783,0.22993675711216366,0.23253993825102567,0.01744695060372526,0.015361242633841412,0.019539101000917675,0.9023983305534636,0.8980962369049689,0.907054032286523,0.41298329787679644,0.4067732125936461,0.4191760082902824,0.8243336785224804,0.8200730581311109,0.829410970172911,0.5665110968565223,0.5600349719083547,0.5729157169686605,0.39125,0.3851138020833333,0.3970432291666666
10,iid10,Quality temporal,0.6068016831099964,0.6016934880628516,0.6118398335551338,0.48533218238971615,0.47678303609882483,0.4936805865948207,0.23018093353554006,0.22889157535174298,0.2315003129430124,0.0177547278259075,0.01616378759338793,0.01946968441724954,0.8846590746695547,0.8794125076020946,0.890199566615367,0.4162923657820773,0.4104965592873896,0.42205747570785984,0.7971853330771658,0.7915052818463669,0.8035049776875435,0.5660465358499642,0.5598920954881964,0.5720956855911389,0.39125,0.3851138020833333,0.3970432291666666
10,iid10,HGB quality,0.5957332541119117,0.5909012485416231,0.6001050260015668,0.4739765545070316,0.4665532373591084,0.48108111824258515,0.23190844933683336,0.23053499861138027,0.2333684819531657,0.018602102449751683,0.016553561545940502,0.020765744385416406,0.927977127533506,0.9249094278665065,0.9312085892749248,0.4055708134983872,0.399456881857246,0.41153021853122007,0.8741540149380771,0.8699415510685278,0.8787292630613844,0.5643057747959559,0.5580313605892672,0.5704894353573379,0.39125,0.3851138020833333,0.3970432291666666
10,iid10,HGB full,0.6033393507250494,0.5980257348695857,0.6084960941832587,0.4813956893361665,0.473164371295724,0.4891082781411099,0.23077006837260194,0.2294380459344888,0.23212120942830475,0.01842033811830552,0.016519818738128973,0.02047298185854617,0.9542482792388051,0.9512371125135503,0.957262385313491,0.4024223471069208,0.39643620232977783,0.40821725208789733,0.9107156946620185,0.9066113435968939,0.914783790245576,0.5659514111140612,0.5595924293717414,0.5720158919822736,0.39125,0.3851138020833333,0.3970432291666666
10,iid10,MLP full,0.6057936228794408,0.6005701866887931,0.6111038682347842,0.48474883180075296,0.4758886265130178,0.4933461337214956,0.23038532948904547,0.22906484282929718,0.23175813739372822,0.019265662239897823,0.017154388912699266,0.021561214514742168,0.861346698809614,0.8555058472596129,0.8678883129247243,0.421048565835471,0.4150026595907182,0.4270470060774316,0.7611983639566109,0.7548713611516893,0.76843140490291,0.5654960474706466,0.5590142918531101,0.5720086231359852,0.39125,0.3851138020833333,0.3970432291666666
10,iid10,UATIF,0.6069674799679902,0.6016948560292049,0.6121018728749189,0.48566356855590836,0.4770900952166358,0.4939547653352657,0.23017082762788302,0.22887911430181307,0.23151464558554075,0.018018337280107946,0.01617249635518895,0.019882862306293363,0.9694669080779179,0.9670026792177822,0.9720802215965513,0.3993465524242883,0.39330321162773096,0.405186060628012,0.9371839145262376,0.9335855989153755,0.9406257320274534,0.5655126822126169,0.5590330009718393,0.5715727251283081,0.39125,0.3851138020833333,0.3970432291666666
10,iid10,No quality,0.6019055894788619,0.5965452571035308,0.607229828454213,0.4817096752463804,0.47260039294940875,0.4904279331360732,0.23106520720448426,0.22968771243945085,0.23251126415777817,0.021937369741833235,0.01933890639954347,0.0247385669458212,0.8616686394568462,0.855861174149109,0.8677866530755753,0.41882160788192235,0.4130300984181639,0.42463364214184357,0.7684689351193793,0.7620665086545251,0.7758908714833905,0.5635572579287226,0.5573088204960452,0.5696809015115111,0.39125,0.3851138020833333,0.3970432291666666
10,iid10,No temporal,0.6026773766236978,0.5978538723938152,0.6071732388839968,0.48102198354000386,0.47271663448240103,0.48930246061489546,0.23079907996007237,0.2295024976738894,0.2321211087414765,0.017661445757115386,0.015865791525809567,0.019568487290237132,0.9237897926089848,0.9201734329511344,0.9277466764880423,0.40959181691412994,0.40343996836212614,0.41564531873514654,0.8558040785917076,0.8513801933244739,0.860665195471087,0.567407754650702,0.5609455121615623,0.5736939917549597,0.39125,0.3851138020833333,0.3970432291666666
10,iid10,No interactions,0.6068016831099964,0.6016934880628516,0.6118398335551338,0.48533218238971615,0.47678303609882483,0.4936805865948207,0.23018093353554006,0.22889157535174298,0.2315003129430124,0.0177547278259075,0.01616378759338793,0.01946968441724954,0.8846590746695547,0.8794125076020946,0.890199566615367,0.4162923657820773,0.4104965592873896,0.42205747570785984,0.7971853330771658,0.7915052818463669,0.8035049776875435,0.5660465358499642,0.5598920954881964,0.5720956855911389,0.39125,0.3851138020833333,0.3970432291666666
10,iid10,No driver,0.6041145401781751,0.5988158077090504,0.6094224484239179,0.4842081770276359,0.4750357401184365,0.49321276067311665,0.23052378339369442,0.22927021806991604,0.23184300765981253,0.018112849051613908,0.016124163374009248,0.02014079404693394,0.9329926504563681,0.9291654754280112,0.9369999711909284,0.40657804576118856,0.40047948725464433,0.4126749870080121,0.8752273742667985,0.8697239718155468,0.880835896640211,0.5662166612848877,0.5597023952869755,0.5725527882015985,0.39125,0.3851138020833333,0.3970432291666666
10,iid10,No telemetry,0.5953538408090021,0.5895805124581401,0.6012665724141567,0.47320859873962534,0.4646572007471765,0.4815168959438856,0.23188158605688394,0.23044588708731661,0.23335792486042578,0.01866894487523594,0.016469154228259987,0.020938348208841495,0.9371915332849675,0.9325499430383763,0.9416401783204466,0.40419433649558684,0.3979825078781983,0.4104022515722673,0.8878815710597643,0.8830819450708568,0.8926769525348367,0.564648142893843,0.5581084095244668,0.5710982604008956,0.39125,0.3851138020833333,0.3970432291666666
0,iid20,E-only,0.5270371458513039,0.5223334308575217,0.5317941042214356,0.4158551570585616,0.4088716851399542,0.4230532981712323,0.2376182558037267,0.23592085742708882,0.23934882395385834,0.018324611549932604,0.014184767781501998,0.023120633729115967,1.0,1.0,1.0,0.38946875,0.38247734374999987,0.39648958333333334,1.0,1.0,1.0,0.5603190290595905,0.553011667391558,0.5676631766995308,0.38946875,0.38247734374999987,0.39648958333333334
0,iid20,H-only,0.6583844403143,0.6537010270908638,0.6633905171900467,0.5904829033990224,0.5813954052731143,0.5999224451900215,0.22394976144479392,0.22137306232392154,0.2265602149297547,0.0907781181628698,0.0880234796971757,0.09369326189232606,0.5772173738110997,0.5701593562617704,0.5845966983674346,0.5743725526124075,0.5662502001122456,0.5832230537224019,0.2729339612968092,0.26630836248347517,0.27972276445646266,0.5756061791676423,0.5686087240190401,0.5829388418510636,0.38946875,0.38247734374999987,0.39648958333333334
0,iid20,T-only,0.627343655978015,0.6223371984316439,0.6321818511858058,0.5435224538585259,0.5339929579729981,0.5530123257733087,0.2299106302173937,0.22744967023273555,0.2325243759253286,0.07791958135469175,0.07495616825250469,0.08076774080353225,0.676747168345765,0.6709943042689528,0.6823902209250454,0.46793916529154705,0.4607080780248326,0.4750550413219435,0.490829877971182,0.4843321678466792,0.49790635195053906,0.5530523941136697,0.5470952195527746,0.5590208797851719,0.38946875,0.38247734374999987,0.39648958333333334
0,iid20,H+T,0.6879040893320943,0.6832010468187726,0.6925757499432489,0.6163929525100147,0.6080931269866378,0.6245833781914271,0.2211331194512171,0.2183580962841147,0.2240083311697186,0.09750500613274445,0.09401119771015942,0.10133556255447887,0.522015718514895,0.5160342947866765,0.528560264660892,0.5879487942031837,0.5794874434374306,0.5963001925687789,0.2332569174483937,0.2289363678287174,0.2381345679229659,0.5528553592352066,0.5464837551179422,0.5595058826520497,0.38946875,0.38247734374999987,0.39648958333333334
0,iid20,Additive,0.689530936310953,0.6846475307490507,0.6941644887431373,0.6184159971904811,0.6106246366239518,0.6262075335666094,0.2224705364673726,0.21948279819456126,0.22560224576969848,0.10637430700778641,0.1024698057717195,0.11056356888215539,0.5045951852245527,0.499064675966509,0.5107243847165931,0.5968264521413943,0.5883247444531722,0.6050689308674668,0.21743383668594043,0.21280879993085197,0.22274935954357733,0.5466931675271011,0.5405357620005824,0.5526986834598618,0.38946875,0.38247734374999987,0.39648958333333334
0,iid20,Static interaction,0.691384837122529,0.686387502633689,0.6960900609975984,0.6188576452544884,0.6110183258102702,0.6267073856990231,0.22189896157910896,0.21893220059341192,0.22498119037824094,0.10645834155660668,0.10262095010623742,0.11055415113514616,0.5082628982074295,0.5026300835544911,0.5143635462520575,0.5957907431758918,0.5873219037280923,0.6039601121773558,0.21991744933224394,0.21553425661324951,0.22499255212149818,0.5484033001551001,0.5422717163090889,0.5544859678400141,0.38946875,0.38247734374999987,0.39648958333333334
0,iid20,Quality static,0.7648619943273597,0.7603687832750392,0.7687860372549238,0.6730973348189635,0.6647548721674295,0.6811357958071775,0.18900632744347234,0.18730690631390823,0.191055550163596,0.024234438006545702,0.02223107641512497,0.026182026489939655,0.8072219421981457,0.801420056729181,0.8129672752569855,0.5413653954814567,0.5340570548014975,0.5485157170724951,0.4361764847537059,0.42931029961634704,0.4433985420769966,0.647989687596537,0.641006274876285,0.654578380762949,0.38946875,0.38247734374999987,0.39648958333333334
0,iid20,Quality temporal,0.787077476131315,0.7823824673745793,0.7914082455515888,0.7034054831472016,0.6956031182648784,0.711164929968216,0.1800466048700886,0.1780772848986311,0.18232632747144548,0.021351455312355317,0.019524680076663213,0.02327652135353775,0.7700526839852455,0.7627912714618267,0.7775490194133536,0.5859607276891112,0.578984673725239,0.5930639863574887,0.34734263951284566,0.33905603045846194,0.35637705790582125,0.6654091986680819,0.6587311121621203,0.672156796228504,0.38946875,0.38247734374999987,0.39648958333333334
0,iid20,HGB quality,0.7689001271841852,0.7641242551207751,0.7730026868363202,0.6792300780955318,0.6707118377929849,0.6875458237599239,0.18720211806286322,0.18532182435144537,0.18945224074004155,0.020838682463398057,0.018743536201554944,0.02341924346993446,0.7633663603446175,0.7566207100483262,0.7698833598583946,0.5582238319543913,0.5513189512135143,0.5652842876291307,0.3853043548004388,0.3787383278388728,0.3921801629573817,0.644780102454837,0.6381704982438124,0.6513292197844992,0.38946875,0.38247734374999987,0.39648958333333334
0,iid20,HGB full,0.7875757308306502,0.7829253769523332,0.7918482415955816,0.7026672227176408,0.6948056354555782,0.7105566179548547,0.17987921768436455,0.17790307468086317,0.18219798526327585,0.019902154129486444,0.018072297427819933,0.021805645801297128,0.769769822665701,0.7628930571253437,0.7765969343998634,0.5865953734073339,0.5799291591090321,0.5935741707687577,0.3463739089349797,0.3381013250476267,0.35550489119650946,0.6656800037735849,0.6596456469833041,0.6719587293628,0.38946875,0.38247734374999987,0.39648958333333334
0,iid20,MLP full,0.7904072823306217,0.7858502777089054,0.7946872304024462,0.707603594517939,0.6999170780096655,0.7154277125617937,0.17871788216699683,0.17667907669259966,0.18105093704315353,0.019701126329786305,0.01781989843358717,0.021783219105678545,0.7466875420054966,0.738746634471498,0.7547617727537734,0.6044759438230684,0.5978947149957264,0.6112610398704741,0.3120138544593279,0.3036085823328175,0.3211153028693451,0.6679716194280041,0.6615668554050491,0.6746962445944723,0.38946875,0.38247734374999987,0.39648958333333334
0,iid20,UATIF,0.7891711449838911,0.7845797068044746,0.7934076037188967,0.7064778063196682,0.6988258555811493,0.7141273011781397,0.1792139552911922,0.17724730219877174,0.1814849203197585,0.019880847953520964,0.018004760739160058,0.02185744786188073,0.7711275228404734,0.7636730310379838,0.7786247883748029,0.5861572050791104,0.5791063835675945,0.5932001536752353,0.3475206689461889,0.33934471614891065,0.35654211752146553,0.6659319254362667,0.6591818535436678,0.6729324209694477,0.38946875,0.38247734374999987,0.39648958333333334
0,iid20,No quality,0.7684956424337714,0.7636993280905212,0.7728247233154099,0.6840307703156346,0.6763896490790253,0.691596520092832,0.18971955426290424,0.18753388632898466,0.1922405901273519,0.05402046981133689,0.05056169398730114,0.057377103174071374,0.6266363800286255,0.618259749124606,0.6351179379343816,0.6370560931647499,0.6300315675347942,0.6441944872437697,0.22802330229744827,0.22122203375044008,0.2349699324697996,0.6316366997114928,0.6249128755820383,0.6385500258218217,0.38946875,0.38247734374999987,0.39648958333333334
0,iid20,No temporal,0.7736801417775645,0.7691603956514181,0.7776354476579982,0.6855460334248452,0.6775464230779663,0.6935950345951811,0.18558541132330636,0.18379651552634402,0.18769508039823707,0.022622388007331278,0.020830413778155962,0.024662421909400264,0.8052496220898241,0.7993948766322614,0.8112969421096808,0.5491591989059644,0.5418446630316595,0.5564408256964206,0.421648799906755,0.41491178157567016,0.42906632032076086,0.6529069335479598,0.6460718915946202,0.6598621050477413,0.38946875,0.38247734374999987,0.39648958333333334
0,iid20,No interactions,0.787077476131315,0.7823824673745793,0.7914082455515888,0.7034054831472016,0.6956031182648784,0.711164929968216,0.1800466048700886,0.1780772848986311,0.18232632747144548,0.021351455312355317,0.019524680076663213,0.02327652135353775,0.7700526839852455,0.7627912714618267,0.7775490194133536,0.5859607276891112,0.578984673725239,0.5930639863574887,0.34734263951284566,0.33905603045846194,0.35637705790582125,0.6654091986680819,0.6587311121621203,0.672156796228504,0.38946875,0.38247734374999987,0.39648958333333334
0,iid20,No driver,0.7845556552729892,0.7798478922100832,0.7888730629863318,0.6981238884421781,0.689805890024452,0.7061371475070282,0.18117909767327958,0.1792419201318104,0.18339930275486022,0.019284271399362864,0.017541373856385246,0.021158676778755055,0.7631398221277277,0.755061722446161,0.7710823592607072,0.5872490848175567,0.5807582075010114,0.594203931814005,0.34241138850492664,0.3340891841842886,0.3513997612769519,0.6636013234195582,0.6572066743916455,0.6703356955570858,0.38946875,0.38247734374999987,0.39648958333333334
0,iid20,No telemetry,0.7592839799117533,0.7544352352884953,0.7639142453157766,0.6649340850521506,0.6573557838566394,0.6729989678907297,0.19085708076626184,0.1889013905059952,0.19301206418214226,0.020623666607322406,0.018750912905613815,0.022645636646578822,0.7508384844443494,0.7431218568737241,0.7584662773610943,0.5631262414825355,0.5554146474672065,0.5714203369932175,0.372105499956399,0.36207569652472893,0.38275891819761876,0.6433223182107957,0.6367848862544113,0.6501428861688148,0.38946875,0.38247734374999987,0.39648958333333334
10,iid20,E-only,0.5131652583616632,0.507637761471358,0.5191705650262912,0.40601287838694966,0.3989857951651636,0.4130413639800597,0.23908883037232975,0.23749701889094832,0.24059249477049863,0.026802631209785266,0.02298849422330395,0.03086649461768091,1.0,1.0,1.0,0.39125,0.3851138020833333,0.3970432291666666,1.0,1.0,1.0,0.5622540717900851,0.5558904681730796,0.5682629548887567,0.39125,0.3851138020833333,0.3970432291666666
10,iid20,H-only,0.5573275019638956,0.5526307299901568,0.5619212848129147,0.45001603826708425,0.44178844961860947,0.45801239000906085,0.23756181745417274,0.23579129020139655,0.23937491704331393,0.03969575321297729,0.03681246450526742,0.042655434961791965,1.0,1.0,1.0,0.39125,0.3851138020833333,0.3970432291666666,1.0,1.0,1.0,0.5622540717900851,0.5558904681730796,0.5682629548887567,0.39125,0.3851138020833333,0.3970432291666666
10,iid20,T-only,0.5473529148906249,0.5421185893220114,0.5525325822140431,0.4415765215625342,0.43292644018379567,0.45001692506916474,0.237693618112694,0.23612878770799112,0.23918291236009073,0.03841896917717515,0.03555286642892441,0.0411539228596509,1.0,1.0,1.0,0.39125,0.3851138020833333,0.3970432291666666,1.0,1.0,1.0,0.5622540717900851,0.5558904681730796,0.5682629548887567,0.39125,0.3851138020833333,0.3970432291666666
10,iid20,H+T,0.5694706041931862,0.5650852099235744,0.5736475878056149,0.45875737786345255,0.4505324246570616,0.4669716693646596,0.23704442012572238,0.23524220392624495,0.23883883689802632,0.04448926905140793,0.04037522103112264,0.04858520641967021,0.9060986723386453,0.9036976528461009,0.9082511478567206,0.4001721524910143,0.3944715816963565,0.4056130193957009,0.8728594946250742,0.8695294809599027,0.8763264959066251,0.5550009003563094,0.5492999146415295,0.5603516193186499,0.39125,0.3851138020833333,0.3970432291666666
10,iid20,Additive,0.5705650934708912,0.5664150220920133,0.5746099619445686,0.4586323591153844,0.45081534390158806,0.46657600468035787,0.23812975094238314,0.23618260223233598,0.24004163128107558,0.05452042813089231,0.05030828514329918,0.05874197051181289,0.8331858198726748,0.8297918319106639,0.8364632794549886,0.4093483418474429,0.40384641920881287,0.41502779843117954,0.7726375520850842,0.7679456617439365,0.7772589569128537,0.5488464406063137,0.5434124312407507,0.5541818729105904,0.39125,0.3851138020833333,0.3970432291666666
10,iid20,Static interaction,0.5711073096352268,0.5669301972234324,0.5751962743459799,0.4586694664431209,0.45082809655433415,0.46656330297722365,0.23810570378481266,0.23616227692995387,0.24001809461319373,0.05451324528938932,0.05026114316616931,0.058690837164000274,0.8480811275566232,0.8448079822820319,0.8511993164219839,0.40784895300395163,0.40237384134122944,0.4134081274054886,0.7913424786637133,0.7867056116151466,0.7957307097430812,0.5506760316849459,0.5451841809709531,0.5559862228187246,0.39125,0.3851138020833333,0.3970432291666666
10,iid20,Quality static,0.5940451509461743,0.5893588423292475,0.5985032247305253,0.47305702756713125,0.4646978806775169,0.4810858959635372,0.23200877005630552,0.2307066987776423,0.23333603846988704,0.01718106953535833,0.015131573556729288,0.01935528858308252,0.9124983673543784,0.9084271294782909,0.9168454495230669,0.40958306109726555,0.403269330553895,0.41568278540429127,0.8453640760354713,0.8411711429594348,0.8501464840305848,0.5652516342144502,0.5586388741932498,0.5716024895219662,0.39125,0.3851138020833333,0.3970432291666666
10,iid20,Quality temporal,0.6027461174308326,0.5971169497989097,0.608511628172321,0.48159943138562483,0.4728786966820857,0.4900506886914337,0.23081342206149771,0.22944629618492518,0.23221082705090595,0.018195404171635034,0.016382758005794307,0.020211774018833287,0.8859206354953705,0.8807029451362774,0.8914744981245644,0.4145602041878898,0.4085868367657504,0.4204265574658939,0.8040525514552331,0.7984530038451016,0.8103745514753903,0.5646942233174143,0.558423062174691,0.5709211538929778,0.39125,0.3851138020833333,0.3970432291666666
10,iid20,HGB quality,0.5878257205647944,0.5834316633781311,0.5919737451859021,0.4682066036834303,0.4613076768242618,0.47485146941328543,0.23312738854587872,0.23161456803356845,0.23466635781863104,0.021689903158403814,0.01893365703320779,0.02470392008587197,0.9085075495761398,0.9052880271900406,0.9116118500299001,0.4058581580574859,0.39991622602720817,0.41166098805063694,0.8547690807097568,0.8507777864660759,0.8593368574358028,0.56092685038707,0.5548823865431284,0.5668582794415495,0.39125,0.3851138020833333,0.3970432291666666
10,iid20,HGB full,0.599479609265098,0.5941620411049569,0.6046608877178266,0.4780789027057948,0.4698910538112064,0.48593910437005766,0.23141563464159917,0.23001766444251454,0.23287200456740695,0.018977192382313053,0.016987295438632175,0.021171804554710096,0.9484837633328116,0.9454449289852697,0.951667019754953,0.40253931191199965,0.39660789774367317,0.4082923922997108,0.904790537811019,0.9002587306292174,0.9098854539769051,0.5650458903988238,0.5588605186032977,0.5709442369989919,0.39125,0.3851138020833333,0.3970432291666666
10,iid20,MLP full,0.6007830129767731,0.5953179477094245,0.6063334190025989,0.48013641108106087,0.47127295045463136,0.4887808102525443,0.2312963157035762,0.22988371638495694,0.23277948164287515,0.022390741500334703,0.019368616288671165,0.025419507535781382,0.8470708703619595,0.8409180168623155,0.8536636922725839,0.42110858553867137,0.41495885296265006,0.4273684619207183,0.7484540312409818,0.7414744300311713,0.7562362437040316,0.5624452929101227,0.5559918611517992,0.5691850706634454,0.39125,0.3851138020833333,0.3970432291666666
10,iid20,UATIF,0.6030480466458047,0.5973649145315748,0.6089024669557703,0.48205960991447333,0.4732664677300695,0.4906353631259214,0.23077471442635256,0.22940756903821868,0.23214987841498216,0.018729423204225357,0.01674285528167444,0.02084025516086476,0.9721523270165804,0.9700657238108801,0.9743520717563713,0.39872867905931675,0.39261393358876095,0.40452980702277225,0.9422046979454725,0.9388843132135616,0.945580304726101,0.5653436677312842,0.5589176018613617,0.5713796961684582,0.39125,0.3851138020833333,0.3970432291666666
10,iid20,No quality,0.5960322401890232,0.5905256884875784,0.6015114778156413,0.4764495101534271,0.4674371102496145,0.4851306932914226,0.23234839479031635,0.23083803713256124,0.23390351581291546,0.028757388060809203,0.025067103019994336,0.03234324703696465,0.8267444254084687,0.8203008514992091,0.8332865896741614,0.42189109528881813,0.4158258576660499,0.4278845820042295,0.7281455135735634,0.7209021114778009,0.736064502450065,0.5585773116463363,0.5521304123574876,0.5650440237848746,0.39125,0.3851138020833333,0.3970432291666666
10,iid20,No temporal,0.5974441484379412,0.592566375812981,0.6021477958269832,0.47564709971449337,0.46751687817668897,0.4835031716781095,0.23157966086904166,0.23026289767077174,0.2329144876379417,0.017500621847267705,0.015586485686494237,0.019654512717952478,0.9323129811058807,0.9289937310035147,0.935674019648533,0.40673194720833455,0.4005640297728318,0.4126364345284891,0.8739948843467558,0.86996752936722,0.8786258506482083,0.5662342026096093,0.5597653251257081,0.5723770424452737,0.39125,0.3851138020833333,0.3970432291666666
10,iid20,No interactions,0.6027461174308326,0.5971169497989097,0.608511628172321,0.48159943138562483,0.4728786966820857,0.4900506886914337,0.23081342206149771,0.22944629618492518,0.23221082705090595,0.018195404171635034,0.016382758005794307,0.020211774018833287,0.8859206354953705,0.8807029451362774,0.8914744981245644,0.4145602041878898,0.4085868367657504,0.4204265574658939,0.8040525514552331,0.7984530038451016,0.8103745514753903,0.5646942233174143,0.558423062174691,0.5709211538929778,0.39125,0.3851138020833333,0.3970432291666666
10,iid20,No driver,0.6005692736851583,0.5947710975739138,0.6063956827772612,0.48098410504821587,0.47186192617862144,0.4901216761392668,0.23103186808331688,0.2297376128040842,0.23239196074389984,0.018152907178298875,0.01555787798736351,0.020692353777683737,0.9388438603692701,0.9358143400707991,0.9421667777316126,0.4051725034735843,0.3992174874939661,0.4109907916361089,0.885869632558665,0.8807361619148323,0.891430703558346,0.5659087886792401,0.5597032707903118,0.571925763591892,0.39125,0.3851138020833333,0.3970432291666666
10,iid20,No telemetry,0.5915235645325864,0.5854806261584693,0.5977856799801342,0.470173230902204,0.46142006078806735,0.47869583505862173,0.2323880844623295,0.2309586546336588,0.23389625287522517,0.019523882582975032,0.017068589271951384,0.02216269547557735,0.9355086681410114,0.9308078913106543,0.9401033153939333,0.4033043866845713,0.3970535163639345,0.4095262258700128,0.889594188418733,0.8844875652630054,0.8948025818668317,0.5634681511054486,0.5569020023302139,0.5701195534645741,0.39125,0.3851138020833333,0.3970432291666666
0,iid30,E-only,0.5206106777410454,0.5158615401948785,0.5254477705435615,0.41292408363828287,0.40611014163426457,0.4202447549758656,0.23800524403632653,0.23621920085551043,0.23983072316055926,0.02132111772386788,0.017186615025965486,0.025668056567752767,1.0,1.0,1.0,0.38946875,0.38247734374999987,0.39648958333333334,1.0,1.0,1.0,0.5603190290595905,0.553011667391558,0.5676631766995308,0.38946875,0.38247734374999987,0.39648958333333334
0,iid30,H-only,0.6214098150519394,0.6170157320161042,0.6258506884152666,0.5648397546321537,0.5562415852269071,0.5736652075292173,0.23807821109503,0.2351812616795636,0.2410994943435876,0.11908582056558976,0.11565428756943832,0.1226054063121648,0.503837359675009,0.49717001910108627,0.5105558360278296,0.5738183618867363,0.5655475330323987,0.5824425784927578,0.23881698173141208,0.23280816136515414,0.24495354900470565,0.536355099751474,0.5296534125102762,0.5431050129334019,0.38946875,0.38247734374999987,0.39648958333333334
0,iid30,T-only,0.5981095380200571,0.5935499275858676,0.6026477429648951,0.5252555498641432,0.5159589352785574,0.5341481967166124,0.23901515076698843,0.23629273874174578,0.24175964150552626,0.10135250029636679,0.09837586238136738,0.10420084858765469,0.5921774858379424,0.586662741532078,0.5985217303119709,0.4680234064341852,0.4603031620153414,0.47530613230443525,0.42935705567160004,0.423339815916198,0.4359238370464963,0.522579648101149,0.5163858361558514,0.5287274990724299,0.38946875,0.38247734374999987,0.39648958333333334
0,iid30,H+T,0.6559807017144942,0.6511602655168867,0.6607873407451343,0.5851009391057247,0.5766793504514013,0.5934191458126332,0.23975035445940066,0.23665847472613954,0.24311424217931965,0.13933059800590095,0.13537012169129137,0.14345528035363375,0.4157789637998349,0.4105461786604837,0.42170785799653265,0.5919465162583288,0.5830020200103889,0.6003568535249559,0.18277416858387419,0.17884610443815901,0.18704051423554616,0.488301460026837,0.48228471502805226,0.49465300064867557,0.38946875,0.38247734374999987,0.39648958333333334
0,iid30,Additive,0.6577519151345289,0.6529378922244805,0.6625194006900319,0.5867361185527709,0.5787980371394214,0.5945473454952105,0.24295144559816448,0.2395527037858769,0.24660327977505078,0.1528701496849863,0.1482135968239748,0.15751816385395173,0.3926830247603191,0.38728563909075725,0.39832982826097485,0.6053138096674231,0.596308135040941,0.6136177588417696,0.16334962317963397,0.1593878482198126,0.16765328383632175,0.47619536307122406,0.4702148267878687,0.48221125315540797,0.38946875,0.38247734374999987,0.39648958333333334
0,iid30,Static interaction,0.6598422718527673,0.6548573988225641,0.6647072220282255,0.5875765920336924,0.5797063787545483,0.5953496889354168,0.24208638970787474,0.23873553920908092,0.24570878116020461,0.15179435825566814,0.1471002352970222,0.15663317129159543,0.39571534870347563,0.3902435736406072,0.4014512060260772,0.6039914007322645,0.5949347012399877,0.6123167917621954,0.16548751472528295,0.16168934012595948,0.16978755497253825,0.47800318841247896,0.4718156631496204,0.48418631900430703,0.38946875,0.38247734374999987,0.39648958333333334
0,iid30,Quality static,0.7507511821661503,0.7461935965295673,0.754506646130123,0.656144483744748,0.6482374117387023,0.6642773976574601,0.1940019013031101,0.19237557085325344,0.1959205978403623,0.02590065059659988,0.023888628264152795,0.027922000573647004,0.8186640445120008,0.8132664824430764,0.8238547723447261,0.5220409413692455,0.5152510053213106,0.5288722026186955,0.4780218958530756,0.47142088002623983,0.48471028673231087,0.6374310778552352,0.6309596355671627,0.6437684104194529,0.38946875,0.38247734374999987,0.39648958333333334
0,iid30,Quality temporal,0.776727591153316,0.7720115808905837,0.7808752466149866,0.6920946007829928,0.6844542459022008,0.6995712824226005,0.18402528889623762,0.18204891163518208,0.18631893697609167,0.02134380832976906,0.01969518007143603,0.02298508569611836,0.7614858146403721,0.7547352278746194,0.7684422345720188,0.5756143695307631,0.5694979176786417,0.5819582308902052,0.3584867102502705,0.34968087710852186,0.36774620829796717,0.6555304903368746,0.6495011417908496,0.6616511877822367,0.38946875,0.38247734374999987,0.39648958333333334
0,iid30,HGB quality,0.752234744962745,0.7477419940527937,0.7561608721452907,0.6614878510996461,0.6534449388630791,0.669366130316888,0.19287629272351137,0.1909722854845328,0.19510587798612378,0.023896489428818963,0.02145496038245507,0.026525702103909973,0.7252046316392814,0.7190345089523943,0.7312508487635045,0.5486316378913213,0.5414357139248258,0.5557060240282199,0.38051732479419526,0.37439574059513586,0.38699856448448594,0.6245818123049446,0.6180156719572029,0.6308242475687222,0.38946875,0.38247734374999987,0.39648958333333334
0,iid30,HGB full,0.7776333790358706,0.7726405501473597,0.7819443791012848,0.6917957281832494,0.6841159907692044,0.6994981065593238,0.18374064751390348,0.18172213235297494,0.18623010218723024,0.021177644198327305,0.01911205345046885,0.023309916996319808,0.7604313186917225,0.7534145296028365,0.7672381209563172,0.5772806282146113,0.5708539411225856,0.584063837214926,0.35553068671616794,0.3470966310625402,0.36482787930043037,0.6561882013211239,0.6501723697491123,0.662409499159025,0.38946875,0.38247734374999987,0.39648958333333334
0,iid30,MLP full,0.780640480851114,0.7758036280507917,0.7848022481077177,0.6967362156740677,0.6894267567128249,0.7041077077886163,0.18260522721677674,0.1804989646422953,0.18512679596681336,0.021435574479218244,0.01963048208294466,0.023441036150938732,0.7282454995551605,0.7201620584294736,0.7366482125552435,0.5999167193132137,0.593235847394033,0.6064225069568189,0.31027374563913157,0.30144146450597564,0.31966946606802427,0.6577217370739796,0.6514606335372545,0.6641185017215273,0.38946875,0.38247734374999987,0.39648958333333334
0,iid30,UATIF,0.7794875992438325,0.7748222167871851,0.7835094860593632,0.695608564742301,0.6880410460519374,0.7031651662311871,0.18297889971499212,0.18102811421470114,0.18528661001578745,0.02042556577384554,0.018653127731799234,0.022283764545521906,0.7644012879436415,0.7573386362104169,0.7716386620943214,0.5766883573544699,0.5704205342494482,0.5830896595672238,0.3583255139352629,0.3491841836100056,0.36793000608366516,0.6572946118916465,0.6512195298272425,0.6635103642390836,0.38946875,0.38247734374999987,0.39648958333333334
0,iid30,No quality,0.7540222432007934,0.7488946133731864,0.7584542770212024,0.669561686575923,0.6617979208845886,0.6775256236988255,0.19843111422801663,0.19601961548594604,0.2010906407992664,0.08095254276498301,0.07707749487448516,0.08452904503707984,0.5583777792760851,0.5488160859645163,0.5681361307458755,0.6483530382021314,0.6410366859309193,0.6553728253138639,0.19343056878305714,0.1871246680659365,0.1998015460543036,0.5997804089948985,0.5923506362260474,0.6076135433154769,0.38946875,0.38247734374999987,0.39648958333333334
0,iid30,No temporal,0.7585845755957225,0.7540779101516867,0.7624126757141739,0.667948927817792,0.6601345338997895,0.6755899646822194,0.190965990372766,0.18927006780132835,0.19298493778417514,0.02469074747305814,0.02240230678670223,0.027097912331106602,0.819074507229301,0.8139991288265335,0.8243363599819474,0.5266341864786033,0.5200082136839621,0.5334722324302337,0.46952804068498005,0.4629732309454324,0.47652594187970765,0.6409887354660478,0.6345438440748841,0.6474691387281221,0.38946875,0.38247734374999987,0.39648958333333334
0,iid30,No interactions,0.776727591153316,0.7720115808905837,0.7808752466149866,0.6920946007829928,0.6844542459022008,0.6995712824226005,0.18402528889623762,0.18204891163518208,0.18631893697609167,0.02134380832976906,0.01969518007143603,0.02298508569611836,0.7614858146403721,0.7547352278746194,0.7684422345720188,0.5756143695307631,0.5694979176786417,0.5819582308902052,0.3584867102502705,0.34968087710852186,0.36774620829796717,0.6555304903368746,0.6495011417908496,0.6616511877822367,0.38946875,0.38247734374999987,0.39648958333333334
0,iid30,No driver,0.7749120789677169,0.7702334406683226,0.7790361290321426,0.6879339853244727,0.6799372719089399,0.6956838655277984,0.18480242556331922,0.18285371270908884,0.18704770720359595,0.020403419877230343,0.018736798358344128,0.022159103640841397,0.7564993578386349,0.749356428972445,0.7638625038346992,0.5773026088581602,0.5712973824410229,0.5837200696198422,0.35370540908709563,0.3449682228199714,0.3632311837351648,0.6547218509375947,0.649037200875673,0.6607157282729437,0.38946875,0.38247734374999987,0.39648958333333334
0,iid30,No telemetry,0.7492390381371573,0.7442092955819063,0.7538735366656076,0.6543888167364396,0.6467400701510481,0.6621934112222609,0.19423330659672827,0.19223019220624898,0.196512709972421,0.021464995000512514,0.019194004370147854,0.023847911552729122,0.7402864564016272,0.7326279563511083,0.7480270504967766,0.5564171559406231,0.549031290915867,0.5641953873616486,0.37707024251241955,0.3666608853804764,0.3878974159517488,0.6350699689073486,0.6287505407335395,0.6417760637340273,0.38946875,0.38247734374999987,0.39648958333333334
10,iid30,E-only,0.5094699883960989,0.5047578482636335,0.5147353775959284,0.40390501007722646,0.3969023704482976,0.41087254558766045,0.23953182773578244,0.23787433526186363,0.24109393700745507,0.031346859001748294,0.027153522258152207,0.03563036497624118,1.0,1.0,1.0,0.39125,0.3851138020833333,0.3970432291666666,1.0,1.0,1.0,0.5622540717900851,0.5558904681730796,0.5682629548887567,0.39125,0.3851138020833333,0.3970432291666666
10,iid30,H-only,0.5423247852349107,0.5381622815252831,0.5461875154990141,0.4415475713939513,0.43325950899273336,0.44956160317790994,0.24015956558517845,0.23834232190571916,0.24203186937977883,0.05326925519652438,0.050340060178222686,0.05637317226110251,1.0,1.0,1.0,0.39125,0.3851138020833333,0.3970432291666666,1.0,1.0,1.0,0.5622540717900851,0.5558904681730796,0.5682629548887567,0.39125,0.3851138020833333,0.3970432291666666
10,iid30,T-only,0.5377756299379398,0.5327529203195862,0.5425621149189293,0.43631262817843197,0.4279896231595747,0.44432989288526875,0.23913291881041998,0.23742298158742473,0.2408226880509783,0.04677996256623718,0.04386628747276234,0.05001734689140257,1.0,1.0,1.0,0.39125,0.3851138020833333,0.3970432291666666,1.0,1.0,1.0,0.5622540717900851,0.5558904681730796,0.5682629548887567,0.39125,0.3851138020833333,0.3970432291666666
10,iid30,H+T,0.557138970231117,0.5527178307968107,0.5610903811664303,0.4505355360674858,0.44234530323400095,0.45832313318440704,0.24052099877752833,0.2386167837408235,0.24248222251986418,0.06323676906942836,0.058741052503748566,0.0675810285889087,0.8412092580511465,0.8378931411553454,0.8445138741935767,0.4014801994903314,0.3955990050133163,0.40728481596042254,0.8059949079431044,0.8023154901136268,0.8105180957420045,0.5433887774496223,0.5374238251904163,0.5492404251991145,0.39125,0.3851138020833333,0.3970432291666666
10,iid30,Additive,0.5583227628321095,0.5537501560550941,0.5625677029216769,0.4502662202693772,0.4424017557968621,0.45791881723615024,0.24269989348754775,0.2405942269566578,0.24480865464660687,0.07668187718419567,0.07220423030011525,0.08120542586441382,0.7443790206860613,0.7400478355644807,0.7487162286800559,0.41329249486474245,0.40737085903474046,0.4192387863833018,0.6791507328120417,0.6742168042030351,0.6844024585469801,0.5313545052159567,0.5256548377840901,0.537005751578669,0.39125,0.3851138020833333,0.3970432291666666
10,iid30,Static interaction,0.5588927421259134,0.5542567693298563,0.5630558306356533,0.4503674627764141,0.44243855177691693,0.4580537724462255,0.242693739494887,0.24059555155238965,0.244803771875087,0.07682367967849307,0.07235830064900242,0.08124845018525606,0.7638907914803565,0.7599327745427318,0.7679843266374521,0.4116766288117629,0.4058225853645345,0.41748892286893663,0.701611462157476,0.6966409212550893,0.7067228514508584,0.534885950108461,0.5292726260611343,0.5404160491751595,0.39125,0.3851138020833333,0.3970432291666666
10,iid30,Quality static,0.5878371209279611,0.5831240825431224,0.5921086202351313,0.46828984181300515,0.4596335646833413,0.4765315677058629,0.23275581060352366,0.23147650714653367,0.2340663756423794,0.018225780139017253,0.015602105873274501,0.021078157638163456,0.9224034900988701,0.9187313028227673,0.9261009315315316,0.4069242327127121,0.400723736462578,0.4128181037778113,0.8640078459692153,0.8600893601335916,0.868346675864764,0.564581042481501,0.5580776712331863,0.5707182392468098,0.39125,0.3851138020833333,0.3970432291666666
10,iid30,Quality temporal,0.5983083649078212,0.5926867386941923,0.6038501397877686,0.47862816597024044,0.4697301772853517,0.4873555855167087,0.23147368764436257,0.2301249452213218,0.23286020241402297,0.01959564486870988,0.01725500774806032,0.02214879604795312,0.8838780006419724,0.8784134094772256,0.889518611942346,0.4130459076814509,0.4070130344489414,0.4190728482347328,0.8072207427963007,0.8017547372427603,0.8130817879232622,0.5628799010438469,0.5565440814337336,0.5694131280824479,0.39125,0.3851138020833333,0.3970432291666666
10,iid30,HGB quality,0.5766438351344816,0.5719628297235886,0.5809010623019862,0.4610015264899827,0.4534235615055342,0.468426772783479,0.2349380836992498,0.23339851645709012,0.2364862419684678,0.028998491548751112,0.02570655134550873,0.032448691743790045,0.8706210705550397,0.8666763721412432,0.8745622910091342,0.4056797021350769,0.39961225141906354,0.41170741108162,0.8197293324594092,0.8158510056458688,0.8239515341417434,0.5533249014128734,0.5472075684240836,0.5594527330096953,0.39125,0.3851138020833333,0.3970432291666666
10,iid30,HGB full,0.5953632704805375,0.5899808796328093,0.6003005971817336,0.47434733509619414,0.4659804190296597,0.4824686562590265,0.23212988131138182,0.2307629130904816,0.2335206040012009,0.021116234270959607,0.018485287870586394,0.023832705863774346,0.9401877462483466,0.9370229498488316,0.9434709570351458,0.40325658940178033,0.39730117972864365,0.4091369135221038,0.8942129692560508,0.8897186030431081,0.8991508840550961,0.5642702224746283,0.5580598395522713,0.5702925682558024,0.39125,0.3851138020833333,0.3970432291666666
10,iid30,MLP full,0.5960158924329674,0.5903508343967628,0.6013842221578222,0.47676969439373446,0.46782026811574406,0.4856654274552708,0.23225576082032054,0.23076836468622233,0.2337938382260208,0.02776026110343981,0.02379230397292863,0.03144091021622786,0.8259876297531581,0.8195550800946797,0.8325189097238096,0.4216841225759772,0.41558735887986586,0.4278159417929818,0.7281428709977763,0.7205454370291285,0.7365694758814836,0.5582316863719171,0.5516371781081593,0.5647175987434447,0.39125,0.3851138020833333,0.3970432291666666
10,iid30,UATIF,0.5986761656571552,0.5930678515719846,0.6042184057290068,0.47914021925167954,0.4701084684078939,0.48782425701400234,0.23141261054901285,0.23007607591965495,0.23279961458617157,0.019966739699873604,0.01747637318219665,0.0225815783274427,0.9746193617717104,0.9728152157246183,0.9764070865150445,0.3978741154442973,0.39177885910149224,0.4037060398432387,0.94796969142233,0.945096269084551,0.9511280570866163,0.564894217403099,0.5585702621715448,0.5708519954811461,0.39125,0.3851138020833333,0.3970432291666666
10,iid30,No quality,0.5903683860392849,0.5842873047991307,0.5959564706517974,0.472648985825163,0.46326546448814765,0.4817781682057173,0.2338070300679714,0.23222321434730114,0.23547707184348737,0.03935422984344545,0.0354251624203566,0.043086262226425004,0.784268514702899,0.776358346192919,0.7918843871839679,0.4250985619761251,0.4186839967592035,0.4314052849458077,0.6817676936752007,0.6737614199796569,0.690723398227441,0.5512383451338165,0.5443060661119181,0.5580092540866882,0.39125,0.3851138020833333,0.3970432291666666
10,iid30,No temporal,0.590743722566959,0.5860456444445822,0.5952213847061283,0.47072855630336946,0.4624391926845124,0.47866765974677594,0.23240375641928332,0.23108937932638116,0.23373597706897892,0.01772776564199782,0.01506800161846335,0.02061778906724435,0.9406829483795175,0.9374089126819943,0.9439143578363248,0.4044440141757622,0.3983460934339685,0.4103386895536722,0.8902630187801198,0.886527306357356,0.8943960041604985,0.5655300424423378,0.55905251044552,0.5716361570304361,0.39125,0.3851138020833333,0.3970432291666666
10,iid30,No interactions,0.5983083649078212,0.5926867386941923,0.6038501397877686,0.47862816597024044,0.4697301772853517,0.4873555855167087,0.23147368764436257,0.2301249452213218,0.23286020241402297,0.01959564486870988,0.01725500774806032,0.02214879604795312,0.8838780006419724,0.8784134094772256,0.889518611942346,0.4130459076814509,0.4070130344489414,0.4190728482347328,0.8072207427963007,0.8017547372427603,0.8130817879232622,0.5628799010438469,0.5565440814337336,0.5694131280824479,0.39125,0.3851138020833333,0.3970432291666666
10,iid30,No driver,0.5964827162530705,0.5909418645275127,0.6020365851916896,0.4782132700594926,0.4691340201851268,0.4873087417232083,0.23158185676739254,0.23028325992817417,0.23289777890174657,0.01950246593579023,0.016811641526809338,0.022215383399703192,0.9414744776703805,0.9380849713527853,0.9449056051316459,0.40327731327836325,0.3971980862313377,0.4091894599726094,0.8953788680841986,0.8905520941311138,0.9007157912409304,0.5645288170594115,0.5580643157067878,0.5707183083378665,0.39125,0.3851138020833333,0.3970432291666666
10,iid30,No telemetry,0.5873544704536343,0.5812868861525727,0.5934555852356898,0.4671495834907461,0.4584748275428452,0.47588550692599657,0.23293258075920198,0.23151174106070485,0.23442530706956918,0.0195607262361973,0.01695003197203729,0.022276953066699735,0.9323929195678528,0.9283831548862346,0.9364214729143472,0.4021214088333783,0.39612772599947277,0.4081965074518788,0.891010497061123,0.8856134202608049,0.8961780702878996,0.5617471016396668,0.5555397196303201,0.5680874681698741,0.39125,0.3851138020833333,0.3970432291666666
0,burst30,E-only,0.5167015200167685,0.5113809637063813,0.5225696316888524,0.41127359508337175,0.4038640471430485,0.41953048112402164,0.23824049381777623,0.2364689195861371,0.23995288774838255,0.02417645725057203,0.02033419500449909,0.028369451794948503,1.0,1.0,1.0,0.38946875,0.38247734374999987,0.39648958333333334,1.0,1.0,1.0,0.5603190290595905,0.553011667391558,0.5676631766995308,0.38946875,0.38247734374999987,0.39648958333333334
0,burst30,H-only,0.6104634800682364,0.604554675936858,0.616453241585928,0.5556466429993453,0.5461887260007592,0.5657750226004012,0.2428883390174585,0.2396764191110177,0.2460865626255073,0.12879309042190754,0.12468972419760445,0.13286534959658497,0.4790365315016409,0.4695927971620267,0.4881552112163926,0.5737459603596964,0.5644812924634608,0.5833276409134296,0.22687418497179002,0.22098887387391358,0.23262908550854194,0.5218395608481158,0.5132649900156669,0.5302926976152935,0.38946875,0.38247734374999987,0.39648958333333334
0,burst30,T-only,0.5855359079218445,0.5786700586665541,0.5922635827394099,0.5133801529948032,0.5045692959390172,0.5223203737711865,0.24334371026141594,0.2397988723191976,0.2467823503534519,0.10927886876920209,0.10503917862335961,0.11336954556562907,0.5595182363677845,0.5516358567106645,0.5677643735602551,0.4655353973239807,0.4579851589048302,0.4731087165212292,0.40959358166330395,0.4035785514162804,0.41597802213438506,0.5079068132448525,0.502061311604259,0.5144711146437316,0.38946875,0.38247734374999987,0.39648958333333334
0,burst30,H+T,0.6414775876615935,0.6345443540850328,0.6480713511453893,0.5736240605902698,0.5644468358737069,0.5831484859519112,0.2463663331895604,0.2423345700937507,0.2501426887687478,0.1507006732534382,0.145034480464497,0.1562005132070257,0.3919283230855931,0.3827512066708215,0.40126997295216127,0.5911023191163941,0.5818570290868174,0.6004286528184672,0.17274790785266605,0.1681853232922819,0.17747094989369794,0.4710225014568309,0.4622837604257043,0.47988056210960944,0.38946875,0.38247734374999987,0.39648958333333334
0,burst30,Additive,0.641874527404306,0.6348978906957582,0.6484906353610299,0.5739223760457217,0.5649440330706875,0.5833532984979608,0.2504608128994532,0.2463156429235565,0.25441743530674527,0.16467006415066437,0.15880499376697876,0.1702341898808235,0.369536594687578,0.3595916159455253,0.3794312035350847,0.6048861058137381,0.5956257477306008,0.6141347560548813,0.15381460019080934,0.1491862497454988,0.15871360032380474,0.4583963250840541,0.4490698925035166,0.46752714541409807,0.38946875,0.38247734374999987,0.39648958333333334
0,burst30,Static interaction,0.6439809439587596,0.6370462159848288,0.6504910920569762,0.5748654910816645,0.5659637463179036,0.5842581776429913,0.2494944248910307,0.24533230108891796,0.25344487300325563,0.16319663363278653,0.15742237694753505,0.16877820223163786,0.37245930855898923,0.36283064011695976,0.38219873917349845,0.604193156995952,0.5948121317729604,0.6133985978311852,0.15550026738244146,0.15096104419889841,0.16039576066538458,0.4604700122293232,0.45133557794059737,0.4695685891859305,0.38946875,0.38247734374999987,0.39648958333333334
0,burst30,Quality static,0.7440772246712241,0.7391923748995134,0.7478060978051088,0.6467877367646432,0.6381199874654947,0.6557271807164333,0.19638585886430648,0.19473516384226863,0.1983333308023149,0.02593813367396548,0.02368337248824641,0.028340311463863663,0.825086711089785,0.8201522417220866,0.8300244615309181,0.5128893717330026,0.5055346006319514,0.5200681248290512,0.49979935779568563,0.4927676966433257,0.5073484375666613,0.6323999059134188,0.6260335107610884,0.6387183241699282,0.38946875,0.38247734374999987,0.39648958333333334
0,burst30,Quality temporal,0.760630273909803,0.7553012197246372,0.7652112186315402,0.6705882121625587,0.6625328422712774,0.6787378663542715,0.19011125071857385,0.1882041048314477,0.19254913610938798,0.02384560197006598,0.021610695055185137,0.026382788052113023,0.7498004465232808,0.7394104329449437,0.7594202557814945,0.5606702694716283,0.5535718189694264,0.5679683485135946,0.3749527920121991,0.366096655099917,0.3838712572023986,0.6414260288348699,0.6338816249159559,0.6489132893629496,0.38946875,0.38247734374999987,0.39648958333333334
0,burst30,HGB quality,0.7439165759509591,0.7390026502819131,0.747808043400207,0.6506991820364888,0.6415520929770164,0.6596734088279175,0.19577239888726763,0.19392685021224768,0.19808434337447944,0.026750245098563056,0.023620845076274665,0.030295194254644824,0.6967386310371673,0.688751749935572,0.7043025316022669,0.5488102688128063,0.5413236640572691,0.5565940432161786,0.3651473864176499,0.35996287805000443,0.3707125320808231,0.6137679817132196,0.607074573444237,0.620553082986012,0.38946875,0.38247734374999987,0.39648958333333334
0,burst30,HGB full,0.757417065350153,0.7514810310662114,0.7623689417589179,0.6671657186038742,0.6584297030305705,0.6759313813466312,0.19158953758664174,0.18947749121133867,0.19434206764939221,0.027386263586347676,0.024301802578386007,0.03127746419789321,0.7433974495130887,0.7326586855128957,0.7535837368574954,0.5628542067154307,0.5558229751844966,0.5704401867716202,0.36854989346994227,0.3591807738851842,0.3781043979507608,0.6404548368095949,0.6329143989171907,0.6480919395942721,0.38946875,0.38247734374999987,0.39648958333333334
0,burst30,MLP full,0.7589207736403656,0.7530894751274242,0.763659307502642,0.669844270496349,0.6615177280337518,0.6781895826246938,0.19094283914700946,0.18883678490409003,0.19363790825775878,0.027573954618018846,0.024367861029459956,0.030954792632066602,0.6989963855075725,0.6872526062350378,0.7104215510372119,0.5817064057198295,0.5749760248003332,0.5886891782428673,0.32089891651236824,0.3117584028619747,0.32993740164687385,0.6347430975540982,0.6269066024105299,0.6426305766506676,0.38946875,0.38247734374999987,0.39648958333333334
0,burst30,UATIF,0.7612980875141815,0.7560169721841165,0.7658198338321208,0.6722062065609891,0.6643813525099446,0.6800373942517534,0.18977048268106347,0.18782352687226778,0.19221077357923175,0.02233712921409644,0.019941970604731577,0.025076848863597657,0.747902090958462,0.7377747942025017,0.7573044958359356,0.5626387680850052,0.5556278871027325,0.5699741526302943,0.37104514080124673,0.36241527543379454,0.38002581407833486,0.6420156150190621,0.63463245740151,0.6495469412155308,0.38946875,0.38247734374999987,0.39648958333333334
0,burst30,No quality,0.730080630968905,0.7233848900167413,0.735870642787878,0.6456923605097098,0.6374689977961994,0.654018505139782,0.20807486442916184,0.2051522225397797,0.21138187814964055,0.09344441272250119,0.08860629315357962,0.09822220137229123,0.5176798250227896,0.5042344728110534,0.5309008875258405,0.6399057581969646,0.633185161404746,0.6466138834367319,0.18615797721702446,0.17890622690716876,0.1934802721442692,0.5717380094379069,0.5619471037175897,0.5813146531166569,0.38946875,0.38247734374999987,0.39648958333333334
0,burst30,No temporal,0.7514444813581266,0.7467341388059222,0.7551939552938881,0.6579580580028286,0.6496796860004136,0.6660591038482535,0.19347865099577255,0.19184718737315273,0.19543840875001867,0.026205402160743234,0.02366462011741388,0.029120390329663504,0.8296277214262983,0.8247186884131088,0.834472194331048,0.5166754312639408,0.5094376615639272,0.5240204069428809,0.4949831443303919,0.4879850093382743,0.5026204659590663,0.636620708749846,0.6299928353410384,0.6431785065799573,0.38946875,0.38247734374999987,0.39648958333333334
0,burst30,No interactions,0.760630273909803,0.7553012197246372,0.7652112186315402,0.6705882121625587,0.6625328422712774,0.6787378663542715,0.19011125071857385,0.1882041048314477,0.19254913610938798,0.02384560197006598,0.021610695055185137,0.026382788052113023,0.7498004465232808,0.7394104329449437,0.7594202557814945,0.5606702694716283,0.5535718189694264,0.5679683485135946,0.3749527920121991,0.366096655099917,0.3838712572023986,0.6414260288348699,0.6338816249159559,0.6489132893629496,0.38946875,0.38247734374999987,0.39648958333333334
0,burst30,No driver,0.7574062712564713,0.7520038780260628,0.7621588572055277,0.6651495450377307,0.656828400833467,0.6734392451472153,0.19131426190005818,0.18948867203564726,0.19364895902269613,0.0229714254968477,0.020893397566390286,0.025262512725314837,0.7416167876939803,0.731007204971791,0.7510542691529476,0.5622303243807507,0.5549292485981742,0.5698346586192483,0.3685412210928997,0.3597675818792093,0.3776720821984333,0.6393857898055579,0.6320753660278318,0.6468077027311796,0.38946875,0.38247734374999987,0.39648958333333334
0,burst30,No telemetry,0.7254188691377291,0.720467538980483,0.7298642279447031,0.6275930437543737,0.6195193915869701,0.6356674987094145,0.20233573427268947,0.200631089297195,0.20447967555863303,0.028006805847360206,0.025341593323288048,0.03105759651316442,0.7193367473861617,0.708228233035948,0.7296868901587924,0.5389210356016526,0.5310192092962811,0.5471343257182022,0.3929706911139972,0.3826974553459318,0.403207858185165,0.6158568605509521,0.6081144812449758,0.6232107634310227,0.38946875,0.38247734374999987,0.39648958333333334
10,burst30,E-only,0.5114314699962229,0.5055342428389007,0.518097308717267,0.4066362313223773,0.3999465212996042,0.4130597673610952,0.23944662714658035,0.23771620230909907,0.2410963767853971,0.031207411553962103,0.026353905406530938,0.03603970860928309,1.0,1.0,1.0,0.39125,0.3851138020833333,0.3970432291666666,1.0,1.0,1.0,0.5622540717900851,0.5558904681730796,0.5682629548887567,0.39125,0.3851138020833333,0.3970432291666666
10,burst30,H-only,0.5382006826089742,0.5330511940003114,0.5434947892402768,0.44008425495015274,0.4321554831080431,0.4475549994592547,0.24092811078330623,0.23906003613757862,0.2428219933717748,0.05747128280612649,0.05414459814845075,0.06072323497992411,1.0,1.0,1.0,0.39125,0.3851138020833333,0.3970432291666666,1.0,1.0,1.0,0.5622540717900851,0.5558904681730796,0.5682629548887567,0.39125,0.3851138020833333,0.3970432291666666
10,burst30,T-only,0.5299417671479254,0.5252718460864156,0.5341545474031218,0.43064052852120027,0.42315590246402734,0.43833665779938724,0.24019383402994993,0.23848811126769276,0.24182711808072185,0.05204366612411247,0.04884934407004891,0.05517313491001125,1.0,1.0,1.0,0.39125,0.3851138020833333,0.3970432291666666,1.0,1.0,1.0,0.5622540717900851,0.5558904681730796,0.5682629548887567,0.39125,0.3851138020833333,0.3970432291666666
10,burst30,H+T,0.5504216455887663,0.5454145679256588,0.5554955776868704,0.4459898369367822,0.43726532228973763,0.4544344284462437,0.24232327189473504,0.24025951805015497,0.24432928369547038,0.07005826174168454,0.06563758999458405,0.07468939788494214,0.8024964622179975,0.7960874951998398,0.8089967554783545,0.4007047981034175,0.3949252557645164,0.40623164181759314,0.7712892406851565,0.7662142642625482,0.7767715132628781,0.534289679478227,0.5287888346465425,0.5397829080499696,0.39125,0.3851138020833333,0.3970432291666666
10,burst30,Additive,0.5517170950596089,0.5461202271001787,0.5574120949147512,0.4471578776516157,0.4383520157989044,0.45562009863667574,0.24496811968599408,0.24263788518248341,0.24727178271144737,0.08556981122682863,0.08091341763387466,0.09034566253459307,0.699882703234152,0.6939298135000382,0.706467520639895,0.4126196694559514,0.40640649639275866,0.41869981780690413,0.640198941995614,0.6358449805134458,0.6447880354719991,0.5189772769384988,0.5133167287821743,0.5245406848958987,0.39125,0.3851138020833333,0.3970432291666666
10,burst30,Static interaction,0.5521566415658598,0.5466310024994416,0.55776037918127,0.4473813879629647,0.43862672789672097,0.4557886973648305,0.24499044941186643,0.24266876820858932,0.24727407350739225,0.08564650102101491,0.08089079526374915,0.0905324107617862,0.7203612909629421,0.7142796141097516,0.7270342427670528,0.41125225279050237,0.40501981250768804,0.4173096729790742,0.6626941089685772,0.6578725327036309,0.66756843872686,0.5234051894925479,0.5176481782192519,0.5291399849594131,0.39125,0.3851138020833333,0.3970432291666666
10,burst30,Quality static,0.5875404852731214,0.5837137855951317,0.5914887086467111,0.46797394168830764,0.46025235472987047,0.4754180095900709,0.2328173329747352,0.23138309021071257,0.23417447877047912,0.01852538352632941,0.015212321593857306,0.021932056275542306,0.9264591402882145,0.9229977754961984,0.930104016094942,0.4061250881943479,0.400114201292311,0.41184489423938264,0.870665494324008,0.8668235819726369,0.8749722617544018,0.5645445265566236,0.5584095739684417,0.5705571391880411,0.39125,0.3851138020833333,0.3970432291666666
10,burst30,Quality temporal,0.5940503922577984,0.5892836743410181,0.5987679644857519,0.47468581834999013,0.46725158798429617,0.4815194882690638,0.2320688220144927,0.23054659947679113,0.2335467450979517,0.01965543185883741,0.016702670330445535,0.022973377543592494,0.8912817432575529,0.8871663147182164,0.8951420899494925,0.4132710512594827,0.407960321009124,0.4186422906174121,0.8132106631053369,0.8075377475518736,0.8190851610604825,0.564561267485934,0.5593021640924413,0.5697347853841959,0.39125,0.3851138020833333,0.3970432291666666
10,burst30,HGB quality,0.5708513551767703,0.5663168916479338,0.5753511347521174,0.458333294825791,0.45150620404928793,0.4650341849297186,0.2359995724561174,0.23430098962266954,0.23768972171824623,0.0358559395220982,0.03177801840097593,0.039971926970981404,0.8386324969353257,0.8338703732582954,0.8435160891362724,0.4048600401348836,0.3990483427069474,0.4104487288093616,0.7922692961244093,0.7873486752500658,0.7976539990609723,0.5458745860335183,0.5405448204518253,0.5511220343039758,0.39125,0.3851138020833333,0.3970432291666666
10,burst30,HGB full,0.5889910300352166,0.5836975716723855,0.5945088590157062,0.4689226652323245,0.46184534916976705,0.4758737085894808,0.23305115679879693,0.23143684330868283,0.2346436374696822,0.023629560542362434,0.020266271493973403,0.0269889416709749,0.9330877555219942,0.9297225787474204,0.9364638595957361,0.40239078531527517,0.3965249082713396,0.4082400007530355,0.8906532871384617,0.8860218134076608,0.895684172681683,0.5621374079150364,0.556026489190435,0.568169274304465,0.39125,0.3851138020833333,0.3970432291666666
10,burst30,MLP full,0.5909816050443656,0.5862780568661728,0.5958643102079512,0.4731127285831678,0.46556412120219026,0.4803806291177705,0.23307615474779197,0.23136862879097067,0.23473360861401274,0.031015140734333,0.027104832777349427,0.03511792691543523,0.8218545477390706,0.814372239391882,0.8293213274382899,0.42167418282731933,0.41577661212266526,0.4275742417821016,0.7243687049387304,0.7175934681394126,0.7313348614824312,0.5572414273244658,0.5509135560551784,0.5635762071418676,0.39125,0.3851138020833333,0.3970432291666666
10,burst30,UATIF,0.5940860959681712,0.5891206650384829,0.5990308703469038,0.4751465699698992,0.4677324923023938,0.48198400693601423,0.2320662926994389,0.23052850255579585,0.23357136727038533,0.020094184083838517,0.017121705347320677,0.023409230093759403,0.974609608054202,0.9729597078230082,0.9762127943427776,0.39680489242897343,0.3908381447635283,0.40267740578631983,0.9521871122640463,0.9493515301787311,0.9552301221830314,0.563805751459603,0.5577058018469329,0.569844750894163,0.39125,0.3851138020833333,0.3970432291666666
10,burst30,No quality,0.5835350686917583,0.5783118753863228,0.5889049397592634,0.46817362147794284,0.4600679791352059,0.4757632990624616,0.23502843543157795,0.23321223872842597,0.23687457418864383,0.04377384025516144,0.03940380927133835,0.04815355939249217,0.764736712237468,0.7555907453485547,0.7730559506396699,0.4237063188277391,0.41772689127591256,0.4296241903710062,0.6684150757965538,0.6609261528032996,0.6759478858223996,0.5451516334581675,0.5385271994512114,0.5515109349534849,0.39125,0.3851138020833333,0.3970432291666666
10,burst30,No temporal,0.5902702486111158,0.5862084142073988,0.5942198503485927,0.47033422471625663,0.4627751152261681,0.4776303911485442,0.2324789440109362,0.23103888070508202,0.23387249232155213,0.019936717666702818,0.016510095615080506,0.023512593697055367,0.9447086815039437,0.9415054593449821,0.9480183275647184,0.40375993251573233,0.39772139898277176,0.40964802111057613,0.8966074335981503,0.8924567677092785,0.9010463863672181,0.5655681754112191,0.5593378478067544,0.571534139032408,0.39125,0.3851138020833333,0.3970432291666666
10,burst30,No interactions,0.5940503922577984,0.5892836743410181,0.5987679644857519,0.47468581834999013,0.46725158798429617,0.4815194882690638,0.2320688220144927,0.23054659947679113,0.2335467450979517,0.01965543185883741,0.016702670330445535,0.022973377543592494,0.8912817432575529,0.8871663147182164,0.8951420899494925,0.4132710512594827,0.407960321009124,0.4186422906174121,0.8132106631053369,0.8075377475518736,0.8190851610604825,0.564561267485934,0.5593021640924413,0.5697347853841959,0.39125,0.3851138020833333,0.3970432291666666
10,burst30,No driver,0.5907988481282238,0.585838782265401,0.5954535320432174,0.4727492241191889,0.46502405902631305,0.4801005673530949,0.23234152142173983,0.23092005158416903,0.2337384813318353,0.017728352243148834,0.015412818487775197,0.02022520893773635,0.9444852478727628,0.9414750163026333,0.9476862727169606,0.402060890765818,0.39639380638436283,0.40786045529347126,0.9027421398037531,0.8981420558855968,0.9073134296575066,0.563856591372247,0.5580703460857154,0.5696392623285303,0.39125,0.3851138020833333,0.3970432291666666
10,burst30,No telemetry,0.5808593713273059,0.5749876191708313,0.5862133588155303,0.4628781195674269,0.45573303506601937,0.46947765111401396,0.23374775135894915,0.2321184651185427,0.23540070172919117,0.01979614915051316,0.01652129820820574,0.02347884447255237,0.9325820163376536,0.9273808690427557,0.9374800353158927,0.40206131557990565,0.39624953896998644,0.40788130713153053,0.8913583447959915,0.8859167352797302,0.8968385049831167,0.5617184179950762,0.5555912888040321,0.5677574297349165,0.39125,0.3851138020833333,0.3970432291666666
0,noise,E-only,0.5379191285943901,0.532982467987532,0.5435164488456414,0.4179127291426738,0.41077953067614187,0.42593972779124495,0.2370196022291625,0.23548575591018459,0.2385229710310957,0.020546961228046688,0.015985651328978622,0.025745453190835953,1.0,1.0,1.0,0.38946875,0.38247734374999987,0.39648958333333334,1.0,1.0,1.0,0.5603190290595905,0.553011667391558,0.5676631766995308,0.38946875,0.38247734374999987,0.39648958333333334
0,noise,H-only,0.6958032541043463,0.6915817229310166,0.7000837620728826,0.5774430726578413,0.5691109344665771,0.5865927733210591,0.21521336073606054,0.21324590230529758,0.21717267656370157,0.056147385201168465,0.05345305634418764,0.05894269983302799,0.6697716700614248,0.6628279791614479,0.6770018771137125,0.5347871067043666,0.5269177993866031,0.5431420095333508,0.37156178947176094,0.36510729028926586,0.37824125882938947,0.5945598615237042,0.587556288929943,0.6019592829909464,0.38946875,0.38247734374999987,0.39648958333333334
0,noise,T-only,0.6560862779879143,0.650269541839738,0.6611125649020471,0.5323802349711861,0.522684565172575,0.5420571065085401,0.2230867672407996,0.22100795673087684,0.22535510861000896,0.04164311313820241,0.03778964501110936,0.04587185891986154,0.791690626596398,0.7864370430006906,0.7967525924191683,0.4591794839787246,0.45206515650926365,0.46626827848883995,0.594724078452994,0.5883145129373207,0.6016050632750836,0.5809903809068081,0.5746187476502835,0.5872147727116902,0.38946875,0.38247734374999987,0.39648958333333334
0,noise,H+T,0.7295450893169397,0.7247482346782119,0.733755670490663,0.6262217718757872,0.6186917140159311,0.6341033648307745,0.20400381925522548,0.20189093109213674,0.20636273648396478,0.05222992134122877,0.04961682891079276,0.05501220294250447,0.7147743810368412,0.7082753444185901,0.7215995335307948,0.5480782312495587,0.5401703167691875,0.5562986718169968,0.37591420619270555,0.3693706500226588,0.3831605450505401,0.6202747343716075,0.6132505746350089,0.6276262203032206,0.38946875,0.38247734374999987,0.39648958333333334
0,noise,Additive,0.7324579839317097,0.7276943608563332,0.7366419513479328,0.6314781538915823,0.6239199754527767,0.6392355694236818,0.20312748705001143,0.20098135627560276,0.2055279727806236,0.05303143236458076,0.050336229711313435,0.0558805030496436,0.7170881530011735,0.7112135506687209,0.7232934244675295,0.5492239395723608,0.5414396530349269,0.5573334467614902,0.37534332584666613,0.36925268659663985,0.38183696023068725,0.6218939390066184,0.6152896383267693,0.6287823485156109,0.38946875,0.38247734374999987,0.39648958333333334
0,noise,Static interaction,0.732713305630911,0.7279232935244749,0.7368795807488293,0.6314917991392345,0.6239547868211491,0.6391871222880308,0.20313618905187075,0.20101227777479952,0.2055287464273277,0.05315399817308662,0.05041276118877333,0.05599663387553387,0.720520238752182,0.714722904767116,0.7266866334289789,0.5481157530942772,0.5403969136735101,0.5560604816553434,0.3788546903016742,0.3725358331938195,0.3856222848864711,0.6224663463290775,0.6159516169008329,0.629437147983473,0.38946875,0.38247734374999987,0.39648958333333334
0,noise,Quality static,0.7396900193212123,0.7351666202582504,0.7436598861205089,0.6361531537886227,0.6287167907126949,0.6439405914647107,0.2017981024727823,0.19971050155646916,0.20415340614748173,0.05897925083929465,0.05624647238627892,0.06168008276774815,0.7358473961656461,0.729980114171602,0.7423171123205076,0.5491448791522302,0.5415672357005195,0.5571376269373597,0.3852986253314083,0.37900997228647715,0.3921958428275391,0.6288062474984122,0.6218970225304666,0.6358779513133612,0.38946875,0.38247734374999987,0.39648958333333334
0,noise,Quality temporal,0.7536688825184059,0.7489564009864401,0.7576768245639637,0.6469897029057384,0.6396704234403617,0.6543503721664593,0.20687315184973842,0.2044784946273512,0.2092774678150475,0.09404053401979698,0.08948985600067397,0.0986085013585324,0.5362466124916722,0.527506497699608,0.5456754343888386,0.6468645950911586,0.639311447595866,0.6545668543777013,0.18687842421029,0.18127449587949707,0.19274382838873075,0.5862146653837066,0.5785202310693662,0.5945173349987996,0.38946875,0.38247734374999987,0.39648958333333334
0,noise,HGB quality,0.6821037833816752,0.677278579396618,0.6866851378667282,0.5807462455587469,0.5728196209865609,0.5889998341377869,0.21639477592189518,0.2149213590659428,0.21789687725098222,0.05077463873664558,0.04588914011310746,0.05540384913859883,0.8845186643436515,0.8807144170331889,0.8884613785949891,0.443142197714938,0.4356249826735471,0.450919589591955,0.7088846968260216,0.7043874254108092,0.7139126283707816,0.5902108976570323,0.5832485444896092,0.5975046522486146,0.38946875,0.38247734374999987,0.39648958333333334
0,noise,HGB full,0.7369298473766893,0.7320827132362596,0.7410392137668187,0.6341075447130234,0.6267039354091659,0.642082386747193,0.21177796628270004,0.20919307340426185,0.21431574328768402,0.1021373073560759,0.09708688585082671,0.10706732650407383,0.5577210588925812,0.5498298230785525,0.565740939628455,0.6193295035307991,0.6125661711046204,0.6263793637303254,0.21886167719029995,0.21276318887514184,0.22531486983277485,0.5867353934866991,0.5801960134192942,0.5936448966873428,0.38946875,0.38247734374999987,0.39648958333333334
0,noise,MLP full,0.7560705924167739,0.751181031706159,0.7601206556981994,0.6559523405638625,0.6486753026085905,0.6633355611445682,0.2082807045272708,0.20569185913897522,0.21096161662053448,0.11206182574261783,0.1075142893704226,0.1165663068322667,0.49557869203499744,0.48634822113204335,0.5051246950975631,0.6674735541761571,0.660070066281121,0.6748847717234808,0.15759671377720785,0.1526059033110649,0.16293379857362722,0.568607210743566,0.5603579248882791,0.577203557358939,0.38946875,0.38247734374999987,0.39648958333333334
0,noise,UATIF,0.7460235260011235,0.741606192739066,0.7500159898008786,0.639482002528779,0.6321250593411314,0.6470730964725565,0.2062463777140001,0.2041737211588005,0.20836479224386031,0.0781076028795228,0.07422715437427574,0.08215909996124789,0.6298994870019649,0.6224216076769173,0.6376927982924983,0.6026663293314819,0.5952185092453691,0.6103172932133102,0.26499557436384247,0.2590013117263489,0.2720070409827389,0.6158470239499211,0.6090019261897944,0.6230644640258732,0.38946875,0.38247734374999987,0.39648958333333334
0,noise,No quality,0.7613758316850527,0.7564876998612992,0.7655520430581322,0.6669430283980825,0.6595378749156947,0.6746958063862896,0.19202764159182956,0.18986768459050976,0.19449081798649367,0.038717003664962404,0.03640109807655818,0.04114411847146886,0.7191965982241512,0.7110793230094836,0.7281640257921346,0.5789688221551625,0.5719141494753756,0.5863338773417685,0.33374432508804913,0.3263578726783418,0.3418451919457957,0.6413758962810172,0.6344518305656346,0.6489117212035334,0.38946875,0.38247734374999987,0.39648958333333334
0,noise,No temporal,0.7354934279802621,0.730971135216345,0.7395066481971544,0.6279159315020443,0.6205281759662452,0.6355641601631667,0.20199595001027923,0.20041808012739265,0.20366412058958744,0.04806278854108297,0.04472714183277265,0.051218510455866104,0.8118688411120653,0.8062671454235645,0.817564215168334,0.5128491432169503,0.5054096383518712,0.5206475667687788,0.49177200753508993,0.4856569320402926,0.49851983530056665,0.6284630746100108,0.621667777254992,0.63549828755734,0.38946875,0.38247734374999987,0.39648958333333334
0,noise,No interactions,0.7536688825184059,0.7489564009864401,0.7576768245639637,0.6469897029057384,0.6396704234403617,0.6543503721664593,0.20687315184973842,0.2044784946273512,0.2092774678150475,0.09404053401979698,0.08948985600067397,0.0986085013585324,0.5362466124916722,0.527506497699608,0.5456754343888386,0.6468645950911586,0.639311447595866,0.6545668543777013,0.18687842421029,0.18127449587949707,0.19274382838873075,0.5862146653837066,0.5785202310693662,0.5945173349987996,0.38946875,0.38247734374999987,0.39648958333333334
0,noise,No driver,0.7469699277727221,0.742379904033668,0.7510019980796008,0.6379538852070296,0.630206679183118,0.6458010980736498,0.20736005195355617,0.20517913258393575,0.20958350920054042,0.08463690860545481,0.0806778185576351,0.08865171000454433,0.5752199154900772,0.5657940026109294,0.5844623094745984,0.6242198830390789,0.6164175634936551,0.6321436892709374,0.22101356761732563,0.21480212224281528,0.22761537314947405,0.5985439212002314,0.590463718591087,0.6065887374626187,0.38946875,0.38247734374999987,0.39648958333333334
0,noise,No telemetry,0.7219435831191234,0.7174558663318802,0.7263984061344397,0.6043095025155567,0.5963428536149986,0.6129766649760104,0.2134290021049413,0.2112511812173621,0.21553258762480285,0.07632081967706515,0.07170679348408192,0.08092761408386238,0.5671520178920011,0.5592480318759367,0.5752215401778273,0.5954790756352347,0.587722567773231,0.6037333044363521,0.24586733507865294,0.23930331485741518,0.25236313457829324,0.5807998949525728,0.573699713374362,0.5882397690201203,0.38946875,0.38247734374999987,0.39648958333333334
10,noise,E-only,0.5199374124133629,0.5140500426439238,0.5266245474753003,0.40758902331579966,0.4004768523982449,0.4146249032516029,0.23852029792805324,0.2370846682163796,0.2398579832988628,0.02401278673969691,0.02076991865970906,0.027311402409301546,1.0,1.0,1.0,0.39125,0.3851138020833333,0.3970432291666666,1.0,1.0,1.0,0.5622540717900851,0.5558904681730796,0.5682629548887567,0.39125,0.3851138020833333,0.3970432291666666
10,noise,H-only,0.5687524442985942,0.5636541103190482,0.5736929452222156,0.44852369701790296,0.44128431713184346,0.4557163545640935,0.23552068768388731,0.2340509722378195,0.23705002346177662,0.02401293550604752,0.020993796929413312,0.027363009614890545,1.0,1.0,1.0,0.39125,0.3851138020833333,0.3970432291666666,1.0,1.0,1.0,0.5622540717900851,0.5558904681730796,0.5682629548887567,0.39125,0.3851138020833333,0.3970432291666666
10,noise,T-only,0.5596842385241639,0.5543783395397202,0.5647637987364851,0.44014007541448247,0.43182263150724964,0.4484778674779305,0.23600424820331156,0.23474631550037306,0.2372193053891937,0.021554295021466687,0.019029778391646077,0.02441961549339973,1.0,1.0,1.0,0.39125,0.3851138020833333,0.3970432291666666,1.0,1.0,1.0,0.5622540717900851,0.5558904681730796,0.5682629548887567,0.39125,0.3851138020833333,0.3970432291666666
10,noise,H+T,0.5828657935033306,0.5779013186169204,0.5873110889656753,0.46350959240684,0.4560098571460176,0.47115575734427867,0.23378627805317037,0.2323822421196452,0.23518991612924509,0.022123394112134296,0.019663344079328602,0.024814602979884085,0.9682586908396752,0.966758716189588,0.9699131636779584,0.39726803970473296,0.391103989772952,0.4032612196951959,0.9441523495131637,0.9423540660397992,0.9459969650019028,0.5632093413423053,0.5568364850819087,0.5693710375701267,0.39125,0.3851138020833333,0.3970432291666666
10,noise,Additive,0.5849786743699569,0.5807107272420732,0.589002995103344,0.46525061847802696,0.45796256792830287,0.47255756152368583,0.2338100845672045,0.2323709209989601,0.23523762114071073,0.026636662940205773,0.023928557084906755,0.029428197039348784,0.9421928196478739,0.9397184996861334,0.94491250279364,0.40234468135890206,0.3963310851228136,0.40810864608908815,0.899449155003754,0.8970746437338187,0.9018481738964126,0.5637221950481929,0.557681042676096,0.5696005290239082,0.39125,0.3851138020833333,0.3970432291666666
10,noise,Static interaction,0.5849993509452551,0.5807214344383712,0.5890283827094004,0.4651096442401561,0.45784250275074656,0.47240796489356696,0.2338222551611053,0.23238103271749166,0.2352503823870197,0.02677836799307866,0.024263541279115612,0.02936378632295284,0.9469955211547073,0.9444639495120009,0.9496908601096089,0.40116122346505034,0.395109737011632,0.4070492950662038,0.9085109614618324,0.9061351109184673,0.9109684709974514,0.5634121666816011,0.5573020238929488,0.569529549183961,0.39125,0.3851138020833333,0.3970432291666666
10,noise,Quality static,0.586620278700391,0.5822668699682804,0.5908593202174144,0.4666247413117136,0.4593425820209035,0.47382038343269345,0.2338571585997831,0.23233605923282935,0.23535276256568707,0.029454421855618258,0.026756286627040594,0.032053890179885,0.8312256261934551,0.8257627758779581,0.8366016046969864,0.4187234183610063,0.4127839759176219,0.42480133619936483,0.7415704478445871,0.73650210358655,0.747233527995439,0.5567877627265473,0.5507636885486004,0.5630014411596889,0.39125,0.3851138020833333,0.3970432291666666
10,noise,Quality temporal,0.5917080836055354,0.5867703493199591,0.5963159639192156,0.46958279806131664,0.46249862461380636,0.47691023973573565,0.23488138253416266,0.23303414144270088,0.23664639370419813,0.04765379647642051,0.04274377880462403,0.05252073965839711,0.8530205709871771,0.8474701348151844,0.8584772971109037,0.41771095291002897,0.4116206161281937,0.42390414035179463,0.7642132957069827,0.7588394775726087,0.7699483974881933,0.5606869585716497,0.5543721213171691,0.5672115227624149,0.39125,0.3851138020833333,0.3970432291666666
10,noise,HGB quality,0.5623262835430693,0.558964464693559,0.5655265779968341,0.44436570627545646,0.4375618804675488,0.4512405004298836,0.2373446211326394,0.2363023530070311,0.23840233460521343,0.03694389206911373,0.03235608988197736,0.04171000333625117,0.9960758760576371,0.995451686577346,0.9966564975573649,0.3917831206903976,0.38569601300422884,0.3976533925796577,0.9938411182019512,0.9932261670773832,0.9943653726337717,0.5621796353723928,0.5559061644894245,0.5681829253886078,0.39125,0.3851138020833333,0.3970432291666666
10,noise,HGB full,0.5812070052412132,0.5762900480205021,0.5861159697248808,0.457054231385318,0.44966543503145345,0.4644470949266212,0.23609645250766365,0.2341602591070312,0.23794740073768508,0.050249963138469106,0.04515422189048432,0.054987656274543995,0.8795338313611907,0.875899942955138,0.8833000071027177,0.410968793372739,0.40503941663501053,0.41714922831987666,0.8102254260906406,0.8045461282542967,0.8159051039551395,0.5600418770086206,0.5541304177557808,0.5661972011861415,0.39125,0.3851138020833333,0.3970432291666666
10,noise,MLP full,0.5906806137740862,0.5861496255971703,0.5949204520049075,0.4698781077046487,0.46257719774186074,0.47726702260581044,0.23612943160758884,0.23417405921255882,0.23795252542111547,0.058884457198220316,0.05364168013731334,0.06376638447146464,0.7431936801665359,0.7357041291153812,0.750294134422862,0.4313352255904079,0.4248892995020577,0.437946655166925,0.6296568534607733,0.6234491665452233,0.6362539137932237,0.5457717355205012,0.5387800971252122,0.5526276218241377,0.39125,0.3851138020833333,0.3970432291666666
10,noise,UATIF,0.5909728388293822,0.5860762892075438,0.5955316570422438,0.4691707267344539,0.46215607156411725,0.47645357926380727,0.2346884963973887,0.23291225344656874,0.23640763268500264,0.043983939465105266,0.03919604653468549,0.04893989069570168,0.9925893557109883,0.9916609540892194,0.9934857883651976,0.3932566303976743,0.3871306511952713,0.39905166295902283,0.9842652963985699,0.9830067549555992,0.9855357004449576,0.5631391468842561,0.5568806217749546,0.5690922438883015,0.39125,0.3851138020833333,0.3970432291666666
10,noise,No quality,0.5940140480003747,0.5895822479342212,0.5983836958273842,0.47398839628994394,0.4665357621733494,0.4816534123386434,0.23237693099454343,0.23096687088226778,0.2337563717383798,0.02270705156491592,0.02060037279338302,0.02498711012657002,0.8815528905540988,0.876557683234745,0.886825235613681,0.4138968420559744,0.4078286937206576,0.41986032190221245,0.8022454977241603,0.7974640360346711,0.8072791352681721,0.563182234392902,0.5568827851639562,0.5695345776361794,0.39125,0.3851138020833333,0.3970432291666666
10,noise,No temporal,0.5858820454808548,0.5812380860057811,0.590263657319048,0.4652287884240567,0.45816922860697423,0.4723228347028043,0.23345511986378067,0.2319570771269481,0.23488078942173873,0.022241551246626582,0.019116793367873527,0.025363453840197205,0.9778921417547539,0.9764394382891707,0.97932541584487,0.395865672895196,0.389756150143113,0.40166720931865835,0.9591467352752263,0.9575511112351331,0.9608032126541571,0.5634082410197915,0.5570564475577998,0.5693609661679857,0.39125,0.3851138020833333,0.3970432291666666
10,noise,No interactions,0.5917080836055354,0.5867703493199591,0.5963159639192156,0.46958279806131664,0.46249862461380636,0.47691023973573565,0.23488138253416266,0.23303414144270088,0.23664639370419813,0.04765379647642051,0.04274377880462403,0.05252073965839711,0.8530205709871771,0.8474701348151844,0.8584772971109037,0.41771095291002897,0.4116206161281937,0.42390414035179463,0.7642132957069827,0.7588394775726087,0.7699483974881933,0.5606869585716497,0.5543721213171691,0.5672115227624149,0.39125,0.3851138020833333,0.3970432291666666
10,noise,No driver,0.5897235447400507,0.5845771122071941,0.5946747756140626,0.4685706956717237,0.46138728269249585,0.47596359953607414,0.23461183773302272,0.2328860568649129,0.23627837045861758,0.04137370539175005,0.036673369142547506,0.04626477575019955,0.9493237743293074,0.946798102303752,0.9519463666001476,0.4011638122712961,0.39491009895151624,0.407059738022381,0.9107793282899992,0.9074051625909648,0.9144356871655657,0.5638369508823267,0.557342955139969,0.5699320919361506,0.39125,0.3851138020833333,0.3970432291666666
10,noise,No telemetry,0.5797911215140114,0.5741777500497104,0.5851269258428147,0.45806253327004237,0.4506466708341879,0.4659078516376684,0.23579218245627795,0.23397990914084527,0.23758365451571117,0.042593211730625184,0.03712692001138154,0.04786404754292588,0.9468872475343879,0.9438506097085192,0.9497866714818292,0.39969987842279575,0.39333258804986265,0.40596933987890244,0.914013429614966,0.9109902027751121,0.9170118786738035,0.5619494950377657,0.5552419978023572,0.5683584181597301,0.39125,0.3851138020833333,0.3970432291666666
0,quality_bias,E-only,0.5465390799843459,0.5407566693981671,0.5526550697013476,0.4242180012647022,0.41681792403990925,0.43202967162580086,0.23656591701013782,0.23505292836612635,0.23808379723050216,0.019521805235906346,0.015113377836313568,0.024740573052578766,1.0,1.0,1.0,0.38946875,0.38247734374999987,0.39648958333333334,1.0,1.0,1.0,0.5603190290595905,0.553011667391558,0.5676631766995308,0.38946875,0.38247734374999987,0.39648958333333334
0,quality_bias,H-only,0.744938530476702,0.740597062863263,0.7492690967352565,0.6397543566243741,0.6307945040927424,0.649815713618804,0.19634475493255737,0.19443897547934258,0.19827606955705238,0.0345537947165685,0.032149730457757326,0.037066191476351096,0.7194798596129439,0.7117506892333438,0.7267563832963757,0.5740830709382352,0.5666918190665321,0.5822798405536405,0.34065457274810906,0.3324761713676316,0.34899016596471244,0.6384283063423222,0.6317621751171888,0.6454324761562981,0.38946875,0.38247734374999987,0.39648958333333334
0,quality_bias,T-only,0.6978380532713105,0.6920442629737306,0.7030951557364433,0.5827223296376758,0.5719741933737801,0.5931205950706615,0.2113447144131556,0.20957421636173001,0.21336836431136047,0.03432648591101866,0.031026716033581436,0.037454029151236114,0.8437801844508692,0.8384699250124543,0.8486323252535776,0.4682621401618555,0.4610034364784354,0.47516224423525394,0.6112186436406213,0.603523338185134,0.6196568781556514,0.6020407158126484,0.5956323322078106,0.6084258154008617,0.38946875,0.38247734374999987,0.39648958333333334
0,quality_bias,H+T,0.7754458788739116,0.770743626602751,0.7793369592932792,0.6896232480305299,0.6817703637329439,0.6977539806970474,0.1844873194717569,0.18259376473516856,0.18667018194861215,0.023555495615051776,0.021956578149832862,0.025148590447749336,0.761842654281321,0.7547272703926277,0.7688901969272874,0.5801185238020875,0.5728407918594902,0.587782512101015,0.351793260955089,0.3446672981742757,0.3595176980159981,0.6585043717729949,0.6520111906845454,0.6651187522220386,0.38946875,0.38247734374999987,0.39648958333333334
0,quality_bias,Additive,0.7788963765170747,0.7742605795406204,0.7827781249055046,0.6964250203833366,0.6886405519054553,0.7043280639309543,0.18301242336019377,0.18111227335594857,0.18518511191762238,0.02332399533092562,0.021853449735144904,0.024749610724175742,0.7647375010467138,0.7582716242991822,0.7710107216876523,0.5809388894836732,0.573768499229958,0.5882869499125352,0.35201723834913584,0.3446795311787863,0.35997364264608234,0.6601316888826191,0.6539134847217282,0.6664773442704239,0.38946875,0.38247734374999987,0.39648958333333334
0,quality_bias,Static interaction,0.7793088950996422,0.7746774714301442,0.7831913128062556,0.6967104288922114,0.6889166261275127,0.7045500105269555,0.18291400142456174,0.18101544117409193,0.18509496723634236,0.024232814899763432,0.022968059812562672,0.025537268558412603,0.7665657075427874,0.7601462881071441,0.7730552527856986,0.5798089588354867,0.5726208458586788,0.5869869371276273,0.3544907468222799,0.3471897891943612,0.36241301470840337,0.6600741469501226,0.6540060903764398,0.6663026040665402,0.38946875,0.38247734374999987,0.39648958333333334
0,quality_bias,Quality static,0.7897098801032835,0.7852107303808492,0.7935260685849961,0.7037081124348988,0.6959605208368902,0.711534524914753,0.17927754062389578,0.1773623983582579,0.18144836203300702,0.019859944616485322,0.018057213337778825,0.021823679273242552,0.7989824894441517,0.792940427754073,0.8050898489388338,0.5744237977337756,0.5673464181538603,0.5816132173705147,0.37769948631938427,0.37026062637397045,0.3856931859686058,0.6682206976007065,0.6620226814804979,0.6744997681173672,0.38946875,0.38247734374999987,0.39648958333333334
0,quality_bias,Quality temporal,0.8014506351049209,0.7969182164778607,0.8054100104202908,0.7198694515812843,0.7120373626113056,0.7277091439690774,0.18006914199034008,0.17783539097240572,0.18252432647287462,0.06403055320828085,0.06114074037072974,0.06705146888694889,0.8118132909421284,0.8053679608558253,0.8183308880196826,0.5789788256579761,0.5720015614086913,0.5861848008945879,0.3767832450396532,0.36824653046289696,0.3854929985563132,0.6757800714088578,0.6692021428024676,0.6822908525995453,0.38946875,0.38247734374999987,0.39648958333333334
0,quality_bias,HGB quality,0.7946440219245817,0.7902744226559154,0.7985145240797055,0.7099901671522577,0.702227848244411,0.7175931844865937,0.17916503497552652,0.17722011205485633,0.18141132014309125,0.0412208334010036,0.03848313294938339,0.043856269255680244,0.8257898135108398,0.8204691323526931,0.8309216383290859,0.5640127209973146,0.5572989650297657,0.5709797907140773,0.4072595647705136,0.3997688799598955,0.41516613226403654,0.6701362259216052,0.6640006756215934,0.6762103248117989,0.38946875,0.38247734374999987,0.39648958333333334
0,quality_bias,HGB full,0.7981151217097492,0.793842292131761,0.8019060006833933,0.7131462451005866,0.7058196738890524,0.7208007492483915,0.18369816903725714,0.18170579903365036,0.18596450962176084,0.07940758316648251,0.0765797861538258,0.08237621788893716,0.8514214417951622,0.8456811280003537,0.857255977223764,0.550924098605398,0.5440542383034055,0.5580136441435596,0.44284638724172126,0.4343761451438438,0.45146615020913095,0.6688483469654661,0.6626257814646345,0.6754260737994922,0.38946875,0.38247734374999987,0.39648958333333334
0,quality_bias,MLP full,0.8029094547368795,0.7985681928270113,0.8066998669881571,0.72294972493275,0.7156164852535691,0.7304233863154771,0.1803328866613158,0.17812775008430637,0.18291227281756892,0.06494587575681902,0.062265101896509696,0.06784189271423413,0.809174423050645,0.8023375690119643,0.815857329374722,0.5818828194930611,0.5750846346560196,0.5888445449922827,0.37115489745606384,0.36262260462497053,0.38005671977987027,0.6768400087163562,0.6703651934632529,0.6830668162471953,0.38946875,0.38247734374999987,0.39648958333333334
0,quality_bias,UATIF,0.8022548697689704,0.797794729907962,0.806162431506219,0.7219325166682936,0.7145247639557791,0.7294173800059495,0.1841180958788526,0.18177543813252256,0.1868013600632734,0.08205752006794945,0.07892328769224861,0.08533287359658683,0.8224395322119626,0.8160934267979454,0.8288557719868317,0.5733614542627904,0.5662762670608814,0.5803760395223166,0.390645407971896,0.38191876500144967,0.3999497122001519,0.6755547343675683,0.6692546732240402,0.6820498482804275,0.38946875,0.38247734374999987,0.39648958333333334
0,quality_bias,No quality,0.79554472881847,0.7909437145118557,0.7994704492543013,0.7136620271312112,0.7061750080344562,0.721144177383251,0.17674977656788818,0.17474581034475503,0.17906633648461262,0.020878447864952663,0.01944394742783747,0.02235634176360726,0.7399800854331355,0.7319846113566257,0.7477645395272442,0.614925850198198,0.6078265165183296,0.6220554225701951,0.2960113054122351,0.287686369359171,0.3047967735486538,0.6715209536085749,0.6651663955659199,0.6781257579142335,0.38946875,0.38247734374999987,0.39648958333333334
0,quality_bias,No temporal,0.7959846527422414,0.7916402816670011,0.799769780683558,0.7124943564551202,0.7049287116071372,0.7203955079636735,0.1798422132556933,0.1776798499558295,0.18227499974996994,0.05315810144647502,0.05047597215446945,0.05589314908001094,0.7700413583513867,0.7635131276790527,0.7766010197170721,0.5966327687776256,0.5894860707842078,0.6038136308496526,0.3321488460404902,0.3253869230207938,0.33953404457261543,0.6722215961020933,0.6658952043226388,0.6787319044254401,0.38946875,0.38247734374999987,0.39648958333333334
0,quality_bias,No interactions,0.8014506351049209,0.7969182164778607,0.8054100104202908,0.7198694515812843,0.7120373626113056,0.7277091439690774,0.18006914199034008,0.17783539097240572,0.18252432647287462,0.06403055320828085,0.06114074037072974,0.06705146888694889,0.8118132909421284,0.8053679608558253,0.8183308880196826,0.5789788256579761,0.5720015614086913,0.5861848008945879,0.3767832450396532,0.36824653046289696,0.3854929985563132,0.6757800714088578,0.6692021428024676,0.6822908525995453,0.38946875,0.38247734374999987,0.39648958333333334
0,quality_bias,No driver,0.798005221675124,0.7934216651950767,0.8020156880350603,0.7134492462926918,0.7054744680903048,0.721238394460565,0.18307320263896107,0.1807534938172032,0.18556985589792604,0.06960337265647253,0.0666511909310611,0.0726875624877229,0.8076754884413713,0.8007962684722513,0.8149544108885793,0.5780846697613857,0.5713138237573444,0.5850301094868348,0.3762523277372965,0.36787370385685836,0.3853890974623548,0.6737218750361917,0.6673219386820093,0.6802495430386194,0.38946875,0.38247734374999987,0.39648958333333334
0,quality_bias,No telemetry,0.7720004737053452,0.7673442562937577,0.776225492685004,0.6785805202858782,0.6712823267480855,0.6864027926865081,0.19624513380310143,0.19368317180336633,0.19901197817260458,0.08170934760631704,0.07757620423297445,0.08570330485265423,0.8128921175627225,0.8062552259062907,0.819814920213897,0.5468569160641652,0.5397854696952215,0.5544953993049733,0.43005347714687375,0.4195292496541999,0.44059226135062546,0.6536734048050211,0.6472143679870345,0.6602966092171197,0.38946875,0.38247734374999987,0.39648958333333334
10,quality_bias,E-only,0.5245623345263849,0.517831453244177,0.5319231008296319,0.411034937074995,0.4033679916802379,0.4188441141010187,0.23805064637415538,0.23665142404638118,0.23936409869967756,0.020836697089777267,0.017504586689412616,0.02462099198401631,1.0,1.0,1.0,0.39125,0.3851138020833333,0.3970432291666666,1.0,1.0,1.0,0.5622540717900851,0.5558904681730796,0.5682629548887567,0.39125,0.3851138020833333,0.3970432291666666
10,quality_bias,H-only,0.5867585662449938,0.5816473093769445,0.5918178632772675,0.4650223366250385,0.45666752576395736,0.4732941446522799,0.2330847684087756,0.23173780379058445,0.23448270164405624,0.017373877831028728,0.015157863698476218,0.01987264602537228,1.0,1.0,1.0,0.39125,0.3851138020833333,0.3970432291666666,1.0,1.0,1.0,0.5622540717900851,0.5558904681730796,0.5682629548887567,0.39125,0.3851138020833333,0.3970432291666666
10,quality_bias,T-only,0.574664016188604,0.5690242110812457,0.5802248759605331,0.4554975308196791,0.4468633982511733,0.46449452876452263,0.23436994021773044,0.23312719541873117,0.23559300792128704,0.020164725022454557,0.017361600787355637,0.02295589773303737,1.0,1.0,1.0,0.39125,0.3851138020833333,0.3970432291666666,1.0,1.0,1.0,0.5622540717900851,0.5558904681730796,0.5682629548887567,0.39125,0.3851138020833333,0.3970432291666666
10,quality_bias,H+T,0.5993902103867992,0.5944613163346553,0.6040294091808663,0.48022095747402815,0.471375853465116,0.48880468655578324,0.23119692756932458,0.22991278332309814,0.23253798258368746,0.017232347972872552,0.015241324334706605,0.019243790009971493,0.9855692239309778,0.9842319684767736,0.986826240355804,0.3950244589242757,0.38899113725015816,0.40070597547198644,0.9700739858089081,0.9681409741662579,0.9719216031612208,0.5638174671797216,0.5576400655089305,0.5696940653689272,0.39125,0.3851138020833333,0.3970432291666666
10,quality_bias,Additive,0.6020833375929077,0.5976883379931134,0.6061901781536126,0.48213835504193764,0.4740672114631485,0.49017277904405554,0.23083762300369554,0.22952641184537778,0.23213464709320555,0.01778234398681232,0.01543381418380964,0.020126854890547805,0.965663018134252,0.963844201125771,0.9674975859393559,0.39959565207319425,0.39355470868575526,0.40533327894407406,0.9325069750535744,0.9296709456298833,0.9353315166035372,0.5651084005229258,0.5589473277504687,0.5710015621083872,0.39125,0.3851138020833333,0.3970432291666666
10,quality_bias,Static interaction,0.6020923590198282,0.597704344363553,0.606210915083335,0.48199492174984787,0.473904102822574,0.4899686975868222,0.23084260910526144,0.22952843741888207,0.23215437091908658,0.018251305154183273,0.01607305346699746,0.020368584454675525,0.9697975804002575,0.9681156430998423,0.9714360287277887,0.39874239565218433,0.39271368623238023,0.4044386539676653,0.9398381838936782,0.9372757390810109,0.9423830601340561,0.5649554747815853,0.558692243898246,0.5707595349693121,0.39125,0.3851138020833333,0.3970432291666666
10,quality_bias,Quality static,0.6048477877183852,0.6004669937135548,0.6090465392962658,0.48407356401162255,0.47591282873793656,0.4920269348270492,0.23049633026946673,0.22928955047047236,0.23175261536826497,0.018724089673948906,0.016458209953160916,0.020973323784388757,0.9041992852586297,0.8999179944985147,0.9090608484715135,0.4131185762956602,0.40701634369681633,0.41906554688678044,0.8255322866659625,0.8204490912215702,0.8314011739800833,0.5669943333973256,0.5606572862179336,0.5731755663958409,0.39125,0.3851138020833333,0.3970432291666666
10,quality_bias,Quality temporal,0.6088514830710658,0.6043581739528271,0.6131565645274056,0.48784979465192835,0.47969937348101543,0.49599795907965444,0.2316320862455816,0.23048403714793078,0.2328120135971438,0.037669391408851824,0.03449799083582654,0.04105142173008724,0.8842707494805796,0.8787971396044993,0.890081510670243,0.41747571829290575,0.41152293832757997,0.42327161761604826,0.7930001832449123,0.7867477698428583,0.7998724346579035,0.567058384433287,0.5607432797996464,0.5731882854449266,0.39125,0.3851138020833333,0.3970432291666666
10,quality_bias,HGB quality,0.5837186198320726,0.5789998226343468,0.5881827046368066,0.46753194391735403,0.45960782093306246,0.47499926849821367,0.23430521879604083,0.23304413977654642,0.23557469923345006,0.030131877081474173,0.02684101452179871,0.03384675352538845,0.9401302954332444,0.9368281633507713,0.9432869328198472,0.3996524171800928,0.3931224041029686,0.40593684393853,0.9076715142989261,0.904941779394031,0.9108909427267986,0.5607092394303166,0.5539390321716605,0.5672476577639771,0.39125,0.3851138020833333,0.3970432291666666
10,quality_bias,HGB full,0.5931001129140939,0.5880751627457274,0.5982424010123808,0.47463678821159067,0.4663759509858705,0.4825876284123117,0.23809464753567078,0.23697086037507994,0.23919946725097657,0.06738556365041795,0.06340249931832279,0.07145223263354318,0.98932766230837,0.9883085554340222,0.990365344862472,0.3939469946442341,0.3879840654184987,0.39964263798980465,0.9781857783059428,0.9761571036692162,0.9801455680179957,0.5633235410229962,0.5571988249355322,0.5691017795208595,0.39125,0.3851138020833333,0.3970432291666666
10,quality_bias,MLP full,0.6086213482111986,0.6039718352804042,0.6131155111858713,0.4881090525100573,0.4795728440934661,0.4962606781616686,0.23203849185060604,0.23100016118317526,0.23308718664491074,0.04338797445418028,0.039660409173089724,0.047135371832754853,0.9090552987782456,0.9046164947327574,0.9140247307967998,0.4134490698446733,0.4075948310631236,0.41923410479323014,0.8288411937035176,0.8233729604919594,0.8349813135903856,0.5682589269321294,0.5621338597968141,0.5743460224275888,0.39125,0.3851138020833333,0.3970432291666666
10,quality_bias,UATIF,0.6088578194009261,0.6041878476952336,0.6133041487525772,0.48787505438168055,0.47948202614568053,0.49594715790118277,0.23243775087444388,0.23125630408335673,0.23361496228779524,0.04264919888987129,0.03937217066859347,0.04611258901855142,0.951701766461765,0.9486295832101413,0.9549481554280586,0.40458884738526346,0.3987469546711882,0.41010416223623797,0.9001444669853594,0.8951255030940087,0.9053484358378677,0.5676524024260666,0.5615319449600505,0.5734570227049417,0.39125,0.3851138020833333,0.3970432291666666
10,quality_bias,No quality,0.6068969888793687,0.6023384880010744,0.6114619408228631,0.48612000627704627,0.4777036976485844,0.4942895700238569,0.23015028976230323,0.22887892013699,0.2314470963634405,0.01767557020466226,0.015735236904116063,0.019754762444971978,0.8941751535789325,0.8892415253216029,0.8995719598921793,0.41602177765844595,0.41003320912259233,0.4217176151472923,0.8066713653803465,0.8010162228566425,0.8129083732191891,0.5677190914936563,0.5616698487265448,0.5736454379650757,0.39125,0.3851138020833333,0.3970432291666666
10,quality_bias,No temporal,0.6068842848916295,0.6025040026267982,0.611089418264354,0.4854621946198919,0.47754345819368876,0.4931631677691991,0.23123162512658085,0.2299205070034951,0.23254846782600247,0.03150439522631178,0.02855896437038746,0.0343183470317603,0.8713641265344673,0.8658868683980855,0.8771289695055484,0.4205211999588695,0.41438865334614133,0.4264618079676068,0.7716835939051399,0.766019533120639,0.7784273034172455,0.5671534505018538,0.5607769123802395,0.5736913600273205,0.39125,0.3851138020833333,0.3970432291666666
10,quality_bias,No interactions,0.6088514830710658,0.6043581739528271,0.6131565645274056,0.48784979465192835,0.47969937348101543,0.49599795907965444,0.2316320862455816,0.23048403714793078,0.2328120135971438,0.037669391408851824,0.03449799083582654,0.04105142173008724,0.8842707494805796,0.8787971396044993,0.890081510670243,0.41747571829290575,0.41152293832757997,0.42327161761604826,0.7930001832449123,0.7867477698428583,0.7998724346579035,0.567058384433287,0.5607432797996464,0.5731882854449266,0.39125,0.3851138020833333,0.3970432291666666
10,quality_bias,No driver,0.6057916363196925,0.6008143038562181,0.6106891872327513,0.486175956828866,0.47727758509391766,0.49477248672200214,0.23158152655585218,0.23040305016261997,0.23277827287525601,0.03435632388012134,0.031088690907489818,0.03774487413333574,0.9160719147254447,0.9119525676176833,0.920588851955752,0.4112245887260636,0.4053437888894226,0.41700122450278193,0.842993956155676,0.8367064905764302,0.8497987802959595,0.5675016468466513,0.5613169557018134,0.5734957836721905,0.39125,0.3851138020833333,0.3970432291666666
10,quality_bias,No telemetry,0.5969344133597687,0.5915864093414562,0.6023764371991785,0.4744704726893108,0.4660560517594941,0.48246885882864365,0.23404244075320518,0.23274601504467063,0.23537729249565068,0.042725465036119334,0.03901261785193184,0.046732108408431325,0.9333659376925781,0.9291468478922654,0.9373265877117116,0.4062922646777487,0.40022335457701536,0.4123029984804285,0.8765819861935102,0.8717766897186761,0.8814806457059298,0.5659816539807199,0.5596508700163166,0.5721488172754813,0.39125,0.3851138020833333,0.3970432291666666
0,driver_shuffle,E-only,0.49689899091054435,0.48959976655508297,0.5044911735652368,0.3884234191107944,0.3804220317501475,0.39683381178374777,0.23918138882639486,0.23761543988973416,0.24066649751449676,0.03552549245801461,0.030817700052869608,0.040208055570939163,1.0,1.0,1.0,0.38946875,0.38247734374999987,0.39648958333333334,1.0,1.0,1.0,0.5603190290595905,0.553011667391558,0.5676631766995308,0.38946875,0.38247734374999987,0.39648958333333334
0,driver_shuffle,H-only,0.744938530476702,0.740597062863263,0.7492690967352565,0.6397543566243741,0.6307945040927424,0.649815713618804,0.19634475493255737,0.19443897547934258,0.19827606955705238,0.0345537947165685,0.032149730457757326,0.037066191476351096,0.7194798596129439,0.7117506892333438,0.7267563832963757,0.5740830709382352,0.5666918190665321,0.5822798405536405,0.34065457274810906,0.3324761713676316,0.34899016596471244,0.6384283063423222,0.6317621751171888,0.6454324761562981,0.38946875,0.38247734374999987,0.39648958333333334
0,driver_shuffle,T-only,0.6978380532713105,0.6920442629737306,0.7030951557364433,0.5827223296376758,0.5719741933737801,0.5931205950706615,0.2113447144131556,0.20957421636173001,0.21336836431136047,0.03432648591101866,0.031026716033581436,0.037454029151236114,0.8437801844508692,0.8384699250124543,0.8486323252535776,0.4682621401618555,0.4610034364784354,0.47516224423525394,0.6112186436406213,0.603523338185134,0.6196568781556514,0.6020407158126484,0.5956323322078106,0.6084258154008617,0.38946875,0.38247734374999987,0.39648958333333334
0,driver_shuffle,H+T,0.7754458788739116,0.770743626602751,0.7793369592932792,0.6896232480305299,0.6817703637329439,0.6977539806970474,0.1844873194717569,0.18259376473516856,0.18667018194861215,0.023555495615051776,0.021956578149832862,0.025148590447749336,0.761842654281321,0.7547272703926277,0.7688901969272874,0.5801185238020875,0.5728407918594902,0.587782512101015,0.351793260955089,0.3446672981742757,0.3595176980159981,0.6585043717729949,0.6520111906845454,0.6651187522220386,0.38946875,0.38247734374999987,0.39648958333333334
0,driver_shuffle,Additive,0.7718021036868041,0.7673007246178923,0.7757018584327645,0.6850183163947112,0.6771645053679545,0.6930200726778787,0.1858435593853169,0.18392994214690558,0.18799634436687965,0.024811271853960225,0.023044543965028197,0.02683333835546415,0.7596991237726942,0.7529996183206082,0.7663064927609855,0.5762316644215975,0.5688565338891829,0.5837295268622467,0.35640861902672416,0.34949650090641665,0.3636058036207653,0.6551824397114908,0.6490445354593011,0.6614798248662186,0.38946875,0.38247734374999987,0.39648958333333334
0,driver_shuffle,Static interaction,0.7720914150967493,0.7675420549219252,0.7759910233262581,0.6832618873686297,0.675390387516487,0.691234622918683,0.18590819879451095,0.18399570392757997,0.18805792266705096,0.02381419916591285,0.02196142503965266,0.025787850847638957,0.7622869671403655,0.7553061772147698,0.76908342930007,0.5754144267167036,0.5680888231658767,0.5828568808628495,0.35882091284148676,0.35199479692186014,0.3661941874895004,0.6556158158864781,0.6495630915225449,0.6619181176594476,0.38946875,0.38247734374999987,0.39648958333333334
0,driver_shuffle,Quality static,0.7819861066011342,0.7774101207910289,0.7857903467146752,0.6917105817122351,0.6837041970342298,0.6998910432847163,0.18243935536371866,0.18048912841159415,0.1845563831918902,0.020221597074894,0.01834282850462173,0.02228962693638671,0.7886546781840146,0.7822096577902429,0.7951405075657916,0.5718270698790549,0.5644951910950466,0.5794244138526472,0.37670133527269933,0.3697773180647061,0.38412569614803427,0.6628072394011042,0.6563863720721259,0.6694539554974682,0.38946875,0.38247734374999987,0.39648958333333334
0,driver_shuffle,Quality temporal,0.7959036123856508,0.791380213268449,0.7999844630193818,0.7102918966312676,0.7020820927486288,0.7181345172164592,0.1767320206405036,0.17466697345635146,0.17900513497796924,0.019400010448074902,0.01771374427801294,0.021203608976469005,0.7675525395506083,0.7597377982017695,0.77493160579039,0.5990754042640957,0.5920756875890093,0.6063841816841199,0.32789758244198186,0.3197528270144897,0.336333611306599,0.6727839121974988,0.6664186620087011,0.6794445857427075,0.38946875,0.38247734374999987,0.39648958333333334
0,driver_shuffle,HGB quality,0.789341500203753,0.7847509039738865,0.7935330597382768,0.6995513432990346,0.6909867996190102,0.7080751490351597,0.17965087649184355,0.17761447993488397,0.1818686194586873,0.019968497562606477,0.018066056124459055,0.02224136986094981,0.7918389888329774,0.7849656259675417,0.798691451854984,0.5775675678646741,0.5705657365576426,0.5848121338298804,0.36944862523450134,0.3623019355308699,0.37711539359183305,0.6678047028995368,0.6613235234939777,0.6745099954987742,0.38946875,0.38247734374999987,0.39648958333333334
0,driver_shuffle,HGB full,0.7951790471718395,0.7906909548540991,0.7994121971849768,0.707137079802935,0.69900375659429,0.7152545970103699,0.17724727321718203,0.17513194591974196,0.17955619091687508,0.020420989956757542,0.018555236113258423,0.0224001276837139,0.7661311754872602,0.7588047384158226,0.7731689193403182,0.6011652209499803,0.5944799839333899,0.6083088084690289,0.324466655815384,0.3164219994155699,0.33278048798218823,0.6735529666140073,0.6674954086542185,0.6798423473456219,0.38946875,0.38247734374999987,0.39648958333333334
0,driver_shuffle,MLP full,0.7965609730188609,0.7919555797623845,0.8007276894673596,0.7098128954392849,0.7017368373154497,0.717740409413514,0.1766502913227434,0.17456687633516466,0.1790231931967678,0.019332828090364226,0.01767883648793462,0.021329707841642905,0.7578797722105207,0.7501014468917766,0.7656393783551901,0.605523080508995,0.5989161985833037,0.6126542047812648,0.3151421319097309,0.30760884682793327,0.32325887379239415,0.673070741787533,0.6666653020558253,0.6799261133858886,0.38946875,0.38247734374999987,0.39648958333333334
0,driver_shuffle,UATIF,0.7965149032200768,0.7919958788100239,0.80065437037512,0.7092060632580884,0.7012655777869853,0.7170377490721288,0.17671617859947517,0.17463566726191126,0.17901596470602302,0.020611402327808045,0.018942698950297453,0.022461489314766284,0.7701827181087206,0.7625575722264957,0.7776019070000038,0.599836726075935,0.5928604599866817,0.6072473721879592,0.32792636283984516,0.3198052463935101,0.33623366202999716,0.6742794322452337,0.6678374746170261,0.6810229432908396,0.38946875,0.38247734374999987,0.39648958333333334
0,driver_shuffle,No quality,0.7884165096098433,0.7837601510186816,0.7926065048484211,0.6990925834509368,0.6912009042087446,0.7069070408478123,0.1801202064406113,0.17800252075277975,0.1824492475267835,0.021620736658570953,0.019700252216914096,0.023763866688914847,0.7333575409011054,0.725582640905316,0.7411653677995971,0.6090363467486001,0.6024290879535945,0.6161881773651587,0.30053223022640796,0.29291765923282914,0.30839374683999743,0.6652996688627799,0.6589232310847338,0.671937946473727,0.38946875,0.38247734374999987,0.39648958333333334
0,driver_shuffle,No temporal,0.790791410466671,0.7864192515776742,0.794779115486707,0.7019170882494828,0.6935407060183925,0.7099955842946504,0.17905121739507746,0.1770580594816407,0.18119937032550362,0.019346301182035786,0.0174610898623107,0.02137864541337328,0.782543939713764,0.7757248519669016,0.7891475380093119,0.5836244325645155,0.5765787804505457,0.5910334154649765,0.35610684558608413,0.3493319044511178,0.3635145728353215,0.6684770101775551,0.6622098483029032,0.6752162416760488,0.38946875,0.38247734374999987,0.39648958333333334
0,driver_shuffle,No interactions,0.7959036123856508,0.791380213268449,0.7999844630193818,0.7102918966312676,0.7020820927486288,0.7181345172164592,0.1767320206405036,0.17466697345635146,0.17900513497796924,0.019400010448074902,0.01771374427801294,0.021203608976469005,0.7675525395506083,0.7597377982017695,0.77493160579039,0.5990754042640957,0.5920756875890093,0.6063841816841199,0.32789758244198186,0.3197528270144897,0.336333611306599,0.6727839121974988,0.6664186620087011,0.6794445857427075,0.38946875,0.38247734374999987,0.39648958333333334
0,driver_shuffle,No driver,0.8003168654804039,0.7959100527033317,0.8043518772171369,0.715740196061683,0.7079678004376092,0.723432117296114,0.17494755932137654,0.17293155981502015,0.1772158219754193,0.018756505453306618,0.01696847191243074,0.020523904044360584,0.7676138072551321,0.7600742497023377,0.7752866173186382,0.6059626401276167,0.599326146431161,0.6130412659962992,0.31867426069811705,0.31071451641961767,0.32723600095242394,0.6771313846030502,0.6707560670801742,0.6836122850938521,0.38946875,0.38247734374999987,0.39648958333333334
0,driver_shuffle,No telemetry,0.7657076550955414,0.7610052816771721,0.7704187313511968,0.662116098011499,0.6542244461961781,0.67040756792597,0.18925858540393958,0.18716943259457705,0.19136320308635993,0.02233910161483999,0.02061094482911055,0.024147928646032657,0.7576216450133022,0.7500790475509028,0.7654573569745783,0.5712409175848803,0.563483132813258,0.5795027751582587,0.36305790595415754,0.3534621749614163,0.3725237134678478,0.6511565219352952,0.6444140302561042,0.6586843773476665,0.38946875,0.38247734374999987,0.39648958333333334
10,driver_shuffle,E-only,0.4941096651426641,0.4878892776974349,0.500718197195026,0.38907965185604415,0.38265185573729316,0.39597610923405296,0.23970048312664208,0.23838276548622944,0.24103046560822936,0.03513516001339012,0.03116779730693367,0.03895267266940519,1.0,1.0,1.0,0.39125,0.3851138020833333,0.3970432291666666,1.0,1.0,1.0,0.5622540717900851,0.5558904681730796,0.5682629548887567,0.39125,0.3851138020833333,0.3970432291666666
10,driver_shuffle,H-only,0.5867585662449938,0.5816473093769445,0.5918178632772675,0.4650223366250385,0.45666752576395736,0.4732941446522799,0.2330847684087756,0.23173780379058445,0.23448270164405624,0.017373877831028728,0.015157863698476218,0.01987264602537228,1.0,1.0,1.0,0.39125,0.3851138020833333,0.3970432291666666,1.0,1.0,1.0,0.5622540717900851,0.5558904681730796,0.5682629548887567,0.39125,0.3851138020833333,0.3970432291666666
10,driver_shuffle,T-only,0.574664016188604,0.5690242110812457,0.5802248759605331,0.4554975308196791,0.4468633982511733,0.46449452876452263,0.23436994021773044,0.23312719541873117,0.23559300792128704,0.020164725022454557,0.017361600787355637,0.02295589773303737,1.0,1.0,1.0,0.39125,0.3851138020833333,0.3970432291666666,1.0,1.0,1.0,0.5622540717900851,0.5558904681730796,0.5682629548887567,0.39125,0.3851138020833333,0.3970432291666666
10,driver_shuffle,H+T,0.5993902103867992,0.5944613163346553,0.6040294091808663,0.48022095747402815,0.471375853465116,0.48880468655578324,0.23119692756932458,0.22991278332309814,0.23253798258368746,0.017232347972872552,0.015241324334706605,0.019243790009971493,0.9855692239309778,0.9842319684767736,0.986826240355804,0.3950244589242757,0.38899113725015816,0.40070597547198644,0.9700739858089081,0.9681409741662579,0.9719216031612208,0.5638174671797216,0.5576400655089305,0.5696940653689272,0.39125,0.3851138020833333,0.3970432291666666
10,driver_shuffle,Additive,0.5952249894009937,0.5901811090382522,0.6000840972403935,0.4757403414946625,0.4671149003246129,0.4845839341667834,0.2318163362634114,0.23052065467386354,0.23318959829688837,0.01856053572498891,0.016539623728224692,0.020643838468972962,0.9640818624950709,0.96167063396322,0.9666879268789218,0.3988762389960898,0.3928378096628458,0.4047818663488446,0.9337901053101747,0.9305616397267259,0.9368740363277926,0.5641196628825537,0.5577821896957933,0.5702789676750742,0.39125,0.3851138020833333,0.3970432291666666
10,driver_shuffle,Static interaction,0.5953424180070801,0.5903066961911699,0.6001813691816367,0.47536477973709546,0.466764920476261,0.48412848519972573,0.2318153100692652,0.2305091132494774,0.23319147514063485,0.01865559121566914,0.016575389905466902,0.020776167555162352,0.9692477838719876,0.9670707916200253,0.9715082798611443,0.39815332709204426,0.3922060785396148,0.40393209394127333,0.9416314441092645,0.9385841227219842,0.9445101711008151,0.5642763979235509,0.5580718866970135,0.5702906858131114,0.39125,0.3851138020833333,0.3970432291666666
10,driver_shuffle,Quality static,0.597620928608616,0.5926974633219103,0.6024045302850379,0.47755606731291345,0.46892365949799564,0.4863690716335755,0.2315160301191206,0.2302307327274017,0.23286209305083222,0.019151777981512384,0.017268544451438793,0.021086920378839864,0.8884887554318868,0.8834917754709004,0.8938672286879091,0.4137764966195977,0.40771312490446726,0.4197582374486139,0.8089931282615616,0.8036020933923371,0.8150263269281021,0.564485893437115,0.5580844089192747,0.5707198802553166,0.39125,0.3851138020833333,0.3970432291666666
10,driver_shuffle,Quality temporal,0.6022276040768662,0.5971776649255114,0.6072326292480708,0.4814697778205639,0.4731006388539623,0.489908389832734,0.23086186891860747,0.22955179246483529,0.2322154573656187,0.019465487482387644,0.01756920024573315,0.021404784949204045,0.8795393879231551,0.8740839855589074,0.8850948676967534,0.41618859694481575,0.4103123813187947,0.42198139218184644,0.7929149613284108,0.7870242628043245,0.7995783587391231,0.5648914255491367,0.5586228758973175,0.5708550939881599,0.39125,0.3851138020833333,0.3970432291666666
10,driver_shuffle,HGB quality,0.5966908972027535,0.5916321042502308,0.6017143691890047,0.47447360033201835,0.4665081481276669,0.48251878377535007,0.23165863591489386,0.23037211090155543,0.23304774715336585,0.018029864172192836,0.015553148856499737,0.020526804056010067,0.9366477367160747,0.9336130280831381,0.9398911247833549,0.4053142892302475,0.3993805001383677,0.41117425420506576,0.8832370192346856,0.878939452998294,0.8876141531942768,0.5656420372904409,0.5594949148982064,0.5716708865624766,0.39125,0.3851138020833333,0.3970432291666666
10,driver_shuffle,HGB full,0.5984545141035965,0.5932567112857431,0.6035883626879384,0.47744240911801406,0.4693774133354834,0.48548216948704315,0.23138336613449043,0.23007118167559834,0.2327550483255883,0.018981807851524948,0.01702714581397876,0.021221730775791,0.9554822967312001,0.9521423258753897,0.9589869124362821,0.40173904498175467,0.3956109504411768,0.4077284352183973,0.9145210575948243,0.9101547224991862,0.9190314587474809,0.5654903089006567,0.5589603881439111,0.571716512790359,0.39125,0.3851138020833333,0.3970432291666666
10,driver_shuffle,MLP full,0.6015156924643019,0.5963367186777416,0.6066357647095514,0.4807433074817793,0.47216607888954387,0.48938590947286803,0.23097329187544555,0.2296971097974468,0.23228268407588998,0.01973756123484626,0.017264697351220142,0.02221390166842776,0.8684823657148397,0.8629761629281655,0.8742764936231433,0.41900849110627925,0.4132202100366286,0.4248874948751541,0.7739465214919545,0.7674515215564589,0.7808562579344538,0.565168623803061,0.5591233902547943,0.571309353235922,0.39125,0.3851138020833333,0.3970432291666666
10,driver_shuffle,UATIF,0.6024339821329509,0.5973670728204283,0.6074632691078585,0.48114790690471276,0.4727765838311658,0.48940262708656557,0.23086442179552422,0.22954706806774777,0.23220512014925845,0.01951872036722693,0.01750169101597457,0.021633763320140022,0.9647959994028461,0.9622962884953964,0.9673493428460008,0.39920781405125005,0.3931780500854792,0.4049964678677742,0.9332114942483872,0.9289851630026729,0.9371169045245592,0.5645866249448162,0.558269054900748,0.570628409941432,0.39125,0.3851138020833333,0.3970432291666666
10,driver_shuffle,No quality,0.5997651317313778,0.594593197008958,0.6048058812161914,0.47889317959352096,0.470100440056047,0.4877175042541309,0.2312293592329006,0.22991489396506218,0.23253743177064679,0.020650728723275745,0.01809155110786819,0.023380040273094576,0.8917324116239727,0.8867325470396078,0.8974057476707166,0.41446374497335836,0.40869737784312943,0.42022303665171695,0.8096230856560486,0.803879400180234,0.8156055098824355,0.5657743681805175,0.5595479112545932,0.5717896278969585,0.39125,0.3851138020833333,0.3970432291666666
10,driver_shuffle,No temporal,0.6007663326928221,0.5957462876529019,0.6058728678146265,0.4791784970545487,0.4707343228326021,0.487739643441785,0.2311270122327499,0.22977606610438073,0.23250660239867088,0.018793385344848767,0.01674578032198559,0.020927524841030627,0.9139217699413354,0.9100916376882956,0.9179593651531572,0.4106574892973367,0.40482687656207345,0.4164782352718094,0.8429519589830721,0.837873162289165,0.8485841978531121,0.5665566617927719,0.5603805995389834,0.5727219290083234,0.39125,0.3851138020833333,0.3970432291666666
10,driver_shuffle,No interactions,0.6022276040768662,0.5971776649255114,0.6072326292480708,0.4814697778205639,0.4731006388539623,0.489908389832734,0.23086186891860747,0.22955179246483529,0.2322154573656187,0.019465487482387644,0.01756920024573315,0.021404784949204045,0.8795393879231551,0.8740839855589074,0.8850948676967534,0.41618859694481575,0.4103123813187947,0.42198139218184644,0.7929149613284108,0.7870242628043245,0.7995783587391231,0.5648914255491367,0.5586228758973175,0.5708550939881599,0.39125,0.3851138020833333,0.3970432291666666
10,driver_shuffle,No driver,0.6070571523177658,0.6020897494550395,0.6119469563712031,0.4869614070784268,0.47834890401857627,0.495318730632752,0.23008445815042444,0.22878088094139165,0.23144350252325113,0.017915511002737694,0.01613907114876896,0.019571014938271437,0.9274208751424451,0.9235382573741912,0.9316416474282214,0.4086502153588161,0.402748458988179,0.4145454969287741,0.8625681093402353,0.8564681782504796,0.8688047198430743,0.5671895284232672,0.5610104137279665,0.5733298037598438,0.39125,0.3851138020833333,0.3970432291666666
10,driver_shuffle,No telemetry,0.5898981077294463,0.5847792690490813,0.5949674415020515,0.46705896687622417,0.45927894553710413,0.4748744131366254,0.23264642612384145,0.23123381865327786,0.23406481813059607,0.020138716281445368,0.017643788536528142,0.022724319813686333,0.9357470000599951,0.9310530015614517,0.9401101795214992,0.40363407430267034,0.3975068188483089,0.40967777795789106,0.8885757573018616,0.8836348070242188,0.8936806322572112,0.5638398096195177,0.5572799701402752,0.5700361342891735,0.39125,0.3851138020833333,0.3970432291666666
